Number of components: 120
Vertex Component:
0	0
1	0
2	0
3	0
4	0
5	0
6	0
7	0
8	0
9	0
10	0
11	0
12	0
13	0
14	0
15	0
16	0
17	0
18	0
19	0
20	0
21	0
22	0
23	0
24	0
25	0
26	0
27	0
28	0
29	0
30	0
31	0
32	0
33	0
34	0
35	0
36	0
37	0
38	0
39	0
40	0
41	0
42	0
43	0
44	0
45	0
46	0
47	0
48	0
49	0
50	0
51	0
52	0
53	0
54	0
55	0
56	0
57	0
58	0
59	0
60	0
61	0
62	0
63	0
64	0
65	0
66	0
67	0
68	0
69	0
70	0
71	0
72	0
73	0
74	0
75	0
76	0
77	0
78	0
79	0
80	0
81	0
82	0
83	0
84	0
85	0
86	0
87	0
88	0
89	0
90	0
91	0
92	0
93	0
94	0
95	0
96	0
97	0
98	0
99	0
100	0
101	0
102	0
103	0
104	0
105	0
106	0
107	0
108	0
109	0
110	0
111	0
112	0
113	0
114	0
115	0
116	0
117	0
118	0
119	0
120	0
121	0
122	0
123	0
124	0
125	0
126	0
127	0
128	0
129	0
130	0
131	0
132	0
133	0
134	0
135	0
136	0
137	0
138	0
139	0
140	0
141	0
142	0
143	0
144	0
145	0
146	0
147	0
148	0
149	0
150	0
151	0
152	0
153	0
154	0
155	0
156	0
157	0
158	0
159	0
160	0
161	0
162	0
163	0
164	0
165	0
166	0
167	0
168	0
169	0
170	0
171	0
172	0
173	0
174	0
175	0
176	0
177	0
178	0
179	0
180	0
181	0
182	0
183	0
184	0
185	0
186	0
187	0
188	0
189	0
190	0
191	0
192	0
193	0
194	0
195	0
196	0
197	0
198	0
199	0
200	0
201	0
202	0
203	0
204	0
205	0
206	0
207	0
208	0
209	0
210	0
211	0
212	0
213	0
214	0
215	0
216	0
217	0
218	0
219	0
220	0
221	0
222	0
223	0
224	0
225	0
226	0
227	0
228	0
229	0
230	0
231	0
232	0
233	0
234	0
235	0
236	0
237	0
238	0
239	0
240	0
241	0
242	0
243	0
244	0
245	0
246	0
247	0
248	0
249	0
250	0
251	0
252	0
253	0
254	0
255	0
256	0
257	0
258	0
259	0
260	0
261	0
262	0
263	0
264	0
265	0
266	0
267	0
268	0
269	0
270	0
271	0
272	0
273	0
274	0
275	0
276	0
277	0
278	0
279	0
280	0
281	0
282	0
283	0
284	0
285	0
286	0
287	0
288	0
289	0
290	0
291	0
292	0
293	0
294	0
295	0
296	0
297	0
298	0
299	0
300	0
301	0
302	0
303	0
304	0
305	0
306	0
307	0
308	0
309	0
310	0
311	0
312	0
313	0
314	0
315	0
316	0
317	0
318	0
319	0
320	0
321	0
322	0
323	0
324	0
325	0
326	0
327	0
328	0
329	0
330	0
331	0
332	0
333	0
334	0
335	0
336	0
337	0
338	0
339	0
340	0
341	0
342	0
343	0
344	0
345	0
346	0
347	0
348	0
349	0
350	0
351	0
352	0
353	0
354	0
355	0
356	0
357	0
358	0
359	0
360	0
361	0
362	0
363	0
364	0
365	0
366	0
367	0
368	0
369	0
370	0
371	0
372	0
373	0
374	0
375	0
376	0
377	0
378	0
379	0
380	0
381	0
382	0
383	0
384	0
385	0
386	0
387	0
388	0
389	0
390	0
391	0
392	0
393	0
394	0
395	0
396	0
397	0
398	0
399	0
400	0
401	0
402	0
403	0
404	0
405	0
406	0
407	0
408	0
409	0
410	0
411	0
412	0
413	0
414	0
415	0
416	0
417	0
418	0
419	0
420	0
421	0
422	0
423	0
424	0
425	0
426	0
427	0
428	0
429	0
430	0
431	0
432	0
433	0
434	0
435	0
436	0
437	0
438	0
439	0
440	0
441	0
442	0
443	0
444	0
445	0
446	0
447	0
448	0
449	0
450	0
451	0
452	0
453	0
454	0
455	0
456	0
457	0
458	0
459	0
460	0
461	0
462	0
463	0
464	0
465	0
466	0
467	0
468	0
469	0
470	0
471	0
472	0
473	0
474	0
475	0
476	0
477	0
478	0
479	0
480	0
481	0
482	0
483	0
484	0
485	0
486	0
487	0
488	0
489	0
490	0
491	0
492	0
493	0
494	0
495	0
496	0
497	0
498	0
499	0
500	0
501	0
502	0
503	0
504	0
505	0
506	0
507	0
508	0
509	0
510	0
511	0
512	0
513	0
514	0
515	0
516	0
517	0
518	0
519	0
520	0
521	0
522	0
523	0
524	0
525	0
526	0
527	0
528	0
529	0
530	0
531	0
532	0
533	0
534	0
535	0
536	0
537	0
538	0
539	0
540	0
541	0
542	0
543	0
544	0
545	0
546	0
547	0
548	0
549	0
550	0
551	0
552	0
553	0
554	0
555	0
556	0
557	0
558	0
559	0
560	0
561	0
562	0
563	0
564	0
565	0
566	0
567	0
568	0
569	0
570	0
571	0
572	0
573	0
574	0
575	0
576	0
577	0
578	0
579	0
580	0
581	0
582	0
583	0
584	0
585	0
586	0
587	0
588	0
589	0
590	0
591	0
592	0
593	0
594	0
595	0
596	0
597	0
598	0
599	0
600	0
601	0
602	0
603	0
604	0
605	0
606	0
607	0
608	0
609	0
610	0
611	0
612	0
613	0
614	0
615	0
616	0
617	0
618	0
619	0
620	0
621	0
622	0
623	0
624	0
625	0
626	0
627	0
628	0
629	0
630	0
631	0
632	0
633	0
634	0
635	0
636	0
637	0
638	0
639	0
640	0
641	0
642	0
643	0
644	0
645	0
646	0
647	0
648	0
649	0
650	0
651	0
652	0
653	0
654	0
655	0
656	0
657	0
658	0
659	0
660	0
661	0
662	0
663	0
664	0
665	0
666	0
667	0
668	0
669	0
670	0
671	0
672	0
673	0
674	0
675	0
676	0
677	0
678	0
679	0
680	0
681	0
682	0
683	0
684	0
685	0
686	0
687	0
688	0
689	0
690	0
691	0
692	0
693	0
694	0
695	0
696	0
697	0
698	0
699	0
700	0
701	0
702	0
703	0
704	0
705	0
706	0
707	0
708	0
709	0
710	0
711	0
712	0
713	0
714	0
715	0
716	0
717	0
718	0
719	0
720	0
721	0
722	0
723	0
724	0
725	0
726	0
727	0
728	0
729	0
730	0
731	0
732	0
733	0
734	0
735	0
736	0
737	0
738	0
739	0
740	0
741	0
742	0
743	0
744	0
745	0
746	0
747	0
748	0
749	0
750	0
751	0
752	0
753	0
754	0
755	0
756	0
757	0
758	0
759	0
760	0
761	0
762	0
763	0
764	0
765	0
766	0
767	0
768	0
769	0
770	0
771	0
772	0
773	0
774	0
775	0
776	0
777	0
778	0
779	0
780	0
781	0
782	0
783	0
784	0
785	0
786	0
787	0
788	0
789	0
790	0
791	0
792	0
793	0
794	0
795	0
796	0
797	0
798	0
799	0
800	0
801	0
802	0
803	0
804	0
805	0
806	0
807	0
808	0
809	0
810	0
811	0
812	0
813	0
814	0
815	0
816	0
817	0
818	0
819	0
820	0
821	0
822	0
823	0
824	0
825	0
826	0
827	0
828	0
829	0
830	0
831	0
832	0
833	1
834	1
835	1
836	1
837	1
838	1
839	1
840	1
841	1
842	1
843	1
844	1
845	1
846	1
847	1
848	1
849	1
850	1
851	1
852	1
853	1
854	1
855	1
856	1
857	1
858	1
859	1
860	1
861	1
862	1
863	1
864	1
865	1
866	1
867	1
868	1
869	1
870	1
871	1
872	1
873	1
874	1
875	1
876	1
877	1
878	1
879	1
880	1
881	1
882	1
883	1
884	1
885	1
886	1
887	1
888	1
889	1
890	1
891	1
892	1
893	1
894	1
895	1
896	1
897	1
898	1
899	1
900	1
901	1
902	1
903	1
904	1
905	1
906	1
907	1
908	1
909	1
910	1
911	1
912	1
913	1
914	1
915	1
916	1
917	1
918	1
919	1
920	1
921	1
922	1
923	1
924	1
925	1
926	1
927	1
928	1
929	1
930	1
931	1
932	1
933	1
934	1
935	1
936	1
937	1
938	1
939	1
940	1
941	1
942	1
943	1
944	1
945	1
946	1
947	1
948	1
949	1
950	1
951	1
952	1
953	1
954	1
955	1
956	1
957	1
958	1
959	1
960	1
961	1
962	1
963	1
964	1
965	1
966	1
967	1
968	1
969	1
970	1
971	1
972	1
973	1
974	1
975	1
976	1
977	1
978	1
979	1
980	1
981	1
982	1
983	1
984	1
985	1
986	1
987	1
988	1
989	1
990	1
991	1
992	1
993	1
994	1
995	1
996	1
997	1
998	1
999	1
1000	1
1001	1
1002	1
1003	1
1004	1
1005	1
1006	1
1007	1
1008	1
1009	1
1010	1
1011	1
1012	1
1013	1
1014	1
1015	1
1016	1
1017	1
1018	1
1019	1
1020	1
1021	1
1022	1
1023	1
1024	1
1025	1
1026	1
1027	1
1028	1
1029	1
1030	1
1031	1
1032	1
1033	1
1034	1
1035	1
1036	1
1037	1
1038	1
1039	1
1040	1
1041	1
1042	1
1043	1
1044	1
1045	1
1046	1
1047	1
1048	1
1049	1
1050	1
1051	1
1052	1
1053	1
1054	1
1055	1
1056	1
1057	1
1058	1
1059	1
1060	1
1061	1
1062	1
1063	1
1064	1
1065	1
1066	1
1067	1
1068	1
1069	1
1070	1
1071	1
1072	1
1073	1
1074	1
1075	1
1076	1
1077	1
1078	1
1079	1
1080	1
1081	1
1082	1
1083	1
1084	1
1085	1
1086	1
1087	1
1088	1
1089	1
1090	1
1091	1
1092	1
1093	1
1094	1
1095	1
1096	1
1097	1
1098	1
1099	1
1100	1
1101	1
1102	1
1103	1
1104	1
1105	1
1106	1
1107	1
1108	1
1109	1
1110	1
1111	1
1112	1
1113	1
1114	1
1115	1
1116	1
1117	1
1118	1
1119	1
1120	1
1121	1
1122	1
1123	1
1124	1
1125	1
1126	1
1127	1
1128	1
1129	1
1130	1
1131	1
1132	1
1133	1
1134	1
1135	1
1136	1
1137	1
1138	1
1139	1
1140	1
1141	1
1142	1
1143	1
1144	1
1145	1
1146	1
1147	1
1148	1
1149	1
1150	1
1151	1
1152	1
1153	1
1154	1
1155	1
1156	1
1157	1
1158	1
1159	1
1160	1
1161	1
1162	1
1163	1
1164	1
1165	1
1166	1
1167	1
1168	1
1169	1
1170	1
1171	1
1172	1
1173	1
1174	1
1175	1
1176	1
1177	1
1178	1
1179	1
1180	1
1181	1
1182	1
1183	1
1184	1
1185	1
1186	1
1187	1
1188	1
1189	1
1190	1
1191	1
1192	1
1193	1
1194	1
1195	1
1196	1
1197	1
1198	1
1199	1
1200	1
1201	1
1202	1
1203	1
1204	1
1205	1
1206	1
1207	1
1208	1
1209	1
1210	1
1211	1
1212	1
1213	1
1214	1
1215	1
1216	1
1217	1
1218	1
1219	1
1220	1
1221	1
1222	1
1223	1
1224	1
1225	1
1226	1
1227	1
1228	1
1229	1
1230	1
1231	1
1232	1
1233	1
1234	1
1235	1
1236	1
1237	1
1238	1
1239	1
1240	1
1241	1
1242	1
1243	1
1244	1
1245	1
1246	1
1247	1
1248	1
1249	1
1250	1
1251	1
1252	1
1253	1
1254	1
1255	1
1256	1
1257	1
1258	1
1259	1
1260	1
1261	1
1262	1
1263	1
1264	1
1265	1
1266	1
1267	1
1268	1
1269	1
1270	1
1271	1
1272	1
1273	1
1274	1
1275	1
1276	1
1277	1
1278	1
1279	1
1280	1
1281	1
1282	1
1283	1
1284	1
1285	1
1286	1
1287	1
1288	1
1289	1
1290	1
1291	1
1292	1
1293	1
1294	1
1295	1
1296	1
1297	1
1298	1
1299	1
1300	1
1301	1
1302	1
1303	1
1304	1
1305	1
1306	1
1307	1
1308	1
1309	1
1310	1
1311	1
1312	1
1313	1
1314	1
1315	1
1316	1
1317	1
1318	1
1319	1
1320	1
1321	1
1322	1
1323	1
1324	1
1325	1
1326	1
1327	1
1328	1
1329	1
1330	1
1331	1
1332	1
1333	1
1334	1
1335	1
1336	1
1337	1
1338	1
1339	1
1340	1
1341	1
1342	1
1343	1
1344	1
1345	1
1346	1
1347	1
1348	1
1349	1
1350	1
1351	1
1352	1
1353	1
1354	1
1355	1
1356	1
1357	1
1358	1
1359	1
1360	1
1361	1
1362	1
1363	1
1364	1
1365	1
1366	1
1367	1
1368	1
1369	1
1370	1
1371	1
1372	1
1373	1
1374	1
1375	1
1376	1
1377	1
1378	1
1379	1
1380	1
1381	1
1382	1
1383	1
1384	1
1385	1
1386	1
1387	1
1388	1
1389	1
1390	1
1391	1
1392	1
1393	1
1394	1
1395	1
1396	1
1397	1
1398	1
1399	1
1400	1
1401	1
1402	1
1403	1
1404	1
1405	1
1406	1
1407	1
1408	1
1409	1
1410	1
1411	1
1412	1
1413	1
1414	1
1415	1
1416	1
1417	1
1418	1
1419	1
1420	1
1421	1
1422	1
1423	1
1424	1
1425	1
1426	1
1427	1
1428	1
1429	1
1430	1
1431	1
1432	1
1433	1
1434	1
1435	1
1436	1
1437	1
1438	1
1439	1
1440	1
1441	1
1442	1
1443	1
1444	1
1445	1
1446	1
1447	1
1448	1
1449	1
1450	1
1451	1
1452	1
1453	1
1454	1
1455	1
1456	1
1457	1
1458	1
1459	1
1460	1
1461	1
1462	1
1463	1
1464	1
1465	1
1466	1
1467	1
1468	1
1469	1
1470	1
1471	1
1472	1
1473	1
1474	1
1475	1
1476	1
1477	1
1478	1
1479	1
1480	1
1481	1
1482	1
1483	1
1484	1
1485	1
1486	1
1487	1
1488	1
1489	1
1490	1
1491	1
1492	1
1493	1
1494	1
1495	1
1496	1
1497	1
1498	1
1499	1
1500	1
1501	1
1502	1
1503	1
1504	1
1505	1
1506	1
1507	1
1508	1
1509	1
1510	1
1511	1
1512	1
1513	1
1514	1
1515	1
1516	1
1517	1
1518	1
1519	1
1520	1
1521	1
1522	1
1523	1
1524	1
1525	1
1526	1
1527	1
1528	1
1529	1
1530	1
1531	1
1532	1
1533	1
1534	1
1535	1
1536	1
1537	1
1538	1
1539	1
1540	1
1541	1
1542	1
1543	1
1544	1
1545	1
1546	1
1547	1
1548	1
1549	1
1550	1
1551	1
1552	1
1553	1
1554	1
1555	1
1556	1
1557	1
1558	1
1559	1
1560	1
1561	1
1562	1
1563	1
1564	1
1565	1
1566	1
1567	1
1568	1
1569	1
1570	1
1571	1
1572	1
1573	1
1574	1
1575	1
1576	1
1577	1
1578	1
1579	1
1580	1
1581	1
1582	1
1583	1
1584	1
1585	1
1586	1
1587	1
1588	1
1589	1
1590	1
1591	1
1592	1
1593	1
1594	1
1595	1
1596	1
1597	1
1598	1
1599	1
1600	1
1601	1
1602	1
1603	1
1604	1
1605	1
1606	1
1607	1
1608	1
1609	1
1610	1
1611	1
1612	1
1613	1
1614	1
1615	1
1616	1
1617	1
1618	1
1619	1
1620	1
1621	1
1622	1
1623	1
1624	1
1625	1
1626	1
1627	1
1628	1
1629	1
1630	1
1631	1
1632	1
1633	1
1634	1
1635	1
1636	1
1637	1
1638	1
1639	1
1640	1
1641	1
1642	1
1643	1
1644	1
1645	1
1646	1
1647	1
1648	1
1649	1
1650	1
1651	1
1652	1
1653	1
1654	1
1655	1
1656	1
1657	1
1658	1
1659	1
1660	1
1661	1
1662	1
1663	1
1664	1
1665	1
1666	2
1667	2
1668	2
1669	2
1670	2
1671	2
1672	2
1673	2
1674	2
1675	2
1676	2
1677	2
1678	2
1679	2
1680	2
1681	2
1682	2
1683	2
1684	2
1685	2
1686	2
1687	2
1688	2
1689	2
1690	2
1691	2
1692	2
1693	2
1694	2
1695	2
1696	2
1697	2
1698	2
1699	2
1700	2
1701	2
1702	2
1703	2
1704	2
1705	2
1706	2
1707	2
1708	2
1709	2
1710	2
1711	2
1712	2
1713	2
1714	2
1715	2
1716	2
1717	2
1718	2
1719	2
1720	2
1721	2
1722	2
1723	2
1724	2
1725	2
1726	2
1727	2
1728	2
1729	2
1730	2
1731	2
1732	2
1733	2
1734	2
1735	2
1736	2
1737	2
1738	2
1739	2
1740	2
1741	2
1742	2
1743	2
1744	2
1745	2
1746	2
1747	2
1748	2
1749	2
1750	2
1751	2
1752	2
1753	2
1754	2
1755	2
1756	2
1757	2
1758	2
1759	2
1760	2
1761	2
1762	2
1763	2
1764	2
1765	2
1766	2
1767	2
1768	2
1769	2
1770	2
1771	2
1772	2
1773	2
1774	2
1775	2
1776	2
1777	2
1778	2
1779	2
1780	2
1781	2
1782	2
1783	2
1784	2
1785	2
1786	2
1787	2
1788	2
1789	2
1790	2
1791	2
1792	2
1793	2
1794	2
1795	2
1796	2
1797	2
1798	2
1799	2
1800	2
1801	2
1802	2
1803	2
1804	2
1805	2
1806	2
1807	2
1808	2
1809	2
1810	2
1811	2
1812	2
1813	2
1814	2
1815	2
1816	2
1817	2
1818	2
1819	2
1820	2
1821	2
1822	2
1823	2
1824	2
1825	2
1826	2
1827	2
1828	2
1829	2
1830	2
1831	2
1832	2
1833	2
1834	2
1835	2
1836	2
1837	2
1838	2
1839	2
1840	2
1841	2
1842	2
1843	2
1844	2
1845	2
1846	2
1847	2
1848	2
1849	2
1850	2
1851	2
1852	2
1853	2
1854	2
1855	2
1856	2
1857	2
1858	2
1859	2
1860	2
1861	2
1862	2
1863	2
1864	2
1865	2
1866	2
1867	2
1868	2
1869	2
1870	2
1871	2
1872	2
1873	2
1874	2
1875	2
1876	2
1877	2
1878	2
1879	2
1880	2
1881	2
1882	2
1883	2
1884	2
1885	2
1886	2
1887	2
1888	2
1889	2
1890	2
1891	2
1892	2
1893	2
1894	2
1895	2
1896	2
1897	2
1898	2
1899	2
1900	2
1901	2
1902	2
1903	2
1904	2
1905	2
1906	2
1907	2
1908	2
1909	2
1910	2
1911	2
1912	2
1913	2
1914	2
1915	2
1916	2
1917	2
1918	2
1919	2
1920	2
1921	2
1922	2
1923	2
1924	2
1925	2
1926	2
1927	2
1928	2
1929	2
1930	2
1931	2
1932	2
1933	2
1934	2
1935	2
1936	2
1937	2
1938	2
1939	2
1940	2
1941	2
1942	2
1943	2
1944	2
1945	2
1946	2
1947	2
1948	2
1949	2
1950	2
1951	2
1952	2
1953	2
1954	2
1955	2
1956	2
1957	2
1958	2
1959	2
1960	2
1961	2
1962	2
1963	2
1964	2
1965	2
1966	2
1967	2
1968	2
1969	2
1970	2
1971	2
1972	2
1973	2
1974	2
1975	2
1976	2
1977	2
1978	2
1979	2
1980	2
1981	2
1982	2
1983	2
1984	2
1985	2
1986	2
1987	2
1988	2
1989	2
1990	2
1991	2
1992	2
1993	2
1994	2
1995	2
1996	2
1997	2
1998	2
1999	2
2000	2
2001	2
2002	2
2003	2
2004	2
2005	2
2006	2
2007	2
2008	2
2009	2
2010	2
2011	2
2012	2
2013	2
2014	2
2015	2
2016	2
2017	2
2018	2
2019	2
2020	2
2021	2
2022	2
2023	2
2024	2
2025	2
2026	2
2027	2
2028	2
2029	2
2030	2
2031	2
2032	2
2033	2
2034	2
2035	2
2036	2
2037	2
2038	2
2039	2
2040	2
2041	2
2042	2
2043	2
2044	2
2045	2
2046	2
2047	2
2048	2
2049	2
2050	2
2051	2
2052	2
2053	2
2054	2
2055	2
2056	2
2057	2
2058	2
2059	2
2060	2
2061	2
2062	2
2063	2
2064	2
2065	2
2066	2
2067	2
2068	2
2069	2
2070	2
2071	2
2072	2
2073	2
2074	2
2075	2
2076	2
2077	2
2078	2
2079	2
2080	2
2081	2
2082	2
2083	2
2084	2
2085	2
2086	2
2087	2
2088	2
2089	2
2090	2
2091	2
2092	2
2093	2
2094	2
2095	2
2096	2
2097	2
2098	2
2099	2
2100	2
2101	2
2102	2
2103	2
2104	2
2105	2
2106	2
2107	2
2108	2
2109	2
2110	2
2111	2
2112	2
2113	2
2114	2
2115	2
2116	2
2117	2
2118	2
2119	2
2120	2
2121	2
2122	2
2123	2
2124	2
2125	2
2126	2
2127	2
2128	2
2129	2
2130	2
2131	2
2132	2
2133	2
2134	2
2135	2
2136	2
2137	2
2138	2
2139	2
2140	2
2141	2
2142	2
2143	2
2144	2
2145	2
2146	2
2147	2
2148	2
2149	2
2150	2
2151	2
2152	2
2153	2
2154	2
2155	2
2156	2
2157	2
2158	2
2159	2
2160	2
2161	2
2162	2
2163	2
2164	2
2165	2
2166	2
2167	2
2168	2
2169	2
2170	2
2171	2
2172	2
2173	2
2174	2
2175	2
2176	2
2177	2
2178	2
2179	2
2180	2
2181	2
2182	2
2183	2
2184	2
2185	2
2186	2
2187	2
2188	2
2189	2
2190	2
2191	2
2192	2
2193	2
2194	2
2195	2
2196	2
2197	2
2198	2
2199	2
2200	2
2201	2
2202	2
2203	2
2204	2
2205	2
2206	2
2207	2
2208	2
2209	2
2210	2
2211	2
2212	2
2213	2
2214	2
2215	2
2216	2
2217	2
2218	2
2219	2
2220	2
2221	2
2222	2
2223	2
2224	2
2225	2
2226	2
2227	2
2228	2
2229	2
2230	2
2231	2
2232	2
2233	2
2234	2
2235	2
2236	2
2237	2
2238	2
2239	2
2240	2
2241	2
2242	2
2243	2
2244	2
2245	2
2246	2
2247	2
2248	2
2249	2
2250	2
2251	2
2252	2
2253	2
2254	2
2255	2
2256	2
2257	2
2258	2
2259	2
2260	2
2261	2
2262	2
2263	2
2264	2
2265	2
2266	2
2267	2
2268	2
2269	2
2270	2
2271	2
2272	2
2273	2
2274	2
2275	2
2276	2
2277	2
2278	2
2279	2
2280	2
2281	2
2282	2
2283	2
2284	2
2285	2
2286	2
2287	2
2288	2
2289	2
2290	2
2291	2
2292	2
2293	2
2294	2
2295	2
2296	2
2297	2
2298	2
2299	2
2300	2
2301	2
2302	2
2303	2
2304	2
2305	2
2306	2
2307	2
2308	2
2309	2
2310	2
2311	2
2312	2
2313	2
2314	2
2315	2
2316	2
2317	2
2318	2
2319	2
2320	2
2321	2
2322	2
2323	2
2324	2
2325	2
2326	2
2327	2
2328	2
2329	2
2330	2
2331	2
2332	2
2333	2
2334	2
2335	2
2336	2
2337	2
2338	2
2339	2
2340	2
2341	2
2342	2
2343	2
2344	2
2345	2
2346	2
2347	2
2348	2
2349	2
2350	2
2351	2
2352	2
2353	2
2354	2
2355	2
2356	2
2357	2
2358	2
2359	2
2360	2
2361	2
2362	2
2363	2
2364	2
2365	2
2366	2
2367	2
2368	2
2369	2
2370	2
2371	2
2372	2
2373	2
2374	2
2375	2
2376	2
2377	2
2378	2
2379	2
2380	2
2381	2
2382	2
2383	2
2384	2
2385	2
2386	2
2387	2
2388	2
2389	2
2390	2
2391	2
2392	2
2393	2
2394	2
2395	2
2396	2
2397	2
2398	2
2399	2
2400	2
2401	2
2402	2
2403	2
2404	2
2405	2
2406	2
2407	2
2408	2
2409	2
2410	2
2411	2
2412	2
2413	2
2414	2
2415	2
2416	2
2417	2
2418	2
2419	2
2420	2
2421	2
2422	2
2423	2
2424	2
2425	2
2426	2
2427	2
2428	2
2429	2
2430	2
2431	2
2432	2
2433	2
2434	2
2435	2
2436	2
2437	2
2438	2
2439	2
2440	2
2441	2
2442	2
2443	2
2444	2
2445	2
2446	2
2447	2
2448	2
2449	2
2450	2
2451	2
2452	2
2453	2
2454	2
2455	2
2456	2
2457	2
2458	2
2459	2
2460	2
2461	2
2462	2
2463	2
2464	2
2465	2
2466	2
2467	2
2468	2
2469	2
2470	2
2471	2
2472	2
2473	2
2474	2
2475	2
2476	2
2477	2
2478	2
2479	2
2480	2
2481	2
2482	2
2483	2
2484	2
2485	2
2486	2
2487	2
2488	2
2489	2
2490	2
2491	2
2492	2
2493	2
2494	2
2495	2
2496	2
2497	2
2498	2
2499	3
2500	3
2501	3
2502	3
2503	3
2504	3
2505	3
2506	3
2507	3
2508	3
2509	3
2510	3
2511	3
2512	3
2513	3
2514	3
2515	3
2516	3
2517	3
2518	3
2519	3
2520	3
2521	3
2522	3
2523	3
2524	3
2525	3
2526	3
2527	3
2528	3
2529	3
2530	3
2531	3
2532	3
2533	3
2534	3
2535	3
2536	3
2537	3
2538	3
2539	3
2540	3
2541	3
2542	3
2543	3
2544	3
2545	3
2546	3
2547	3
2548	3
2549	3
2550	3
2551	3
2552	3
2553	3
2554	3
2555	3
2556	3
2557	3
2558	3
2559	3
2560	3
2561	3
2562	3
2563	3
2564	3
2565	3
2566	3
2567	3
2568	3
2569	3
2570	3
2571	3
2572	3
2573	3
2574	3
2575	3
2576	3
2577	3
2578	3
2579	3
2580	3
2581	3
2582	3
2583	3
2584	3
2585	3
2586	3
2587	3
2588	3
2589	3
2590	3
2591	3
2592	3
2593	3
2594	3
2595	3
2596	3
2597	3
2598	3
2599	3
2600	3
2601	3
2602	3
2603	3
2604	3
2605	3
2606	3
2607	3
2608	3
2609	3
2610	3
2611	3
2612	3
2613	3
2614	3
2615	3
2616	3
2617	3
2618	3
2619	3
2620	3
2621	3
2622	3
2623	3
2624	3
2625	3
2626	3
2627	3
2628	3
2629	3
2630	3
2631	3
2632	3
2633	3
2634	3
2635	3
2636	3
2637	3
2638	3
2639	3
2640	3
2641	3
2642	3
2643	3
2644	3
2645	3
2646	3
2647	3
2648	3
2649	3
2650	3
2651	3
2652	3
2653	3
2654	3
2655	3
2656	3
2657	3
2658	3
2659	3
2660	3
2661	3
2662	3
2663	3
2664	3
2665	3
2666	3
2667	3
2668	3
2669	3
2670	3
2671	3
2672	3
2673	3
2674	3
2675	3
2676	3
2677	3
2678	3
2679	3
2680	3
2681	3
2682	3
2683	3
2684	3
2685	3
2686	3
2687	3
2688	3
2689	3
2690	3
2691	3
2692	3
2693	3
2694	3
2695	3
2696	3
2697	3
2698	3
2699	3
2700	3
2701	3
2702	3
2703	3
2704	3
2705	3
2706	3
2707	3
2708	3
2709	3
2710	3
2711	3
2712	3
2713	3
2714	3
2715	3
2716	3
2717	3
2718	3
2719	3
2720	3
2721	3
2722	3
2723	3
2724	3
2725	3
2726	3
2727	3
2728	3
2729	3
2730	3
2731	3
2732	3
2733	3
2734	3
2735	3
2736	3
2737	3
2738	3
2739	3
2740	3
2741	3
2742	3
2743	3
2744	3
2745	3
2746	3
2747	3
2748	3
2749	3
2750	3
2751	3
2752	3
2753	3
2754	3
2755	3
2756	3
2757	3
2758	3
2759	3
2760	3
2761	3
2762	3
2763	3
2764	3
2765	3
2766	3
2767	3
2768	3
2769	3
2770	3
2771	3
2772	3
2773	3
2774	3
2775	3
2776	3
2777	3
2778	3
2779	3
2780	3
2781	3
2782	3
2783	3
2784	3
2785	3
2786	3
2787	3
2788	3
2789	3
2790	3
2791	3
2792	3
2793	3
2794	3
2795	3
2796	3
2797	3
2798	3
2799	3
2800	3
2801	3
2802	3
2803	3
2804	3
2805	3
2806	3
2807	3
2808	3
2809	3
2810	3
2811	3
2812	3
2813	3
2814	3
2815	3
2816	3
2817	3
2818	3
2819	3
2820	3
2821	3
2822	3
2823	3
2824	3
2825	3
2826	3
2827	3
2828	3
2829	3
2830	3
2831	3
2832	3
2833	3
2834	3
2835	3
2836	3
2837	3
2838	3
2839	3
2840	3
2841	3
2842	3
2843	3
2844	3
2845	3
2846	3
2847	3
2848	3
2849	3
2850	3
2851	3
2852	3
2853	3
2854	3
2855	3
2856	3
2857	3
2858	3
2859	3
2860	3
2861	3
2862	3
2863	3
2864	3
2865	3
2866	3
2867	3
2868	3
2869	3
2870	3
2871	3
2872	3
2873	3
2874	3
2875	3
2876	3
2877	3
2878	3
2879	3
2880	3
2881	3
2882	3
2883	3
2884	3
2885	3
2886	3
2887	3
2888	3
2889	3
2890	3
2891	3
2892	3
2893	3
2894	3
2895	3
2896	3
2897	3
2898	3
2899	3
2900	3
2901	3
2902	3
2903	3
2904	3
2905	3
2906	3
2907	3
2908	3
2909	3
2910	3
2911	3
2912	3
2913	3
2914	3
2915	3
2916	3
2917	3
2918	3
2919	3
2920	3
2921	3
2922	3
2923	3
2924	3
2925	3
2926	3
2927	3
2928	3
2929	3
2930	3
2931	3
2932	3
2933	3
2934	3
2935	3
2936	3
2937	3
2938	3
2939	3
2940	3
2941	3
2942	3
2943	3
2944	3
2945	3
2946	3
2947	3
2948	3
2949	3
2950	3
2951	3
2952	3
2953	3
2954	3
2955	3
2956	3
2957	3
2958	3
2959	3
2960	3
2961	3
2962	3
2963	3
2964	3
2965	3
2966	3
2967	3
2968	3
2969	3
2970	3
2971	3
2972	3
2973	3
2974	3
2975	3
2976	3
2977	3
2978	3
2979	3
2980	3
2981	3
2982	3
2983	3
2984	3
2985	3
2986	3
2987	3
2988	3
2989	3
2990	3
2991	3
2992	3
2993	3
2994	3
2995	3
2996	3
2997	3
2998	3
2999	3
3000	3
3001	3
3002	3
3003	3
3004	3
3005	3
3006	3
3007	3
3008	3
3009	3
3010	3
3011	3
3012	3
3013	3
3014	3
3015	3
3016	3
3017	3
3018	3
3019	3
3020	3
3021	3
3022	3
3023	3
3024	3
3025	3
3026	3
3027	3
3028	3
3029	3
3030	3
3031	3
3032	3
3033	3
3034	3
3035	3
3036	3
3037	3
3038	3
3039	3
3040	3
3041	3
3042	3
3043	3
3044	3
3045	3
3046	3
3047	3
3048	3
3049	3
3050	3
3051	3
3052	3
3053	3
3054	3
3055	3
3056	3
3057	3
3058	3
3059	3
3060	3
3061	3
3062	3
3063	3
3064	3
3065	3
3066	3
3067	3
3068	3
3069	3
3070	3
3071	3
3072	3
3073	3
3074	3
3075	3
3076	3
3077	3
3078	3
3079	3
3080	3
3081	3
3082	3
3083	3
3084	3
3085	3
3086	3
3087	3
3088	3
3089	3
3090	3
3091	3
3092	3
3093	3
3094	3
3095	3
3096	3
3097	3
3098	3
3099	3
3100	3
3101	3
3102	3
3103	3
3104	3
3105	3
3106	3
3107	3
3108	3
3109	3
3110	3
3111	3
3112	3
3113	3
3114	3
3115	3
3116	3
3117	3
3118	3
3119	3
3120	3
3121	3
3122	3
3123	3
3124	3
3125	3
3126	3
3127	3
3128	3
3129	3
3130	3
3131	3
3132	3
3133	3
3134	3
3135	3
3136	3
3137	3
3138	3
3139	3
3140	3
3141	3
3142	3
3143	3
3144	3
3145	3
3146	3
3147	3
3148	3
3149	3
3150	3
3151	3
3152	3
3153	3
3154	3
3155	3
3156	3
3157	3
3158	3
3159	3
3160	3
3161	3
3162	3
3163	3
3164	3
3165	3
3166	3
3167	3
3168	3
3169	3
3170	3
3171	3
3172	3
3173	3
3174	3
3175	3
3176	3
3177	3
3178	3
3179	3
3180	3
3181	3
3182	3
3183	3
3184	3
3185	3
3186	3
3187	3
3188	3
3189	3
3190	3
3191	3
3192	3
3193	3
3194	3
3195	3
3196	3
3197	3
3198	3
3199	3
3200	3
3201	3
3202	3
3203	3
3204	3
3205	3
3206	3
3207	3
3208	3
3209	3
3210	3
3211	3
3212	3
3213	3
3214	3
3215	3
3216	3
3217	3
3218	3
3219	3
3220	3
3221	3
3222	3
3223	3
3224	3
3225	3
3226	3
3227	3
3228	3
3229	3
3230	3
3231	3
3232	3
3233	3
3234	3
3235	3
3236	3
3237	3
3238	3
3239	3
3240	3
3241	3
3242	3
3243	3
3244	3
3245	3
3246	3
3247	3
3248	3
3249	3
3250	3
3251	3
3252	3
3253	3
3254	3
3255	3
3256	3
3257	3
3258	3
3259	3
3260	3
3261	3
3262	3
3263	3
3264	3
3265	3
3266	3
3267	3
3268	3
3269	3
3270	3
3271	3
3272	3
3273	3
3274	3
3275	3
3276	3
3277	3
3278	3
3279	3
3280	3
3281	3
3282	3
3283	3
3284	3
3285	3
3286	3
3287	3
3288	3
3289	3
3290	3
3291	3
3292	3
3293	3
3294	3
3295	3
3296	3
3297	3
3298	3
3299	3
3300	3
3301	3
3302	3
3303	3
3304	3
3305	3
3306	3
3307	3
3308	3
3309	3
3310	3
3311	3
3312	3
3313	3
3314	3
3315	3
3316	3
3317	3
3318	3
3319	3
3320	3
3321	3
3322	3
3323	3
3324	3
3325	3
3326	3
3327	3
3328	3
3329	3
3330	3
3331	3
3332	4
3333	4
3334	4
3335	4
3336	4
3337	4
3338	4
3339	4
3340	4
3341	4
3342	4
3343	4
3344	4
3345	4
3346	4
3347	4
3348	4
3349	4
3350	4
3351	4
3352	4
3353	4
3354	4
3355	4
3356	4
3357	4
3358	4
3359	4
3360	4
3361	4
3362	4
3363	4
3364	4
3365	4
3366	4
3367	4
3368	4
3369	4
3370	4
3371	4
3372	4
3373	4
3374	4
3375	4
3376	4
3377	4
3378	4
3379	4
3380	4
3381	4
3382	4
3383	4
3384	4
3385	4
3386	4
3387	4
3388	4
3389	4
3390	4
3391	4
3392	4
3393	4
3394	4
3395	4
3396	4
3397	4
3398	4
3399	4
3400	4
3401	4
3402	4
3403	4
3404	4
3405	4
3406	4
3407	4
3408	4
3409	4
3410	4
3411	4
3412	4
3413	4
3414	4
3415	4
3416	4
3417	4
3418	4
3419	4
3420	4
3421	4
3422	4
3423	4
3424	4
3425	4
3426	4
3427	4
3428	4
3429	4
3430	4
3431	4
3432	4
3433	4
3434	4
3435	4
3436	4
3437	4
3438	4
3439	4
3440	4
3441	4
3442	4
3443	4
3444	4
3445	4
3446	4
3447	4
3448	4
3449	4
3450	4
3451	4
3452	4
3453	4
3454	4
3455	4
3456	4
3457	4
3458	4
3459	4
3460	4
3461	4
3462	4
3463	4
3464	4
3465	4
3466	4
3467	4
3468	4
3469	4
3470	4
3471	4
3472	4
3473	4
3474	4
3475	4
3476	4
3477	4
3478	4
3479	4
3480	4
3481	4
3482	4
3483	4
3484	4
3485	4
3486	4
3487	4
3488	4
3489	4
3490	4
3491	4
3492	4
3493	4
3494	4
3495	4
3496	4
3497	4
3498	4
3499	4
3500	4
3501	4
3502	4
3503	4
3504	4
3505	4
3506	4
3507	4
3508	4
3509	4
3510	4
3511	4
3512	4
3513	4
3514	4
3515	4
3516	4
3517	4
3518	4
3519	4
3520	4
3521	4
3522	4
3523	4
3524	4
3525	4
3526	4
3527	4
3528	4
3529	4
3530	4
3531	4
3532	4
3533	4
3534	4
3535	4
3536	4
3537	4
3538	4
3539	4
3540	4
3541	4
3542	4
3543	4
3544	4
3545	4
3546	4
3547	4
3548	4
3549	4
3550	4
3551	4
3552	4
3553	4
3554	4
3555	4
3556	4
3557	4
3558	4
3559	4
3560	4
3561	4
3562	4
3563	4
3564	4
3565	4
3566	4
3567	4
3568	4
3569	4
3570	4
3571	4
3572	4
3573	4
3574	4
3575	4
3576	4
3577	4
3578	4
3579	4
3580	4
3581	4
3582	4
3583	4
3584	4
3585	4
3586	4
3587	4
3588	4
3589	4
3590	4
3591	4
3592	4
3593	4
3594	4
3595	4
3596	4
3597	4
3598	4
3599	4
3600	4
3601	4
3602	4
3603	4
3604	4
3605	4
3606	4
3607	4
3608	4
3609	4
3610	4
3611	4
3612	4
3613	4
3614	4
3615	4
3616	4
3617	4
3618	4
3619	4
3620	4
3621	4
3622	4
3623	4
3624	4
3625	4
3626	4
3627	4
3628	4
3629	4
3630	4
3631	4
3632	4
3633	4
3634	4
3635	4
3636	4
3637	4
3638	4
3639	4
3640	4
3641	4
3642	4
3643	4
3644	4
3645	4
3646	4
3647	4
3648	4
3649	4
3650	4
3651	4
3652	4
3653	4
3654	4
3655	4
3656	4
3657	4
3658	4
3659	4
3660	4
3661	4
3662	4
3663	4
3664	4
3665	4
3666	4
3667	4
3668	4
3669	4
3670	4
3671	4
3672	4
3673	4
3674	4
3675	4
3676	4
3677	4
3678	4
3679	4
3680	4
3681	4
3682	4
3683	4
3684	4
3685	4
3686	4
3687	4
3688	4
3689	4
3690	4
3691	4
3692	4
3693	4
3694	4
3695	4
3696	4
3697	4
3698	4
3699	4
3700	4
3701	4
3702	4
3703	4
3704	4
3705	4
3706	4
3707	4
3708	4
3709	4
3710	4
3711	4
3712	4
3713	4
3714	4
3715	4
3716	4
3717	4
3718	4
3719	4
3720	4
3721	4
3722	4
3723	4
3724	4
3725	4
3726	4
3727	4
3728	4
3729	4
3730	4
3731	4
3732	4
3733	4
3734	4
3735	4
3736	4
3737	4
3738	4
3739	4
3740	4
3741	4
3742	4
3743	4
3744	4
3745	4
3746	4
3747	4
3748	4
3749	4
3750	4
3751	4
3752	4
3753	4
3754	4
3755	4
3756	4
3757	4
3758	4
3759	4
3760	4
3761	4
3762	4
3763	4
3764	4
3765	4
3766	4
3767	4
3768	4
3769	4
3770	4
3771	4
3772	4
3773	4
3774	4
3775	4
3776	4
3777	4
3778	4
3779	4
3780	4
3781	4
3782	4
3783	4
3784	4
3785	4
3786	4
3787	4
3788	4
3789	4
3790	4
3791	4
3792	4
3793	4
3794	4
3795	4
3796	4
3797	4
3798	4
3799	4
3800	4
3801	4
3802	4
3803	4
3804	4
3805	4
3806	4
3807	4
3808	4
3809	4
3810	4
3811	4
3812	4
3813	4
3814	4
3815	4
3816	4
3817	4
3818	4
3819	4
3820	4
3821	4
3822	4
3823	4
3824	4
3825	4
3826	4
3827	4
3828	4
3829	4
3830	4
3831	4
3832	4
3833	4
3834	4
3835	4
3836	4
3837	4
3838	4
3839	4
3840	4
3841	4
3842	4
3843	4
3844	4
3845	4
3846	4
3847	4
3848	4
3849	4
3850	4
3851	4
3852	4
3853	4
3854	4
3855	4
3856	4
3857	4
3858	4
3859	4
3860	4
3861	4
3862	4
3863	4
3864	4
3865	4
3866	4
3867	4
3868	4
3869	4
3870	4
3871	4
3872	4
3873	4
3874	4
3875	4
3876	4
3877	4
3878	4
3879	4
3880	4
3881	4
3882	4
3883	4
3884	4
3885	4
3886	4
3887	4
3888	4
3889	4
3890	4
3891	4
3892	4
3893	4
3894	4
3895	4
3896	4
3897	4
3898	4
3899	4
3900	4
3901	4
3902	4
3903	4
3904	4
3905	4
3906	4
3907	4
3908	4
3909	4
3910	4
3911	4
3912	4
3913	4
3914	4
3915	4
3916	4
3917	4
3918	4
3919	4
3920	4
3921	4
3922	4
3923	4
3924	4
3925	4
3926	4
3927	4
3928	4
3929	4
3930	4
3931	4
3932	4
3933	4
3934	4
3935	4
3936	4
3937	4
3938	4
3939	4
3940	4
3941	4
3942	4
3943	4
3944	4
3945	4
3946	4
3947	4
3948	4
3949	4
3950	4
3951	4
3952	4
3953	4
3954	4
3955	4
3956	4
3957	4
3958	4
3959	4
3960	4
3961	4
3962	4
3963	4
3964	4
3965	4
3966	4
3967	4
3968	4
3969	4
3970	4
3971	4
3972	4
3973	4
3974	4
3975	4
3976	4
3977	4
3978	4
3979	4
3980	4
3981	4
3982	4
3983	4
3984	4
3985	4
3986	4
3987	4
3988	4
3989	4
3990	4
3991	4
3992	4
3993	4
3994	4
3995	4
3996	4
3997	4
3998	4
3999	4
4000	4
4001	4
4002	4
4003	4
4004	4
4005	4
4006	4
4007	4
4008	4
4009	4
4010	4
4011	4
4012	4
4013	4
4014	4
4015	4
4016	4
4017	4
4018	4
4019	4
4020	4
4021	4
4022	4
4023	4
4024	4
4025	4
4026	4
4027	4
4028	4
4029	4
4030	4
4031	4
4032	4
4033	4
4034	4
4035	4
4036	4
4037	4
4038	4
4039	4
4040	4
4041	4
4042	4
4043	4
4044	4
4045	4
4046	4
4047	4
4048	4
4049	4
4050	4
4051	4
4052	4
4053	4
4054	4
4055	4
4056	4
4057	4
4058	4
4059	4
4060	4
4061	4
4062	4
4063	4
4064	4
4065	4
4066	4
4067	4
4068	4
4069	4
4070	4
4071	4
4072	4
4073	4
4074	4
4075	4
4076	4
4077	4
4078	4
4079	4
4080	4
4081	4
4082	4
4083	4
4084	4
4085	4
4086	4
4087	4
4088	4
4089	4
4090	4
4091	4
4092	4
4093	4
4094	4
4095	4
4096	4
4097	4
4098	4
4099	4
4100	4
4101	4
4102	4
4103	4
4104	4
4105	4
4106	4
4107	4
4108	4
4109	4
4110	4
4111	4
4112	4
4113	4
4114	4
4115	4
4116	4
4117	4
4118	4
4119	4
4120	4
4121	4
4122	4
4123	4
4124	4
4125	4
4126	4
4127	4
4128	4
4129	4
4130	4
4131	4
4132	4
4133	4
4134	4
4135	4
4136	4
4137	4
4138	4
4139	4
4140	4
4141	4
4142	4
4143	4
4144	4
4145	4
4146	4
4147	4
4148	4
4149	4
4150	4
4151	4
4152	4
4153	4
4154	4
4155	4
4156	4
4157	4
4158	4
4159	4
4160	4
4161	4
4162	4
4163	4
4164	4
4165	5
4166	5
4167	5
4168	5
4169	5
4170	5
4171	5
4172	5
4173	5
4174	5
4175	5
4176	5
4177	5
4178	5
4179	5
4180	5
4181	5
4182	5
4183	5
4184	5
4185	5
4186	5
4187	5
4188	5
4189	5
4190	5
4191	5
4192	5
4193	5
4194	5
4195	5
4196	5
4197	5
4198	5
4199	5
4200	5
4201	5
4202	5
4203	5
4204	5
4205	5
4206	5
4207	5
4208	5
4209	5
4210	5
4211	5
4212	5
4213	5
4214	5
4215	5
4216	5
4217	5
4218	5
4219	5
4220	5
4221	5
4222	5
4223	5
4224	5
4225	5
4226	5
4227	5
4228	5
4229	5
4230	5
4231	5
4232	5
4233	5
4234	5
4235	5
4236	5
4237	5
4238	5
4239	5
4240	5
4241	5
4242	5
4243	5
4244	5
4245	5
4246	5
4247	5
4248	5
4249	5
4250	5
4251	5
4252	5
4253	5
4254	5
4255	5
4256	5
4257	5
4258	5
4259	5
4260	5
4261	5
4262	5
4263	5
4264	5
4265	5
4266	5
4267	5
4268	5
4269	5
4270	5
4271	5
4272	5
4273	5
4274	5
4275	5
4276	5
4277	5
4278	5
4279	5
4280	5
4281	5
4282	5
4283	5
4284	5
4285	5
4286	5
4287	5
4288	5
4289	5
4290	5
4291	5
4292	5
4293	5
4294	5
4295	5
4296	5
4297	5
4298	5
4299	5
4300	5
4301	5
4302	5
4303	5
4304	5
4305	5
4306	5
4307	5
4308	5
4309	5
4310	5
4311	5
4312	5
4313	5
4314	5
4315	5
4316	5
4317	5
4318	5
4319	5
4320	5
4321	5
4322	5
4323	5
4324	5
4325	5
4326	5
4327	5
4328	5
4329	5
4330	5
4331	5
4332	5
4333	5
4334	5
4335	5
4336	5
4337	5
4338	5
4339	5
4340	5
4341	5
4342	5
4343	5
4344	5
4345	5
4346	5
4347	5
4348	5
4349	5
4350	5
4351	5
4352	5
4353	5
4354	5
4355	5
4356	5
4357	5
4358	5
4359	5
4360	5
4361	5
4362	5
4363	5
4364	5
4365	5
4366	5
4367	5
4368	5
4369	5
4370	5
4371	5
4372	5
4373	5
4374	5
4375	5
4376	5
4377	5
4378	5
4379	5
4380	5
4381	5
4382	5
4383	5
4384	5
4385	5
4386	5
4387	5
4388	5
4389	5
4390	5
4391	5
4392	5
4393	5
4394	5
4395	5
4396	5
4397	5
4398	5
4399	5
4400	5
4401	5
4402	5
4403	5
4404	5
4405	5
4406	5
4407	5
4408	5
4409	5
4410	5
4411	5
4412	5
4413	5
4414	5
4415	5
4416	5
4417	5
4418	5
4419	5
4420	5
4421	5
4422	5
4423	5
4424	5
4425	5
4426	5
4427	5
4428	5
4429	5
4430	5
4431	5
4432	5
4433	5
4434	5
4435	5
4436	5
4437	5
4438	5
4439	5
4440	5
4441	5
4442	5
4443	5
4444	5
4445	5
4446	5
4447	5
4448	5
4449	5
4450	5
4451	5
4452	5
4453	5
4454	5
4455	5
4456	5
4457	5
4458	5
4459	5
4460	5
4461	5
4462	5
4463	5
4464	5
4465	5
4466	5
4467	5
4468	5
4469	5
4470	5
4471	5
4472	5
4473	5
4474	5
4475	5
4476	5
4477	5
4478	5
4479	5
4480	5
4481	5
4482	5
4483	5
4484	5
4485	5
4486	5
4487	5
4488	5
4489	5
4490	5
4491	5
4492	5
4493	5
4494	5
4495	5
4496	5
4497	5
4498	5
4499	5
4500	5
4501	5
4502	5
4503	5
4504	5
4505	5
4506	5
4507	5
4508	5
4509	5
4510	5
4511	5
4512	5
4513	5
4514	5
4515	5
4516	5
4517	5
4518	5
4519	5
4520	5
4521	5
4522	5
4523	5
4524	5
4525	5
4526	5
4527	5
4528	5
4529	5
4530	5
4531	5
4532	5
4533	5
4534	5
4535	5
4536	5
4537	5
4538	5
4539	5
4540	5
4541	5
4542	5
4543	5
4544	5
4545	5
4546	5
4547	5
4548	5
4549	5
4550	5
4551	5
4552	5
4553	5
4554	5
4555	5
4556	5
4557	5
4558	5
4559	5
4560	5
4561	5
4562	5
4563	5
4564	5
4565	5
4566	5
4567	5
4568	5
4569	5
4570	5
4571	5
4572	5
4573	5
4574	5
4575	5
4576	5
4577	5
4578	5
4579	5
4580	5
4581	5
4582	5
4583	5
4584	5
4585	5
4586	5
4587	5
4588	5
4589	5
4590	5
4591	5
4592	5
4593	5
4594	5
4595	5
4596	5
4597	5
4598	5
4599	5
4600	5
4601	5
4602	5
4603	5
4604	5
4605	5
4606	5
4607	5
4608	5
4609	5
4610	5
4611	5
4612	5
4613	5
4614	5
4615	5
4616	5
4617	5
4618	5
4619	5
4620	5
4621	5
4622	5
4623	5
4624	5
4625	5
4626	5
4627	5
4628	5
4629	5
4630	5
4631	5
4632	5
4633	5
4634	5
4635	5
4636	5
4637	5
4638	5
4639	5
4640	5
4641	5
4642	5
4643	5
4644	5
4645	5
4646	5
4647	5
4648	5
4649	5
4650	5
4651	5
4652	5
4653	5
4654	5
4655	5
4656	5
4657	5
4658	5
4659	5
4660	5
4661	5
4662	5
4663	5
4664	5
4665	5
4666	5
4667	5
4668	5
4669	5
4670	5
4671	5
4672	5
4673	5
4674	5
4675	5
4676	5
4677	5
4678	5
4679	5
4680	5
4681	5
4682	5
4683	5
4684	5
4685	5
4686	5
4687	5
4688	5
4689	5
4690	5
4691	5
4692	5
4693	5
4694	5
4695	5
4696	5
4697	5
4698	5
4699	5
4700	5
4701	5
4702	5
4703	5
4704	5
4705	5
4706	5
4707	5
4708	5
4709	5
4710	5
4711	5
4712	5
4713	5
4714	5
4715	5
4716	5
4717	5
4718	5
4719	5
4720	5
4721	5
4722	5
4723	5
4724	5
4725	5
4726	5
4727	5
4728	5
4729	5
4730	5
4731	5
4732	5
4733	5
4734	5
4735	5
4736	5
4737	5
4738	5
4739	5
4740	5
4741	5
4742	5
4743	5
4744	5
4745	5
4746	5
4747	5
4748	5
4749	5
4750	5
4751	5
4752	5
4753	5
4754	5
4755	5
4756	5
4757	5
4758	5
4759	5
4760	5
4761	5
4762	5
4763	5
4764	5
4765	5
4766	5
4767	5
4768	5
4769	5
4770	5
4771	5
4772	5
4773	5
4774	5
4775	5
4776	5
4777	5
4778	5
4779	5
4780	5
4781	5
4782	5
4783	5
4784	5
4785	5
4786	5
4787	5
4788	5
4789	5
4790	5
4791	5
4792	5
4793	5
4794	5
4795	5
4796	5
4797	5
4798	5
4799	5
4800	5
4801	5
4802	5
4803	5
4804	5
4805	5
4806	5
4807	5
4808	5
4809	5
4810	5
4811	5
4812	5
4813	5
4814	5
4815	5
4816	5
4817	5
4818	5
4819	5
4820	5
4821	5
4822	5
4823	5
4824	5
4825	5
4826	5
4827	5
4828	5
4829	5
4830	5
4831	5
4832	5
4833	5
4834	5
4835	5
4836	5
4837	5
4838	5
4839	5
4840	5
4841	5
4842	5
4843	5
4844	5
4845	5
4846	5
4847	5
4848	5
4849	5
4850	5
4851	5
4852	5
4853	5
4854	5
4855	5
4856	5
4857	5
4858	5
4859	5
4860	5
4861	5
4862	5
4863	5
4864	5
4865	5
4866	5
4867	5
4868	5
4869	5
4870	5
4871	5
4872	5
4873	5
4874	5
4875	5
4876	5
4877	5
4878	5
4879	5
4880	5
4881	5
4882	5
4883	5
4884	5
4885	5
4886	5
4887	5
4888	5
4889	5
4890	5
4891	5
4892	5
4893	5
4894	5
4895	5
4896	5
4897	5
4898	5
4899	5
4900	5
4901	5
4902	5
4903	5
4904	5
4905	5
4906	5
4907	5
4908	5
4909	5
4910	5
4911	5
4912	5
4913	5
4914	5
4915	5
4916	5
4917	5
4918	5
4919	5
4920	5
4921	5
4922	5
4923	5
4924	5
4925	5
4926	5
4927	5
4928	5
4929	5
4930	5
4931	5
4932	5
4933	5
4934	5
4935	5
4936	5
4937	5
4938	5
4939	5
4940	5
4941	5
4942	5
4943	5
4944	5
4945	5
4946	5
4947	5
4948	5
4949	5
4950	5
4951	5
4952	5
4953	5
4954	5
4955	5
4956	5
4957	5
4958	5
4959	5
4960	5
4961	5
4962	5
4963	5
4964	5
4965	5
4966	5
4967	5
4968	5
4969	5
4970	5
4971	5
4972	5
4973	5
4974	5
4975	5
4976	5
4977	5
4978	5
4979	5
4980	5
4981	5
4982	5
4983	5
4984	5
4985	5
4986	5
4987	5
4988	5
4989	5
4990	5
4991	5
4992	5
4993	5
4994	5
4995	5
4996	5
4997	5
4998	6
4999	6
5000	6
5001	6
5002	6
5003	6
5004	6
5005	6
5006	6
5007	6
5008	6
5009	6
5010	6
5011	6
5012	6
5013	6
5014	6
5015	6
5016	6
5017	6
5018	6
5019	6
5020	6
5021	6
5022	6
5023	6
5024	6
5025	6
5026	6
5027	6
5028	6
5029	6
5030	6
5031	6
5032	6
5033	6
5034	6
5035	6
5036	6
5037	6
5038	6
5039	6
5040	6
5041	6
5042	6
5043	6
5044	6
5045	6
5046	6
5047	6
5048	6
5049	6
5050	6
5051	6
5052	6
5053	6
5054	6
5055	6
5056	6
5057	6
5058	6
5059	6
5060	6
5061	6
5062	6
5063	6
5064	6
5065	6
5066	6
5067	6
5068	6
5069	6
5070	6
5071	6
5072	6
5073	6
5074	6
5075	6
5076	6
5077	6
5078	6
5079	6
5080	6
5081	6
5082	6
5083	6
5084	6
5085	6
5086	6
5087	6
5088	6
5089	6
5090	6
5091	6
5092	6
5093	6
5094	6
5095	6
5096	6
5097	6
5098	6
5099	6
5100	6
5101	6
5102	6
5103	6
5104	6
5105	6
5106	6
5107	6
5108	6
5109	6
5110	6
5111	6
5112	6
5113	6
5114	6
5115	6
5116	6
5117	6
5118	6
5119	6
5120	6
5121	6
5122	6
5123	6
5124	6
5125	6
5126	6
5127	6
5128	6
5129	6
5130	6
5131	6
5132	6
5133	6
5134	6
5135	6
5136	6
5137	6
5138	6
5139	6
5140	6
5141	6
5142	6
5143	6
5144	6
5145	6
5146	6
5147	6
5148	6
5149	6
5150	6
5151	6
5152	6
5153	6
5154	6
5155	6
5156	6
5157	6
5158	6
5159	6
5160	6
5161	6
5162	6
5163	6
5164	6
5165	6
5166	6
5167	6
5168	6
5169	6
5170	6
5171	6
5172	6
5173	6
5174	6
5175	6
5176	6
5177	6
5178	6
5179	6
5180	6
5181	6
5182	6
5183	6
5184	6
5185	6
5186	6
5187	6
5188	6
5189	6
5190	6
5191	6
5192	6
5193	6
5194	6
5195	6
5196	6
5197	6
5198	6
5199	6
5200	6
5201	6
5202	6
5203	6
5204	6
5205	6
5206	6
5207	6
5208	6
5209	6
5210	6
5211	6
5212	6
5213	6
5214	6
5215	6
5216	6
5217	6
5218	6
5219	6
5220	6
5221	6
5222	6
5223	6
5224	6
5225	6
5226	6
5227	6
5228	6
5229	6
5230	6
5231	6
5232	6
5233	6
5234	6
5235	6
5236	6
5237	6
5238	6
5239	6
5240	6
5241	6
5242	6
5243	6
5244	6
5245	6
5246	6
5247	6
5248	6
5249	6
5250	6
5251	6
5252	6
5253	6
5254	6
5255	6
5256	6
5257	6
5258	6
5259	6
5260	6
5261	6
5262	6
5263	6
5264	6
5265	6
5266	6
5267	6
5268	6
5269	6
5270	6
5271	6
5272	6
5273	6
5274	6
5275	6
5276	6
5277	6
5278	6
5279	6
5280	6
5281	6
5282	6
5283	6
5284	6
5285	6
5286	6
5287	6
5288	6
5289	6
5290	6
5291	6
5292	6
5293	6
5294	6
5295	6
5296	6
5297	6
5298	6
5299	6
5300	6
5301	6
5302	6
5303	6
5304	6
5305	6
5306	6
5307	6
5308	6
5309	6
5310	6
5311	6
5312	6
5313	6
5314	6
5315	6
5316	6
5317	6
5318	6
5319	6
5320	6
5321	6
5322	6
5323	6
5324	6
5325	6
5326	6
5327	6
5328	6
5329	6
5330	6
5331	6
5332	6
5333	6
5334	6
5335	6
5336	6
5337	6
5338	6
5339	6
5340	6
5341	6
5342	6
5343	6
5344	6
5345	6
5346	6
5347	6
5348	6
5349	6
5350	6
5351	6
5352	6
5353	6
5354	6
5355	6
5356	6
5357	6
5358	6
5359	6
5360	6
5361	6
5362	6
5363	6
5364	6
5365	6
5366	6
5367	6
5368	6
5369	6
5370	6
5371	6
5372	6
5373	6
5374	6
5375	6
5376	6
5377	6
5378	6
5379	6
5380	6
5381	6
5382	6
5383	6
5384	6
5385	6
5386	6
5387	6
5388	6
5389	6
5390	6
5391	6
5392	6
5393	6
5394	6
5395	6
5396	6
5397	6
5398	6
5399	6
5400	6
5401	6
5402	6
5403	6
5404	6
5405	6
5406	6
5407	6
5408	6
5409	6
5410	6
5411	6
5412	6
5413	6
5414	6
5415	6
5416	6
5417	6
5418	6
5419	6
5420	6
5421	6
5422	6
5423	6
5424	6
5425	6
5426	6
5427	6
5428	6
5429	6
5430	6
5431	6
5432	6
5433	6
5434	6
5435	6
5436	6
5437	6
5438	6
5439	6
5440	6
5441	6
5442	6
5443	6
5444	6
5445	6
5446	6
5447	6
5448	6
5449	6
5450	6
5451	6
5452	6
5453	6
5454	6
5455	6
5456	6
5457	6
5458	6
5459	6
5460	6
5461	6
5462	6
5463	6
5464	6
5465	6
5466	6
5467	6
5468	6
5469	6
5470	6
5471	6
5472	6
5473	6
5474	6
5475	6
5476	6
5477	6
5478	6
5479	6
5480	6
5481	6
5482	6
5483	6
5484	6
5485	6
5486	6
5487	6
5488	6
5489	6
5490	6
5491	6
5492	6
5493	6
5494	6
5495	6
5496	6
5497	6
5498	6
5499	6
5500	6
5501	6
5502	6
5503	6
5504	6
5505	6
5506	6
5507	6
5508	6
5509	6
5510	6
5511	6
5512	6
5513	6
5514	6
5515	6
5516	6
5517	6
5518	6
5519	6
5520	6
5521	6
5522	6
5523	6
5524	6
5525	6
5526	6
5527	6
5528	6
5529	6
5530	6
5531	6
5532	6
5533	6
5534	6
5535	6
5536	6
5537	6
5538	6
5539	6
5540	6
5541	6
5542	6
5543	6
5544	6
5545	6
5546	6
5547	6
5548	6
5549	6
5550	6
5551	6
5552	6
5553	6
5554	6
5555	6
5556	6
5557	6
5558	6
5559	6
5560	6
5561	6
5562	6
5563	6
5564	6
5565	6
5566	6
5567	6
5568	6
5569	6
5570	6
5571	6
5572	6
5573	6
5574	6
5575	6
5576	6
5577	6
5578	6
5579	6
5580	6
5581	6
5582	6
5583	6
5584	6
5585	6
5586	6
5587	6
5588	6
5589	6
5590	6
5591	6
5592	6
5593	6
5594	6
5595	6
5596	6
5597	6
5598	6
5599	6
5600	6
5601	6
5602	6
5603	6
5604	6
5605	6
5606	6
5607	6
5608	6
5609	6
5610	6
5611	6
5612	6
5613	6
5614	6
5615	6
5616	6
5617	6
5618	6
5619	6
5620	6
5621	6
5622	6
5623	6
5624	6
5625	6
5626	6
5627	6
5628	6
5629	6
5630	6
5631	6
5632	6
5633	6
5634	6
5635	6
5636	6
5637	6
5638	6
5639	6
5640	6
5641	6
5642	6
5643	6
5644	6
5645	6
5646	6
5647	6
5648	6
5649	6
5650	6
5651	6
5652	6
5653	6
5654	6
5655	6
5656	6
5657	6
5658	6
5659	6
5660	6
5661	6
5662	6
5663	6
5664	6
5665	6
5666	6
5667	6
5668	6
5669	6
5670	6
5671	6
5672	6
5673	6
5674	6
5675	6
5676	6
5677	6
5678	6
5679	6
5680	6
5681	6
5682	6
5683	6
5684	6
5685	6
5686	6
5687	6
5688	6
5689	6
5690	6
5691	6
5692	6
5693	6
5694	6
5695	6
5696	6
5697	6
5698	6
5699	6
5700	6
5701	6
5702	6
5703	6
5704	6
5705	6
5706	6
5707	6
5708	6
5709	6
5710	6
5711	6
5712	6
5713	6
5714	6
5715	6
5716	6
5717	6
5718	6
5719	6
5720	6
5721	6
5722	6
5723	6
5724	6
5725	6
5726	6
5727	6
5728	6
5729	6
5730	6
5731	6
5732	6
5733	6
5734	6
5735	6
5736	6
5737	6
5738	6
5739	6
5740	6
5741	6
5742	6
5743	6
5744	6
5745	6
5746	6
5747	6
5748	6
5749	6
5750	6
5751	6
5752	6
5753	6
5754	6
5755	6
5756	6
5757	6
5758	6
5759	6
5760	6
5761	6
5762	6
5763	6
5764	6
5765	6
5766	6
5767	6
5768	6
5769	6
5770	6
5771	6
5772	6
5773	6
5774	6
5775	6
5776	6
5777	6
5778	6
5779	6
5780	6
5781	6
5782	6
5783	6
5784	6
5785	6
5786	6
5787	6
5788	6
5789	6
5790	6
5791	6
5792	6
5793	6
5794	6
5795	6
5796	6
5797	6
5798	6
5799	6
5800	6
5801	6
5802	6
5803	6
5804	6
5805	6
5806	6
5807	6
5808	6
5809	6
5810	6
5811	6
5812	6
5813	6
5814	6
5815	6
5816	6
5817	6
5818	6
5819	6
5820	6
5821	6
5822	6
5823	6
5824	6
5825	6
5826	6
5827	6
5828	6
5829	6
5830	6
5831	7
5832	7
5833	7
5834	7
5835	7
5836	7
5837	7
5838	7
5839	7
5840	7
5841	7
5842	7
5843	7
5844	7
5845	7
5846	7
5847	7
5848	7
5849	7
5850	7
5851	7
5852	7
5853	7
5854	7
5855	7
5856	7
5857	7
5858	7
5859	7
5860	7
5861	7
5862	7
5863	7
5864	7
5865	7
5866	7
5867	7
5868	7
5869	7
5870	7
5871	7
5872	7
5873	7
5874	7
5875	7
5876	7
5877	7
5878	7
5879	7
5880	7
5881	7
5882	7
5883	7
5884	7
5885	7
5886	7
5887	7
5888	7
5889	7
5890	7
5891	7
5892	7
5893	7
5894	7
5895	7
5896	7
5897	7
5898	7
5899	7
5900	7
5901	7
5902	7
5903	7
5904	7
5905	7
5906	7
5907	7
5908	7
5909	7
5910	7
5911	7
5912	7
5913	7
5914	7
5915	7
5916	7
5917	7
5918	7
5919	7
5920	7
5921	7
5922	7
5923	7
5924	7
5925	7
5926	7
5927	7
5928	7
5929	7
5930	7
5931	7
5932	7
5933	7
5934	7
5935	7
5936	7
5937	7
5938	7
5939	7
5940	7
5941	7
5942	7
5943	7
5944	7
5945	7
5946	7
5947	7
5948	7
5949	7
5950	7
5951	7
5952	7
5953	7
5954	7
5955	7
5956	7
5957	7
5958	7
5959	7
5960	7
5961	7
5962	7
5963	7
5964	7
5965	7
5966	7
5967	7
5968	7
5969	7
5970	7
5971	7
5972	7
5973	7
5974	7
5975	7
5976	7
5977	7
5978	7
5979	7
5980	7
5981	7
5982	7
5983	7
5984	7
5985	7
5986	7
5987	7
5988	7
5989	7
5990	7
5991	7
5992	7
5993	7
5994	7
5995	7
5996	7
5997	7
5998	7
5999	7
6000	7
6001	7
6002	7
6003	7
6004	7
6005	7
6006	7
6007	7
6008	7
6009	7
6010	7
6011	7
6012	7
6013	7
6014	7
6015	7
6016	7
6017	7
6018	7
6019	7
6020	7
6021	7
6022	7
6023	7
6024	7
6025	7
6026	7
6027	7
6028	7
6029	7
6030	7
6031	7
6032	7
6033	7
6034	7
6035	7
6036	7
6037	7
6038	7
6039	7
6040	7
6041	7
6042	7
6043	7
6044	7
6045	7
6046	7
6047	7
6048	7
6049	7
6050	7
6051	7
6052	7
6053	7
6054	7
6055	7
6056	7
6057	7
6058	7
6059	7
6060	7
6061	7
6062	7
6063	7
6064	7
6065	7
6066	7
6067	7
6068	7
6069	7
6070	7
6071	7
6072	7
6073	7
6074	7
6075	7
6076	7
6077	7
6078	7
6079	7
6080	7
6081	7
6082	7
6083	7
6084	7
6085	7
6086	7
6087	7
6088	7
6089	7
6090	7
6091	7
6092	7
6093	7
6094	7
6095	7
6096	7
6097	7
6098	7
6099	7
6100	7
6101	7
6102	7
6103	7
6104	7
6105	7
6106	7
6107	7
6108	7
6109	7
6110	7
6111	7
6112	7
6113	7
6114	7
6115	7
6116	7
6117	7
6118	7
6119	7
6120	7
6121	7
6122	7
6123	7
6124	7
6125	7
6126	7
6127	7
6128	7
6129	7
6130	7
6131	7
6132	7
6133	7
6134	7
6135	7
6136	7
6137	7
6138	7
6139	7
6140	7
6141	7
6142	7
6143	7
6144	7
6145	7
6146	7
6147	7
6148	7
6149	7
6150	7
6151	7
6152	7
6153	7
6154	7
6155	7
6156	7
6157	7
6158	7
6159	7
6160	7
6161	7
6162	7
6163	7
6164	7
6165	7
6166	7
6167	7
6168	7
6169	7
6170	7
6171	7
6172	7
6173	7
6174	7
6175	7
6176	7
6177	7
6178	7
6179	7
6180	7
6181	7
6182	7
6183	7
6184	7
6185	7
6186	7
6187	7
6188	7
6189	7
6190	7
6191	7
6192	7
6193	7
6194	7
6195	7
6196	7
6197	7
6198	7
6199	7
6200	7
6201	7
6202	7
6203	7
6204	7
6205	7
6206	7
6207	7
6208	7
6209	7
6210	7
6211	7
6212	7
6213	7
6214	7
6215	7
6216	7
6217	7
6218	7
6219	7
6220	7
6221	7
6222	7
6223	7
6224	7
6225	7
6226	7
6227	7
6228	7
6229	7
6230	7
6231	7
6232	7
6233	7
6234	7
6235	7
6236	7
6237	7
6238	7
6239	7
6240	7
6241	7
6242	7
6243	7
6244	7
6245	7
6246	7
6247	7
6248	7
6249	7
6250	7
6251	7
6252	7
6253	7
6254	7
6255	7
6256	7
6257	7
6258	7
6259	7
6260	7
6261	7
6262	7
6263	7
6264	7
6265	7
6266	7
6267	7
6268	7
6269	7
6270	7
6271	7
6272	7
6273	7
6274	7
6275	7
6276	7
6277	7
6278	7
6279	7
6280	7
6281	7
6282	7
6283	7
6284	7
6285	7
6286	7
6287	7
6288	7
6289	7
6290	7
6291	7
6292	7
6293	7
6294	7
6295	7
6296	7
6297	7
6298	7
6299	7
6300	7
6301	7
6302	7
6303	7
6304	7
6305	7
6306	7
6307	7
6308	7
6309	7
6310	7
6311	7
6312	7
6313	7
6314	7
6315	7
6316	7
6317	7
6318	7
6319	7
6320	7
6321	7
6322	7
6323	7
6324	7
6325	7
6326	7
6327	7
6328	7
6329	7
6330	7
6331	7
6332	7
6333	7
6334	7
6335	7
6336	7
6337	7
6338	7
6339	7
6340	7
6341	7
6342	7
6343	7
6344	7
6345	7
6346	7
6347	7
6348	7
6349	7
6350	7
6351	7
6352	7
6353	7
6354	7
6355	7
6356	7
6357	7
6358	7
6359	7
6360	7
6361	7
6362	7
6363	7
6364	7
6365	7
6366	7
6367	7
6368	7
6369	7
6370	7
6371	7
6372	7
6373	7
6374	7
6375	7
6376	7
6377	7
6378	7
6379	7
6380	7
6381	7
6382	7
6383	7
6384	7
6385	7
6386	7
6387	7
6388	7
6389	7
6390	7
6391	7
6392	7
6393	7
6394	7
6395	7
6396	7
6397	7
6398	7
6399	7
6400	7
6401	7
6402	7
6403	7
6404	7
6405	7
6406	7
6407	7
6408	7
6409	7
6410	7
6411	7
6412	7
6413	7
6414	7
6415	7
6416	7
6417	7
6418	7
6419	7
6420	7
6421	7
6422	7
6423	7
6424	7
6425	7
6426	7
6427	7
6428	7
6429	7
6430	7
6431	7
6432	7
6433	7
6434	7
6435	7
6436	7
6437	7
6438	7
6439	7
6440	7
6441	7
6442	7
6443	7
6444	7
6445	7
6446	7
6447	7
6448	7
6449	7
6450	7
6451	7
6452	7
6453	7
6454	7
6455	7
6456	7
6457	7
6458	7
6459	7
6460	7
6461	7
6462	7
6463	7
6464	7
6465	7
6466	7
6467	7
6468	7
6469	7
6470	7
6471	7
6472	7
6473	7
6474	7
6475	7
6476	7
6477	7
6478	7
6479	7
6480	7
6481	7
6482	7
6483	7
6484	7
6485	7
6486	7
6487	7
6488	7
6489	7
6490	7
6491	7
6492	7
6493	7
6494	7
6495	7
6496	7
6497	7
6498	7
6499	7
6500	7
6501	7
6502	7
6503	7
6504	7
6505	7
6506	7
6507	7
6508	7
6509	7
6510	7
6511	7
6512	7
6513	7
6514	7
6515	7
6516	7
6517	7
6518	7
6519	7
6520	7
6521	7
6522	7
6523	7
6524	7
6525	7
6526	7
6527	7
6528	7
6529	7
6530	7
6531	7
6532	7
6533	7
6534	7
6535	7
6536	7
6537	7
6538	7
6539	7
6540	7
6541	7
6542	7
6543	7
6544	7
6545	7
6546	7
6547	7
6548	7
6549	7
6550	7
6551	7
6552	7
6553	7
6554	7
6555	7
6556	7
6557	7
6558	7
6559	7
6560	7
6561	7
6562	7
6563	7
6564	7
6565	7
6566	7
6567	7
6568	7
6569	7
6570	7
6571	7
6572	7
6573	7
6574	7
6575	7
6576	7
6577	7
6578	7
6579	7
6580	7
6581	7
6582	7
6583	7
6584	7
6585	7
6586	7
6587	7
6588	7
6589	7
6590	7
6591	7
6592	7
6593	7
6594	7
6595	7
6596	7
6597	7
6598	7
6599	7
6600	7
6601	7
6602	7
6603	7
6604	7
6605	7
6606	7
6607	7
6608	7
6609	7
6610	7
6611	7
6612	7
6613	7
6614	7
6615	7
6616	7
6617	7
6618	7
6619	7
6620	7
6621	7
6622	7
6623	7
6624	7
6625	7
6626	7
6627	7
6628	7
6629	7
6630	7
6631	7
6632	7
6633	7
6634	7
6635	7
6636	7
6637	7
6638	7
6639	7
6640	7
6641	7
6642	7
6643	7
6644	7
6645	7
6646	7
6647	7
6648	7
6649	7
6650	7
6651	7
6652	7
6653	7
6654	7
6655	7
6656	7
6657	7
6658	7
6659	7
6660	7
6661	7
6662	7
6663	7
6664	8
6665	8
6666	8
6667	8
6668	8
6669	8
6670	8
6671	8
6672	8
6673	8
6674	8
6675	8
6676	8
6677	8
6678	8
6679	8
6680	8
6681	8
6682	8
6683	8
6684	8
6685	8
6686	8
6687	8
6688	8
6689	8
6690	8
6691	8
6692	8
6693	8
6694	8
6695	8
6696	8
6697	8
6698	8
6699	8
6700	8
6701	8
6702	8
6703	8
6704	8
6705	8
6706	8
6707	8
6708	8
6709	8
6710	8
6711	8
6712	8
6713	8
6714	8
6715	8
6716	8
6717	8
6718	8
6719	8
6720	8
6721	8
6722	8
6723	8
6724	8
6725	8
6726	8
6727	8
6728	8
6729	8
6730	8
6731	8
6732	8
6733	8
6734	8
6735	8
6736	8
6737	8
6738	8
6739	8
6740	8
6741	8
6742	8
6743	8
6744	8
6745	8
6746	8
6747	8
6748	8
6749	8
6750	8
6751	8
6752	8
6753	8
6754	8
6755	8
6756	8
6757	8
6758	8
6759	8
6760	8
6761	8
6762	8
6763	8
6764	8
6765	8
6766	8
6767	8
6768	8
6769	8
6770	8
6771	8
6772	8
6773	8
6774	8
6775	8
6776	8
6777	8
6778	8
6779	8
6780	8
6781	8
6782	8
6783	8
6784	8
6785	8
6786	8
6787	8
6788	8
6789	8
6790	8
6791	8
6792	8
6793	8
6794	8
6795	8
6796	8
6797	8
6798	8
6799	8
6800	8
6801	8
6802	8
6803	8
6804	8
6805	8
6806	8
6807	8
6808	8
6809	8
6810	8
6811	8
6812	8
6813	8
6814	8
6815	8
6816	8
6817	8
6818	8
6819	8
6820	8
6821	8
6822	8
6823	8
6824	8
6825	8
6826	8
6827	8
6828	8
6829	8
6830	8
6831	8
6832	8
6833	8
6834	8
6835	8
6836	8
6837	8
6838	8
6839	8
6840	8
6841	8
6842	8
6843	8
6844	8
6845	8
6846	8
6847	8
6848	8
6849	8
6850	8
6851	8
6852	8
6853	8
6854	8
6855	8
6856	8
6857	8
6858	8
6859	8
6860	8
6861	8
6862	8
6863	8
6864	8
6865	8
6866	8
6867	8
6868	8
6869	8
6870	8
6871	8
6872	8
6873	8
6874	8
6875	8
6876	8
6877	8
6878	8
6879	8
6880	8
6881	8
6882	8
6883	8
6884	8
6885	8
6886	8
6887	8
6888	8
6889	8
6890	8
6891	8
6892	8
6893	8
6894	8
6895	8
6896	8
6897	8
6898	8
6899	8
6900	8
6901	8
6902	8
6903	8
6904	8
6905	8
6906	8
6907	8
6908	8
6909	8
6910	8
6911	8
6912	8
6913	8
6914	8
6915	8
6916	8
6917	8
6918	8
6919	8
6920	8
6921	8
6922	8
6923	8
6924	8
6925	8
6926	8
6927	8
6928	8
6929	8
6930	8
6931	8
6932	8
6933	8
6934	8
6935	8
6936	8
6937	8
6938	8
6939	8
6940	8
6941	8
6942	8
6943	8
6944	8
6945	8
6946	8
6947	8
6948	8
6949	8
6950	8
6951	8
6952	8
6953	8
6954	8
6955	8
6956	8
6957	8
6958	8
6959	8
6960	8
6961	8
6962	8
6963	8
6964	8
6965	8
6966	8
6967	8
6968	8
6969	8
6970	8
6971	8
6972	8
6973	8
6974	8
6975	8
6976	8
6977	8
6978	8
6979	8
6980	8
6981	8
6982	8
6983	8
6984	8
6985	8
6986	8
6987	8
6988	8
6989	8
6990	8
6991	8
6992	8
6993	8
6994	8
6995	8
6996	8
6997	8
6998	8
6999	8
7000	8
7001	8
7002	8
7003	8
7004	8
7005	8
7006	8
7007	8
7008	8
7009	8
7010	8
7011	8
7012	8
7013	8
7014	8
7015	8
7016	8
7017	8
7018	8
7019	8
7020	8
7021	8
7022	8
7023	8
7024	8
7025	8
7026	8
7027	8
7028	8
7029	8
7030	8
7031	8
7032	8
7033	8
7034	8
7035	8
7036	8
7037	8
7038	8
7039	8
7040	8
7041	8
7042	8
7043	8
7044	8
7045	8
7046	8
7047	8
7048	8
7049	8
7050	8
7051	8
7052	8
7053	8
7054	8
7055	8
7056	8
7057	8
7058	8
7059	8
7060	8
7061	8
7062	8
7063	8
7064	8
7065	8
7066	8
7067	8
7068	8
7069	8
7070	8
7071	8
7072	8
7073	8
7074	8
7075	8
7076	8
7077	8
7078	8
7079	8
7080	8
7081	8
7082	8
7083	8
7084	8
7085	8
7086	8
7087	8
7088	8
7089	8
7090	8
7091	8
7092	8
7093	8
7094	8
7095	8
7096	8
7097	8
7098	8
7099	8
7100	8
7101	8
7102	8
7103	8
7104	8
7105	8
7106	8
7107	8
7108	8
7109	8
7110	8
7111	8
7112	8
7113	8
7114	8
7115	8
7116	8
7117	8
7118	8
7119	8
7120	8
7121	8
7122	8
7123	8
7124	8
7125	8
7126	8
7127	8
7128	8
7129	8
7130	8
7131	8
7132	8
7133	8
7134	8
7135	8
7136	8
7137	8
7138	8
7139	8
7140	8
7141	8
7142	8
7143	8
7144	8
7145	8
7146	8
7147	8
7148	8
7149	8
7150	8
7151	8
7152	8
7153	8
7154	8
7155	8
7156	8
7157	8
7158	8
7159	8
7160	8
7161	8
7162	8
7163	8
7164	8
7165	8
7166	8
7167	8
7168	8
7169	8
7170	8
7171	8
7172	8
7173	8
7174	8
7175	8
7176	8
7177	8
7178	8
7179	8
7180	8
7181	8
7182	8
7183	8
7184	8
7185	8
7186	8
7187	8
7188	8
7189	8
7190	8
7191	8
7192	8
7193	8
7194	8
7195	8
7196	8
7197	8
7198	8
7199	8
7200	8
7201	8
7202	8
7203	8
7204	8
7205	8
7206	8
7207	8
7208	8
7209	8
7210	8
7211	8
7212	8
7213	8
7214	8
7215	8
7216	8
7217	8
7218	8
7219	8
7220	8
7221	8
7222	8
7223	8
7224	8
7225	8
7226	8
7227	8
7228	8
7229	8
7230	8
7231	8
7232	8
7233	8
7234	8
7235	8
7236	8
7237	8
7238	8
7239	8
7240	8
7241	8
7242	8
7243	8
7244	8
7245	8
7246	8
7247	8
7248	8
7249	8
7250	8
7251	8
7252	8
7253	8
7254	8
7255	8
7256	8
7257	8
7258	8
7259	8
7260	8
7261	8
7262	8
7263	8
7264	8
7265	8
7266	8
7267	8
7268	8
7269	8
7270	8
7271	8
7272	8
7273	8
7274	8
7275	8
7276	8
7277	8
7278	8
7279	8
7280	8
7281	8
7282	8
7283	8
7284	8
7285	8
7286	8
7287	8
7288	8
7289	8
7290	8
7291	8
7292	8
7293	8
7294	8
7295	8
7296	8
7297	8
7298	8
7299	8
7300	8
7301	8
7302	8
7303	8
7304	8
7305	8
7306	8
7307	8
7308	8
7309	8
7310	8
7311	8
7312	8
7313	8
7314	8
7315	8
7316	8
7317	8
7318	8
7319	8
7320	8
7321	8
7322	8
7323	8
7324	8
7325	8
7326	8
7327	8
7328	8
7329	8
7330	8
7331	8
7332	8
7333	8
7334	8
7335	8
7336	8
7337	8
7338	8
7339	8
7340	8
7341	8
7342	8
7343	8
7344	8
7345	8
7346	8
7347	8
7348	8
7349	8
7350	8
7351	8
7352	8
7353	8
7354	8
7355	8
7356	8
7357	8
7358	8
7359	8
7360	8
7361	8
7362	8
7363	8
7364	8
7365	8
7366	8
7367	8
7368	8
7369	8
7370	8
7371	8
7372	8
7373	8
7374	8
7375	8
7376	8
7377	8
7378	8
7379	8
7380	8
7381	8
7382	8
7383	8
7384	8
7385	8
7386	8
7387	8
7388	8
7389	8
7390	8
7391	8
7392	8
7393	8
7394	8
7395	8
7396	8
7397	8
7398	8
7399	8
7400	8
7401	8
7402	8
7403	8
7404	8
7405	8
7406	8
7407	8
7408	8
7409	8
7410	8
7411	8
7412	8
7413	8
7414	8
7415	8
7416	8
7417	8
7418	8
7419	8
7420	8
7421	8
7422	8
7423	8
7424	8
7425	8
7426	8
7427	8
7428	8
7429	8
7430	8
7431	8
7432	8
7433	8
7434	8
7435	8
7436	8
7437	8
7438	8
7439	8
7440	8
7441	8
7442	8
7443	8
7444	8
7445	8
7446	8
7447	8
7448	8
7449	8
7450	8
7451	8
7452	8
7453	8
7454	8
7455	8
7456	8
7457	8
7458	8
7459	8
7460	8
7461	8
7462	8
7463	8
7464	8
7465	8
7466	8
7467	8
7468	8
7469	8
7470	8
7471	8
7472	8
7473	8
7474	8
7475	8
7476	8
7477	8
7478	8
7479	8
7480	8
7481	8
7482	8
7483	8
7484	8
7485	8
7486	8
7487	8
7488	8
7489	8
7490	8
7491	8
7492	8
7493	8
7494	8
7495	8
7496	8
7497	9
7498	9
7499	9
7500	9
7501	9
7502	9
7503	9
7504	9
7505	9
7506	9
7507	9
7508	9
7509	9
7510	9
7511	9
7512	9
7513	9
7514	9
7515	9
7516	9
7517	9
7518	9
7519	9
7520	9
7521	9
7522	9
7523	9
7524	9
7525	9
7526	9
7527	9
7528	9
7529	9
7530	9
7531	9
7532	9
7533	9
7534	9
7535	9
7536	9
7537	9
7538	9
7539	9
7540	9
7541	9
7542	9
7543	9
7544	9
7545	9
7546	9
7547	9
7548	9
7549	9
7550	9
7551	9
7552	9
7553	9
7554	9
7555	9
7556	9
7557	9
7558	9
7559	9
7560	9
7561	9
7562	9
7563	9
7564	9
7565	9
7566	9
7567	9
7568	9
7569	9
7570	9
7571	9
7572	9
7573	9
7574	9
7575	9
7576	9
7577	9
7578	9
7579	9
7580	9
7581	9
7582	9
7583	9
7584	9
7585	9
7586	9
7587	9
7588	9
7589	9
7590	9
7591	9
7592	9
7593	9
7594	9
7595	9
7596	9
7597	9
7598	9
7599	9
7600	9
7601	9
7602	9
7603	9
7604	9
7605	9
7606	9
7607	9
7608	9
7609	9
7610	9
7611	9
7612	9
7613	9
7614	9
7615	9
7616	9
7617	9
7618	9
7619	9
7620	9
7621	9
7622	9
7623	9
7624	9
7625	9
7626	9
7627	9
7628	9
7629	9
7630	9
7631	9
7632	9
7633	9
7634	9
7635	9
7636	9
7637	9
7638	9
7639	9
7640	9
7641	9
7642	9
7643	9
7644	9
7645	9
7646	9
7647	9
7648	9
7649	9
7650	9
7651	9
7652	9
7653	9
7654	9
7655	9
7656	9
7657	9
7658	9
7659	9
7660	9
7661	9
7662	9
7663	9
7664	9
7665	9
7666	9
7667	9
7668	9
7669	9
7670	9
7671	9
7672	9
7673	9
7674	9
7675	9
7676	9
7677	9
7678	9
7679	9
7680	9
7681	9
7682	9
7683	9
7684	9
7685	9
7686	9
7687	9
7688	9
7689	9
7690	9
7691	9
7692	9
7693	9
7694	9
7695	9
7696	9
7697	9
7698	9
7699	9
7700	9
7701	9
7702	9
7703	9
7704	9
7705	9
7706	9
7707	9
7708	9
7709	9
7710	9
7711	9
7712	9
7713	9
7714	9
7715	9
7716	9
7717	9
7718	9
7719	9
7720	9
7721	9
7722	9
7723	9
7724	9
7725	9
7726	9
7727	9
7728	9
7729	9
7730	9
7731	9
7732	9
7733	9
7734	9
7735	9
7736	9
7737	9
7738	9
7739	9
7740	9
7741	9
7742	9
7743	9
7744	9
7745	9
7746	9
7747	9
7748	9
7749	9
7750	9
7751	9
7752	9
7753	9
7754	9
7755	9
7756	9
7757	9
7758	9
7759	9
7760	9
7761	9
7762	9
7763	9
7764	9
7765	9
7766	9
7767	9
7768	9
7769	9
7770	9
7771	9
7772	9
7773	9
7774	9
7775	9
7776	9
7777	9
7778	9
7779	9
7780	9
7781	9
7782	9
7783	9
7784	9
7785	9
7786	9
7787	9
7788	9
7789	9
7790	9
7791	9
7792	9
7793	9
7794	9
7795	9
7796	9
7797	9
7798	9
7799	9
7800	9
7801	9
7802	9
7803	9
7804	9
7805	9
7806	9
7807	9
7808	9
7809	9
7810	9
7811	9
7812	9
7813	9
7814	9
7815	9
7816	9
7817	9
7818	9
7819	9
7820	9
7821	9
7822	9
7823	9
7824	9
7825	9
7826	9
7827	9
7828	9
7829	9
7830	9
7831	9
7832	9
7833	9
7834	9
7835	9
7836	9
7837	9
7838	9
7839	9
7840	9
7841	9
7842	9
7843	9
7844	9
7845	9
7846	9
7847	9
7848	9
7849	9
7850	9
7851	9
7852	9
7853	9
7854	9
7855	9
7856	9
7857	9
7858	9
7859	9
7860	9
7861	9
7862	9
7863	9
7864	9
7865	9
7866	9
7867	9
7868	9
7869	9
7870	9
7871	9
7872	9
7873	9
7874	9
7875	9
7876	9
7877	9
7878	9
7879	9
7880	9
7881	9
7882	9
7883	9
7884	9
7885	9
7886	9
7887	9
7888	9
7889	9
7890	9
7891	9
7892	9
7893	9
7894	9
7895	9
7896	9
7897	9
7898	9
7899	9
7900	9
7901	9
7902	9
7903	9
7904	9
7905	9
7906	9
7907	9
7908	9
7909	9
7910	9
7911	9
7912	9
7913	9
7914	9
7915	9
7916	9
7917	9
7918	9
7919	9
7920	9
7921	9
7922	9
7923	9
7924	9
7925	9
7926	9
7927	9
7928	9
7929	9
7930	9
7931	9
7932	9
7933	9
7934	9
7935	9
7936	9
7937	9
7938	9
7939	9
7940	9
7941	9
7942	9
7943	9
7944	9
7945	9
7946	9
7947	9
7948	9
7949	9
7950	9
7951	9
7952	9
7953	9
7954	9
7955	9
7956	9
7957	9
7958	9
7959	9
7960	9
7961	9
7962	9
7963	9
7964	9
7965	9
7966	9
7967	9
7968	9
7969	9
7970	9
7971	9
7972	9
7973	9
7974	9
7975	9
7976	9
7977	9
7978	9
7979	9
7980	9
7981	9
7982	9
7983	9
7984	9
7985	9
7986	9
7987	9
7988	9
7989	9
7990	9
7991	9
7992	9
7993	9
7994	9
7995	9
7996	9
7997	9
7998	9
7999	9
8000	9
8001	9
8002	9
8003	9
8004	9
8005	9
8006	9
8007	9
8008	9
8009	9
8010	9
8011	9
8012	9
8013	9
8014	9
8015	9
8016	9
8017	9
8018	9
8019	9
8020	9
8021	9
8022	9
8023	9
8024	9
8025	9
8026	9
8027	9
8028	9
8029	9
8030	9
8031	9
8032	9
8033	9
8034	9
8035	9
8036	9
8037	9
8038	9
8039	9
8040	9
8041	9
8042	9
8043	9
8044	9
8045	9
8046	9
8047	9
8048	9
8049	9
8050	9
8051	9
8052	9
8053	9
8054	9
8055	9
8056	9
8057	9
8058	9
8059	9
8060	9
8061	9
8062	9
8063	9
8064	9
8065	9
8066	9
8067	9
8068	9
8069	9
8070	9
8071	9
8072	9
8073	9
8074	9
8075	9
8076	9
8077	9
8078	9
8079	9
8080	9
8081	9
8082	9
8083	9
8084	9
8085	9
8086	9
8087	9
8088	9
8089	9
8090	9
8091	9
8092	9
8093	9
8094	9
8095	9
8096	9
8097	9
8098	9
8099	9
8100	9
8101	9
8102	9
8103	9
8104	9
8105	9
8106	9
8107	9
8108	9
8109	9
8110	9
8111	9
8112	9
8113	9
8114	9
8115	9
8116	9
8117	9
8118	9
8119	9
8120	9
8121	9
8122	9
8123	9
8124	9
8125	9
8126	9
8127	9
8128	9
8129	9
8130	9
8131	9
8132	9
8133	9
8134	9
8135	9
8136	9
8137	9
8138	9
8139	9
8140	9
8141	9
8142	9
8143	9
8144	9
8145	9
8146	9
8147	9
8148	9
8149	9
8150	9
8151	9
8152	9
8153	9
8154	9
8155	9
8156	9
8157	9
8158	9
8159	9
8160	9
8161	9
8162	9
8163	9
8164	9
8165	9
8166	9
8167	9
8168	9
8169	9
8170	9
8171	9
8172	9
8173	9
8174	9
8175	9
8176	9
8177	9
8178	9
8179	9
8180	9
8181	9
8182	9
8183	9
8184	9
8185	9
8186	9
8187	9
8188	9
8189	9
8190	9
8191	9
8192	9
8193	9
8194	9
8195	9
8196	9
8197	9
8198	9
8199	9
8200	9
8201	9
8202	9
8203	9
8204	9
8205	9
8206	9
8207	9
8208	9
8209	9
8210	9
8211	9
8212	9
8213	9
8214	9
8215	9
8216	9
8217	9
8218	9
8219	9
8220	9
8221	9
8222	9
8223	9
8224	9
8225	9
8226	9
8227	9
8228	9
8229	9
8230	9
8231	9
8232	9
8233	9
8234	9
8235	9
8236	9
8237	9
8238	9
8239	9
8240	9
8241	9
8242	9
8243	9
8244	9
8245	9
8246	9
8247	9
8248	9
8249	9
8250	9
8251	9
8252	9
8253	9
8254	9
8255	9
8256	9
8257	9
8258	9
8259	9
8260	9
8261	9
8262	9
8263	9
8264	9
8265	9
8266	9
8267	9
8268	9
8269	9
8270	9
8271	9
8272	9
8273	9
8274	9
8275	9
8276	9
8277	9
8278	9
8279	9
8280	9
8281	9
8282	9
8283	9
8284	9
8285	9
8286	9
8287	9
8288	9
8289	9
8290	9
8291	9
8292	9
8293	9
8294	9
8295	9
8296	9
8297	9
8298	9
8299	9
8300	9
8301	9
8302	9
8303	9
8304	9
8305	9
8306	9
8307	9
8308	9
8309	9
8310	9
8311	9
8312	9
8313	9
8314	9
8315	9
8316	9
8317	9
8318	9
8319	9
8320	9
8321	9
8322	9
8323	9
8324	9
8325	9
8326	9
8327	9
8328	9
8329	9
8330	10
8331	10
8332	10
8333	10
8334	10
8335	10
8336	10
8337	10
8338	10
8339	10
8340	10
8341	10
8342	10
8343	10
8344	10
8345	10
8346	10
8347	10
8348	10
8349	10
8350	10
8351	10
8352	10
8353	10
8354	10
8355	10
8356	10
8357	10
8358	10
8359	10
8360	10
8361	10
8362	10
8363	10
8364	10
8365	10
8366	10
8367	10
8368	10
8369	10
8370	10
8371	10
8372	10
8373	10
8374	10
8375	10
8376	10
8377	10
8378	10
8379	10
8380	10
8381	10
8382	10
8383	10
8384	10
8385	10
8386	10
8387	10
8388	10
8389	10
8390	10
8391	10
8392	10
8393	10
8394	10
8395	10
8396	10
8397	10
8398	10
8399	10
8400	10
8401	10
8402	10
8403	10
8404	10
8405	10
8406	10
8407	10
8408	10
8409	10
8410	10
8411	10
8412	10
8413	10
8414	10
8415	10
8416	10
8417	10
8418	10
8419	10
8420	10
8421	10
8422	10
8423	10
8424	10
8425	10
8426	10
8427	10
8428	10
8429	10
8430	10
8431	10
8432	10
8433	10
8434	10
8435	10
8436	10
8437	10
8438	10
8439	10
8440	10
8441	10
8442	10
8443	10
8444	10
8445	10
8446	10
8447	10
8448	10
8449	10
8450	10
8451	10
8452	10
8453	10
8454	10
8455	10
8456	10
8457	10
8458	10
8459	10
8460	10
8461	10
8462	10
8463	10
8464	10
8465	10
8466	10
8467	10
8468	10
8469	10
8470	10
8471	10
8472	10
8473	10
8474	10
8475	10
8476	10
8477	10
8478	10
8479	10
8480	10
8481	10
8482	10
8483	10
8484	10
8485	10
8486	10
8487	10
8488	10
8489	10
8490	10
8491	10
8492	10
8493	10
8494	10
8495	10
8496	10
8497	10
8498	10
8499	10
8500	10
8501	10
8502	10
8503	10
8504	10
8505	10
8506	10
8507	10
8508	10
8509	10
8510	10
8511	10
8512	10
8513	10
8514	10
8515	10
8516	10
8517	10
8518	10
8519	10
8520	10
8521	10
8522	10
8523	10
8524	10
8525	10
8526	10
8527	10
8528	10
8529	10
8530	10
8531	10
8532	10
8533	10
8534	10
8535	10
8536	10
8537	10
8538	10
8539	10
8540	10
8541	10
8542	10
8543	10
8544	10
8545	10
8546	10
8547	10
8548	10
8549	10
8550	10
8551	10
8552	10
8553	10
8554	10
8555	10
8556	10
8557	10
8558	10
8559	10
8560	10
8561	10
8562	10
8563	10
8564	10
8565	10
8566	10
8567	10
8568	10
8569	10
8570	10
8571	10
8572	10
8573	10
8574	10
8575	10
8576	10
8577	10
8578	10
8579	10
8580	10
8581	10
8582	10
8583	10
8584	10
8585	10
8586	10
8587	10
8588	10
8589	10
8590	10
8591	10
8592	10
8593	10
8594	10
8595	10
8596	10
8597	10
8598	10
8599	10
8600	10
8601	10
8602	10
8603	10
8604	10
8605	10
8606	10
8607	10
8608	10
8609	10
8610	10
8611	10
8612	10
8613	10
8614	10
8615	10
8616	10
8617	10
8618	10
8619	10
8620	10
8621	10
8622	10
8623	10
8624	10
8625	10
8626	10
8627	10
8628	10
8629	10
8630	10
8631	10
8632	10
8633	10
8634	10
8635	10
8636	10
8637	10
8638	10
8639	10
8640	10
8641	10
8642	10
8643	10
8644	10
8645	10
8646	10
8647	10
8648	10
8649	10
8650	10
8651	10
8652	10
8653	10
8654	10
8655	10
8656	10
8657	10
8658	10
8659	10
8660	10
8661	10
8662	10
8663	10
8664	10
8665	10
8666	10
8667	10
8668	10
8669	10
8670	10
8671	10
8672	10
8673	10
8674	10
8675	10
8676	10
8677	10
8678	10
8679	10
8680	10
8681	10
8682	10
8683	10
8684	10
8685	10
8686	10
8687	10
8688	10
8689	10
8690	10
8691	10
8692	10
8693	10
8694	10
8695	10
8696	10
8697	10
8698	10
8699	10
8700	10
8701	10
8702	10
8703	10
8704	10
8705	10
8706	10
8707	10
8708	10
8709	10
8710	10
8711	10
8712	10
8713	10
8714	10
8715	10
8716	10
8717	10
8718	10
8719	10
8720	10
8721	10
8722	10
8723	10
8724	10
8725	10
8726	10
8727	10
8728	10
8729	10
8730	10
8731	10
8732	10
8733	10
8734	10
8735	10
8736	10
8737	10
8738	10
8739	10
8740	10
8741	10
8742	10
8743	10
8744	10
8745	10
8746	10
8747	10
8748	10
8749	10
8750	10
8751	10
8752	10
8753	10
8754	10
8755	10
8756	10
8757	10
8758	10
8759	10
8760	10
8761	10
8762	10
8763	10
8764	10
8765	10
8766	10
8767	10
8768	10
8769	10
8770	10
8771	10
8772	10
8773	10
8774	10
8775	10
8776	10
8777	10
8778	10
8779	10
8780	10
8781	10
8782	10
8783	10
8784	10
8785	10
8786	10
8787	10
8788	10
8789	10
8790	10
8791	10
8792	10
8793	10
8794	10
8795	10
8796	10
8797	10
8798	10
8799	10
8800	10
8801	10
8802	10
8803	10
8804	10
8805	10
8806	10
8807	10
8808	10
8809	10
8810	10
8811	10
8812	10
8813	10
8814	10
8815	10
8816	10
8817	10
8818	10
8819	10
8820	10
8821	10
8822	10
8823	10
8824	10
8825	10
8826	10
8827	10
8828	10
8829	10
8830	10
8831	10
8832	10
8833	10
8834	10
8835	10
8836	10
8837	10
8838	10
8839	10
8840	10
8841	10
8842	10
8843	10
8844	10
8845	10
8846	10
8847	10
8848	10
8849	10
8850	10
8851	10
8852	10
8853	10
8854	10
8855	10
8856	10
8857	10
8858	10
8859	10
8860	10
8861	10
8862	10
8863	10
8864	10
8865	10
8866	10
8867	10
8868	10
8869	10
8870	10
8871	10
8872	10
8873	10
8874	10
8875	10
8876	10
8877	10
8878	10
8879	10
8880	10
8881	10
8882	10
8883	10
8884	10
8885	10
8886	10
8887	10
8888	10
8889	10
8890	10
8891	10
8892	10
8893	10
8894	10
8895	10
8896	10
8897	10
8898	10
8899	10
8900	10
8901	10
8902	10
8903	10
8904	10
8905	10
8906	10
8907	10
8908	10
8909	10
8910	10
8911	10
8912	10
8913	10
8914	10
8915	10
8916	10
8917	10
8918	10
8919	10
8920	10
8921	10
8922	10
8923	10
8924	10
8925	10
8926	10
8927	10
8928	10
8929	10
8930	10
8931	10
8932	10
8933	10
8934	10
8935	10
8936	10
8937	10
8938	10
8939	10
8940	10
8941	10
8942	10
8943	10
8944	10
8945	10
8946	10
8947	10
8948	10
8949	10
8950	10
8951	10
8952	10
8953	10
8954	10
8955	10
8956	10
8957	10
8958	10
8959	10
8960	10
8961	10
8962	10
8963	10
8964	10
8965	10
8966	10
8967	10
8968	10
8969	10
8970	10
8971	10
8972	10
8973	10
8974	10
8975	10
8976	10
8977	10
8978	10
8979	10
8980	10
8981	10
8982	10
8983	10
8984	10
8985	10
8986	10
8987	10
8988	10
8989	10
8990	10
8991	10
8992	10
8993	10
8994	10
8995	10
8996	10
8997	10
8998	10
8999	10
9000	10
9001	10
9002	10
9003	10
9004	10
9005	10
9006	10
9007	10
9008	10
9009	10
9010	10
9011	10
9012	10
9013	10
9014	10
9015	10
9016	10
9017	10
9018	10
9019	10
9020	10
9021	10
9022	10
9023	10
9024	10
9025	10
9026	10
9027	10
9028	10
9029	10
9030	10
9031	10
9032	10
9033	10
9034	10
9035	10
9036	10
9037	10
9038	10
9039	10
9040	10
9041	10
9042	10
9043	10
9044	10
9045	10
9046	10
9047	10
9048	10
9049	10
9050	10
9051	10
9052	10
9053	10
9054	10
9055	10
9056	10
9057	10
9058	10
9059	10
9060	10
9061	10
9062	10
9063	10
9064	10
9065	10
9066	10
9067	10
9068	10
9069	10
9070	10
9071	10
9072	10
9073	10
9074	10
9075	10
9076	10
9077	10
9078	10
9079	10
9080	10
9081	10
9082	10
9083	10
9084	10
9085	10
9086	10
9087	10
9088	10
9089	10
9090	10
9091	10
9092	10
9093	10
9094	10
9095	10
9096	10
9097	10
9098	10
9099	10
9100	10
9101	10
9102	10
9103	10
9104	10
9105	10
9106	10
9107	10
9108	10
9109	10
9110	10
9111	10
9112	10
9113	10
9114	10
9115	10
9116	10
9117	10
9118	10
9119	10
9120	10
9121	10
9122	10
9123	10
9124	10
9125	10
9126	10
9127	10
9128	10
9129	10
9130	10
9131	10
9132	10
9133	10
9134	10
9135	10
9136	10
9137	10
9138	10
9139	10
9140	10
9141	10
9142	10
9143	10
9144	10
9145	10
9146	10
9147	10
9148	10
9149	10
9150	10
9151	10
9152	10
9153	10
9154	10
9155	10
9156	10
9157	10
9158	10
9159	10
9160	10
9161	10
9162	10
9163	11
9164	11
9165	11
9166	11
9167	11
9168	11
9169	11
9170	11
9171	11
9172	11
9173	11
9174	11
9175	11
9176	11
9177	11
9178	11
9179	11
9180	11
9181	11
9182	11
9183	11
9184	11
9185	11
9186	11
9187	11
9188	11
9189	11
9190	11
9191	11
9192	11
9193	11
9194	11
9195	11
9196	11
9197	11
9198	11
9199	11
9200	11
9201	11
9202	11
9203	11
9204	11
9205	11
9206	11
9207	11
9208	11
9209	11
9210	11
9211	11
9212	11
9213	11
9214	11
9215	11
9216	11
9217	11
9218	11
9219	11
9220	11
9221	11
9222	11
9223	11
9224	11
9225	11
9226	11
9227	11
9228	11
9229	11
9230	11
9231	11
9232	11
9233	11
9234	11
9235	11
9236	11
9237	11
9238	11
9239	11
9240	11
9241	11
9242	11
9243	11
9244	11
9245	11
9246	11
9247	11
9248	11
9249	11
9250	11
9251	11
9252	11
9253	11
9254	11
9255	11
9256	11
9257	11
9258	11
9259	11
9260	11
9261	11
9262	11
9263	11
9264	11
9265	11
9266	11
9267	11
9268	11
9269	11
9270	11
9271	11
9272	11
9273	11
9274	11
9275	11
9276	11
9277	11
9278	11
9279	11
9280	11
9281	11
9282	11
9283	11
9284	11
9285	11
9286	11
9287	11
9288	11
9289	11
9290	11
9291	11
9292	11
9293	11
9294	11
9295	11
9296	11
9297	11
9298	11
9299	11
9300	11
9301	11
9302	11
9303	11
9304	11
9305	11
9306	11
9307	11
9308	11
9309	11
9310	11
9311	11
9312	11
9313	11
9314	11
9315	11
9316	11
9317	11
9318	11
9319	11
9320	11
9321	11
9322	11
9323	11
9324	11
9325	11
9326	11
9327	11
9328	11
9329	11
9330	11
9331	11
9332	11
9333	11
9334	11
9335	11
9336	11
9337	11
9338	11
9339	11
9340	11
9341	11
9342	11
9343	11
9344	11
9345	11
9346	11
9347	11
9348	11
9349	11
9350	11
9351	11
9352	11
9353	11
9354	11
9355	11
9356	11
9357	11
9358	11
9359	11
9360	11
9361	11
9362	11
9363	11
9364	11
9365	11
9366	11
9367	11
9368	11
9369	11
9370	11
9371	11
9372	11
9373	11
9374	11
9375	11
9376	11
9377	11
9378	11
9379	11
9380	11
9381	11
9382	11
9383	11
9384	11
9385	11
9386	11
9387	11
9388	11
9389	11
9390	11
9391	11
9392	11
9393	11
9394	11
9395	11
9396	11
9397	11
9398	11
9399	11
9400	11
9401	11
9402	11
9403	11
9404	11
9405	11
9406	11
9407	11
9408	11
9409	11
9410	11
9411	11
9412	11
9413	11
9414	11
9415	11
9416	11
9417	11
9418	11
9419	11
9420	11
9421	11
9422	11
9423	11
9424	11
9425	11
9426	11
9427	11
9428	11
9429	11
9430	11
9431	11
9432	11
9433	11
9434	11
9435	11
9436	11
9437	11
9438	11
9439	11
9440	11
9441	11
9442	11
9443	11
9444	11
9445	11
9446	11
9447	11
9448	11
9449	11
9450	11
9451	11
9452	11
9453	11
9454	11
9455	11
9456	11
9457	11
9458	11
9459	11
9460	11
9461	11
9462	11
9463	11
9464	11
9465	11
9466	11
9467	11
9468	11
9469	11
9470	11
9471	11
9472	11
9473	11
9474	11
9475	11
9476	11
9477	11
9478	11
9479	11
9480	11
9481	11
9482	11
9483	11
9484	11
9485	11
9486	11
9487	11
9488	11
9489	11
9490	11
9491	11
9492	11
9493	11
9494	11
9495	11
9496	11
9497	11
9498	11
9499	11
9500	11
9501	11
9502	11
9503	11
9504	11
9505	11
9506	11
9507	11
9508	11
9509	11
9510	11
9511	11
9512	11
9513	11
9514	11
9515	11
9516	11
9517	11
9518	11
9519	11
9520	11
9521	11
9522	11
9523	11
9524	11
9525	11
9526	11
9527	11
9528	11
9529	11
9530	11
9531	11
9532	11
9533	11
9534	11
9535	11
9536	11
9537	11
9538	11
9539	11
9540	11
9541	11
9542	11
9543	11
9544	11
9545	11
9546	11
9547	11
9548	11
9549	11
9550	11
9551	11
9552	11
9553	11
9554	11
9555	11
9556	11
9557	11
9558	11
9559	11
9560	11
9561	11
9562	11
9563	11
9564	11
9565	11
9566	11
9567	11
9568	11
9569	11
9570	11
9571	11
9572	11
9573	11
9574	11
9575	11
9576	11
9577	11
9578	11
9579	11
9580	11
9581	11
9582	11
9583	11
9584	11
9585	11
9586	11
9587	11
9588	11
9589	11
9590	11
9591	11
9592	11
9593	11
9594	11
9595	11
9596	11
9597	11
9598	11
9599	11
9600	11
9601	11
9602	11
9603	11
9604	11
9605	11
9606	11
9607	11
9608	11
9609	11
9610	11
9611	11
9612	11
9613	11
9614	11
9615	11
9616	11
9617	11
9618	11
9619	11
9620	11
9621	11
9622	11
9623	11
9624	11
9625	11
9626	11
9627	11
9628	11
9629	11
9630	11
9631	11
9632	11
9633	11
9634	11
9635	11
9636	11
9637	11
9638	11
9639	11
9640	11
9641	11
9642	11
9643	11
9644	11
9645	11
9646	11
9647	11
9648	11
9649	11
9650	11
9651	11
9652	11
9653	11
9654	11
9655	11
9656	11
9657	11
9658	11
9659	11
9660	11
9661	11
9662	11
9663	11
9664	11
9665	11
9666	11
9667	11
9668	11
9669	11
9670	11
9671	11
9672	11
9673	11
9674	11
9675	11
9676	11
9677	11
9678	11
9679	11
9680	11
9681	11
9682	11
9683	11
9684	11
9685	11
9686	11
9687	11
9688	11
9689	11
9690	11
9691	11
9692	11
9693	11
9694	11
9695	11
9696	11
9697	11
9698	11
9699	11
9700	11
9701	11
9702	11
9703	11
9704	11
9705	11
9706	11
9707	11
9708	11
9709	11
9710	11
9711	11
9712	11
9713	11
9714	11
9715	11
9716	11
9717	11
9718	11
9719	11
9720	11
9721	11
9722	11
9723	11
9724	11
9725	11
9726	11
9727	11
9728	11
9729	11
9730	11
9731	11
9732	11
9733	11
9734	11
9735	11
9736	11
9737	11
9738	11
9739	11
9740	11
9741	11
9742	11
9743	11
9744	11
9745	11
9746	11
9747	11
9748	11
9749	11
9750	11
9751	11
9752	11
9753	11
9754	11
9755	11
9756	11
9757	11
9758	11
9759	11
9760	11
9761	11
9762	11
9763	11
9764	11
9765	11
9766	11
9767	11
9768	11
9769	11
9770	11
9771	11
9772	11
9773	11
9774	11
9775	11
9776	11
9777	11
9778	11
9779	11
9780	11
9781	11
9782	11
9783	11
9784	11
9785	11
9786	11
9787	11
9788	11
9789	11
9790	11
9791	11
9792	11
9793	11
9794	11
9795	11
9796	11
9797	11
9798	11
9799	11
9800	11
9801	11
9802	11
9803	11
9804	11
9805	11
9806	11
9807	11
9808	11
9809	11
9810	11
9811	11
9812	11
9813	11
9814	11
9815	11
9816	11
9817	11
9818	11
9819	11
9820	11
9821	11
9822	11
9823	11
9824	11
9825	11
9826	11
9827	11
9828	11
9829	11
9830	11
9831	11
9832	11
9833	11
9834	11
9835	11
9836	11
9837	11
9838	11
9839	11
9840	11
9841	11
9842	11
9843	11
9844	11
9845	11
9846	11
9847	11
9848	11
9849	11
9850	11
9851	11
9852	11
9853	11
9854	11
9855	11
9856	11
9857	11
9858	11
9859	11
9860	11
9861	11
9862	11
9863	11
9864	11
9865	11
9866	11
9867	11
9868	11
9869	11
9870	11
9871	11
9872	11
9873	11
9874	11
9875	11
9876	11
9877	11
9878	11
9879	11
9880	11
9881	11
9882	11
9883	11
9884	11
9885	11
9886	11
9887	11
9888	11
9889	11
9890	11
9891	11
9892	11
9893	11
9894	11
9895	11
9896	11
9897	11
9898	11
9899	11
9900	11
9901	11
9902	11
9903	11
9904	11
9905	11
9906	11
9907	11
9908	11
9909	11
9910	11
9911	11
9912	11
9913	11
9914	11
9915	11
9916	11
9917	11
9918	11
9919	11
9920	11
9921	11
9922	11
9923	11
9924	11
9925	11
9926	11
9927	11
9928	11
9929	11
9930	11
9931	11
9932	11
9933	11
9934	11
9935	11
9936	11
9937	11
9938	11
9939	11
9940	11
9941	11
9942	11
9943	11
9944	11
9945	11
9946	11
9947	11
9948	11
9949	11
9950	11
9951	11
9952	11
9953	11
9954	11
9955	11
9956	11
9957	11
9958	11
9959	11
9960	11
9961	11
9962	11
9963	11
9964	11
9965	11
9966	11
9967	11
9968	11
9969	11
9970	11
9971	11
9972	11
9973	11
9974	11
9975	11
9976	11
9977	11
9978	11
9979	11
9980	11
9981	11
9982	11
9983	11
9984	11
9985	11
9986	11
9987	11
9988	11
9989	11
9990	11
9991	11
9992	11
9993	11
9994	11
9995	11
9996	12
9997	12
9998	12
9999	12
10000	12
10001	12
10002	12
10003	12
10004	12
10005	12
10006	12
10007	12
10008	12
10009	12
10010	12
10011	12
10012	12
10013	12
10014	12
10015	12
10016	12
10017	12
10018	12
10019	12
10020	12
10021	12
10022	12
10023	12
10024	12
10025	12
10026	12
10027	12
10028	12
10029	12
10030	12
10031	12
10032	12
10033	12
10034	12
10035	12
10036	12
10037	12
10038	12
10039	12
10040	12
10041	12
10042	12
10043	12
10044	12
10045	12
10046	12
10047	12
10048	12
10049	12
10050	12
10051	12
10052	12
10053	12
10054	12
10055	12
10056	12
10057	12
10058	12
10059	12
10060	12
10061	12
10062	12
10063	12
10064	12
10065	12
10066	12
10067	12
10068	12
10069	12
10070	12
10071	12
10072	12
10073	12
10074	12
10075	12
10076	12
10077	12
10078	12
10079	12
10080	12
10081	12
10082	12
10083	12
10084	12
10085	12
10086	12
10087	12
10088	12
10089	12
10090	12
10091	12
10092	12
10093	12
10094	12
10095	12
10096	12
10097	12
10098	12
10099	12
10100	12
10101	12
10102	12
10103	12
10104	12
10105	12
10106	12
10107	12
10108	12
10109	12
10110	12
10111	12
10112	12
10113	12
10114	12
10115	12
10116	12
10117	12
10118	12
10119	12
10120	12
10121	12
10122	12
10123	12
10124	12
10125	12
10126	12
10127	12
10128	12
10129	12
10130	12
10131	12
10132	12
10133	12
10134	12
10135	12
10136	12
10137	12
10138	12
10139	12
10140	12
10141	12
10142	12
10143	12
10144	12
10145	12
10146	12
10147	12
10148	12
10149	12
10150	12
10151	12
10152	12
10153	12
10154	12
10155	12
10156	12
10157	12
10158	12
10159	12
10160	12
10161	12
10162	12
10163	12
10164	12
10165	12
10166	12
10167	12
10168	12
10169	12
10170	12
10171	12
10172	12
10173	12
10174	12
10175	12
10176	12
10177	12
10178	12
10179	12
10180	12
10181	12
10182	12
10183	12
10184	12
10185	12
10186	12
10187	12
10188	12
10189	12
10190	12
10191	12
10192	12
10193	12
10194	12
10195	12
10196	12
10197	12
10198	12
10199	12
10200	12
10201	12
10202	12
10203	12
10204	12
10205	12
10206	12
10207	12
10208	12
10209	12
10210	12
10211	12
10212	12
10213	12
10214	12
10215	12
10216	12
10217	12
10218	12
10219	12
10220	12
10221	12
10222	12
10223	12
10224	12
10225	12
10226	12
10227	12
10228	12
10229	12
10230	12
10231	12
10232	12
10233	12
10234	12
10235	12
10236	12
10237	12
10238	12
10239	12
10240	12
10241	12
10242	12
10243	12
10244	12
10245	12
10246	12
10247	12
10248	12
10249	12
10250	12
10251	12
10252	12
10253	12
10254	12
10255	12
10256	12
10257	12
10258	12
10259	12
10260	12
10261	12
10262	12
10263	12
10264	12
10265	12
10266	12
10267	12
10268	12
10269	12
10270	12
10271	12
10272	12
10273	12
10274	12
10275	12
10276	12
10277	12
10278	12
10279	12
10280	12
10281	12
10282	12
10283	12
10284	12
10285	12
10286	12
10287	12
10288	12
10289	12
10290	12
10291	12
10292	12
10293	12
10294	12
10295	12
10296	12
10297	12
10298	12
10299	12
10300	12
10301	12
10302	12
10303	12
10304	12
10305	12
10306	12
10307	12
10308	12
10309	12
10310	12
10311	12
10312	12
10313	12
10314	12
10315	12
10316	12
10317	12
10318	12
10319	12
10320	12
10321	12
10322	12
10323	12
10324	12
10325	12
10326	12
10327	12
10328	12
10329	12
10330	12
10331	12
10332	12
10333	12
10334	12
10335	12
10336	12
10337	12
10338	12
10339	12
10340	12
10341	12
10342	12
10343	12
10344	12
10345	12
10346	12
10347	12
10348	12
10349	12
10350	12
10351	12
10352	12
10353	12
10354	12
10355	12
10356	12
10357	12
10358	12
10359	12
10360	12
10361	12
10362	12
10363	12
10364	12
10365	12
10366	12
10367	12
10368	12
10369	12
10370	12
10371	12
10372	12
10373	12
10374	12
10375	12
10376	12
10377	12
10378	12
10379	12
10380	12
10381	12
10382	12
10383	12
10384	12
10385	12
10386	12
10387	12
10388	12
10389	12
10390	12
10391	12
10392	12
10393	12
10394	12
10395	12
10396	12
10397	12
10398	12
10399	12
10400	12
10401	12
10402	12
10403	12
10404	12
10405	12
10406	12
10407	12
10408	12
10409	12
10410	12
10411	12
10412	12
10413	12
10414	12
10415	12
10416	12
10417	12
10418	12
10419	12
10420	12
10421	12
10422	12
10423	12
10424	12
10425	12
10426	12
10427	12
10428	12
10429	12
10430	12
10431	12
10432	12
10433	12
10434	12
10435	12
10436	12
10437	12
10438	12
10439	12
10440	12
10441	12
10442	12
10443	12
10444	12
10445	12
10446	12
10447	12
10448	12
10449	12
10450	12
10451	12
10452	12
10453	12
10454	12
10455	12
10456	12
10457	12
10458	12
10459	12
10460	12
10461	12
10462	12
10463	12
10464	12
10465	12
10466	12
10467	12
10468	12
10469	12
10470	12
10471	12
10472	12
10473	12
10474	12
10475	12
10476	12
10477	12
10478	12
10479	12
10480	12
10481	12
10482	12
10483	12
10484	12
10485	12
10486	12
10487	12
10488	12
10489	12
10490	12
10491	12
10492	12
10493	12
10494	12
10495	12
10496	12
10497	12
10498	12
10499	12
10500	12
10501	12
10502	12
10503	12
10504	12
10505	12
10506	12
10507	12
10508	12
10509	12
10510	12
10511	12
10512	12
10513	12
10514	12
10515	12
10516	12
10517	12
10518	12
10519	12
10520	12
10521	12
10522	12
10523	12
10524	12
10525	12
10526	12
10527	12
10528	12
10529	12
10530	12
10531	12
10532	12
10533	12
10534	12
10535	12
10536	12
10537	12
10538	12
10539	12
10540	12
10541	12
10542	12
10543	12
10544	12
10545	12
10546	12
10547	12
10548	12
10549	12
10550	12
10551	12
10552	12
10553	12
10554	12
10555	12
10556	12
10557	12
10558	12
10559	12
10560	12
10561	12
10562	12
10563	12
10564	12
10565	12
10566	12
10567	12
10568	12
10569	12
10570	12
10571	12
10572	12
10573	12
10574	12
10575	12
10576	12
10577	12
10578	12
10579	12
10580	12
10581	12
10582	12
10583	12
10584	12
10585	12
10586	12
10587	12
10588	12
10589	12
10590	12
10591	12
10592	12
10593	12
10594	12
10595	12
10596	12
10597	12
10598	12
10599	12
10600	12
10601	12
10602	12
10603	12
10604	12
10605	12
10606	12
10607	12
10608	12
10609	12
10610	12
10611	12
10612	12
10613	12
10614	12
10615	12
10616	12
10617	12
10618	12
10619	12
10620	12
10621	12
10622	12
10623	12
10624	12
10625	12
10626	12
10627	12
10628	12
10629	12
10630	12
10631	12
10632	12
10633	12
10634	12
10635	12
10636	12
10637	12
10638	12
10639	12
10640	12
10641	12
10642	12
10643	12
10644	12
10645	12
10646	12
10647	12
10648	12
10649	12
10650	12
10651	12
10652	12
10653	12
10654	12
10655	12
10656	12
10657	12
10658	12
10659	12
10660	12
10661	12
10662	12
10663	12
10664	12
10665	12
10666	12
10667	12
10668	12
10669	12
10670	12
10671	12
10672	12
10673	12
10674	12
10675	12
10676	12
10677	12
10678	12
10679	12
10680	12
10681	12
10682	12
10683	12
10684	12
10685	12
10686	12
10687	12
10688	12
10689	12
10690	12
10691	12
10692	12
10693	12
10694	12
10695	12
10696	12
10697	12
10698	12
10699	12
10700	12
10701	12
10702	12
10703	12
10704	12
10705	12
10706	12
10707	12
10708	12
10709	12
10710	12
10711	12
10712	12
10713	12
10714	12
10715	12
10716	12
10717	12
10718	12
10719	12
10720	12
10721	12
10722	12
10723	12
10724	12
10725	12
10726	12
10727	12
10728	12
10729	12
10730	12
10731	12
10732	12
10733	12
10734	12
10735	12
10736	12
10737	12
10738	12
10739	12
10740	12
10741	12
10742	12
10743	12
10744	12
10745	12
10746	12
10747	12
10748	12
10749	12
10750	12
10751	12
10752	12
10753	12
10754	12
10755	12
10756	12
10757	12
10758	12
10759	12
10760	12
10761	12
10762	12
10763	12
10764	12
10765	12
10766	12
10767	12
10768	12
10769	12
10770	12
10771	12
10772	12
10773	12
10774	12
10775	12
10776	12
10777	12
10778	12
10779	12
10780	12
10781	12
10782	12
10783	12
10784	12
10785	12
10786	12
10787	12
10788	12
10789	12
10790	12
10791	12
10792	12
10793	12
10794	12
10795	12
10796	12
10797	12
10798	12
10799	12
10800	12
10801	12
10802	12
10803	12
10804	12
10805	12
10806	12
10807	12
10808	12
10809	12
10810	12
10811	12
10812	12
10813	12
10814	12
10815	12
10816	12
10817	12
10818	12
10819	12
10820	12
10821	12
10822	12
10823	12
10824	12
10825	12
10826	12
10827	12
10828	12
10829	13
10830	13
10831	13
10832	13
10833	13
10834	13
10835	13
10836	13
10837	13
10838	13
10839	13
10840	13
10841	13
10842	13
10843	13
10844	13
10845	13
10846	13
10847	13
10848	13
10849	13
10850	13
10851	13
10852	13
10853	13
10854	13
10855	13
10856	13
10857	13
10858	13
10859	13
10860	13
10861	13
10862	13
10863	13
10864	13
10865	13
10866	13
10867	13
10868	13
10869	13
10870	13
10871	13
10872	13
10873	13
10874	13
10875	13
10876	13
10877	13
10878	13
10879	13
10880	13
10881	13
10882	13
10883	13
10884	13
10885	13
10886	13
10887	13
10888	13
10889	13
10890	13
10891	13
10892	13
10893	13
10894	13
10895	13
10896	13
10897	13
10898	13
10899	13
10900	13
10901	13
10902	13
10903	13
10904	13
10905	13
10906	13
10907	13
10908	13
10909	13
10910	13
10911	13
10912	13
10913	13
10914	13
10915	13
10916	13
10917	13
10918	13
10919	13
10920	13
10921	13
10922	13
10923	13
10924	13
10925	13
10926	13
10927	13
10928	13
10929	13
10930	13
10931	13
10932	13
10933	13
10934	13
10935	13
10936	13
10937	13
10938	13
10939	13
10940	13
10941	13
10942	13
10943	13
10944	13
10945	13
10946	13
10947	13
10948	13
10949	13
10950	13
10951	13
10952	13
10953	13
10954	13
10955	13
10956	13
10957	13
10958	13
10959	13
10960	13
10961	13
10962	13
10963	13
10964	13
10965	13
10966	13
10967	13
10968	13
10969	13
10970	13
10971	13
10972	13
10973	13
10974	13
10975	13
10976	13
10977	13
10978	13
10979	13
10980	13
10981	13
10982	13
10983	13
10984	13
10985	13
10986	13
10987	13
10988	13
10989	13
10990	13
10991	13
10992	13
10993	13
10994	13
10995	13
10996	13
10997	13
10998	13
10999	13
11000	13
11001	13
11002	13
11003	13
11004	13
11005	13
11006	13
11007	13
11008	13
11009	13
11010	13
11011	13
11012	13
11013	13
11014	13
11015	13
11016	13
11017	13
11018	13
11019	13
11020	13
11021	13
11022	13
11023	13
11024	13
11025	13
11026	13
11027	13
11028	13
11029	13
11030	13
11031	13
11032	13
11033	13
11034	13
11035	13
11036	13
11037	13
11038	13
11039	13
11040	13
11041	13
11042	13
11043	13
11044	13
11045	13
11046	13
11047	13
11048	13
11049	13
11050	13
11051	13
11052	13
11053	13
11054	13
11055	13
11056	13
11057	13
11058	13
11059	13
11060	13
11061	13
11062	13
11063	13
11064	13
11065	13
11066	13
11067	13
11068	13
11069	13
11070	13
11071	13
11072	13
11073	13
11074	13
11075	13
11076	13
11077	13
11078	13
11079	13
11080	13
11081	13
11082	13
11083	13
11084	13
11085	13
11086	13
11087	13
11088	13
11089	13
11090	13
11091	13
11092	13
11093	13
11094	13
11095	13
11096	13
11097	13
11098	13
11099	13
11100	13
11101	13
11102	13
11103	13
11104	13
11105	13
11106	13
11107	13
11108	13
11109	13
11110	13
11111	13
11112	13
11113	13
11114	13
11115	13
11116	13
11117	13
11118	13
11119	13
11120	13
11121	13
11122	13
11123	13
11124	13
11125	13
11126	13
11127	13
11128	13
11129	13
11130	13
11131	13
11132	13
11133	13
11134	13
11135	13
11136	13
11137	13
11138	13
11139	13
11140	13
11141	13
11142	13
11143	13
11144	13
11145	13
11146	13
11147	13
11148	13
11149	13
11150	13
11151	13
11152	13
11153	13
11154	13
11155	13
11156	13
11157	13
11158	13
11159	13
11160	13
11161	13
11162	13
11163	13
11164	13
11165	13
11166	13
11167	13
11168	13
11169	13
11170	13
11171	13
11172	13
11173	13
11174	13
11175	13
11176	13
11177	13
11178	13
11179	13
11180	13
11181	13
11182	13
11183	13
11184	13
11185	13
11186	13
11187	13
11188	13
11189	13
11190	13
11191	13
11192	13
11193	13
11194	13
11195	13
11196	13
11197	13
11198	13
11199	13
11200	13
11201	13
11202	13
11203	13
11204	13
11205	13
11206	13
11207	13
11208	13
11209	13
11210	13
11211	13
11212	13
11213	13
11214	13
11215	13
11216	13
11217	13
11218	13
11219	13
11220	13
11221	13
11222	13
11223	13
11224	13
11225	13
11226	13
11227	13
11228	13
11229	13
11230	13
11231	13
11232	13
11233	13
11234	13
11235	13
11236	13
11237	13
11238	13
11239	13
11240	13
11241	13
11242	13
11243	13
11244	13
11245	13
11246	13
11247	13
11248	13
11249	13
11250	13
11251	13
11252	13
11253	13
11254	13
11255	13
11256	13
11257	13
11258	13
11259	13
11260	13
11261	13
11262	13
11263	13
11264	13
11265	13
11266	13
11267	13
11268	13
11269	13
11270	13
11271	13
11272	13
11273	13
11274	13
11275	13
11276	13
11277	13
11278	13
11279	13
11280	13
11281	13
11282	13
11283	13
11284	13
11285	13
11286	13
11287	13
11288	13
11289	13
11290	13
11291	13
11292	13
11293	13
11294	13
11295	13
11296	13
11297	13
11298	13
11299	13
11300	13
11301	13
11302	13
11303	13
11304	13
11305	13
11306	13
11307	13
11308	13
11309	13
11310	13
11311	13
11312	13
11313	13
11314	13
11315	13
11316	13
11317	13
11318	13
11319	13
11320	13
11321	13
11322	13
11323	13
11324	13
11325	13
11326	13
11327	13
11328	13
11329	13
11330	13
11331	13
11332	13
11333	13
11334	13
11335	13
11336	13
11337	13
11338	13
11339	13
11340	13
11341	13
11342	13
11343	13
11344	13
11345	13
11346	13
11347	13
11348	13
11349	13
11350	13
11351	13
11352	13
11353	13
11354	13
11355	13
11356	13
11357	13
11358	13
11359	13
11360	13
11361	13
11362	13
11363	13
11364	13
11365	13
11366	13
11367	13
11368	13
11369	13
11370	13
11371	13
11372	13
11373	13
11374	13
11375	13
11376	13
11377	13
11378	13
11379	13
11380	13
11381	13
11382	13
11383	13
11384	13
11385	13
11386	13
11387	13
11388	13
11389	13
11390	13
11391	13
11392	13
11393	13
11394	13
11395	13
11396	13
11397	13
11398	13
11399	13
11400	13
11401	13
11402	13
11403	13
11404	13
11405	13
11406	13
11407	13
11408	13
11409	13
11410	13
11411	13
11412	13
11413	13
11414	13
11415	13
11416	13
11417	13
11418	13
11419	13
11420	13
11421	13
11422	13
11423	13
11424	13
11425	13
11426	13
11427	13
11428	13
11429	13
11430	13
11431	13
11432	13
11433	13
11434	13
11435	13
11436	13
11437	13
11438	13
11439	13
11440	13
11441	13
11442	13
11443	13
11444	13
11445	13
11446	13
11447	13
11448	13
11449	13
11450	13
11451	13
11452	13
11453	13
11454	13
11455	13
11456	13
11457	13
11458	13
11459	13
11460	13
11461	13
11462	13
11463	13
11464	13
11465	13
11466	13
11467	13
11468	13
11469	13
11470	13
11471	13
11472	13
11473	13
11474	13
11475	13
11476	13
11477	13
11478	13
11479	13
11480	13
11481	13
11482	13
11483	13
11484	13
11485	13
11486	13
11487	13
11488	13
11489	13
11490	13
11491	13
11492	13
11493	13
11494	13
11495	13
11496	13
11497	13
11498	13
11499	13
11500	13
11501	13
11502	13
11503	13
11504	13
11505	13
11506	13
11507	13
11508	13
11509	13
11510	13
11511	13
11512	13
11513	13
11514	13
11515	13
11516	13
11517	13
11518	13
11519	13
11520	13
11521	13
11522	13
11523	13
11524	13
11525	13
11526	13
11527	13
11528	13
11529	13
11530	13
11531	13
11532	13
11533	13
11534	13
11535	13
11536	13
11537	13
11538	13
11539	13
11540	13
11541	13
11542	13
11543	13
11544	13
11545	13
11546	13
11547	13
11548	13
11549	13
11550	13
11551	13
11552	13
11553	13
11554	13
11555	13
11556	13
11557	13
11558	13
11559	13
11560	13
11561	13
11562	13
11563	13
11564	13
11565	13
11566	13
11567	13
11568	13
11569	13
11570	13
11571	13
11572	13
11573	13
11574	13
11575	13
11576	13
11577	13
11578	13
11579	13
11580	13
11581	13
11582	13
11583	13
11584	13
11585	13
11586	13
11587	13
11588	13
11589	13
11590	13
11591	13
11592	13
11593	13
11594	13
11595	13
11596	13
11597	13
11598	13
11599	13
11600	13
11601	13
11602	13
11603	13
11604	13
11605	13
11606	13
11607	13
11608	13
11609	13
11610	13
11611	13
11612	13
11613	13
11614	13
11615	13
11616	13
11617	13
11618	13
11619	13
11620	13
11621	13
11622	13
11623	13
11624	13
11625	13
11626	13
11627	13
11628	13
11629	13
11630	13
11631	13
11632	13
11633	13
11634	13
11635	13
11636	13
11637	13
11638	13
11639	13
11640	13
11641	13
11642	13
11643	13
11644	13
11645	13
11646	13
11647	13
11648	13
11649	13
11650	13
11651	13
11652	13
11653	13
11654	13
11655	13
11656	13
11657	13
11658	13
11659	13
11660	13
11661	13
11662	14
11663	14
11664	14
11665	14
11666	14
11667	14
11668	14
11669	14
11670	14
11671	14
11672	14
11673	14
11674	14
11675	14
11676	14
11677	14
11678	14
11679	14
11680	14
11681	14
11682	14
11683	14
11684	14
11685	14
11686	14
11687	14
11688	14
11689	14
11690	14
11691	14
11692	14
11693	14
11694	14
11695	14
11696	14
11697	14
11698	14
11699	14
11700	14
11701	14
11702	14
11703	14
11704	14
11705	14
11706	14
11707	14
11708	14
11709	14
11710	14
11711	14
11712	14
11713	14
11714	14
11715	14
11716	14
11717	14
11718	14
11719	14
11720	14
11721	14
11722	14
11723	14
11724	14
11725	14
11726	14
11727	14
11728	14
11729	14
11730	14
11731	14
11732	14
11733	14
11734	14
11735	14
11736	14
11737	14
11738	14
11739	14
11740	14
11741	14
11742	14
11743	14
11744	14
11745	14
11746	14
11747	14
11748	14
11749	14
11750	14
11751	14
11752	14
11753	14
11754	14
11755	14
11756	14
11757	14
11758	14
11759	14
11760	14
11761	14
11762	14
11763	14
11764	14
11765	14
11766	14
11767	14
11768	14
11769	14
11770	14
11771	14
11772	14
11773	14
11774	14
11775	14
11776	14
11777	14
11778	14
11779	14
11780	14
11781	14
11782	14
11783	14
11784	14
11785	14
11786	14
11787	14
11788	14
11789	14
11790	14
11791	14
11792	14
11793	14
11794	14
11795	14
11796	14
11797	14
11798	14
11799	14
11800	14
11801	14
11802	14
11803	14
11804	14
11805	14
11806	14
11807	14
11808	14
11809	14
11810	14
11811	14
11812	14
11813	14
11814	14
11815	14
11816	14
11817	14
11818	14
11819	14
11820	14
11821	14
11822	14
11823	14
11824	14
11825	14
11826	14
11827	14
11828	14
11829	14
11830	14
11831	14
11832	14
11833	14
11834	14
11835	14
11836	14
11837	14
11838	14
11839	14
11840	14
11841	14
11842	14
11843	14
11844	14
11845	14
11846	14
11847	14
11848	14
11849	14
11850	14
11851	14
11852	14
11853	14
11854	14
11855	14
11856	14
11857	14
11858	14
11859	14
11860	14
11861	14
11862	14
11863	14
11864	14
11865	14
11866	14
11867	14
11868	14
11869	14
11870	14
11871	14
11872	14
11873	14
11874	14
11875	14
11876	14
11877	14
11878	14
11879	14
11880	14
11881	14
11882	14
11883	14
11884	14
11885	14
11886	14
11887	14
11888	14
11889	14
11890	14
11891	14
11892	14
11893	14
11894	14
11895	14
11896	14
11897	14
11898	14
11899	14
11900	14
11901	14
11902	14
11903	14
11904	14
11905	14
11906	14
11907	14
11908	14
11909	14
11910	14
11911	14
11912	14
11913	14
11914	14
11915	14
11916	14
11917	14
11918	14
11919	14
11920	14
11921	14
11922	14
11923	14
11924	14
11925	14
11926	14
11927	14
11928	14
11929	14
11930	14
11931	14
11932	14
11933	14
11934	14
11935	14
11936	14
11937	14
11938	14
11939	14
11940	14
11941	14
11942	14
11943	14
11944	14
11945	14
11946	14
11947	14
11948	14
11949	14
11950	14
11951	14
11952	14
11953	14
11954	14
11955	14
11956	14
11957	14
11958	14
11959	14
11960	14
11961	14
11962	14
11963	14
11964	14
11965	14
11966	14
11967	14
11968	14
11969	14
11970	14
11971	14
11972	14
11973	14
11974	14
11975	14
11976	14
11977	14
11978	14
11979	14
11980	14
11981	14
11982	14
11983	14
11984	14
11985	14
11986	14
11987	14
11988	14
11989	14
11990	14
11991	14
11992	14
11993	14
11994	14
11995	14
11996	14
11997	14
11998	14
11999	14
12000	14
12001	14
12002	14
12003	14
12004	14
12005	14
12006	14
12007	14
12008	14
12009	14
12010	14
12011	14
12012	14
12013	14
12014	14
12015	14
12016	14
12017	14
12018	14
12019	14
12020	14
12021	14
12022	14
12023	14
12024	14
12025	14
12026	14
12027	14
12028	14
12029	14
12030	14
12031	14
12032	14
12033	14
12034	14
12035	14
12036	14
12037	14
12038	14
12039	14
12040	14
12041	14
12042	14
12043	14
12044	14
12045	14
12046	14
12047	14
12048	14
12049	14
12050	14
12051	14
12052	14
12053	14
12054	14
12055	14
12056	14
12057	14
12058	14
12059	14
12060	14
12061	14
12062	14
12063	14
12064	14
12065	14
12066	14
12067	14
12068	14
12069	14
12070	14
12071	14
12072	14
12073	14
12074	14
12075	14
12076	14
12077	14
12078	14
12079	14
12080	14
12081	14
12082	14
12083	14
12084	14
12085	14
12086	14
12087	14
12088	14
12089	14
12090	14
12091	14
12092	14
12093	14
12094	14
12095	14
12096	14
12097	14
12098	14
12099	14
12100	14
12101	14
12102	14
12103	14
12104	14
12105	14
12106	14
12107	14
12108	14
12109	14
12110	14
12111	14
12112	14
12113	14
12114	14
12115	14
12116	14
12117	14
12118	14
12119	14
12120	14
12121	14
12122	14
12123	14
12124	14
12125	14
12126	14
12127	14
12128	14
12129	14
12130	14
12131	14
12132	14
12133	14
12134	14
12135	14
12136	14
12137	14
12138	14
12139	14
12140	14
12141	14
12142	14
12143	14
12144	14
12145	14
12146	14
12147	14
12148	14
12149	14
12150	14
12151	14
12152	14
12153	14
12154	14
12155	14
12156	14
12157	14
12158	14
12159	14
12160	14
12161	14
12162	14
12163	14
12164	14
12165	14
12166	14
12167	14
12168	14
12169	14
12170	14
12171	14
12172	14
12173	14
12174	14
12175	14
12176	14
12177	14
12178	14
12179	14
12180	14
12181	14
12182	14
12183	14
12184	14
12185	14
12186	14
12187	14
12188	14
12189	14
12190	14
12191	14
12192	14
12193	14
12194	14
12195	14
12196	14
12197	14
12198	14
12199	14
12200	14
12201	14
12202	14
12203	14
12204	14
12205	14
12206	14
12207	14
12208	14
12209	14
12210	14
12211	14
12212	14
12213	14
12214	14
12215	14
12216	14
12217	14
12218	14
12219	14
12220	14
12221	14
12222	14
12223	14
12224	14
12225	14
12226	14
12227	14
12228	14
12229	14
12230	14
12231	14
12232	14
12233	14
12234	14
12235	14
12236	14
12237	14
12238	14
12239	14
12240	14
12241	14
12242	14
12243	14
12244	14
12245	14
12246	14
12247	14
12248	14
12249	14
12250	14
12251	14
12252	14
12253	14
12254	14
12255	14
12256	14
12257	14
12258	14
12259	14
12260	14
12261	14
12262	14
12263	14
12264	14
12265	14
12266	14
12267	14
12268	14
12269	14
12270	14
12271	14
12272	14
12273	14
12274	14
12275	14
12276	14
12277	14
12278	14
12279	14
12280	14
12281	14
12282	14
12283	14
12284	14
12285	14
12286	14
12287	14
12288	14
12289	14
12290	14
12291	14
12292	14
12293	14
12294	14
12295	14
12296	14
12297	14
12298	14
12299	14
12300	14
12301	14
12302	14
12303	14
12304	14
12305	14
12306	14
12307	14
12308	14
12309	14
12310	14
12311	14
12312	14
12313	14
12314	14
12315	14
12316	14
12317	14
12318	14
12319	14
12320	14
12321	14
12322	14
12323	14
12324	14
12325	14
12326	14
12327	14
12328	14
12329	14
12330	14
12331	14
12332	14
12333	14
12334	14
12335	14
12336	14
12337	14
12338	14
12339	14
12340	14
12341	14
12342	14
12343	14
12344	14
12345	14
12346	14
12347	14
12348	14
12349	14
12350	14
12351	14
12352	14
12353	14
12354	14
12355	14
12356	14
12357	14
12358	14
12359	14
12360	14
12361	14
12362	14
12363	14
12364	14
12365	14
12366	14
12367	14
12368	14
12369	14
12370	14
12371	14
12372	14
12373	14
12374	14
12375	14
12376	14
12377	14
12378	14
12379	14
12380	14
12381	14
12382	14
12383	14
12384	14
12385	14
12386	14
12387	14
12388	14
12389	14
12390	14
12391	14
12392	14
12393	14
12394	14
12395	14
12396	14
12397	14
12398	14
12399	14
12400	14
12401	14
12402	14
12403	14
12404	14
12405	14
12406	14
12407	14
12408	14
12409	14
12410	14
12411	14
12412	14
12413	14
12414	14
12415	14
12416	14
12417	14
12418	14
12419	14
12420	14
12421	14
12422	14
12423	14
12424	14
12425	14
12426	14
12427	14
12428	14
12429	14
12430	14
12431	14
12432	14
12433	14
12434	14
12435	14
12436	14
12437	14
12438	14
12439	14
12440	14
12441	14
12442	14
12443	14
12444	14
12445	14
12446	14
12447	14
12448	14
12449	14
12450	14
12451	14
12452	14
12453	14
12454	14
12455	14
12456	14
12457	14
12458	14
12459	14
12460	14
12461	14
12462	14
12463	14
12464	14
12465	14
12466	14
12467	14
12468	14
12469	14
12470	14
12471	14
12472	14
12473	14
12474	14
12475	14
12476	14
12477	14
12478	14
12479	14
12480	14
12481	14
12482	14
12483	14
12484	14
12485	14
12486	14
12487	14
12488	14
12489	14
12490	14
12491	14
12492	14
12493	14
12494	14
12495	15
12496	15
12497	15
12498	15
12499	15
12500	15
12501	15
12502	15
12503	15
12504	15
12505	15
12506	15
12507	15
12508	15
12509	15
12510	15
12511	15
12512	15
12513	15
12514	15
12515	15
12516	15
12517	15
12518	15
12519	15
12520	15
12521	15
12522	15
12523	15
12524	15
12525	15
12526	15
12527	15
12528	15
12529	15
12530	15
12531	15
12532	15
12533	15
12534	15
12535	15
12536	15
12537	15
12538	15
12539	15
12540	15
12541	15
12542	15
12543	15
12544	15
12545	15
12546	15
12547	15
12548	15
12549	15
12550	15
12551	15
12552	15
12553	15
12554	15
12555	15
12556	15
12557	15
12558	15
12559	15
12560	15
12561	15
12562	15
12563	15
12564	15
12565	15
12566	15
12567	15
12568	15
12569	15
12570	15
12571	15
12572	15
12573	15
12574	15
12575	15
12576	15
12577	15
12578	15
12579	15
12580	15
12581	15
12582	15
12583	15
12584	15
12585	15
12586	15
12587	15
12588	15
12589	15
12590	15
12591	15
12592	15
12593	15
12594	15
12595	15
12596	15
12597	15
12598	15
12599	15
12600	15
12601	15
12602	15
12603	15
12604	15
12605	15
12606	15
12607	15
12608	15
12609	15
12610	15
12611	15
12612	15
12613	15
12614	15
12615	15
12616	15
12617	15
12618	15
12619	15
12620	15
12621	15
12622	15
12623	15
12624	15
12625	15
12626	15
12627	15
12628	15
12629	15
12630	15
12631	15
12632	15
12633	15
12634	15
12635	15
12636	15
12637	15
12638	15
12639	15
12640	15
12641	15
12642	15
12643	15
12644	15
12645	15
12646	15
12647	15
12648	15
12649	15
12650	15
12651	15
12652	15
12653	15
12654	15
12655	15
12656	15
12657	15
12658	15
12659	15
12660	15
12661	15
12662	15
12663	15
12664	15
12665	15
12666	15
12667	15
12668	15
12669	15
12670	15
12671	15
12672	15
12673	15
12674	15
12675	15
12676	15
12677	15
12678	15
12679	15
12680	15
12681	15
12682	15
12683	15
12684	15
12685	15
12686	15
12687	15
12688	15
12689	15
12690	15
12691	15
12692	15
12693	15
12694	15
12695	15
12696	15
12697	15
12698	15
12699	15
12700	15
12701	15
12702	15
12703	15
12704	15
12705	15
12706	15
12707	15
12708	15
12709	15
12710	15
12711	15
12712	15
12713	15
12714	15
12715	15
12716	15
12717	15
12718	15
12719	15
12720	15
12721	15
12722	15
12723	15
12724	15
12725	15
12726	15
12727	15
12728	15
12729	15
12730	15
12731	15
12732	15
12733	15
12734	15
12735	15
12736	15
12737	15
12738	15
12739	15
12740	15
12741	15
12742	15
12743	15
12744	15
12745	15
12746	15
12747	15
12748	15
12749	15
12750	15
12751	15
12752	15
12753	15
12754	15
12755	15
12756	15
12757	15
12758	15
12759	15
12760	15
12761	15
12762	15
12763	15
12764	15
12765	15
12766	15
12767	15
12768	15
12769	15
12770	15
12771	15
12772	15
12773	15
12774	15
12775	15
12776	15
12777	15
12778	15
12779	15
12780	15
12781	15
12782	15
12783	15
12784	15
12785	15
12786	15
12787	15
12788	15
12789	15
12790	15
12791	15
12792	15
12793	15
12794	15
12795	15
12796	15
12797	15
12798	15
12799	15
12800	15
12801	15
12802	15
12803	15
12804	15
12805	15
12806	15
12807	15
12808	15
12809	15
12810	15
12811	15
12812	15
12813	15
12814	15
12815	15
12816	15
12817	15
12818	15
12819	15
12820	15
12821	15
12822	15
12823	15
12824	15
12825	15
12826	15
12827	15
12828	15
12829	15
12830	15
12831	15
12832	15
12833	15
12834	15
12835	15
12836	15
12837	15
12838	15
12839	15
12840	15
12841	15
12842	15
12843	15
12844	15
12845	15
12846	15
12847	15
12848	15
12849	15
12850	15
12851	15
12852	15
12853	15
12854	15
12855	15
12856	15
12857	15
12858	15
12859	15
12860	15
12861	15
12862	15
12863	15
12864	15
12865	15
12866	15
12867	15
12868	15
12869	15
12870	15
12871	15
12872	15
12873	15
12874	15
12875	15
12876	15
12877	15
12878	15
12879	15
12880	15
12881	15
12882	15
12883	15
12884	15
12885	15
12886	15
12887	15
12888	15
12889	15
12890	15
12891	15
12892	15
12893	15
12894	15
12895	15
12896	15
12897	15
12898	15
12899	15
12900	15
12901	15
12902	15
12903	15
12904	15
12905	15
12906	15
12907	15
12908	15
12909	15
12910	15
12911	15
12912	15
12913	15
12914	15
12915	15
12916	15
12917	15
12918	15
12919	15
12920	15
12921	15
12922	15
12923	15
12924	15
12925	15
12926	15
12927	15
12928	15
12929	15
12930	15
12931	15
12932	15
12933	15
12934	15
12935	15
12936	15
12937	15
12938	15
12939	15
12940	15
12941	15
12942	15
12943	15
12944	15
12945	15
12946	15
12947	15
12948	15
12949	15
12950	15
12951	15
12952	15
12953	15
12954	15
12955	15
12956	15
12957	15
12958	15
12959	15
12960	15
12961	15
12962	15
12963	15
12964	15
12965	15
12966	15
12967	15
12968	15
12969	15
12970	15
12971	15
12972	15
12973	15
12974	15
12975	15
12976	15
12977	15
12978	15
12979	15
12980	15
12981	15
12982	15
12983	15
12984	15
12985	15
12986	15
12987	15
12988	15
12989	15
12990	15
12991	15
12992	15
12993	15
12994	15
12995	15
12996	15
12997	15
12998	15
12999	15
13000	15
13001	15
13002	15
13003	15
13004	15
13005	15
13006	15
13007	15
13008	15
13009	15
13010	15
13011	15
13012	15
13013	15
13014	15
13015	15
13016	15
13017	15
13018	15
13019	15
13020	15
13021	15
13022	15
13023	15
13024	15
13025	15
13026	15
13027	15
13028	15
13029	15
13030	15
13031	15
13032	15
13033	15
13034	15
13035	15
13036	15
13037	15
13038	15
13039	15
13040	15
13041	15
13042	15
13043	15
13044	15
13045	15
13046	15
13047	15
13048	15
13049	15
13050	15
13051	15
13052	15
13053	15
13054	15
13055	15
13056	15
13057	15
13058	15
13059	15
13060	15
13061	15
13062	15
13063	15
13064	15
13065	15
13066	15
13067	15
13068	15
13069	15
13070	15
13071	15
13072	15
13073	15
13074	15
13075	15
13076	15
13077	15
13078	15
13079	15
13080	15
13081	15
13082	15
13083	15
13084	15
13085	15
13086	15
13087	15
13088	15
13089	15
13090	15
13091	15
13092	15
13093	15
13094	15
13095	15
13096	15
13097	15
13098	15
13099	15
13100	15
13101	15
13102	15
13103	15
13104	15
13105	15
13106	15
13107	15
13108	15
13109	15
13110	15
13111	15
13112	15
13113	15
13114	15
13115	15
13116	15
13117	15
13118	15
13119	15
13120	15
13121	15
13122	15
13123	15
13124	15
13125	15
13126	15
13127	15
13128	15
13129	15
13130	15
13131	15
13132	15
13133	15
13134	15
13135	15
13136	15
13137	15
13138	15
13139	15
13140	15
13141	15
13142	15
13143	15
13144	15
13145	15
13146	15
13147	15
13148	15
13149	15
13150	15
13151	15
13152	15
13153	15
13154	15
13155	15
13156	15
13157	15
13158	15
13159	15
13160	15
13161	15
13162	15
13163	15
13164	15
13165	15
13166	15
13167	15
13168	15
13169	15
13170	15
13171	15
13172	15
13173	15
13174	15
13175	15
13176	15
13177	15
13178	15
13179	15
13180	15
13181	15
13182	15
13183	15
13184	15
13185	15
13186	15
13187	15
13188	15
13189	15
13190	15
13191	15
13192	15
13193	15
13194	15
13195	15
13196	15
13197	15
13198	15
13199	15
13200	15
13201	15
13202	15
13203	15
13204	15
13205	15
13206	15
13207	15
13208	15
13209	15
13210	15
13211	15
13212	15
13213	15
13214	15
13215	15
13216	15
13217	15
13218	15
13219	15
13220	15
13221	15
13222	15
13223	15
13224	15
13225	15
13226	15
13227	15
13228	15
13229	15
13230	15
13231	15
13232	15
13233	15
13234	15
13235	15
13236	15
13237	15
13238	15
13239	15
13240	15
13241	15
13242	15
13243	15
13244	15
13245	15
13246	15
13247	15
13248	15
13249	15
13250	15
13251	15
13252	15
13253	15
13254	15
13255	15
13256	15
13257	15
13258	15
13259	15
13260	15
13261	15
13262	15
13263	15
13264	15
13265	15
13266	15
13267	15
13268	15
13269	15
13270	15
13271	15
13272	15
13273	15
13274	15
13275	15
13276	15
13277	15
13278	15
13279	15
13280	15
13281	15
13282	15
13283	15
13284	15
13285	15
13286	15
13287	15
13288	15
13289	15
13290	15
13291	15
13292	15
13293	15
13294	15
13295	15
13296	15
13297	15
13298	15
13299	15
13300	15
13301	15
13302	15
13303	15
13304	15
13305	15
13306	15
13307	15
13308	15
13309	15
13310	15
13311	15
13312	15
13313	15
13314	15
13315	15
13316	15
13317	15
13318	15
13319	15
13320	15
13321	15
13322	15
13323	15
13324	15
13325	15
13326	15
13327	15
13328	16
13329	16
13330	16
13331	16
13332	16
13333	16
13334	16
13335	16
13336	16
13337	16
13338	16
13339	16
13340	16
13341	16
13342	16
13343	16
13344	16
13345	16
13346	16
13347	16
13348	16
13349	16
13350	16
13351	16
13352	16
13353	16
13354	16
13355	16
13356	16
13357	16
13358	16
13359	16
13360	16
13361	16
13362	16
13363	16
13364	16
13365	16
13366	16
13367	16
13368	16
13369	16
13370	16
13371	16
13372	16
13373	16
13374	16
13375	16
13376	16
13377	16
13378	16
13379	16
13380	16
13381	16
13382	16
13383	16
13384	16
13385	16
13386	16
13387	16
13388	16
13389	16
13390	16
13391	16
13392	16
13393	16
13394	16
13395	16
13396	16
13397	16
13398	16
13399	16
13400	16
13401	16
13402	16
13403	16
13404	16
13405	16
13406	16
13407	16
13408	16
13409	16
13410	16
13411	16
13412	16
13413	16
13414	16
13415	16
13416	16
13417	16
13418	16
13419	16
13420	16
13421	16
13422	16
13423	16
13424	16
13425	16
13426	16
13427	16
13428	16
13429	16
13430	16
13431	16
13432	16
13433	16
13434	16
13435	16
13436	16
13437	16
13438	16
13439	16
13440	16
13441	16
13442	16
13443	16
13444	16
13445	16
13446	16
13447	16
13448	16
13449	16
13450	16
13451	16
13452	16
13453	16
13454	16
13455	16
13456	16
13457	16
13458	16
13459	16
13460	16
13461	16
13462	16
13463	16
13464	16
13465	16
13466	16
13467	16
13468	16
13469	16
13470	16
13471	16
13472	16
13473	16
13474	16
13475	16
13476	16
13477	16
13478	16
13479	16
13480	16
13481	16
13482	16
13483	16
13484	16
13485	16
13486	16
13487	16
13488	16
13489	16
13490	16
13491	16
13492	16
13493	16
13494	16
13495	16
13496	16
13497	16
13498	16
13499	16
13500	16
13501	16
13502	16
13503	16
13504	16
13505	16
13506	16
13507	16
13508	16
13509	16
13510	16
13511	16
13512	16
13513	16
13514	16
13515	16
13516	16
13517	16
13518	16
13519	16
13520	16
13521	16
13522	16
13523	16
13524	16
13525	16
13526	16
13527	16
13528	16
13529	16
13530	16
13531	16
13532	16
13533	16
13534	16
13535	16
13536	16
13537	16
13538	16
13539	16
13540	16
13541	16
13542	16
13543	16
13544	16
13545	16
13546	16
13547	16
13548	16
13549	16
13550	16
13551	16
13552	16
13553	16
13554	16
13555	16
13556	16
13557	16
13558	16
13559	16
13560	16
13561	16
13562	16
13563	16
13564	16
13565	16
13566	16
13567	16
13568	16
13569	16
13570	16
13571	16
13572	16
13573	16
13574	16
13575	16
13576	16
13577	16
13578	16
13579	16
13580	16
13581	16
13582	16
13583	16
13584	16
13585	16
13586	16
13587	16
13588	16
13589	16
13590	16
13591	16
13592	16
13593	16
13594	16
13595	16
13596	16
13597	16
13598	16
13599	16
13600	16
13601	16
13602	16
13603	16
13604	16
13605	16
13606	16
13607	16
13608	16
13609	16
13610	16
13611	16
13612	16
13613	16
13614	16
13615	16
13616	16
13617	16
13618	16
13619	16
13620	16
13621	16
13622	16
13623	16
13624	16
13625	16
13626	16
13627	16
13628	16
13629	16
13630	16
13631	16
13632	16
13633	16
13634	16
13635	16
13636	16
13637	16
13638	16
13639	16
13640	16
13641	16
13642	16
13643	16
13644	16
13645	16
13646	16
13647	16
13648	16
13649	16
13650	16
13651	16
13652	16
13653	16
13654	16
13655	16
13656	16
13657	16
13658	16
13659	16
13660	16
13661	16
13662	16
13663	16
13664	16
13665	16
13666	16
13667	16
13668	16
13669	16
13670	16
13671	16
13672	16
13673	16
13674	16
13675	16
13676	16
13677	16
13678	16
13679	16
13680	16
13681	16
13682	16
13683	16
13684	16
13685	16
13686	16
13687	16
13688	16
13689	16
13690	16
13691	16
13692	16
13693	16
13694	16
13695	16
13696	16
13697	16
13698	16
13699	16
13700	16
13701	16
13702	16
13703	16
13704	16
13705	16
13706	16
13707	16
13708	16
13709	16
13710	16
13711	16
13712	16
13713	16
13714	16
13715	16
13716	16
13717	16
13718	16
13719	16
13720	16
13721	16
13722	16
13723	16
13724	16
13725	16
13726	16
13727	16
13728	16
13729	16
13730	16
13731	16
13732	16
13733	16
13734	16
13735	16
13736	16
13737	16
13738	16
13739	16
13740	16
13741	16
13742	16
13743	16
13744	16
13745	16
13746	16
13747	16
13748	16
13749	16
13750	16
13751	16
13752	16
13753	16
13754	16
13755	16
13756	16
13757	16
13758	16
13759	16
13760	16
13761	16
13762	16
13763	16
13764	16
13765	16
13766	16
13767	16
13768	16
13769	16
13770	16
13771	16
13772	16
13773	16
13774	16
13775	16
13776	16
13777	16
13778	16
13779	16
13780	16
13781	16
13782	16
13783	16
13784	16
13785	16
13786	16
13787	16
13788	16
13789	16
13790	16
13791	16
13792	16
13793	16
13794	16
13795	16
13796	16
13797	16
13798	16
13799	16
13800	16
13801	16
13802	16
13803	16
13804	16
13805	16
13806	16
13807	16
13808	16
13809	16
13810	16
13811	16
13812	16
13813	16
13814	16
13815	16
13816	16
13817	16
13818	16
13819	16
13820	16
13821	16
13822	16
13823	16
13824	16
13825	16
13826	16
13827	16
13828	16
13829	16
13830	16
13831	16
13832	16
13833	16
13834	16
13835	16
13836	16
13837	16
13838	16
13839	16
13840	16
13841	16
13842	16
13843	16
13844	16
13845	16
13846	16
13847	16
13848	16
13849	16
13850	16
13851	16
13852	16
13853	16
13854	16
13855	16
13856	16
13857	16
13858	16
13859	16
13860	16
13861	16
13862	16
13863	16
13864	16
13865	16
13866	16
13867	16
13868	16
13869	16
13870	16
13871	16
13872	16
13873	16
13874	16
13875	16
13876	16
13877	16
13878	16
13879	16
13880	16
13881	16
13882	16
13883	16
13884	16
13885	16
13886	16
13887	16
13888	16
13889	16
13890	16
13891	16
13892	16
13893	16
13894	16
13895	16
13896	16
13897	16
13898	16
13899	16
13900	16
13901	16
13902	16
13903	16
13904	16
13905	16
13906	16
13907	16
13908	16
13909	16
13910	16
13911	16
13912	16
13913	16
13914	16
13915	16
13916	16
13917	16
13918	16
13919	16
13920	16
13921	16
13922	16
13923	16
13924	16
13925	16
13926	16
13927	16
13928	16
13929	16
13930	16
13931	16
13932	16
13933	16
13934	16
13935	16
13936	16
13937	16
13938	16
13939	16
13940	16
13941	16
13942	16
13943	16
13944	16
13945	16
13946	16
13947	16
13948	16
13949	16
13950	16
13951	16
13952	16
13953	16
13954	16
13955	16
13956	16
13957	16
13958	16
13959	16
13960	16
13961	16
13962	16
13963	16
13964	16
13965	16
13966	16
13967	16
13968	16
13969	16
13970	16
13971	16
13972	16
13973	16
13974	16
13975	16
13976	16
13977	16
13978	16
13979	16
13980	16
13981	16
13982	16
13983	16
13984	16
13985	16
13986	16
13987	16
13988	16
13989	16
13990	16
13991	16
13992	16
13993	16
13994	16
13995	16
13996	16
13997	16
13998	16
13999	16
14000	16
14001	16
14002	16
14003	16
14004	16
14005	16
14006	16
14007	16
14008	16
14009	16
14010	16
14011	16
14012	16
14013	16
14014	16
14015	16
14016	16
14017	16
14018	16
14019	16
14020	16
14021	16
14022	16
14023	16
14024	16
14025	16
14026	16
14027	16
14028	16
14029	16
14030	16
14031	16
14032	16
14033	16
14034	16
14035	16
14036	16
14037	16
14038	16
14039	16
14040	16
14041	16
14042	16
14043	16
14044	16
14045	16
14046	16
14047	16
14048	16
14049	16
14050	16
14051	16
14052	16
14053	16
14054	16
14055	16
14056	16
14057	16
14058	16
14059	16
14060	16
14061	16
14062	16
14063	16
14064	16
14065	16
14066	16
14067	16
14068	16
14069	16
14070	16
14071	16
14072	16
14073	16
14074	16
14075	16
14076	16
14077	16
14078	16
14079	16
14080	16
14081	16
14082	16
14083	16
14084	16
14085	16
14086	16
14087	16
14088	16
14089	16
14090	16
14091	16
14092	16
14093	16
14094	16
14095	16
14096	16
14097	16
14098	16
14099	16
14100	16
14101	16
14102	16
14103	16
14104	16
14105	16
14106	16
14107	16
14108	16
14109	16
14110	16
14111	16
14112	16
14113	16
14114	16
14115	16
14116	16
14117	16
14118	16
14119	16
14120	16
14121	16
14122	16
14123	16
14124	16
14125	16
14126	16
14127	16
14128	16
14129	16
14130	16
14131	16
14132	16
14133	16
14134	16
14135	16
14136	16
14137	16
14138	16
14139	16
14140	16
14141	16
14142	16
14143	16
14144	16
14145	16
14146	16
14147	16
14148	16
14149	16
14150	16
14151	16
14152	16
14153	16
14154	16
14155	16
14156	16
14157	16
14158	16
14159	16
14160	16
14161	17
14162	17
14163	17
14164	17
14165	17
14166	17
14167	17
14168	17
14169	17
14170	17
14171	17
14172	17
14173	17
14174	17
14175	17
14176	17
14177	17
14178	17
14179	17
14180	17
14181	17
14182	17
14183	17
14184	17
14185	17
14186	17
14187	17
14188	17
14189	17
14190	17
14191	17
14192	17
14193	17
14194	17
14195	17
14196	17
14197	17
14198	17
14199	17
14200	17
14201	17
14202	17
14203	17
14204	17
14205	17
14206	17
14207	17
14208	17
14209	17
14210	17
14211	17
14212	17
14213	17
14214	17
14215	17
14216	17
14217	17
14218	17
14219	17
14220	17
14221	17
14222	17
14223	17
14224	17
14225	17
14226	17
14227	17
14228	17
14229	17
14230	17
14231	17
14232	17
14233	17
14234	17
14235	17
14236	17
14237	17
14238	17
14239	17
14240	17
14241	17
14242	17
14243	17
14244	17
14245	17
14246	17
14247	17
14248	17
14249	17
14250	17
14251	17
14252	17
14253	17
14254	17
14255	17
14256	17
14257	17
14258	17
14259	17
14260	17
14261	17
14262	17
14263	17
14264	17
14265	17
14266	17
14267	17
14268	17
14269	17
14270	17
14271	17
14272	17
14273	17
14274	17
14275	17
14276	17
14277	17
14278	17
14279	17
14280	17
14281	17
14282	17
14283	17
14284	17
14285	17
14286	17
14287	17
14288	17
14289	17
14290	17
14291	17
14292	17
14293	17
14294	17
14295	17
14296	17
14297	17
14298	17
14299	17
14300	17
14301	17
14302	17
14303	17
14304	17
14305	17
14306	17
14307	17
14308	17
14309	17
14310	17
14311	17
14312	17
14313	17
14314	17
14315	17
14316	17
14317	17
14318	17
14319	17
14320	17
14321	17
14322	17
14323	17
14324	17
14325	17
14326	17
14327	17
14328	17
14329	17
14330	17
14331	17
14332	17
14333	17
14334	17
14335	17
14336	17
14337	17
14338	17
14339	17
14340	17
14341	17
14342	17
14343	17
14344	17
14345	17
14346	17
14347	17
14348	17
14349	17
14350	17
14351	17
14352	17
14353	17
14354	17
14355	17
14356	17
14357	17
14358	17
14359	17
14360	17
14361	17
14362	17
14363	17
14364	17
14365	17
14366	17
14367	17
14368	17
14369	17
14370	17
14371	17
14372	17
14373	17
14374	17
14375	17
14376	17
14377	17
14378	17
14379	17
14380	17
14381	17
14382	17
14383	17
14384	17
14385	17
14386	17
14387	17
14388	17
14389	17
14390	17
14391	17
14392	17
14393	17
14394	17
14395	17
14396	17
14397	17
14398	17
14399	17
14400	17
14401	17
14402	17
14403	17
14404	17
14405	17
14406	17
14407	17
14408	17
14409	17
14410	17
14411	17
14412	17
14413	17
14414	17
14415	17
14416	17
14417	17
14418	17
14419	17
14420	17
14421	17
14422	17
14423	17
14424	17
14425	17
14426	17
14427	17
14428	17
14429	17
14430	17
14431	17
14432	17
14433	17
14434	17
14435	17
14436	17
14437	17
14438	17
14439	17
14440	17
14441	17
14442	17
14443	17
14444	17
14445	17
14446	17
14447	17
14448	17
14449	17
14450	17
14451	17
14452	17
14453	17
14454	17
14455	17
14456	17
14457	17
14458	17
14459	17
14460	17
14461	17
14462	17
14463	17
14464	17
14465	17
14466	17
14467	17
14468	17
14469	17
14470	17
14471	17
14472	17
14473	17
14474	17
14475	17
14476	17
14477	17
14478	17
14479	17
14480	17
14481	17
14482	17
14483	17
14484	17
14485	17
14486	17
14487	17
14488	17
14489	17
14490	17
14491	17
14492	17
14493	17
14494	17
14495	17
14496	17
14497	17
14498	17
14499	17
14500	17
14501	17
14502	17
14503	17
14504	17
14505	17
14506	17
14507	17
14508	17
14509	17
14510	17
14511	17
14512	17
14513	17
14514	17
14515	17
14516	17
14517	17
14518	17
14519	17
14520	17
14521	17
14522	17
14523	17
14524	17
14525	17
14526	17
14527	17
14528	17
14529	17
14530	17
14531	17
14532	17
14533	17
14534	17
14535	17
14536	17
14537	17
14538	17
14539	17
14540	17
14541	17
14542	17
14543	17
14544	17
14545	17
14546	17
14547	17
14548	17
14549	17
14550	17
14551	17
14552	17
14553	17
14554	17
14555	17
14556	17
14557	17
14558	17
14559	17
14560	17
14561	17
14562	17
14563	17
14564	17
14565	17
14566	17
14567	17
14568	17
14569	17
14570	17
14571	17
14572	17
14573	17
14574	17
14575	17
14576	17
14577	17
14578	17
14579	17
14580	17
14581	17
14582	17
14583	17
14584	17
14585	17
14586	17
14587	17
14588	17
14589	17
14590	17
14591	17
14592	17
14593	17
14594	17
14595	17
14596	17
14597	17
14598	17
14599	17
14600	17
14601	17
14602	17
14603	17
14604	17
14605	17
14606	17
14607	17
14608	17
14609	17
14610	17
14611	17
14612	17
14613	17
14614	17
14615	17
14616	17
14617	17
14618	17
14619	17
14620	17
14621	17
14622	17
14623	17
14624	17
14625	17
14626	17
14627	17
14628	17
14629	17
14630	17
14631	17
14632	17
14633	17
14634	17
14635	17
14636	17
14637	17
14638	17
14639	17
14640	17
14641	17
14642	17
14643	17
14644	17
14645	17
14646	17
14647	17
14648	17
14649	17
14650	17
14651	17
14652	17
14653	17
14654	17
14655	17
14656	17
14657	17
14658	17
14659	17
14660	17
14661	17
14662	17
14663	17
14664	17
14665	17
14666	17
14667	17
14668	17
14669	17
14670	17
14671	17
14672	17
14673	17
14674	17
14675	17
14676	17
14677	17
14678	17
14679	17
14680	17
14681	17
14682	17
14683	17
14684	17
14685	17
14686	17
14687	17
14688	17
14689	17
14690	17
14691	17
14692	17
14693	17
14694	17
14695	17
14696	17
14697	17
14698	17
14699	17
14700	17
14701	17
14702	17
14703	17
14704	17
14705	17
14706	17
14707	17
14708	17
14709	17
14710	17
14711	17
14712	17
14713	17
14714	17
14715	17
14716	17
14717	17
14718	17
14719	17
14720	17
14721	17
14722	17
14723	17
14724	17
14725	17
14726	17
14727	17
14728	17
14729	17
14730	17
14731	17
14732	17
14733	17
14734	17
14735	17
14736	17
14737	17
14738	17
14739	17
14740	17
14741	17
14742	17
14743	17
14744	17
14745	17
14746	17
14747	17
14748	17
14749	17
14750	17
14751	17
14752	17
14753	17
14754	17
14755	17
14756	17
14757	17
14758	17
14759	17
14760	17
14761	17
14762	17
14763	17
14764	17
14765	17
14766	17
14767	17
14768	17
14769	17
14770	17
14771	17
14772	17
14773	17
14774	17
14775	17
14776	17
14777	17
14778	17
14779	17
14780	17
14781	17
14782	17
14783	17
14784	17
14785	17
14786	17
14787	17
14788	17
14789	17
14790	17
14791	17
14792	17
14793	17
14794	17
14795	17
14796	17
14797	17
14798	17
14799	17
14800	17
14801	17
14802	17
14803	17
14804	17
14805	17
14806	17
14807	17
14808	17
14809	17
14810	17
14811	17
14812	17
14813	17
14814	17
14815	17
14816	17
14817	17
14818	17
14819	17
14820	17
14821	17
14822	17
14823	17
14824	17
14825	17
14826	17
14827	17
14828	17
14829	17
14830	17
14831	17
14832	17
14833	17
14834	17
14835	17
14836	17
14837	17
14838	17
14839	17
14840	17
14841	17
14842	17
14843	17
14844	17
14845	17
14846	17
14847	17
14848	17
14849	17
14850	17
14851	17
14852	17
14853	17
14854	17
14855	17
14856	17
14857	17
14858	17
14859	17
14860	17
14861	17
14862	17
14863	17
14864	17
14865	17
14866	17
14867	17
14868	17
14869	17
14870	17
14871	17
14872	17
14873	17
14874	17
14875	17
14876	17
14877	17
14878	17
14879	17
14880	17
14881	17
14882	17
14883	17
14884	17
14885	17
14886	17
14887	17
14888	17
14889	17
14890	17
14891	17
14892	17
14893	17
14894	17
14895	17
14896	17
14897	17
14898	17
14899	17
14900	17
14901	17
14902	17
14903	17
14904	17
14905	17
14906	17
14907	17
14908	17
14909	17
14910	17
14911	17
14912	17
14913	17
14914	17
14915	17
14916	17
14917	17
14918	17
14919	17
14920	17
14921	17
14922	17
14923	17
14924	17
14925	17
14926	17
14927	17
14928	17
14929	17
14930	17
14931	17
14932	17
14933	17
14934	17
14935	17
14936	17
14937	17
14938	17
14939	17
14940	17
14941	17
14942	17
14943	17
14944	17
14945	17
14946	17
14947	17
14948	17
14949	17
14950	17
14951	17
14952	17
14953	17
14954	17
14955	17
14956	17
14957	17
14958	17
14959	17
14960	17
14961	17
14962	17
14963	17
14964	17
14965	17
14966	17
14967	17
14968	17
14969	17
14970	17
14971	17
14972	17
14973	17
14974	17
14975	17
14976	17
14977	17
14978	17
14979	17
14980	17
14981	17
14982	17
14983	17
14984	17
14985	17
14986	17
14987	17
14988	17
14989	17
14990	17
14991	17
14992	17
14993	17
14994	18
14995	18
14996	18
14997	18
14998	18
14999	18
15000	18
15001	18
15002	18
15003	18
15004	18
15005	18
15006	18
15007	18
15008	18
15009	18
15010	18
15011	18
15012	18
15013	18
15014	18
15015	18
15016	18
15017	18
15018	18
15019	18
15020	18
15021	18
15022	18
15023	18
15024	18
15025	18
15026	18
15027	18
15028	18
15029	18
15030	18
15031	18
15032	18
15033	18
15034	18
15035	18
15036	18
15037	18
15038	18
15039	18
15040	18
15041	18
15042	18
15043	18
15044	18
15045	18
15046	18
15047	18
15048	18
15049	18
15050	18
15051	18
15052	18
15053	18
15054	18
15055	18
15056	18
15057	18
15058	18
15059	18
15060	18
15061	18
15062	18
15063	18
15064	18
15065	18
15066	18
15067	18
15068	18
15069	18
15070	18
15071	18
15072	18
15073	18
15074	18
15075	18
15076	18
15077	18
15078	18
15079	18
15080	18
15081	18
15082	18
15083	18
15084	18
15085	18
15086	18
15087	18
15088	18
15089	18
15090	18
15091	18
15092	18
15093	18
15094	18
15095	18
15096	18
15097	18
15098	18
15099	18
15100	18
15101	18
15102	18
15103	18
15104	18
15105	18
15106	18
15107	18
15108	18
15109	18
15110	18
15111	18
15112	18
15113	18
15114	18
15115	18
15116	18
15117	18
15118	18
15119	18
15120	18
15121	18
15122	18
15123	18
15124	18
15125	18
15126	18
15127	18
15128	18
15129	18
15130	18
15131	18
15132	18
15133	18
15134	18
15135	18
15136	18
15137	18
15138	18
15139	18
15140	18
15141	18
15142	18
15143	18
15144	18
15145	18
15146	18
15147	18
15148	18
15149	18
15150	18
15151	18
15152	18
15153	18
15154	18
15155	18
15156	18
15157	18
15158	18
15159	18
15160	18
15161	18
15162	18
15163	18
15164	18
15165	18
15166	18
15167	18
15168	18
15169	18
15170	18
15171	18
15172	18
15173	18
15174	18
15175	18
15176	18
15177	18
15178	18
15179	18
15180	18
15181	18
15182	18
15183	18
15184	18
15185	18
15186	18
15187	18
15188	18
15189	18
15190	18
15191	18
15192	18
15193	18
15194	18
15195	18
15196	18
15197	18
15198	18
15199	18
15200	18
15201	18
15202	18
15203	18
15204	18
15205	18
15206	18
15207	18
15208	18
15209	18
15210	18
15211	18
15212	18
15213	18
15214	18
15215	18
15216	18
15217	18
15218	18
15219	18
15220	18
15221	18
15222	18
15223	18
15224	18
15225	18
15226	18
15227	18
15228	18
15229	18
15230	18
15231	18
15232	18
15233	18
15234	18
15235	18
15236	18
15237	18
15238	18
15239	18
15240	18
15241	18
15242	18
15243	18
15244	18
15245	18
15246	18
15247	18
15248	18
15249	18
15250	18
15251	18
15252	18
15253	18
15254	18
15255	18
15256	18
15257	18
15258	18
15259	18
15260	18
15261	18
15262	18
15263	18
15264	18
15265	18
15266	18
15267	18
15268	18
15269	18
15270	18
15271	18
15272	18
15273	18
15274	18
15275	18
15276	18
15277	18
15278	18
15279	18
15280	18
15281	18
15282	18
15283	18
15284	18
15285	18
15286	18
15287	18
15288	18
15289	18
15290	18
15291	18
15292	18
15293	18
15294	18
15295	18
15296	18
15297	18
15298	18
15299	18
15300	18
15301	18
15302	18
15303	18
15304	18
15305	18
15306	18
15307	18
15308	18
15309	18
15310	18
15311	18
15312	18
15313	18
15314	18
15315	18
15316	18
15317	18
15318	18
15319	18
15320	18
15321	18
15322	18
15323	18
15324	18
15325	18
15326	18
15327	18
15328	18
15329	18
15330	18
15331	18
15332	18
15333	18
15334	18
15335	18
15336	18
15337	18
15338	18
15339	18
15340	18
15341	18
15342	18
15343	18
15344	18
15345	18
15346	18
15347	18
15348	18
15349	18
15350	18
15351	18
15352	18
15353	18
15354	18
15355	18
15356	18
15357	18
15358	18
15359	18
15360	18
15361	18
15362	18
15363	18
15364	18
15365	18
15366	18
15367	18
15368	18
15369	18
15370	18
15371	18
15372	18
15373	18
15374	18
15375	18
15376	18
15377	18
15378	18
15379	18
15380	18
15381	18
15382	18
15383	18
15384	18
15385	18
15386	18
15387	18
15388	18
15389	18
15390	18
15391	18
15392	18
15393	18
15394	18
15395	18
15396	18
15397	18
15398	18
15399	18
15400	18
15401	18
15402	18
15403	18
15404	18
15405	18
15406	18
15407	18
15408	18
15409	18
15410	18
15411	18
15412	18
15413	18
15414	18
15415	18
15416	18
15417	18
15418	18
15419	18
15420	18
15421	18
15422	18
15423	18
15424	18
15425	18
15426	18
15427	18
15428	18
15429	18
15430	18
15431	18
15432	18
15433	18
15434	18
15435	18
15436	18
15437	18
15438	18
15439	18
15440	18
15441	18
15442	18
15443	18
15444	18
15445	18
15446	18
15447	18
15448	18
15449	18
15450	18
15451	18
15452	18
15453	18
15454	18
15455	18
15456	18
15457	18
15458	18
15459	18
15460	18
15461	18
15462	18
15463	18
15464	18
15465	18
15466	18
15467	18
15468	18
15469	18
15470	18
15471	18
15472	18
15473	18
15474	18
15475	18
15476	18
15477	18
15478	18
15479	18
15480	18
15481	18
15482	18
15483	18
15484	18
15485	18
15486	18
15487	18
15488	18
15489	18
15490	18
15491	18
15492	18
15493	18
15494	18
15495	18
15496	18
15497	18
15498	18
15499	18
15500	18
15501	18
15502	18
15503	18
15504	18
15505	18
15506	18
15507	18
15508	18
15509	18
15510	18
15511	18
15512	18
15513	18
15514	18
15515	18
15516	18
15517	18
15518	18
15519	18
15520	18
15521	18
15522	18
15523	18
15524	18
15525	18
15526	18
15527	18
15528	18
15529	18
15530	18
15531	18
15532	18
15533	18
15534	18
15535	18
15536	18
15537	18
15538	18
15539	18
15540	18
15541	18
15542	18
15543	18
15544	18
15545	18
15546	18
15547	18
15548	18
15549	18
15550	18
15551	18
15552	18
15553	18
15554	18
15555	18
15556	18
15557	18
15558	18
15559	18
15560	18
15561	18
15562	18
15563	18
15564	18
15565	18
15566	18
15567	18
15568	18
15569	18
15570	18
15571	18
15572	18
15573	18
15574	18
15575	18
15576	18
15577	18
15578	18
15579	18
15580	18
15581	18
15582	18
15583	18
15584	18
15585	18
15586	18
15587	18
15588	18
15589	18
15590	18
15591	18
15592	18
15593	18
15594	18
15595	18
15596	18
15597	18
15598	18
15599	18
15600	18
15601	18
15602	18
15603	18
15604	18
15605	18
15606	18
15607	18
15608	18
15609	18
15610	18
15611	18
15612	18
15613	18
15614	18
15615	18
15616	18
15617	18
15618	18
15619	18
15620	18
15621	18
15622	18
15623	18
15624	18
15625	18
15626	18
15627	18
15628	18
15629	18
15630	18
15631	18
15632	18
15633	18
15634	18
15635	18
15636	18
15637	18
15638	18
15639	18
15640	18
15641	18
15642	18
15643	18
15644	18
15645	18
15646	18
15647	18
15648	18
15649	18
15650	18
15651	18
15652	18
15653	18
15654	18
15655	18
15656	18
15657	18
15658	18
15659	18
15660	18
15661	18
15662	18
15663	18
15664	18
15665	18
15666	18
15667	18
15668	18
15669	18
15670	18
15671	18
15672	18
15673	18
15674	18
15675	18
15676	18
15677	18
15678	18
15679	18
15680	18
15681	18
15682	18
15683	18
15684	18
15685	18
15686	18
15687	18
15688	18
15689	18
15690	18
15691	18
15692	18
15693	18
15694	18
15695	18
15696	18
15697	18
15698	18
15699	18
15700	18
15701	18
15702	18
15703	18
15704	18
15705	18
15706	18
15707	18
15708	18
15709	18
15710	18
15711	18
15712	18
15713	18
15714	18
15715	18
15716	18
15717	18
15718	18
15719	18
15720	18
15721	18
15722	18
15723	18
15724	18
15725	18
15726	18
15727	18
15728	18
15729	18
15730	18
15731	18
15732	18
15733	18
15734	18
15735	18
15736	18
15737	18
15738	18
15739	18
15740	18
15741	18
15742	18
15743	18
15744	18
15745	18
15746	18
15747	18
15748	18
15749	18
15750	18
15751	18
15752	18
15753	18
15754	18
15755	18
15756	18
15757	18
15758	18
15759	18
15760	18
15761	18
15762	18
15763	18
15764	18
15765	18
15766	18
15767	18
15768	18
15769	18
15770	18
15771	18
15772	18
15773	18
15774	18
15775	18
15776	18
15777	18
15778	18
15779	18
15780	18
15781	18
15782	18
15783	18
15784	18
15785	18
15786	18
15787	18
15788	18
15789	18
15790	18
15791	18
15792	18
15793	18
15794	18
15795	18
15796	18
15797	18
15798	18
15799	18
15800	18
15801	18
15802	18
15803	18
15804	18
15805	18
15806	18
15807	18
15808	18
15809	18
15810	18
15811	18
15812	18
15813	18
15814	18
15815	18
15816	18
15817	18
15818	18
15819	18
15820	18
15821	18
15822	18
15823	18
15824	18
15825	18
15826	18
15827	19
15828	19
15829	19
15830	19
15831	19
15832	19
15833	19
15834	19
15835	19
15836	19
15837	19
15838	19
15839	19
15840	19
15841	19
15842	19
15843	19
15844	19
15845	19
15846	19
15847	19
15848	19
15849	19
15850	19
15851	19
15852	19
15853	19
15854	19
15855	19
15856	19
15857	19
15858	19
15859	19
15860	19
15861	19
15862	19
15863	19
15864	19
15865	19
15866	19
15867	19
15868	19
15869	19
15870	19
15871	19
15872	19
15873	19
15874	19
15875	19
15876	19
15877	19
15878	19
15879	19
15880	19
15881	19
15882	19
15883	19
15884	19
15885	19
15886	19
15887	19
15888	19
15889	19
15890	19
15891	19
15892	19
15893	19
15894	19
15895	19
15896	19
15897	19
15898	19
15899	19
15900	19
15901	19
15902	19
15903	19
15904	19
15905	19
15906	19
15907	19
15908	19
15909	19
15910	19
15911	19
15912	19
15913	19
15914	19
15915	19
15916	19
15917	19
15918	19
15919	19
15920	19
15921	19
15922	19
15923	19
15924	19
15925	19
15926	19
15927	19
15928	19
15929	19
15930	19
15931	19
15932	19
15933	19
15934	19
15935	19
15936	19
15937	19
15938	19
15939	19
15940	19
15941	19
15942	19
15943	19
15944	19
15945	19
15946	19
15947	19
15948	19
15949	19
15950	19
15951	19
15952	19
15953	19
15954	19
15955	19
15956	19
15957	19
15958	19
15959	19
15960	19
15961	19
15962	19
15963	19
15964	19
15965	19
15966	19
15967	19
15968	19
15969	19
15970	19
15971	19
15972	19
15973	19
15974	19
15975	19
15976	19
15977	19
15978	19
15979	19
15980	19
15981	19
15982	19
15983	19
15984	19
15985	19
15986	19
15987	19
15988	19
15989	19
15990	19
15991	19
15992	19
15993	19
15994	19
15995	19
15996	19
15997	19
15998	19
15999	19
16000	19
16001	19
16002	19
16003	19
16004	19
16005	19
16006	19
16007	19
16008	19
16009	19
16010	19
16011	19
16012	19
16013	19
16014	19
16015	19
16016	19
16017	19
16018	19
16019	19
16020	19
16021	19
16022	19
16023	19
16024	19
16025	19
16026	19
16027	19
16028	19
16029	19
16030	19
16031	19
16032	19
16033	19
16034	19
16035	19
16036	19
16037	19
16038	19
16039	19
16040	19
16041	19
16042	19
16043	19
16044	19
16045	19
16046	19
16047	19
16048	19
16049	19
16050	19
16051	19
16052	19
16053	19
16054	19
16055	19
16056	19
16057	19
16058	19
16059	19
16060	19
16061	19
16062	19
16063	19
16064	19
16065	19
16066	19
16067	19
16068	19
16069	19
16070	19
16071	19
16072	19
16073	19
16074	19
16075	19
16076	19
16077	19
16078	19
16079	19
16080	19
16081	19
16082	19
16083	19
16084	19
16085	19
16086	19
16087	19
16088	19
16089	19
16090	19
16091	19
16092	19
16093	19
16094	19
16095	19
16096	19
16097	19
16098	19
16099	19
16100	19
16101	19
16102	19
16103	19
16104	19
16105	19
16106	19
16107	19
16108	19
16109	19
16110	19
16111	19
16112	19
16113	19
16114	19
16115	19
16116	19
16117	19
16118	19
16119	19
16120	19
16121	19
16122	19
16123	19
16124	19
16125	19
16126	19
16127	19
16128	19
16129	19
16130	19
16131	19
16132	19
16133	19
16134	19
16135	19
16136	19
16137	19
16138	19
16139	19
16140	19
16141	19
16142	19
16143	19
16144	19
16145	19
16146	19
16147	19
16148	19
16149	19
16150	19
16151	19
16152	19
16153	19
16154	19
16155	19
16156	19
16157	19
16158	19
16159	19
16160	19
16161	19
16162	19
16163	19
16164	19
16165	19
16166	19
16167	19
16168	19
16169	19
16170	19
16171	19
16172	19
16173	19
16174	19
16175	19
16176	19
16177	19
16178	19
16179	19
16180	19
16181	19
16182	19
16183	19
16184	19
16185	19
16186	19
16187	19
16188	19
16189	19
16190	19
16191	19
16192	19
16193	19
16194	19
16195	19
16196	19
16197	19
16198	19
16199	19
16200	19
16201	19
16202	19
16203	19
16204	19
16205	19
16206	19
16207	19
16208	19
16209	19
16210	19
16211	19
16212	19
16213	19
16214	19
16215	19
16216	19
16217	19
16218	19
16219	19
16220	19
16221	19
16222	19
16223	19
16224	19
16225	19
16226	19
16227	19
16228	19
16229	19
16230	19
16231	19
16232	19
16233	19
16234	19
16235	19
16236	19
16237	19
16238	19
16239	19
16240	19
16241	19
16242	19
16243	19
16244	19
16245	19
16246	19
16247	19
16248	19
16249	19
16250	19
16251	19
16252	19
16253	19
16254	19
16255	19
16256	19
16257	19
16258	19
16259	19
16260	19
16261	19
16262	19
16263	19
16264	19
16265	19
16266	19
16267	19
16268	19
16269	19
16270	19
16271	19
16272	19
16273	19
16274	19
16275	19
16276	19
16277	19
16278	19
16279	19
16280	19
16281	19
16282	19
16283	19
16284	19
16285	19
16286	19
16287	19
16288	19
16289	19
16290	19
16291	19
16292	19
16293	19
16294	19
16295	19
16296	19
16297	19
16298	19
16299	19
16300	19
16301	19
16302	19
16303	19
16304	19
16305	19
16306	19
16307	19
16308	19
16309	19
16310	19
16311	19
16312	19
16313	19
16314	19
16315	19
16316	19
16317	19
16318	19
16319	19
16320	19
16321	19
16322	19
16323	19
16324	19
16325	19
16326	19
16327	19
16328	19
16329	19
16330	19
16331	19
16332	19
16333	19
16334	19
16335	19
16336	19
16337	19
16338	19
16339	19
16340	19
16341	19
16342	19
16343	19
16344	19
16345	19
16346	19
16347	19
16348	19
16349	19
16350	19
16351	19
16352	19
16353	19
16354	19
16355	19
16356	19
16357	19
16358	19
16359	19
16360	19
16361	19
16362	19
16363	19
16364	19
16365	19
16366	19
16367	19
16368	19
16369	19
16370	19
16371	19
16372	19
16373	19
16374	19
16375	19
16376	19
16377	19
16378	19
16379	19
16380	19
16381	19
16382	19
16383	19
16384	19
16385	19
16386	19
16387	19
16388	19
16389	19
16390	19
16391	19
16392	19
16393	19
16394	19
16395	19
16396	19
16397	19
16398	19
16399	19
16400	19
16401	19
16402	19
16403	19
16404	19
16405	19
16406	19
16407	19
16408	19
16409	19
16410	19
16411	19
16412	19
16413	19
16414	19
16415	19
16416	19
16417	19
16418	19
16419	19
16420	19
16421	19
16422	19
16423	19
16424	19
16425	19
16426	19
16427	19
16428	19
16429	19
16430	19
16431	19
16432	19
16433	19
16434	19
16435	19
16436	19
16437	19
16438	19
16439	19
16440	19
16441	19
16442	19
16443	19
16444	19
16445	19
16446	19
16447	19
16448	19
16449	19
16450	19
16451	19
16452	19
16453	19
16454	19
16455	19
16456	19
16457	19
16458	19
16459	19
16460	19
16461	19
16462	19
16463	19
16464	19
16465	19
16466	19
16467	19
16468	19
16469	19
16470	19
16471	19
16472	19
16473	19
16474	19
16475	19
16476	19
16477	19
16478	19
16479	19
16480	19
16481	19
16482	19
16483	19
16484	19
16485	19
16486	19
16487	19
16488	19
16489	19
16490	19
16491	19
16492	19
16493	19
16494	19
16495	19
16496	19
16497	19
16498	19
16499	19
16500	19
16501	19
16502	19
16503	19
16504	19
16505	19
16506	19
16507	19
16508	19
16509	19
16510	19
16511	19
16512	19
16513	19
16514	19
16515	19
16516	19
16517	19
16518	19
16519	19
16520	19
16521	19
16522	19
16523	19
16524	19
16525	19
16526	19
16527	19
16528	19
16529	19
16530	19
16531	19
16532	19
16533	19
16534	19
16535	19
16536	19
16537	19
16538	19
16539	19
16540	19
16541	19
16542	19
16543	19
16544	19
16545	19
16546	19
16547	19
16548	19
16549	19
16550	19
16551	19
16552	19
16553	19
16554	19
16555	19
16556	19
16557	19
16558	19
16559	19
16560	19
16561	19
16562	19
16563	19
16564	19
16565	19
16566	19
16567	19
16568	19
16569	19
16570	19
16571	19
16572	19
16573	19
16574	19
16575	19
16576	19
16577	19
16578	19
16579	19
16580	19
16581	19
16582	19
16583	19
16584	19
16585	19
16586	19
16587	19
16588	19
16589	19
16590	19
16591	19
16592	19
16593	19
16594	19
16595	19
16596	19
16597	19
16598	19
16599	19
16600	19
16601	19
16602	19
16603	19
16604	19
16605	19
16606	19
16607	19
16608	19
16609	19
16610	19
16611	19
16612	19
16613	19
16614	19
16615	19
16616	19
16617	19
16618	19
16619	19
16620	19
16621	19
16622	19
16623	19
16624	19
16625	19
16626	19
16627	19
16628	19
16629	19
16630	19
16631	19
16632	19
16633	19
16634	19
16635	19
16636	19
16637	19
16638	19
16639	19
16640	19
16641	19
16642	19
16643	19
16644	19
16645	19
16646	19
16647	19
16648	19
16649	19
16650	19
16651	19
16652	19
16653	19
16654	19
16655	19
16656	19
16657	19
16658	19
16659	19
16660	20
16661	20
16662	20
16663	20
16664	20
16665	20
16666	20
16667	20
16668	20
16669	20
16670	20
16671	20
16672	20
16673	20
16674	20
16675	20
16676	20
16677	20
16678	20
16679	20
16680	20
16681	20
16682	20
16683	20
16684	20
16685	20
16686	20
16687	20
16688	20
16689	20
16690	20
16691	20
16692	20
16693	20
16694	20
16695	20
16696	20
16697	20
16698	20
16699	20
16700	20
16701	20
16702	20
16703	20
16704	20
16705	20
16706	20
16707	20
16708	20
16709	20
16710	20
16711	20
16712	20
16713	20
16714	20
16715	20
16716	20
16717	20
16718	20
16719	20
16720	20
16721	20
16722	20
16723	20
16724	20
16725	20
16726	20
16727	20
16728	20
16729	20
16730	20
16731	20
16732	20
16733	20
16734	20
16735	20
16736	20
16737	20
16738	20
16739	20
16740	20
16741	20
16742	20
16743	20
16744	20
16745	20
16746	20
16747	20
16748	20
16749	20
16750	20
16751	20
16752	20
16753	20
16754	20
16755	20
16756	20
16757	20
16758	20
16759	20
16760	20
16761	20
16762	20
16763	20
16764	20
16765	20
16766	20
16767	20
16768	20
16769	20
16770	20
16771	20
16772	20
16773	20
16774	20
16775	20
16776	20
16777	20
16778	20
16779	20
16780	20
16781	20
16782	20
16783	20
16784	20
16785	20
16786	20
16787	20
16788	20
16789	20
16790	20
16791	20
16792	20
16793	20
16794	20
16795	20
16796	20
16797	20
16798	20
16799	20
16800	20
16801	20
16802	20
16803	20
16804	20
16805	20
16806	20
16807	20
16808	20
16809	20
16810	20
16811	20
16812	20
16813	20
16814	20
16815	20
16816	20
16817	20
16818	20
16819	20
16820	20
16821	20
16822	20
16823	20
16824	20
16825	20
16826	20
16827	20
16828	20
16829	20
16830	20
16831	20
16832	20
16833	20
16834	20
16835	20
16836	20
16837	20
16838	20
16839	20
16840	20
16841	20
16842	20
16843	20
16844	20
16845	20
16846	20
16847	20
16848	20
16849	20
16850	20
16851	20
16852	20
16853	20
16854	20
16855	20
16856	20
16857	20
16858	20
16859	20
16860	20
16861	20
16862	20
16863	20
16864	20
16865	20
16866	20
16867	20
16868	20
16869	20
16870	20
16871	20
16872	20
16873	20
16874	20
16875	20
16876	20
16877	20
16878	20
16879	20
16880	20
16881	20
16882	20
16883	20
16884	20
16885	20
16886	20
16887	20
16888	20
16889	20
16890	20
16891	20
16892	20
16893	20
16894	20
16895	20
16896	20
16897	20
16898	20
16899	20
16900	20
16901	20
16902	20
16903	20
16904	20
16905	20
16906	20
16907	20
16908	20
16909	20
16910	20
16911	20
16912	20
16913	20
16914	20
16915	20
16916	20
16917	20
16918	20
16919	20
16920	20
16921	20
16922	20
16923	20
16924	20
16925	20
16926	20
16927	20
16928	20
16929	20
16930	20
16931	20
16932	20
16933	20
16934	20
16935	20
16936	20
16937	20
16938	20
16939	20
16940	20
16941	20
16942	20
16943	20
16944	20
16945	20
16946	20
16947	20
16948	20
16949	20
16950	20
16951	20
16952	20
16953	20
16954	20
16955	20
16956	20
16957	20
16958	20
16959	20
16960	20
16961	20
16962	20
16963	20
16964	20
16965	20
16966	20
16967	20
16968	20
16969	20
16970	20
16971	20
16972	20
16973	20
16974	20
16975	20
16976	20
16977	20
16978	20
16979	20
16980	20
16981	20
16982	20
16983	20
16984	20
16985	20
16986	20
16987	20
16988	20
16989	20
16990	20
16991	20
16992	20
16993	20
16994	20
16995	20
16996	20
16997	20
16998	20
16999	20
17000	20
17001	20
17002	20
17003	20
17004	20
17005	20
17006	20
17007	20
17008	20
17009	20
17010	20
17011	20
17012	20
17013	20
17014	20
17015	20
17016	20
17017	20
17018	20
17019	20
17020	20
17021	20
17022	20
17023	20
17024	20
17025	20
17026	20
17027	20
17028	20
17029	20
17030	20
17031	20
17032	20
17033	20
17034	20
17035	20
17036	20
17037	20
17038	20
17039	20
17040	20
17041	20
17042	20
17043	20
17044	20
17045	20
17046	20
17047	20
17048	20
17049	20
17050	20
17051	20
17052	20
17053	20
17054	20
17055	20
17056	20
17057	20
17058	20
17059	20
17060	20
17061	20
17062	20
17063	20
17064	20
17065	20
17066	20
17067	20
17068	20
17069	20
17070	20
17071	20
17072	20
17073	20
17074	20
17075	20
17076	20
17077	20
17078	20
17079	20
17080	20
17081	20
17082	20
17083	20
17084	20
17085	20
17086	20
17087	20
17088	20
17089	20
17090	20
17091	20
17092	20
17093	20
17094	20
17095	20
17096	20
17097	20
17098	20
17099	20
17100	20
17101	20
17102	20
17103	20
17104	20
17105	20
17106	20
17107	20
17108	20
17109	20
17110	20
17111	20
17112	20
17113	20
17114	20
17115	20
17116	20
17117	20
17118	20
17119	20
17120	20
17121	20
17122	20
17123	20
17124	20
17125	20
17126	20
17127	20
17128	20
17129	20
17130	20
17131	20
17132	20
17133	20
17134	20
17135	20
17136	20
17137	20
17138	20
17139	20
17140	20
17141	20
17142	20
17143	20
17144	20
17145	20
17146	20
17147	20
17148	20
17149	20
17150	20
17151	20
17152	20
17153	20
17154	20
17155	20
17156	20
17157	20
17158	20
17159	20
17160	20
17161	20
17162	20
17163	20
17164	20
17165	20
17166	20
17167	20
17168	20
17169	20
17170	20
17171	20
17172	20
17173	20
17174	20
17175	20
17176	20
17177	20
17178	20
17179	20
17180	20
17181	20
17182	20
17183	20
17184	20
17185	20
17186	20
17187	20
17188	20
17189	20
17190	20
17191	20
17192	20
17193	20
17194	20
17195	20
17196	20
17197	20
17198	20
17199	20
17200	20
17201	20
17202	20
17203	20
17204	20
17205	20
17206	20
17207	20
17208	20
17209	20
17210	20
17211	20
17212	20
17213	20
17214	20
17215	20
17216	20
17217	20
17218	20
17219	20
17220	20
17221	20
17222	20
17223	20
17224	20
17225	20
17226	20
17227	20
17228	20
17229	20
17230	20
17231	20
17232	20
17233	20
17234	20
17235	20
17236	20
17237	20
17238	20
17239	20
17240	20
17241	20
17242	20
17243	20
17244	20
17245	20
17246	20
17247	20
17248	20
17249	20
17250	20
17251	20
17252	20
17253	20
17254	20
17255	20
17256	20
17257	20
17258	20
17259	20
17260	20
17261	20
17262	20
17263	20
17264	20
17265	20
17266	20
17267	20
17268	20
17269	20
17270	20
17271	20
17272	20
17273	20
17274	20
17275	20
17276	20
17277	20
17278	20
17279	20
17280	20
17281	20
17282	20
17283	20
17284	20
17285	20
17286	20
17287	20
17288	20
17289	20
17290	20
17291	20
17292	20
17293	20
17294	20
17295	20
17296	20
17297	20
17298	20
17299	20
17300	20
17301	20
17302	20
17303	20
17304	20
17305	20
17306	20
17307	20
17308	20
17309	20
17310	20
17311	20
17312	20
17313	20
17314	20
17315	20
17316	20
17317	20
17318	20
17319	20
17320	20
17321	20
17322	20
17323	20
17324	20
17325	20
17326	20
17327	20
17328	20
17329	20
17330	20
17331	20
17332	20
17333	20
17334	20
17335	20
17336	20
17337	20
17338	20
17339	20
17340	20
17341	20
17342	20
17343	20
17344	20
17345	20
17346	20
17347	20
17348	20
17349	20
17350	20
17351	20
17352	20
17353	20
17354	20
17355	20
17356	20
17357	20
17358	20
17359	20
17360	20
17361	20
17362	20
17363	20
17364	20
17365	20
17366	20
17367	20
17368	20
17369	20
17370	20
17371	20
17372	20
17373	20
17374	20
17375	20
17376	20
17377	20
17378	20
17379	20
17380	20
17381	20
17382	20
17383	20
17384	20
17385	20
17386	20
17387	20
17388	20
17389	20
17390	20
17391	20
17392	20
17393	20
17394	20
17395	20
17396	20
17397	20
17398	20
17399	20
17400	20
17401	20
17402	20
17403	20
17404	20
17405	20
17406	20
17407	20
17408	20
17409	20
17410	20
17411	20
17412	20
17413	20
17414	20
17415	20
17416	20
17417	20
17418	20
17419	20
17420	20
17421	20
17422	20
17423	20
17424	20
17425	20
17426	20
17427	20
17428	20
17429	20
17430	20
17431	20
17432	20
17433	20
17434	20
17435	20
17436	20
17437	20
17438	20
17439	20
17440	20
17441	20
17442	20
17443	20
17444	20
17445	20
17446	20
17447	20
17448	20
17449	20
17450	20
17451	20
17452	20
17453	20
17454	20
17455	20
17456	20
17457	20
17458	20
17459	20
17460	20
17461	20
17462	20
17463	20
17464	20
17465	20
17466	20
17467	20
17468	20
17469	20
17470	20
17471	20
17472	20
17473	20
17474	20
17475	20
17476	20
17477	20
17478	20
17479	20
17480	20
17481	20
17482	20
17483	20
17484	20
17485	20
17486	20
17487	20
17488	20
17489	20
17490	20
17491	20
17492	20
17493	21
17494	21
17495	21
17496	21
17497	21
17498	21
17499	21
17500	21
17501	21
17502	21
17503	21
17504	21
17505	21
17506	21
17507	21
17508	21
17509	21
17510	21
17511	21
17512	21
17513	21
17514	21
17515	21
17516	21
17517	21
17518	21
17519	21
17520	21
17521	21
17522	21
17523	21
17524	21
17525	21
17526	21
17527	21
17528	21
17529	21
17530	21
17531	21
17532	21
17533	21
17534	21
17535	21
17536	21
17537	21
17538	21
17539	21
17540	21
17541	21
17542	21
17543	21
17544	21
17545	21
17546	21
17547	21
17548	21
17549	21
17550	21
17551	21
17552	21
17553	21
17554	21
17555	21
17556	21
17557	21
17558	21
17559	21
17560	21
17561	21
17562	21
17563	21
17564	21
17565	21
17566	21
17567	21
17568	21
17569	21
17570	21
17571	21
17572	21
17573	21
17574	21
17575	21
17576	21
17577	21
17578	21
17579	21
17580	21
17581	21
17582	21
17583	21
17584	21
17585	21
17586	21
17587	21
17588	21
17589	21
17590	21
17591	21
17592	21
17593	21
17594	21
17595	21
17596	21
17597	21
17598	21
17599	21
17600	21
17601	21
17602	21
17603	21
17604	21
17605	21
17606	21
17607	21
17608	21
17609	21
17610	21
17611	21
17612	21
17613	21
17614	21
17615	21
17616	21
17617	21
17618	21
17619	21
17620	21
17621	21
17622	21
17623	21
17624	21
17625	21
17626	21
17627	21
17628	21
17629	21
17630	21
17631	21
17632	21
17633	21
17634	21
17635	21
17636	21
17637	21
17638	21
17639	21
17640	21
17641	21
17642	21
17643	21
17644	21
17645	21
17646	21
17647	21
17648	21
17649	21
17650	21
17651	21
17652	21
17653	21
17654	21
17655	21
17656	21
17657	21
17658	21
17659	21
17660	21
17661	21
17662	21
17663	21
17664	21
17665	21
17666	21
17667	21
17668	21
17669	21
17670	21
17671	21
17672	21
17673	21
17674	21
17675	21
17676	21
17677	21
17678	21
17679	21
17680	21
17681	21
17682	21
17683	21
17684	21
17685	21
17686	21
17687	21
17688	21
17689	21
17690	21
17691	21
17692	21
17693	21
17694	21
17695	21
17696	21
17697	21
17698	21
17699	21
17700	21
17701	21
17702	21
17703	21
17704	21
17705	21
17706	21
17707	21
17708	21
17709	21
17710	21
17711	21
17712	21
17713	21
17714	21
17715	21
17716	21
17717	21
17718	21
17719	21
17720	21
17721	21
17722	21
17723	21
17724	21
17725	21
17726	21
17727	21
17728	21
17729	21
17730	21
17731	21
17732	21
17733	21
17734	21
17735	21
17736	21
17737	21
17738	21
17739	21
17740	21
17741	21
17742	21
17743	21
17744	21
17745	21
17746	21
17747	21
17748	21
17749	21
17750	21
17751	21
17752	21
17753	21
17754	21
17755	21
17756	21
17757	21
17758	21
17759	21
17760	21
17761	21
17762	21
17763	21
17764	21
17765	21
17766	21
17767	21
17768	21
17769	21
17770	21
17771	21
17772	21
17773	21
17774	21
17775	21
17776	21
17777	21
17778	21
17779	21
17780	21
17781	21
17782	21
17783	21
17784	21
17785	21
17786	21
17787	21
17788	21
17789	21
17790	21
17791	21
17792	21
17793	21
17794	21
17795	21
17796	21
17797	21
17798	21
17799	21
17800	21
17801	21
17802	21
17803	21
17804	21
17805	21
17806	21
17807	21
17808	21
17809	21
17810	21
17811	21
17812	21
17813	21
17814	21
17815	21
17816	21
17817	21
17818	21
17819	21
17820	21
17821	21
17822	21
17823	21
17824	21
17825	21
17826	21
17827	21
17828	21
17829	21
17830	21
17831	21
17832	21
17833	21
17834	21
17835	21
17836	21
17837	21
17838	21
17839	21
17840	21
17841	21
17842	21
17843	21
17844	21
17845	21
17846	21
17847	21
17848	21
17849	21
17850	21
17851	21
17852	21
17853	21
17854	21
17855	21
17856	21
17857	21
17858	21
17859	21
17860	21
17861	21
17862	21
17863	21
17864	21
17865	21
17866	21
17867	21
17868	21
17869	21
17870	21
17871	21
17872	21
17873	21
17874	21
17875	21
17876	21
17877	21
17878	21
17879	21
17880	21
17881	21
17882	21
17883	21
17884	21
17885	21
17886	21
17887	21
17888	21
17889	21
17890	21
17891	21
17892	21
17893	21
17894	21
17895	21
17896	21
17897	21
17898	21
17899	21
17900	21
17901	21
17902	21
17903	21
17904	21
17905	21
17906	21
17907	21
17908	21
17909	21
17910	21
17911	21
17912	21
17913	21
17914	21
17915	21
17916	21
17917	21
17918	21
17919	21
17920	21
17921	21
17922	21
17923	21
17924	21
17925	21
17926	21
17927	21
17928	21
17929	21
17930	21
17931	21
17932	21
17933	21
17934	21
17935	21
17936	21
17937	21
17938	21
17939	21
17940	21
17941	21
17942	21
17943	21
17944	21
17945	21
17946	21
17947	21
17948	21
17949	21
17950	21
17951	21
17952	21
17953	21
17954	21
17955	21
17956	21
17957	21
17958	21
17959	21
17960	21
17961	21
17962	21
17963	21
17964	21
17965	21
17966	21
17967	21
17968	21
17969	21
17970	21
17971	21
17972	21
17973	21
17974	21
17975	21
17976	21
17977	21
17978	21
17979	21
17980	21
17981	21
17982	21
17983	21
17984	21
17985	21
17986	21
17987	21
17988	21
17989	21
17990	21
17991	21
17992	21
17993	21
17994	21
17995	21
17996	21
17997	21
17998	21
17999	21
18000	21
18001	21
18002	21
18003	21
18004	21
18005	21
18006	21
18007	21
18008	21
18009	21
18010	21
18011	21
18012	21
18013	21
18014	21
18015	21
18016	21
18017	21
18018	21
18019	21
18020	21
18021	21
18022	21
18023	21
18024	21
18025	21
18026	21
18027	21
18028	21
18029	21
18030	21
18031	21
18032	21
18033	21
18034	21
18035	21
18036	21
18037	21
18038	21
18039	21
18040	21
18041	21
18042	21
18043	21
18044	21
18045	21
18046	21
18047	21
18048	21
18049	21
18050	21
18051	21
18052	21
18053	21
18054	21
18055	21
18056	21
18057	21
18058	21
18059	21
18060	21
18061	21
18062	21
18063	21
18064	21
18065	21
18066	21
18067	21
18068	21
18069	21
18070	21
18071	21
18072	21
18073	21
18074	21
18075	21
18076	21
18077	21
18078	21
18079	21
18080	21
18081	21
18082	21
18083	21
18084	21
18085	21
18086	21
18087	21
18088	21
18089	21
18090	21
18091	21
18092	21
18093	21
18094	21
18095	21
18096	21
18097	21
18098	21
18099	21
18100	21
18101	21
18102	21
18103	21
18104	21
18105	21
18106	21
18107	21
18108	21
18109	21
18110	21
18111	21
18112	21
18113	21
18114	21
18115	21
18116	21
18117	21
18118	21
18119	21
18120	21
18121	21
18122	21
18123	21
18124	21
18125	21
18126	21
18127	21
18128	21
18129	21
18130	21
18131	21
18132	21
18133	21
18134	21
18135	21
18136	21
18137	21
18138	21
18139	21
18140	21
18141	21
18142	21
18143	21
18144	21
18145	21
18146	21
18147	21
18148	21
18149	21
18150	21
18151	21
18152	21
18153	21
18154	21
18155	21
18156	21
18157	21
18158	21
18159	21
18160	21
18161	21
18162	21
18163	21
18164	21
18165	21
18166	21
18167	21
18168	21
18169	21
18170	21
18171	21
18172	21
18173	21
18174	21
18175	21
18176	21
18177	21
18178	21
18179	21
18180	21
18181	21
18182	21
18183	21
18184	21
18185	21
18186	21
18187	21
18188	21
18189	21
18190	21
18191	21
18192	21
18193	21
18194	21
18195	21
18196	21
18197	21
18198	21
18199	21
18200	21
18201	21
18202	21
18203	21
18204	21
18205	21
18206	21
18207	21
18208	21
18209	21
18210	21
18211	21
18212	21
18213	21
18214	21
18215	21
18216	21
18217	21
18218	21
18219	21
18220	21
18221	21
18222	21
18223	21
18224	21
18225	21
18226	21
18227	21
18228	21
18229	21
18230	21
18231	21
18232	21
18233	21
18234	21
18235	21
18236	21
18237	21
18238	21
18239	21
18240	21
18241	21
18242	21
18243	21
18244	21
18245	21
18246	21
18247	21
18248	21
18249	21
18250	21
18251	21
18252	21
18253	21
18254	21
18255	21
18256	21
18257	21
18258	21
18259	21
18260	21
18261	21
18262	21
18263	21
18264	21
18265	21
18266	21
18267	21
18268	21
18269	21
18270	21
18271	21
18272	21
18273	21
18274	21
18275	21
18276	21
18277	21
18278	21
18279	21
18280	21
18281	21
18282	21
18283	21
18284	21
18285	21
18286	21
18287	21
18288	21
18289	21
18290	21
18291	21
18292	21
18293	21
18294	21
18295	21
18296	21
18297	21
18298	21
18299	21
18300	21
18301	21
18302	21
18303	21
18304	21
18305	21
18306	21
18307	21
18308	21
18309	21
18310	21
18311	21
18312	21
18313	21
18314	21
18315	21
18316	21
18317	21
18318	21
18319	21
18320	21
18321	21
18322	21
18323	21
18324	21
18325	21
18326	22
18327	22
18328	22
18329	22
18330	22
18331	22
18332	22
18333	22
18334	22
18335	22
18336	22
18337	22
18338	22
18339	22
18340	22
18341	22
18342	22
18343	22
18344	22
18345	22
18346	22
18347	22
18348	22
18349	22
18350	22
18351	22
18352	22
18353	22
18354	22
18355	22
18356	22
18357	22
18358	22
18359	22
18360	22
18361	22
18362	22
18363	22
18364	22
18365	22
18366	22
18367	22
18368	22
18369	22
18370	22
18371	22
18372	22
18373	22
18374	22
18375	22
18376	22
18377	22
18378	22
18379	22
18380	22
18381	22
18382	22
18383	22
18384	22
18385	22
18386	22
18387	22
18388	22
18389	22
18390	22
18391	22
18392	22
18393	22
18394	22
18395	22
18396	22
18397	22
18398	22
18399	22
18400	22
18401	22
18402	22
18403	22
18404	22
18405	22
18406	22
18407	22
18408	22
18409	22
18410	22
18411	22
18412	22
18413	22
18414	22
18415	22
18416	22
18417	22
18418	22
18419	22
18420	22
18421	22
18422	22
18423	22
18424	22
18425	22
18426	22
18427	22
18428	22
18429	22
18430	22
18431	22
18432	22
18433	22
18434	22
18435	22
18436	22
18437	22
18438	22
18439	22
18440	22
18441	22
18442	22
18443	22
18444	22
18445	22
18446	22
18447	22
18448	22
18449	22
18450	22
18451	22
18452	22
18453	22
18454	22
18455	22
18456	22
18457	22
18458	22
18459	22
18460	22
18461	22
18462	22
18463	22
18464	22
18465	22
18466	22
18467	22
18468	22
18469	22
18470	22
18471	22
18472	22
18473	22
18474	22
18475	22
18476	22
18477	22
18478	22
18479	22
18480	22
18481	22
18482	22
18483	22
18484	22
18485	22
18486	22
18487	22
18488	22
18489	22
18490	22
18491	22
18492	22
18493	22
18494	22
18495	22
18496	22
18497	22
18498	22
18499	22
18500	22
18501	22
18502	22
18503	22
18504	22
18505	22
18506	22
18507	22
18508	22
18509	22
18510	22
18511	22
18512	22
18513	22
18514	22
18515	22
18516	22
18517	22
18518	22
18519	22
18520	22
18521	22
18522	22
18523	22
18524	22
18525	22
18526	22
18527	22
18528	22
18529	22
18530	22
18531	22
18532	22
18533	22
18534	22
18535	22
18536	22
18537	22
18538	22
18539	22
18540	22
18541	22
18542	22
18543	22
18544	22
18545	22
18546	22
18547	22
18548	22
18549	22
18550	22
18551	22
18552	22
18553	22
18554	22
18555	22
18556	22
18557	22
18558	22
18559	22
18560	22
18561	22
18562	22
18563	22
18564	22
18565	22
18566	22
18567	22
18568	22
18569	22
18570	22
18571	22
18572	22
18573	22
18574	22
18575	22
18576	22
18577	22
18578	22
18579	22
18580	22
18581	22
18582	22
18583	22
18584	22
18585	22
18586	22
18587	22
18588	22
18589	22
18590	22
18591	22
18592	22
18593	22
18594	22
18595	22
18596	22
18597	22
18598	22
18599	22
18600	22
18601	22
18602	22
18603	22
18604	22
18605	22
18606	22
18607	22
18608	22
18609	22
18610	22
18611	22
18612	22
18613	22
18614	22
18615	22
18616	22
18617	22
18618	22
18619	22
18620	22
18621	22
18622	22
18623	22
18624	22
18625	22
18626	22
18627	22
18628	22
18629	22
18630	22
18631	22
18632	22
18633	22
18634	22
18635	22
18636	22
18637	22
18638	22
18639	22
18640	22
18641	22
18642	22
18643	22
18644	22
18645	22
18646	22
18647	22
18648	22
18649	22
18650	22
18651	22
18652	22
18653	22
18654	22
18655	22
18656	22
18657	22
18658	22
18659	22
18660	22
18661	22
18662	22
18663	22
18664	22
18665	22
18666	22
18667	22
18668	22
18669	22
18670	22
18671	22
18672	22
18673	22
18674	22
18675	22
18676	22
18677	22
18678	22
18679	22
18680	22
18681	22
18682	22
18683	22
18684	22
18685	22
18686	22
18687	22
18688	22
18689	22
18690	22
18691	22
18692	22
18693	22
18694	22
18695	22
18696	22
18697	22
18698	22
18699	22
18700	22
18701	22
18702	22
18703	22
18704	22
18705	22
18706	22
18707	22
18708	22
18709	22
18710	22
18711	22
18712	22
18713	22
18714	22
18715	22
18716	22
18717	22
18718	22
18719	22
18720	22
18721	22
18722	22
18723	22
18724	22
18725	22
18726	22
18727	22
18728	22
18729	22
18730	22
18731	22
18732	22
18733	22
18734	22
18735	22
18736	22
18737	22
18738	22
18739	22
18740	22
18741	22
18742	22
18743	22
18744	22
18745	22
18746	22
18747	22
18748	22
18749	22
18750	22
18751	22
18752	22
18753	22
18754	22
18755	22
18756	22
18757	22
18758	22
18759	22
18760	22
18761	22
18762	22
18763	22
18764	22
18765	22
18766	22
18767	22
18768	22
18769	22
18770	22
18771	22
18772	22
18773	22
18774	22
18775	22
18776	22
18777	22
18778	22
18779	22
18780	22
18781	22
18782	22
18783	22
18784	22
18785	22
18786	22
18787	22
18788	22
18789	22
18790	22
18791	22
18792	22
18793	22
18794	22
18795	22
18796	22
18797	22
18798	22
18799	22
18800	22
18801	22
18802	22
18803	22
18804	22
18805	22
18806	22
18807	22
18808	22
18809	22
18810	22
18811	22
18812	22
18813	22
18814	22
18815	22
18816	22
18817	22
18818	22
18819	22
18820	22
18821	22
18822	22
18823	22
18824	22
18825	22
18826	22
18827	22
18828	22
18829	22
18830	22
18831	22
18832	22
18833	22
18834	22
18835	22
18836	22
18837	22
18838	22
18839	22
18840	22
18841	22
18842	22
18843	22
18844	22
18845	22
18846	22
18847	22
18848	22
18849	22
18850	22
18851	22
18852	22
18853	22
18854	22
18855	22
18856	22
18857	22
18858	22
18859	22
18860	22
18861	22
18862	22
18863	22
18864	22
18865	22
18866	22
18867	22
18868	22
18869	22
18870	22
18871	22
18872	22
18873	22
18874	22
18875	22
18876	22
18877	22
18878	22
18879	22
18880	22
18881	22
18882	22
18883	22
18884	22
18885	22
18886	22
18887	22
18888	22
18889	22
18890	22
18891	22
18892	22
18893	22
18894	22
18895	22
18896	22
18897	22
18898	22
18899	22
18900	22
18901	22
18902	22
18903	22
18904	22
18905	22
18906	22
18907	22
18908	22
18909	22
18910	22
18911	22
18912	22
18913	22
18914	22
18915	22
18916	22
18917	22
18918	22
18919	22
18920	22
18921	22
18922	22
18923	22
18924	22
18925	22
18926	22
18927	22
18928	22
18929	22
18930	22
18931	22
18932	22
18933	22
18934	22
18935	22
18936	22
18937	22
18938	22
18939	22
18940	22
18941	22
18942	22
18943	22
18944	22
18945	22
18946	22
18947	22
18948	22
18949	22
18950	22
18951	22
18952	22
18953	22
18954	22
18955	22
18956	22
18957	22
18958	22
18959	22
18960	22
18961	22
18962	22
18963	22
18964	22
18965	22
18966	22
18967	22
18968	22
18969	22
18970	22
18971	22
18972	22
18973	22
18974	22
18975	22
18976	22
18977	22
18978	22
18979	22
18980	22
18981	22
18982	22
18983	22
18984	22
18985	22
18986	22
18987	22
18988	22
18989	22
18990	22
18991	22
18992	22
18993	22
18994	22
18995	22
18996	22
18997	22
18998	22
18999	22
19000	22
19001	22
19002	22
19003	22
19004	22
19005	22
19006	22
19007	22
19008	22
19009	22
19010	22
19011	22
19012	22
19013	22
19014	22
19015	22
19016	22
19017	22
19018	22
19019	22
19020	22
19021	22
19022	22
19023	22
19024	22
19025	22
19026	22
19027	22
19028	22
19029	22
19030	22
19031	22
19032	22
19033	22
19034	22
19035	22
19036	22
19037	22
19038	22
19039	22
19040	22
19041	22
19042	22
19043	22
19044	22
19045	22
19046	22
19047	22
19048	22
19049	22
19050	22
19051	22
19052	22
19053	22
19054	22
19055	22
19056	22
19057	22
19058	22
19059	22
19060	22
19061	22
19062	22
19063	22
19064	22
19065	22
19066	22
19067	22
19068	22
19069	22
19070	22
19071	22
19072	22
19073	22
19074	22
19075	22
19076	22
19077	22
19078	22
19079	22
19080	22
19081	22
19082	22
19083	22
19084	22
19085	22
19086	22
19087	22
19088	22
19089	22
19090	22
19091	22
19092	22
19093	22
19094	22
19095	22
19096	22
19097	22
19098	22
19099	22
19100	22
19101	22
19102	22
19103	22
19104	22
19105	22
19106	22
19107	22
19108	22
19109	22
19110	22
19111	22
19112	22
19113	22
19114	22
19115	22
19116	22
19117	22
19118	22
19119	22
19120	22
19121	22
19122	22
19123	22
19124	22
19125	22
19126	22
19127	22
19128	22
19129	22
19130	22
19131	22
19132	22
19133	22
19134	22
19135	22
19136	22
19137	22
19138	22
19139	22
19140	22
19141	22
19142	22
19143	22
19144	22
19145	22
19146	22
19147	22
19148	22
19149	22
19150	22
19151	22
19152	22
19153	22
19154	22
19155	22
19156	22
19157	22
19158	22
19159	23
19160	23
19161	23
19162	23
19163	23
19164	23
19165	23
19166	23
19167	23
19168	23
19169	23
19170	23
19171	23
19172	23
19173	23
19174	23
19175	23
19176	23
19177	23
19178	23
19179	23
19180	23
19181	23
19182	23
19183	23
19184	23
19185	23
19186	23
19187	23
19188	23
19189	23
19190	23
19191	23
19192	23
19193	23
19194	23
19195	23
19196	23
19197	23
19198	23
19199	23
19200	23
19201	23
19202	23
19203	23
19204	23
19205	23
19206	23
19207	23
19208	23
19209	23
19210	23
19211	23
19212	23
19213	23
19214	23
19215	23
19216	23
19217	23
19218	23
19219	23
19220	23
19221	23
19222	23
19223	23
19224	23
19225	23
19226	23
19227	23
19228	23
19229	23
19230	23
19231	23
19232	23
19233	23
19234	23
19235	23
19236	23
19237	23
19238	23
19239	23
19240	23
19241	23
19242	23
19243	23
19244	23
19245	23
19246	23
19247	23
19248	23
19249	23
19250	23
19251	23
19252	23
19253	23
19254	23
19255	23
19256	23
19257	23
19258	23
19259	23
19260	23
19261	23
19262	23
19263	23
19264	23
19265	23
19266	23
19267	23
19268	23
19269	23
19270	23
19271	23
19272	23
19273	23
19274	23
19275	23
19276	23
19277	23
19278	23
19279	23
19280	23
19281	23
19282	23
19283	23
19284	23
19285	23
19286	23
19287	23
19288	23
19289	23
19290	23
19291	23
19292	23
19293	23
19294	23
19295	23
19296	23
19297	23
19298	23
19299	23
19300	23
19301	23
19302	23
19303	23
19304	23
19305	23
19306	23
19307	23
19308	23
19309	23
19310	23
19311	23
19312	23
19313	23
19314	23
19315	23
19316	23
19317	23
19318	23
19319	23
19320	23
19321	23
19322	23
19323	23
19324	23
19325	23
19326	23
19327	23
19328	23
19329	23
19330	23
19331	23
19332	23
19333	23
19334	23
19335	23
19336	23
19337	23
19338	23
19339	23
19340	23
19341	23
19342	23
19343	23
19344	23
19345	23
19346	23
19347	23
19348	23
19349	23
19350	23
19351	23
19352	23
19353	23
19354	23
19355	23
19356	23
19357	23
19358	23
19359	23
19360	23
19361	23
19362	23
19363	23
19364	23
19365	23
19366	23
19367	23
19368	23
19369	23
19370	23
19371	23
19372	23
19373	23
19374	23
19375	23
19376	23
19377	23
19378	23
19379	23
19380	23
19381	23
19382	23
19383	23
19384	23
19385	23
19386	23
19387	23
19388	23
19389	23
19390	23
19391	23
19392	23
19393	23
19394	23
19395	23
19396	23
19397	23
19398	23
19399	23
19400	23
19401	23
19402	23
19403	23
19404	23
19405	23
19406	23
19407	23
19408	23
19409	23
19410	23
19411	23
19412	23
19413	23
19414	23
19415	23
19416	23
19417	23
19418	23
19419	23
19420	23
19421	23
19422	23
19423	23
19424	23
19425	23
19426	23
19427	23
19428	23
19429	23
19430	23
19431	23
19432	23
19433	23
19434	23
19435	23
19436	23
19437	23
19438	23
19439	23
19440	23
19441	23
19442	23
19443	23
19444	23
19445	23
19446	23
19447	23
19448	23
19449	23
19450	23
19451	23
19452	23
19453	23
19454	23
19455	23
19456	23
19457	23
19458	23
19459	23
19460	23
19461	23
19462	23
19463	23
19464	23
19465	23
19466	23
19467	23
19468	23
19469	23
19470	23
19471	23
19472	23
19473	23
19474	23
19475	23
19476	23
19477	23
19478	23
19479	23
19480	23
19481	23
19482	23
19483	23
19484	23
19485	23
19486	23
19487	23
19488	23
19489	23
19490	23
19491	23
19492	23
19493	23
19494	23
19495	23
19496	23
19497	23
19498	23
19499	23
19500	23
19501	23
19502	23
19503	23
19504	23
19505	23
19506	23
19507	23
19508	23
19509	23
19510	23
19511	23
19512	23
19513	23
19514	23
19515	23
19516	23
19517	23
19518	23
19519	23
19520	23
19521	23
19522	23
19523	23
19524	23
19525	23
19526	23
19527	23
19528	23
19529	23
19530	23
19531	23
19532	23
19533	23
19534	23
19535	23
19536	23
19537	23
19538	23
19539	23
19540	23
19541	23
19542	23
19543	23
19544	23
19545	23
19546	23
19547	23
19548	23
19549	23
19550	23
19551	23
19552	23
19553	23
19554	23
19555	23
19556	23
19557	23
19558	23
19559	23
19560	23
19561	23
19562	23
19563	23
19564	23
19565	23
19566	23
19567	23
19568	23
19569	23
19570	23
19571	23
19572	23
19573	23
19574	23
19575	23
19576	23
19577	23
19578	23
19579	23
19580	23
19581	23
19582	23
19583	23
19584	23
19585	23
19586	23
19587	23
19588	23
19589	23
19590	23
19591	23
19592	23
19593	23
19594	23
19595	23
19596	23
19597	23
19598	23
19599	23
19600	23
19601	23
19602	23
19603	23
19604	23
19605	23
19606	23
19607	23
19608	23
19609	23
19610	23
19611	23
19612	23
19613	23
19614	23
19615	23
19616	23
19617	23
19618	23
19619	23
19620	23
19621	23
19622	23
19623	23
19624	23
19625	23
19626	23
19627	23
19628	23
19629	23
19630	23
19631	23
19632	23
19633	23
19634	23
19635	23
19636	23
19637	23
19638	23
19639	23
19640	23
19641	23
19642	23
19643	23
19644	23
19645	23
19646	23
19647	23
19648	23
19649	23
19650	23
19651	23
19652	23
19653	23
19654	23
19655	23
19656	23
19657	23
19658	23
19659	23
19660	23
19661	23
19662	23
19663	23
19664	23
19665	23
19666	23
19667	23
19668	23
19669	23
19670	23
19671	23
19672	23
19673	23
19674	23
19675	23
19676	23
19677	23
19678	23
19679	23
19680	23
19681	23
19682	23
19683	23
19684	23
19685	23
19686	23
19687	23
19688	23
19689	23
19690	23
19691	23
19692	23
19693	23
19694	23
19695	23
19696	23
19697	23
19698	23
19699	23
19700	23
19701	23
19702	23
19703	23
19704	23
19705	23
19706	23
19707	23
19708	23
19709	23
19710	23
19711	23
19712	23
19713	23
19714	23
19715	23
19716	23
19717	23
19718	23
19719	23
19720	23
19721	23
19722	23
19723	23
19724	23
19725	23
19726	23
19727	23
19728	23
19729	23
19730	23
19731	23
19732	23
19733	23
19734	23
19735	23
19736	23
19737	23
19738	23
19739	23
19740	23
19741	23
19742	23
19743	23
19744	23
19745	23
19746	23
19747	23
19748	23
19749	23
19750	23
19751	23
19752	23
19753	23
19754	23
19755	23
19756	23
19757	23
19758	23
19759	23
19760	23
19761	23
19762	23
19763	23
19764	23
19765	23
19766	23
19767	23
19768	23
19769	23
19770	23
19771	23
19772	23
19773	23
19774	23
19775	23
19776	23
19777	23
19778	23
19779	23
19780	23
19781	23
19782	23
19783	23
19784	23
19785	23
19786	23
19787	23
19788	23
19789	23
19790	23
19791	23
19792	23
19793	23
19794	23
19795	23
19796	23
19797	23
19798	23
19799	23
19800	23
19801	23
19802	23
19803	23
19804	23
19805	23
19806	23
19807	23
19808	23
19809	23
19810	23
19811	23
19812	23
19813	23
19814	23
19815	23
19816	23
19817	23
19818	23
19819	23
19820	23
19821	23
19822	23
19823	23
19824	23
19825	23
19826	23
19827	23
19828	23
19829	23
19830	23
19831	23
19832	23
19833	23
19834	23
19835	23
19836	23
19837	23
19838	23
19839	23
19840	23
19841	23
19842	23
19843	23
19844	23
19845	23
19846	23
19847	23
19848	23
19849	23
19850	23
19851	23
19852	23
19853	23
19854	23
19855	23
19856	23
19857	23
19858	23
19859	23
19860	23
19861	23
19862	23
19863	23
19864	23
19865	23
19866	23
19867	23
19868	23
19869	23
19870	23
19871	23
19872	23
19873	23
19874	23
19875	23
19876	23
19877	23
19878	23
19879	23
19880	23
19881	23
19882	23
19883	23
19884	23
19885	23
19886	23
19887	23
19888	23
19889	23
19890	23
19891	23
19892	23
19893	23
19894	23
19895	23
19896	23
19897	23
19898	23
19899	23
19900	23
19901	23
19902	23
19903	23
19904	23
19905	23
19906	23
19907	23
19908	23
19909	23
19910	23
19911	23
19912	23
19913	23
19914	23
19915	23
19916	23
19917	23
19918	23
19919	23
19920	23
19921	23
19922	23
19923	23
19924	23
19925	23
19926	23
19927	23
19928	23
19929	23
19930	23
19931	23
19932	23
19933	23
19934	23
19935	23
19936	23
19937	23
19938	23
19939	23
19940	23
19941	23
19942	23
19943	23
19944	23
19945	23
19946	23
19947	23
19948	23
19949	23
19950	23
19951	23
19952	23
19953	23
19954	23
19955	23
19956	23
19957	23
19958	23
19959	23
19960	23
19961	23
19962	23
19963	23
19964	23
19965	23
19966	23
19967	23
19968	23
19969	23
19970	23
19971	23
19972	23
19973	23
19974	23
19975	23
19976	23
19977	23
19978	23
19979	23
19980	23
19981	23
19982	23
19983	23
19984	23
19985	23
19986	23
19987	23
19988	23
19989	23
19990	23
19991	23
19992	24
19993	24
19994	24
19995	24
19996	24
19997	24
19998	24
19999	24
20000	24
20001	24
20002	24
20003	24
20004	24
20005	24
20006	24
20007	24
20008	24
20009	24
20010	24
20011	24
20012	24
20013	24
20014	24
20015	24
20016	24
20017	24
20018	24
20019	24
20020	24
20021	24
20022	24
20023	24
20024	24
20025	24
20026	24
20027	24
20028	24
20029	24
20030	24
20031	24
20032	24
20033	24
20034	24
20035	24
20036	24
20037	24
20038	24
20039	24
20040	24
20041	24
20042	24
20043	24
20044	24
20045	24
20046	24
20047	24
20048	24
20049	24
20050	24
20051	24
20052	24
20053	24
20054	24
20055	24
20056	24
20057	24
20058	24
20059	24
20060	24
20061	24
20062	24
20063	24
20064	24
20065	24
20066	24
20067	24
20068	24
20069	24
20070	24
20071	24
20072	24
20073	24
20074	24
20075	24
20076	24
20077	24
20078	24
20079	24
20080	24
20081	24
20082	24
20083	24
20084	24
20085	24
20086	24
20087	24
20088	24
20089	24
20090	24
20091	24
20092	24
20093	24
20094	24
20095	24
20096	24
20097	24
20098	24
20099	24
20100	24
20101	24
20102	24
20103	24
20104	24
20105	24
20106	24
20107	24
20108	24
20109	24
20110	24
20111	24
20112	24
20113	24
20114	24
20115	24
20116	24
20117	24
20118	24
20119	24
20120	24
20121	24
20122	24
20123	24
20124	24
20125	24
20126	24
20127	24
20128	24
20129	24
20130	24
20131	24
20132	24
20133	24
20134	24
20135	24
20136	24
20137	24
20138	24
20139	24
20140	24
20141	24
20142	24
20143	24
20144	24
20145	24
20146	24
20147	24
20148	24
20149	24
20150	24
20151	24
20152	24
20153	24
20154	24
20155	24
20156	24
20157	24
20158	24
20159	24
20160	24
20161	24
20162	24
20163	24
20164	24
20165	24
20166	24
20167	24
20168	24
20169	24
20170	24
20171	24
20172	24
20173	24
20174	24
20175	24
20176	24
20177	24
20178	24
20179	24
20180	24
20181	24
20182	24
20183	24
20184	24
20185	24
20186	24
20187	24
20188	24
20189	24
20190	24
20191	24
20192	24
20193	24
20194	24
20195	24
20196	24
20197	24
20198	24
20199	24
20200	24
20201	24
20202	24
20203	24
20204	24
20205	24
20206	24
20207	24
20208	24
20209	24
20210	24
20211	24
20212	24
20213	24
20214	24
20215	24
20216	24
20217	24
20218	24
20219	24
20220	24
20221	24
20222	24
20223	24
20224	24
20225	24
20226	24
20227	24
20228	24
20229	24
20230	24
20231	24
20232	24
20233	24
20234	24
20235	24
20236	24
20237	24
20238	24
20239	24
20240	24
20241	24
20242	24
20243	24
20244	24
20245	24
20246	24
20247	24
20248	24
20249	24
20250	24
20251	24
20252	24
20253	24
20254	24
20255	24
20256	24
20257	24
20258	24
20259	24
20260	24
20261	24
20262	24
20263	24
20264	24
20265	24
20266	24
20267	24
20268	24
20269	24
20270	24
20271	24
20272	24
20273	24
20274	24
20275	24
20276	24
20277	24
20278	24
20279	24
20280	24
20281	24
20282	24
20283	24
20284	24
20285	24
20286	24
20287	24
20288	24
20289	24
20290	24
20291	24
20292	24
20293	24
20294	24
20295	24
20296	24
20297	24
20298	24
20299	24
20300	24
20301	24
20302	24
20303	24
20304	24
20305	24
20306	24
20307	24
20308	24
20309	24
20310	24
20311	24
20312	24
20313	24
20314	24
20315	24
20316	24
20317	24
20318	24
20319	24
20320	24
20321	24
20322	24
20323	24
20324	24
20325	24
20326	24
20327	24
20328	24
20329	24
20330	24
20331	24
20332	24
20333	24
20334	24
20335	24
20336	24
20337	24
20338	24
20339	24
20340	24
20341	24
20342	24
20343	24
20344	24
20345	24
20346	24
20347	24
20348	24
20349	24
20350	24
20351	24
20352	24
20353	24
20354	24
20355	24
20356	24
20357	24
20358	24
20359	24
20360	24
20361	24
20362	24
20363	24
20364	24
20365	24
20366	24
20367	24
20368	24
20369	24
20370	24
20371	24
20372	24
20373	24
20374	24
20375	24
20376	24
20377	24
20378	24
20379	24
20380	24
20381	24
20382	24
20383	24
20384	24
20385	24
20386	24
20387	24
20388	24
20389	24
20390	24
20391	24
20392	24
20393	24
20394	24
20395	24
20396	24
20397	24
20398	24
20399	24
20400	24
20401	24
20402	24
20403	24
20404	24
20405	24
20406	24
20407	24
20408	24
20409	24
20410	24
20411	24
20412	24
20413	24
20414	24
20415	24
20416	24
20417	24
20418	24
20419	24
20420	24
20421	24
20422	24
20423	24
20424	24
20425	24
20426	24
20427	24
20428	24
20429	24
20430	24
20431	24
20432	24
20433	24
20434	24
20435	24
20436	24
20437	24
20438	24
20439	24
20440	24
20441	24
20442	24
20443	24
20444	24
20445	24
20446	24
20447	24
20448	24
20449	24
20450	24
20451	24
20452	24
20453	24
20454	24
20455	24
20456	24
20457	24
20458	24
20459	24
20460	24
20461	24
20462	24
20463	24
20464	24
20465	24
20466	24
20467	24
20468	24
20469	24
20470	24
20471	24
20472	24
20473	24
20474	24
20475	24
20476	24
20477	24
20478	24
20479	24
20480	24
20481	24
20482	24
20483	24
20484	24
20485	24
20486	24
20487	24
20488	24
20489	24
20490	24
20491	24
20492	24
20493	24
20494	24
20495	24
20496	24
20497	24
20498	24
20499	24
20500	24
20501	24
20502	24
20503	24
20504	24
20505	24
20506	24
20507	24
20508	24
20509	24
20510	24
20511	24
20512	24
20513	24
20514	24
20515	24
20516	24
20517	24
20518	24
20519	24
20520	24
20521	24
20522	24
20523	24
20524	24
20525	24
20526	24
20527	24
20528	24
20529	24
20530	24
20531	24
20532	24
20533	24
20534	24
20535	24
20536	24
20537	24
20538	24
20539	24
20540	24
20541	24
20542	24
20543	24
20544	24
20545	24
20546	24
20547	24
20548	24
20549	24
20550	24
20551	24
20552	24
20553	24
20554	24
20555	24
20556	24
20557	24
20558	24
20559	24
20560	24
20561	24
20562	24
20563	24
20564	24
20565	24
20566	24
20567	24
20568	24
20569	24
20570	24
20571	24
20572	24
20573	24
20574	24
20575	24
20576	24
20577	24
20578	24
20579	24
20580	24
20581	24
20582	24
20583	24
20584	24
20585	24
20586	24
20587	24
20588	24
20589	24
20590	24
20591	24
20592	24
20593	24
20594	24
20595	24
20596	24
20597	24
20598	24
20599	24
20600	24
20601	24
20602	24
20603	24
20604	24
20605	24
20606	24
20607	24
20608	24
20609	24
20610	24
20611	24
20612	24
20613	24
20614	24
20615	24
20616	24
20617	24
20618	24
20619	24
20620	24
20621	24
20622	24
20623	24
20624	24
20625	24
20626	24
20627	24
20628	24
20629	24
20630	24
20631	24
20632	24
20633	24
20634	24
20635	24
20636	24
20637	24
20638	24
20639	24
20640	24
20641	24
20642	24
20643	24
20644	24
20645	24
20646	24
20647	24
20648	24
20649	24
20650	24
20651	24
20652	24
20653	24
20654	24
20655	24
20656	24
20657	24
20658	24
20659	24
20660	24
20661	24
20662	24
20663	24
20664	24
20665	24
20666	24
20667	24
20668	24
20669	24
20670	24
20671	24
20672	24
20673	24
20674	24
20675	24
20676	24
20677	24
20678	24
20679	24
20680	24
20681	24
20682	24
20683	24
20684	24
20685	24
20686	24
20687	24
20688	24
20689	24
20690	24
20691	24
20692	24
20693	24
20694	24
20695	24
20696	24
20697	24
20698	24
20699	24
20700	24
20701	24
20702	24
20703	24
20704	24
20705	24
20706	24
20707	24
20708	24
20709	24
20710	24
20711	24
20712	24
20713	24
20714	24
20715	24
20716	24
20717	24
20718	24
20719	24
20720	24
20721	24
20722	24
20723	24
20724	24
20725	24
20726	24
20727	24
20728	24
20729	24
20730	24
20731	24
20732	24
20733	24
20734	24
20735	24
20736	24
20737	24
20738	24
20739	24
20740	24
20741	24
20742	24
20743	24
20744	24
20745	24
20746	24
20747	24
20748	24
20749	24
20750	24
20751	24
20752	24
20753	24
20754	24
20755	24
20756	24
20757	24
20758	24
20759	24
20760	24
20761	24
20762	24
20763	24
20764	24
20765	24
20766	24
20767	24
20768	24
20769	24
20770	24
20771	24
20772	24
20773	24
20774	24
20775	24
20776	24
20777	24
20778	24
20779	24
20780	24
20781	24
20782	24
20783	24
20784	24
20785	24
20786	24
20787	24
20788	24
20789	24
20790	24
20791	24
20792	24
20793	24
20794	24
20795	24
20796	24
20797	24
20798	24
20799	24
20800	24
20801	24
20802	24
20803	24
20804	24
20805	24
20806	24
20807	24
20808	24
20809	24
20810	24
20811	24
20812	24
20813	24
20814	24
20815	24
20816	24
20817	24
20818	24
20819	24
20820	24
20821	24
20822	24
20823	24
20824	24
20825	25
20826	25
20827	25
20828	25
20829	25
20830	25
20831	25
20832	25
20833	25
20834	25
20835	25
20836	25
20837	25
20838	25
20839	25
20840	25
20841	25
20842	25
20843	25
20844	25
20845	25
20846	25
20847	25
20848	25
20849	25
20850	25
20851	25
20852	25
20853	25
20854	25
20855	25
20856	25
20857	25
20858	25
20859	25
20860	25
20861	25
20862	25
20863	25
20864	25
20865	25
20866	25
20867	25
20868	25
20869	25
20870	25
20871	25
20872	25
20873	25
20874	25
20875	25
20876	25
20877	25
20878	25
20879	25
20880	25
20881	25
20882	25
20883	25
20884	25
20885	25
20886	25
20887	25
20888	25
20889	25
20890	25
20891	25
20892	25
20893	25
20894	25
20895	25
20896	25
20897	25
20898	25
20899	25
20900	25
20901	25
20902	25
20903	25
20904	25
20905	25
20906	25
20907	25
20908	25
20909	25
20910	25
20911	25
20912	25
20913	25
20914	25
20915	25
20916	25
20917	25
20918	25
20919	25
20920	25
20921	25
20922	25
20923	25
20924	25
20925	25
20926	25
20927	25
20928	25
20929	25
20930	25
20931	25
20932	25
20933	25
20934	25
20935	25
20936	25
20937	25
20938	25
20939	25
20940	25
20941	25
20942	25
20943	25
20944	25
20945	25
20946	25
20947	25
20948	25
20949	25
20950	25
20951	25
20952	25
20953	25
20954	25
20955	25
20956	25
20957	25
20958	25
20959	25
20960	25
20961	25
20962	25
20963	25
20964	25
20965	25
20966	25
20967	25
20968	25
20969	25
20970	25
20971	25
20972	25
20973	25
20974	25
20975	25
20976	25
20977	25
20978	25
20979	25
20980	25
20981	25
20982	25
20983	25
20984	25
20985	25
20986	25
20987	25
20988	25
20989	25
20990	25
20991	25
20992	25
20993	25
20994	25
20995	25
20996	25
20997	25
20998	25
20999	25
21000	25
21001	25
21002	25
21003	25
21004	25
21005	25
21006	25
21007	25
21008	25
21009	25
21010	25
21011	25
21012	25
21013	25
21014	25
21015	25
21016	25
21017	25
21018	25
21019	25
21020	25
21021	25
21022	25
21023	25
21024	25
21025	25
21026	25
21027	25
21028	25
21029	25
21030	25
21031	25
21032	25
21033	25
21034	25
21035	25
21036	25
21037	25
21038	25
21039	25
21040	25
21041	25
21042	25
21043	25
21044	25
21045	25
21046	25
21047	25
21048	25
21049	25
21050	25
21051	25
21052	25
21053	25
21054	25
21055	25
21056	25
21057	25
21058	25
21059	25
21060	25
21061	25
21062	25
21063	25
21064	25
21065	25
21066	25
21067	25
21068	25
21069	25
21070	25
21071	25
21072	25
21073	25
21074	25
21075	25
21076	25
21077	25
21078	25
21079	25
21080	25
21081	25
21082	25
21083	25
21084	25
21085	25
21086	25
21087	25
21088	25
21089	25
21090	25
21091	25
21092	25
21093	25
21094	25
21095	25
21096	25
21097	25
21098	25
21099	25
21100	25
21101	25
21102	25
21103	25
21104	25
21105	25
21106	25
21107	25
21108	25
21109	25
21110	25
21111	25
21112	25
21113	25
21114	25
21115	25
21116	25
21117	25
21118	25
21119	25
21120	25
21121	25
21122	25
21123	25
21124	25
21125	25
21126	25
21127	25
21128	25
21129	25
21130	25
21131	25
21132	25
21133	25
21134	25
21135	25
21136	25
21137	25
21138	25
21139	25
21140	25
21141	25
21142	25
21143	25
21144	25
21145	25
21146	25
21147	25
21148	25
21149	25
21150	25
21151	25
21152	25
21153	25
21154	25
21155	25
21156	25
21157	25
21158	25
21159	25
21160	25
21161	25
21162	25
21163	25
21164	25
21165	25
21166	25
21167	25
21168	25
21169	25
21170	25
21171	25
21172	25
21173	25
21174	25
21175	25
21176	25
21177	25
21178	25
21179	25
21180	25
21181	25
21182	25
21183	25
21184	25
21185	25
21186	25
21187	25
21188	25
21189	25
21190	25
21191	25
21192	25
21193	25
21194	25
21195	25
21196	25
21197	25
21198	25
21199	25
21200	25
21201	25
21202	25
21203	25
21204	25
21205	25
21206	25
21207	25
21208	25
21209	25
21210	25
21211	25
21212	25
21213	25
21214	25
21215	25
21216	25
21217	25
21218	25
21219	25
21220	25
21221	25
21222	25
21223	25
21224	25
21225	25
21226	25
21227	25
21228	25
21229	25
21230	25
21231	25
21232	25
21233	25
21234	25
21235	25
21236	25
21237	25
21238	25
21239	25
21240	25
21241	25
21242	25
21243	25
21244	25
21245	25
21246	25
21247	25
21248	25
21249	25
21250	25
21251	25
21252	25
21253	25
21254	25
21255	25
21256	25
21257	25
21258	25
21259	25
21260	25
21261	25
21262	25
21263	25
21264	25
21265	25
21266	25
21267	25
21268	25
21269	25
21270	25
21271	25
21272	25
21273	25
21274	25
21275	25
21276	25
21277	25
21278	25
21279	25
21280	25
21281	25
21282	25
21283	25
21284	25
21285	25
21286	25
21287	25
21288	25
21289	25
21290	25
21291	25
21292	25
21293	25
21294	25
21295	25
21296	25
21297	25
21298	25
21299	25
21300	25
21301	25
21302	25
21303	25
21304	25
21305	25
21306	25
21307	25
21308	25
21309	25
21310	25
21311	25
21312	25
21313	25
21314	25
21315	25
21316	25
21317	25
21318	25
21319	25
21320	25
21321	25
21322	25
21323	25
21324	25
21325	25
21326	25
21327	25
21328	25
21329	25
21330	25
21331	25
21332	25
21333	25
21334	25
21335	25
21336	25
21337	25
21338	25
21339	25
21340	25
21341	25
21342	25
21343	25
21344	25
21345	25
21346	25
21347	25
21348	25
21349	25
21350	25
21351	25
21352	25
21353	25
21354	25
21355	25
21356	25
21357	25
21358	25
21359	25
21360	25
21361	25
21362	25
21363	25
21364	25
21365	25
21366	25
21367	25
21368	25
21369	25
21370	25
21371	25
21372	25
21373	25
21374	25
21375	25
21376	25
21377	25
21378	25
21379	25
21380	25
21381	25
21382	25
21383	25
21384	25
21385	25
21386	25
21387	25
21388	25
21389	25
21390	25
21391	25
21392	25
21393	25
21394	25
21395	25
21396	25
21397	25
21398	25
21399	25
21400	25
21401	25
21402	25
21403	25
21404	25
21405	25
21406	25
21407	25
21408	25
21409	25
21410	25
21411	25
21412	25
21413	25
21414	25
21415	25
21416	25
21417	25
21418	25
21419	25
21420	25
21421	25
21422	25
21423	25
21424	25
21425	25
21426	25
21427	25
21428	25
21429	25
21430	25
21431	25
21432	25
21433	25
21434	25
21435	25
21436	25
21437	25
21438	25
21439	25
21440	25
21441	25
21442	25
21443	25
21444	25
21445	25
21446	25
21447	25
21448	25
21449	25
21450	25
21451	25
21452	25
21453	25
21454	25
21455	25
21456	25
21457	25
21458	25
21459	25
21460	25
21461	25
21462	25
21463	25
21464	25
21465	25
21466	25
21467	25
21468	25
21469	25
21470	25
21471	25
21472	25
21473	25
21474	25
21475	25
21476	25
21477	25
21478	25
21479	25
21480	25
21481	25
21482	25
21483	25
21484	25
21485	25
21486	25
21487	25
21488	25
21489	25
21490	25
21491	25
21492	25
21493	25
21494	25
21495	25
21496	25
21497	25
21498	25
21499	25
21500	25
21501	25
21502	25
21503	25
21504	25
21505	25
21506	25
21507	25
21508	25
21509	25
21510	25
21511	25
21512	25
21513	25
21514	25
21515	25
21516	25
21517	25
21518	25
21519	25
21520	25
21521	25
21522	25
21523	25
21524	25
21525	25
21526	25
21527	25
21528	25
21529	25
21530	25
21531	25
21532	25
21533	25
21534	25
21535	25
21536	25
21537	25
21538	25
21539	25
21540	25
21541	25
21542	25
21543	25
21544	25
21545	25
21546	25
21547	25
21548	25
21549	25
21550	25
21551	25
21552	25
21553	25
21554	25
21555	25
21556	25
21557	25
21558	25
21559	25
21560	25
21561	25
21562	25
21563	25
21564	25
21565	25
21566	25
21567	25
21568	25
21569	25
21570	25
21571	25
21572	25
21573	25
21574	25
21575	25
21576	25
21577	25
21578	25
21579	25
21580	25
21581	25
21582	25
21583	25
21584	25
21585	25
21586	25
21587	25
21588	25
21589	25
21590	25
21591	25
21592	25
21593	25
21594	25
21595	25
21596	25
21597	25
21598	25
21599	25
21600	25
21601	25
21602	25
21603	25
21604	25
21605	25
21606	25
21607	25
21608	25
21609	25
21610	25
21611	25
21612	25
21613	25
21614	25
21615	25
21616	25
21617	25
21618	25
21619	25
21620	25
21621	25
21622	25
21623	25
21624	25
21625	25
21626	25
21627	25
21628	25
21629	25
21630	25
21631	25
21632	25
21633	25
21634	25
21635	25
21636	25
21637	25
21638	25
21639	25
21640	25
21641	25
21642	25
21643	25
21644	25
21645	25
21646	25
21647	25
21648	25
21649	25
21650	25
21651	25
21652	25
21653	25
21654	25
21655	25
21656	25
21657	25
21658	26
21659	26
21660	26
21661	26
21662	26
21663	26
21664	26
21665	26
21666	26
21667	26
21668	26
21669	26
21670	26
21671	26
21672	26
21673	26
21674	26
21675	26
21676	26
21677	26
21678	26
21679	26
21680	26
21681	26
21682	26
21683	26
21684	26
21685	26
21686	26
21687	26
21688	26
21689	26
21690	26
21691	26
21692	26
21693	26
21694	26
21695	26
21696	26
21697	26
21698	26
21699	26
21700	26
21701	26
21702	26
21703	26
21704	26
21705	26
21706	26
21707	26
21708	26
21709	26
21710	26
21711	26
21712	26
21713	26
21714	26
21715	26
21716	26
21717	26
21718	26
21719	26
21720	26
21721	26
21722	26
21723	26
21724	26
21725	26
21726	26
21727	26
21728	26
21729	26
21730	26
21731	26
21732	26
21733	26
21734	26
21735	26
21736	26
21737	26
21738	26
21739	26
21740	26
21741	26
21742	26
21743	26
21744	26
21745	26
21746	26
21747	26
21748	26
21749	26
21750	26
21751	26
21752	26
21753	26
21754	26
21755	26
21756	26
21757	26
21758	26
21759	26
21760	26
21761	26
21762	26
21763	26
21764	26
21765	26
21766	26
21767	26
21768	26
21769	26
21770	26
21771	26
21772	26
21773	26
21774	26
21775	26
21776	26
21777	26
21778	26
21779	26
21780	26
21781	26
21782	26
21783	26
21784	26
21785	26
21786	26
21787	26
21788	26
21789	26
21790	26
21791	26
21792	26
21793	26
21794	26
21795	26
21796	26
21797	26
21798	26
21799	26
21800	26
21801	26
21802	26
21803	26
21804	26
21805	26
21806	26
21807	26
21808	26
21809	26
21810	26
21811	26
21812	26
21813	26
21814	26
21815	26
21816	26
21817	26
21818	26
21819	26
21820	26
21821	26
21822	26
21823	26
21824	26
21825	26
21826	26
21827	26
21828	26
21829	26
21830	26
21831	26
21832	26
21833	26
21834	26
21835	26
21836	26
21837	26
21838	26
21839	26
21840	26
21841	26
21842	26
21843	26
21844	26
21845	26
21846	26
21847	26
21848	26
21849	26
21850	26
21851	26
21852	26
21853	26
21854	26
21855	26
21856	26
21857	26
21858	26
21859	26
21860	26
21861	26
21862	26
21863	26
21864	26
21865	26
21866	26
21867	26
21868	26
21869	26
21870	26
21871	26
21872	26
21873	26
21874	26
21875	26
21876	26
21877	26
21878	26
21879	26
21880	26
21881	26
21882	26
21883	26
21884	26
21885	26
21886	26
21887	26
21888	26
21889	26
21890	26
21891	26
21892	26
21893	26
21894	26
21895	26
21896	26
21897	26
21898	26
21899	26
21900	26
21901	26
21902	26
21903	26
21904	26
21905	26
21906	26
21907	26
21908	26
21909	26
21910	26
21911	26
21912	26
21913	26
21914	26
21915	26
21916	26
21917	26
21918	26
21919	26
21920	26
21921	26
21922	26
21923	26
21924	26
21925	26
21926	26
21927	26
21928	26
21929	26
21930	26
21931	26
21932	26
21933	26
21934	26
21935	26
21936	26
21937	26
21938	26
21939	26
21940	26
21941	26
21942	26
21943	26
21944	26
21945	26
21946	26
21947	26
21948	26
21949	26
21950	26
21951	26
21952	26
21953	26
21954	26
21955	26
21956	26
21957	26
21958	26
21959	26
21960	26
21961	26
21962	26
21963	26
21964	26
21965	26
21966	26
21967	26
21968	26
21969	26
21970	26
21971	26
21972	26
21973	26
21974	26
21975	26
21976	26
21977	26
21978	26
21979	26
21980	26
21981	26
21982	26
21983	26
21984	26
21985	26
21986	26
21987	26
21988	26
21989	26
21990	26
21991	26
21992	26
21993	26
21994	26
21995	26
21996	26
21997	26
21998	26
21999	26
22000	26
22001	26
22002	26
22003	26
22004	26
22005	26
22006	26
22007	26
22008	26
22009	26
22010	26
22011	26
22012	26
22013	26
22014	26
22015	26
22016	26
22017	26
22018	26
22019	26
22020	26
22021	26
22022	26
22023	26
22024	26
22025	26
22026	26
22027	26
22028	26
22029	26
22030	26
22031	26
22032	26
22033	26
22034	26
22035	26
22036	26
22037	26
22038	26
22039	26
22040	26
22041	26
22042	26
22043	26
22044	26
22045	26
22046	26
22047	26
22048	26
22049	26
22050	26
22051	26
22052	26
22053	26
22054	26
22055	26
22056	26
22057	26
22058	26
22059	26
22060	26
22061	26
22062	26
22063	26
22064	26
22065	26
22066	26
22067	26
22068	26
22069	26
22070	26
22071	26
22072	26
22073	26
22074	26
22075	26
22076	26
22077	26
22078	26
22079	26
22080	26
22081	26
22082	26
22083	26
22084	26
22085	26
22086	26
22087	26
22088	26
22089	26
22090	26
22091	26
22092	26
22093	26
22094	26
22095	26
22096	26
22097	26
22098	26
22099	26
22100	26
22101	26
22102	26
22103	26
22104	26
22105	26
22106	26
22107	26
22108	26
22109	26
22110	26
22111	26
22112	26
22113	26
22114	26
22115	26
22116	26
22117	26
22118	26
22119	26
22120	26
22121	26
22122	26
22123	26
22124	26
22125	26
22126	26
22127	26
22128	26
22129	26
22130	26
22131	26
22132	26
22133	26
22134	26
22135	26
22136	26
22137	26
22138	26
22139	26
22140	26
22141	26
22142	26
22143	26
22144	26
22145	26
22146	26
22147	26
22148	26
22149	26
22150	26
22151	26
22152	26
22153	26
22154	26
22155	26
22156	26
22157	26
22158	26
22159	26
22160	26
22161	26
22162	26
22163	26
22164	26
22165	26
22166	26
22167	26
22168	26
22169	26
22170	26
22171	26
22172	26
22173	26
22174	26
22175	26
22176	26
22177	26
22178	26
22179	26
22180	26
22181	26
22182	26
22183	26
22184	26
22185	26
22186	26
22187	26
22188	26
22189	26
22190	26
22191	26
22192	26
22193	26
22194	26
22195	26
22196	26
22197	26
22198	26
22199	26
22200	26
22201	26
22202	26
22203	26
22204	26
22205	26
22206	26
22207	26
22208	26
22209	26
22210	26
22211	26
22212	26
22213	26
22214	26
22215	26
22216	26
22217	26
22218	26
22219	26
22220	26
22221	26
22222	26
22223	26
22224	26
22225	26
22226	26
22227	26
22228	26
22229	26
22230	26
22231	26
22232	26
22233	26
22234	26
22235	26
22236	26
22237	26
22238	26
22239	26
22240	26
22241	26
22242	26
22243	26
22244	26
22245	26
22246	26
22247	26
22248	26
22249	26
22250	26
22251	26
22252	26
22253	26
22254	26
22255	26
22256	26
22257	26
22258	26
22259	26
22260	26
22261	26
22262	26
22263	26
22264	26
22265	26
22266	26
22267	26
22268	26
22269	26
22270	26
22271	26
22272	26
22273	26
22274	26
22275	26
22276	26
22277	26
22278	26
22279	26
22280	26
22281	26
22282	26
22283	26
22284	26
22285	26
22286	26
22287	26
22288	26
22289	26
22290	26
22291	26
22292	26
22293	26
22294	26
22295	26
22296	26
22297	26
22298	26
22299	26
22300	26
22301	26
22302	26
22303	26
22304	26
22305	26
22306	26
22307	26
22308	26
22309	26
22310	26
22311	26
22312	26
22313	26
22314	26
22315	26
22316	26
22317	26
22318	26
22319	26
22320	26
22321	26
22322	26
22323	26
22324	26
22325	26
22326	26
22327	26
22328	26
22329	26
22330	26
22331	26
22332	26
22333	26
22334	26
22335	26
22336	26
22337	26
22338	26
22339	26
22340	26
22341	26
22342	26
22343	26
22344	26
22345	26
22346	26
22347	26
22348	26
22349	26
22350	26
22351	26
22352	26
22353	26
22354	26
22355	26
22356	26
22357	26
22358	26
22359	26
22360	26
22361	26
22362	26
22363	26
22364	26
22365	26
22366	26
22367	26
22368	26
22369	26
22370	26
22371	26
22372	26
22373	26
22374	26
22375	26
22376	26
22377	26
22378	26
22379	26
22380	26
22381	26
22382	26
22383	26
22384	26
22385	26
22386	26
22387	26
22388	26
22389	26
22390	26
22391	26
22392	26
22393	26
22394	26
22395	26
22396	26
22397	26
22398	26
22399	26
22400	26
22401	26
22402	26
22403	26
22404	26
22405	26
22406	26
22407	26
22408	26
22409	26
22410	26
22411	26
22412	26
22413	26
22414	26
22415	26
22416	26
22417	26
22418	26
22419	26
22420	26
22421	26
22422	26
22423	26
22424	26
22425	26
22426	26
22427	26
22428	26
22429	26
22430	26
22431	26
22432	26
22433	26
22434	26
22435	26
22436	26
22437	26
22438	26
22439	26
22440	26
22441	26
22442	26
22443	26
22444	26
22445	26
22446	26
22447	26
22448	26
22449	26
22450	26
22451	26
22452	26
22453	26
22454	26
22455	26
22456	26
22457	26
22458	26
22459	26
22460	26
22461	26
22462	26
22463	26
22464	26
22465	26
22466	26
22467	26
22468	26
22469	26
22470	26
22471	26
22472	26
22473	26
22474	26
22475	26
22476	26
22477	26
22478	26
22479	26
22480	26
22481	26
22482	26
22483	26
22484	26
22485	26
22486	26
22487	26
22488	26
22489	26
22490	26
22491	27
22492	27
22493	27
22494	27
22495	27
22496	27
22497	27
22498	27
22499	27
22500	27
22501	27
22502	27
22503	27
22504	27
22505	27
22506	27
22507	27
22508	27
22509	27
22510	27
22511	27
22512	27
22513	27
22514	27
22515	27
22516	27
22517	27
22518	27
22519	27
22520	27
22521	27
22522	27
22523	27
22524	27
22525	27
22526	27
22527	27
22528	27
22529	27
22530	27
22531	27
22532	27
22533	27
22534	27
22535	27
22536	27
22537	27
22538	27
22539	27
22540	27
22541	27
22542	27
22543	27
22544	27
22545	27
22546	27
22547	27
22548	27
22549	27
22550	27
22551	27
22552	27
22553	27
22554	27
22555	27
22556	27
22557	27
22558	27
22559	27
22560	27
22561	27
22562	27
22563	27
22564	27
22565	27
22566	27
22567	27
22568	27
22569	27
22570	27
22571	27
22572	27
22573	27
22574	27
22575	27
22576	27
22577	27
22578	27
22579	27
22580	27
22581	27
22582	27
22583	27
22584	27
22585	27
22586	27
22587	27
22588	27
22589	27
22590	27
22591	27
22592	27
22593	27
22594	27
22595	27
22596	27
22597	27
22598	27
22599	27
22600	27
22601	27
22602	27
22603	27
22604	27
22605	27
22606	27
22607	27
22608	27
22609	27
22610	27
22611	27
22612	27
22613	27
22614	27
22615	27
22616	27
22617	27
22618	27
22619	27
22620	27
22621	27
22622	27
22623	27
22624	27
22625	27
22626	27
22627	27
22628	27
22629	27
22630	27
22631	27
22632	27
22633	27
22634	27
22635	27
22636	27
22637	27
22638	27
22639	27
22640	27
22641	27
22642	27
22643	27
22644	27
22645	27
22646	27
22647	27
22648	27
22649	27
22650	27
22651	27
22652	27
22653	27
22654	27
22655	27
22656	27
22657	27
22658	27
22659	27
22660	27
22661	27
22662	27
22663	27
22664	27
22665	27
22666	27
22667	27
22668	27
22669	27
22670	27
22671	27
22672	27
22673	27
22674	27
22675	27
22676	27
22677	27
22678	27
22679	27
22680	27
22681	27
22682	27
22683	27
22684	27
22685	27
22686	27
22687	27
22688	27
22689	27
22690	27
22691	27
22692	27
22693	27
22694	27
22695	27
22696	27
22697	27
22698	27
22699	27
22700	27
22701	27
22702	27
22703	27
22704	27
22705	27
22706	27
22707	27
22708	27
22709	27
22710	27
22711	27
22712	27
22713	27
22714	27
22715	27
22716	27
22717	27
22718	27
22719	27
22720	27
22721	27
22722	27
22723	27
22724	27
22725	27
22726	27
22727	27
22728	27
22729	27
22730	27
22731	27
22732	27
22733	27
22734	27
22735	27
22736	27
22737	27
22738	27
22739	27
22740	27
22741	27
22742	27
22743	27
22744	27
22745	27
22746	27
22747	27
22748	27
22749	27
22750	27
22751	27
22752	27
22753	27
22754	27
22755	27
22756	27
22757	27
22758	27
22759	27
22760	27
22761	27
22762	27
22763	27
22764	27
22765	27
22766	27
22767	27
22768	27
22769	27
22770	27
22771	27
22772	27
22773	27
22774	27
22775	27
22776	27
22777	27
22778	27
22779	27
22780	27
22781	27
22782	27
22783	27
22784	27
22785	27
22786	27
22787	27
22788	27
22789	27
22790	27
22791	27
22792	27
22793	27
22794	27
22795	27
22796	27
22797	27
22798	27
22799	27
22800	27
22801	27
22802	27
22803	27
22804	27
22805	27
22806	27
22807	27
22808	27
22809	27
22810	27
22811	27
22812	27
22813	27
22814	27
22815	27
22816	27
22817	27
22818	27
22819	27
22820	27
22821	27
22822	27
22823	27
22824	27
22825	27
22826	27
22827	27
22828	27
22829	27
22830	27
22831	27
22832	27
22833	27
22834	27
22835	27
22836	27
22837	27
22838	27
22839	27
22840	27
22841	27
22842	27
22843	27
22844	27
22845	27
22846	27
22847	27
22848	27
22849	27
22850	27
22851	27
22852	27
22853	27
22854	27
22855	27
22856	27
22857	27
22858	27
22859	27
22860	27
22861	27
22862	27
22863	27
22864	27
22865	27
22866	27
22867	27
22868	27
22869	27
22870	27
22871	27
22872	27
22873	27
22874	27
22875	27
22876	27
22877	27
22878	27
22879	27
22880	27
22881	27
22882	27
22883	27
22884	27
22885	27
22886	27
22887	27
22888	27
22889	27
22890	27
22891	27
22892	27
22893	27
22894	27
22895	27
22896	27
22897	27
22898	27
22899	27
22900	27
22901	27
22902	27
22903	27
22904	27
22905	27
22906	27
22907	27
22908	27
22909	27
22910	27
22911	27
22912	27
22913	27
22914	27
22915	27
22916	27
22917	27
22918	27
22919	27
22920	27
22921	27
22922	27
22923	27
22924	27
22925	27
22926	27
22927	27
22928	27
22929	27
22930	27
22931	27
22932	27
22933	27
22934	27
22935	27
22936	27
22937	27
22938	27
22939	27
22940	27
22941	27
22942	27
22943	27
22944	27
22945	27
22946	27
22947	27
22948	27
22949	27
22950	27
22951	27
22952	27
22953	27
22954	27
22955	27
22956	27
22957	27
22958	27
22959	27
22960	27
22961	27
22962	27
22963	27
22964	27
22965	27
22966	27
22967	27
22968	27
22969	27
22970	27
22971	27
22972	27
22973	27
22974	27
22975	27
22976	27
22977	27
22978	27
22979	27
22980	27
22981	27
22982	27
22983	27
22984	27
22985	27
22986	27
22987	27
22988	27
22989	27
22990	27
22991	27
22992	27
22993	27
22994	27
22995	27
22996	27
22997	27
22998	27
22999	27
23000	27
23001	27
23002	27
23003	27
23004	27
23005	27
23006	27
23007	27
23008	27
23009	27
23010	27
23011	27
23012	27
23013	27
23014	27
23015	27
23016	27
23017	27
23018	27
23019	27
23020	27
23021	27
23022	27
23023	27
23024	27
23025	27
23026	27
23027	27
23028	27
23029	27
23030	27
23031	27
23032	27
23033	27
23034	27
23035	27
23036	27
23037	27
23038	27
23039	27
23040	27
23041	27
23042	27
23043	27
23044	27
23045	27
23046	27
23047	27
23048	27
23049	27
23050	27
23051	27
23052	27
23053	27
23054	27
23055	27
23056	27
23057	27
23058	27
23059	27
23060	27
23061	27
23062	27
23063	27
23064	27
23065	27
23066	27
23067	27
23068	27
23069	27
23070	27
23071	27
23072	27
23073	27
23074	27
23075	27
23076	27
23077	27
23078	27
23079	27
23080	27
23081	27
23082	27
23083	27
23084	27
23085	27
23086	27
23087	27
23088	27
23089	27
23090	27
23091	27
23092	27
23093	27
23094	27
23095	27
23096	27
23097	27
23098	27
23099	27
23100	27
23101	27
23102	27
23103	27
23104	27
23105	27
23106	27
23107	27
23108	27
23109	27
23110	27
23111	27
23112	27
23113	27
23114	27
23115	27
23116	27
23117	27
23118	27
23119	27
23120	27
23121	27
23122	27
23123	27
23124	27
23125	27
23126	27
23127	27
23128	27
23129	27
23130	27
23131	27
23132	27
23133	27
23134	27
23135	27
23136	27
23137	27
23138	27
23139	27
23140	27
23141	27
23142	27
23143	27
23144	27
23145	27
23146	27
23147	27
23148	27
23149	27
23150	27
23151	27
23152	27
23153	27
23154	27
23155	27
23156	27
23157	27
23158	27
23159	27
23160	27
23161	27
23162	27
23163	27
23164	27
23165	27
23166	27
23167	27
23168	27
23169	27
23170	27
23171	27
23172	27
23173	27
23174	27
23175	27
23176	27
23177	27
23178	27
23179	27
23180	27
23181	27
23182	27
23183	27
23184	27
23185	27
23186	27
23187	27
23188	27
23189	27
23190	27
23191	27
23192	27
23193	27
23194	27
23195	27
23196	27
23197	27
23198	27
23199	27
23200	27
23201	27
23202	27
23203	27
23204	27
23205	27
23206	27
23207	27
23208	27
23209	27
23210	27
23211	27
23212	27
23213	27
23214	27
23215	27
23216	27
23217	27
23218	27
23219	27
23220	27
23221	27
23222	27
23223	27
23224	27
23225	27
23226	27
23227	27
23228	27
23229	27
23230	27
23231	27
23232	27
23233	27
23234	27
23235	27
23236	27
23237	27
23238	27
23239	27
23240	27
23241	27
23242	27
23243	27
23244	27
23245	27
23246	27
23247	27
23248	27
23249	27
23250	27
23251	27
23252	27
23253	27
23254	27
23255	27
23256	27
23257	27
23258	27
23259	27
23260	27
23261	27
23262	27
23263	27
23264	27
23265	27
23266	27
23267	27
23268	27
23269	27
23270	27
23271	27
23272	27
23273	27
23274	27
23275	27
23276	27
23277	27
23278	27
23279	27
23280	27
23281	27
23282	27
23283	27
23284	27
23285	27
23286	27
23287	27
23288	27
23289	27
23290	27
23291	27
23292	27
23293	27
23294	27
23295	27
23296	27
23297	27
23298	27
23299	27
23300	27
23301	27
23302	27
23303	27
23304	27
23305	27
23306	27
23307	27
23308	27
23309	27
23310	27
23311	27
23312	27
23313	27
23314	27
23315	27
23316	27
23317	27
23318	27
23319	27
23320	27
23321	27
23322	27
23323	27
23324	28
23325	28
23326	28
23327	28
23328	28
23329	28
23330	28
23331	28
23332	28
23333	28
23334	28
23335	28
23336	28
23337	28
23338	28
23339	28
23340	28
23341	28
23342	28
23343	28
23344	28
23345	28
23346	28
23347	28
23348	28
23349	28
23350	28
23351	28
23352	28
23353	28
23354	28
23355	28
23356	28
23357	28
23358	28
23359	28
23360	28
23361	28
23362	28
23363	28
23364	28
23365	28
23366	28
23367	28
23368	28
23369	28
23370	28
23371	28
23372	28
23373	28
23374	28
23375	28
23376	28
23377	28
23378	28
23379	28
23380	28
23381	28
23382	28
23383	28
23384	28
23385	28
23386	28
23387	28
23388	28
23389	28
23390	28
23391	28
23392	28
23393	28
23394	28
23395	28
23396	28
23397	28
23398	28
23399	28
23400	28
23401	28
23402	28
23403	28
23404	28
23405	28
23406	28
23407	28
23408	28
23409	28
23410	28
23411	28
23412	28
23413	28
23414	28
23415	28
23416	28
23417	28
23418	28
23419	28
23420	28
23421	28
23422	28
23423	28
23424	28
23425	28
23426	28
23427	28
23428	28
23429	28
23430	28
23431	28
23432	28
23433	28
23434	28
23435	28
23436	28
23437	28
23438	28
23439	28
23440	28
23441	28
23442	28
23443	28
23444	28
23445	28
23446	28
23447	28
23448	28
23449	28
23450	28
23451	28
23452	28
23453	28
23454	28
23455	28
23456	28
23457	28
23458	28
23459	28
23460	28
23461	28
23462	28
23463	28
23464	28
23465	28
23466	28
23467	28
23468	28
23469	28
23470	28
23471	28
23472	28
23473	28
23474	28
23475	28
23476	28
23477	28
23478	28
23479	28
23480	28
23481	28
23482	28
23483	28
23484	28
23485	28
23486	28
23487	28
23488	28
23489	28
23490	28
23491	28
23492	28
23493	28
23494	28
23495	28
23496	28
23497	28
23498	28
23499	28
23500	28
23501	28
23502	28
23503	28
23504	28
23505	28
23506	28
23507	28
23508	28
23509	28
23510	28
23511	28
23512	28
23513	28
23514	28
23515	28
23516	28
23517	28
23518	28
23519	28
23520	28
23521	28
23522	28
23523	28
23524	28
23525	28
23526	28
23527	28
23528	28
23529	28
23530	28
23531	28
23532	28
23533	28
23534	28
23535	28
23536	28
23537	28
23538	28
23539	28
23540	28
23541	28
23542	28
23543	28
23544	28
23545	28
23546	28
23547	28
23548	28
23549	28
23550	28
23551	28
23552	28
23553	28
23554	28
23555	28
23556	28
23557	28
23558	28
23559	28
23560	28
23561	28
23562	28
23563	28
23564	28
23565	28
23566	28
23567	28
23568	28
23569	28
23570	28
23571	28
23572	28
23573	28
23574	28
23575	28
23576	28
23577	28
23578	28
23579	28
23580	28
23581	28
23582	28
23583	28
23584	28
23585	28
23586	28
23587	28
23588	28
23589	28
23590	28
23591	28
23592	28
23593	28
23594	28
23595	28
23596	28
23597	28
23598	28
23599	28
23600	28
23601	28
23602	28
23603	28
23604	28
23605	28
23606	28
23607	28
23608	28
23609	28
23610	28
23611	28
23612	28
23613	28
23614	28
23615	28
23616	28
23617	28
23618	28
23619	28
23620	28
23621	28
23622	28
23623	28
23624	28
23625	28
23626	28
23627	28
23628	28
23629	28
23630	28
23631	28
23632	28
23633	28
23634	28
23635	28
23636	28
23637	28
23638	28
23639	28
23640	28
23641	28
23642	28
23643	28
23644	28
23645	28
23646	28
23647	28
23648	28
23649	28
23650	28
23651	28
23652	28
23653	28
23654	28
23655	28
23656	28
23657	28
23658	28
23659	28
23660	28
23661	28
23662	28
23663	28
23664	28
23665	28
23666	28
23667	28
23668	28
23669	28
23670	28
23671	28
23672	28
23673	28
23674	28
23675	28
23676	28
23677	28
23678	28
23679	28
23680	28
23681	28
23682	28
23683	28
23684	28
23685	28
23686	28
23687	28
23688	28
23689	28
23690	28
23691	28
23692	28
23693	28
23694	28
23695	28
23696	28
23697	28
23698	28
23699	28
23700	28
23701	28
23702	28
23703	28
23704	28
23705	28
23706	28
23707	28
23708	28
23709	28
23710	28
23711	28
23712	28
23713	28
23714	28
23715	28
23716	28
23717	28
23718	28
23719	28
23720	28
23721	28
23722	28
23723	28
23724	28
23725	28
23726	28
23727	28
23728	28
23729	28
23730	28
23731	28
23732	28
23733	28
23734	28
23735	28
23736	28
23737	28
23738	28
23739	28
23740	28
23741	28
23742	28
23743	28
23744	28
23745	28
23746	28
23747	28
23748	28
23749	28
23750	28
23751	28
23752	28
23753	28
23754	28
23755	28
23756	28
23757	28
23758	28
23759	28
23760	28
23761	28
23762	28
23763	28
23764	28
23765	28
23766	28
23767	28
23768	28
23769	28
23770	28
23771	28
23772	28
23773	28
23774	28
23775	28
23776	28
23777	28
23778	28
23779	28
23780	28
23781	28
23782	28
23783	28
23784	28
23785	28
23786	28
23787	28
23788	28
23789	28
23790	28
23791	28
23792	28
23793	28
23794	28
23795	28
23796	28
23797	28
23798	28
23799	28
23800	28
23801	28
23802	28
23803	28
23804	28
23805	28
23806	28
23807	28
23808	28
23809	28
23810	28
23811	28
23812	28
23813	28
23814	28
23815	28
23816	28
23817	28
23818	28
23819	28
23820	28
23821	28
23822	28
23823	28
23824	28
23825	28
23826	28
23827	28
23828	28
23829	28
23830	28
23831	28
23832	28
23833	28
23834	28
23835	28
23836	28
23837	28
23838	28
23839	28
23840	28
23841	28
23842	28
23843	28
23844	28
23845	28
23846	28
23847	28
23848	28
23849	28
23850	28
23851	28
23852	28
23853	28
23854	28
23855	28
23856	28
23857	28
23858	28
23859	28
23860	28
23861	28
23862	28
23863	28
23864	28
23865	28
23866	28
23867	28
23868	28
23869	28
23870	28
23871	28
23872	28
23873	28
23874	28
23875	28
23876	28
23877	28
23878	28
23879	28
23880	28
23881	28
23882	28
23883	28
23884	28
23885	28
23886	28
23887	28
23888	28
23889	28
23890	28
23891	28
23892	28
23893	28
23894	28
23895	28
23896	28
23897	28
23898	28
23899	28
23900	28
23901	28
23902	28
23903	28
23904	28
23905	28
23906	28
23907	28
23908	28
23909	28
23910	28
23911	28
23912	28
23913	28
23914	28
23915	28
23916	28
23917	28
23918	28
23919	28
23920	28
23921	28
23922	28
23923	28
23924	28
23925	28
23926	28
23927	28
23928	28
23929	28
23930	28
23931	28
23932	28
23933	28
23934	28
23935	28
23936	28
23937	28
23938	28
23939	28
23940	28
23941	28
23942	28
23943	28
23944	28
23945	28
23946	28
23947	28
23948	28
23949	28
23950	28
23951	28
23952	28
23953	28
23954	28
23955	28
23956	28
23957	28
23958	28
23959	28
23960	28
23961	28
23962	28
23963	28
23964	28
23965	28
23966	28
23967	28
23968	28
23969	28
23970	28
23971	28
23972	28
23973	28
23974	28
23975	28
23976	28
23977	28
23978	28
23979	28
23980	28
23981	28
23982	28
23983	28
23984	28
23985	28
23986	28
23987	28
23988	28
23989	28
23990	28
23991	28
23992	28
23993	28
23994	28
23995	28
23996	28
23997	28
23998	28
23999	28
24000	28
24001	28
24002	28
24003	28
24004	28
24005	28
24006	28
24007	28
24008	28
24009	28
24010	28
24011	28
24012	28
24013	28
24014	28
24015	28
24016	28
24017	28
24018	28
24019	28
24020	28
24021	28
24022	28
24023	28
24024	28
24025	28
24026	28
24027	28
24028	28
24029	28
24030	28
24031	28
24032	28
24033	28
24034	28
24035	28
24036	28
24037	28
24038	28
24039	28
24040	28
24041	28
24042	28
24043	28
24044	28
24045	28
24046	28
24047	28
24048	28
24049	28
24050	28
24051	28
24052	28
24053	28
24054	28
24055	28
24056	28
24057	28
24058	28
24059	28
24060	28
24061	28
24062	28
24063	28
24064	28
24065	28
24066	28
24067	28
24068	28
24069	28
24070	28
24071	28
24072	28
24073	28
24074	28
24075	28
24076	28
24077	28
24078	28
24079	28
24080	28
24081	28
24082	28
24083	28
24084	28
24085	28
24086	28
24087	28
24088	28
24089	28
24090	28
24091	28
24092	28
24093	28
24094	28
24095	28
24096	28
24097	28
24098	28
24099	28
24100	28
24101	28
24102	28
24103	28
24104	28
24105	28
24106	28
24107	28
24108	28
24109	28
24110	28
24111	28
24112	28
24113	28
24114	28
24115	28
24116	28
24117	28
24118	28
24119	28
24120	28
24121	28
24122	28
24123	28
24124	28
24125	28
24126	28
24127	28
24128	28
24129	28
24130	28
24131	28
24132	28
24133	28
24134	28
24135	28
24136	28
24137	28
24138	28
24139	28
24140	28
24141	28
24142	28
24143	28
24144	28
24145	28
24146	28
24147	28
24148	28
24149	28
24150	28
24151	28
24152	28
24153	28
24154	28
24155	28
24156	28
24157	29
24158	29
24159	29
24160	29
24161	29
24162	29
24163	29
24164	29
24165	29
24166	29
24167	29
24168	29
24169	29
24170	29
24171	29
24172	29
24173	29
24174	29
24175	29
24176	29
24177	29
24178	29
24179	29
24180	29
24181	29
24182	29
24183	29
24184	29
24185	29
24186	29
24187	29
24188	29
24189	29
24190	29
24191	29
24192	29
24193	29
24194	29
24195	29
24196	29
24197	29
24198	29
24199	29
24200	29
24201	29
24202	29
24203	29
24204	29
24205	29
24206	29
24207	29
24208	29
24209	29
24210	29
24211	29
24212	29
24213	29
24214	29
24215	29
24216	29
24217	29
24218	29
24219	29
24220	29
24221	29
24222	29
24223	29
24224	29
24225	29
24226	29
24227	29
24228	29
24229	29
24230	29
24231	29
24232	29
24233	29
24234	29
24235	29
24236	29
24237	29
24238	29
24239	29
24240	29
24241	29
24242	29
24243	29
24244	29
24245	29
24246	29
24247	29
24248	29
24249	29
24250	29
24251	29
24252	29
24253	29
24254	29
24255	29
24256	29
24257	29
24258	29
24259	29
24260	29
24261	29
24262	29
24263	29
24264	29
24265	29
24266	29
24267	29
24268	29
24269	29
24270	29
24271	29
24272	29
24273	29
24274	29
24275	29
24276	29
24277	29
24278	29
24279	29
24280	29
24281	29
24282	29
24283	29
24284	29
24285	29
24286	29
24287	29
24288	29
24289	29
24290	29
24291	29
24292	29
24293	29
24294	29
24295	29
24296	29
24297	29
24298	29
24299	29
24300	29
24301	29
24302	29
24303	29
24304	29
24305	29
24306	29
24307	29
24308	29
24309	29
24310	29
24311	29
24312	29
24313	29
24314	29
24315	29
24316	29
24317	29
24318	29
24319	29
24320	29
24321	29
24322	29
24323	29
24324	29
24325	29
24326	29
24327	29
24328	29
24329	29
24330	29
24331	29
24332	29
24333	29
24334	29
24335	29
24336	29
24337	29
24338	29
24339	29
24340	29
24341	29
24342	29
24343	29
24344	29
24345	29
24346	29
24347	29
24348	29
24349	29
24350	29
24351	29
24352	29
24353	29
24354	29
24355	29
24356	29
24357	29
24358	29
24359	29
24360	29
24361	29
24362	29
24363	29
24364	29
24365	29
24366	29
24367	29
24368	29
24369	29
24370	29
24371	29
24372	29
24373	29
24374	29
24375	29
24376	29
24377	29
24378	29
24379	29
24380	29
24381	29
24382	29
24383	29
24384	29
24385	29
24386	29
24387	29
24388	29
24389	29
24390	29
24391	29
24392	29
24393	29
24394	29
24395	29
24396	29
24397	29
24398	29
24399	29
24400	29
24401	29
24402	29
24403	29
24404	29
24405	29
24406	29
24407	29
24408	29
24409	29
24410	29
24411	29
24412	29
24413	29
24414	29
24415	29
24416	29
24417	29
24418	29
24419	29
24420	29
24421	29
24422	29
24423	29
24424	29
24425	29
24426	29
24427	29
24428	29
24429	29
24430	29
24431	29
24432	29
24433	29
24434	29
24435	29
24436	29
24437	29
24438	29
24439	29
24440	29
24441	29
24442	29
24443	29
24444	29
24445	29
24446	29
24447	29
24448	29
24449	29
24450	29
24451	29
24452	29
24453	29
24454	29
24455	29
24456	29
24457	29
24458	29
24459	29
24460	29
24461	29
24462	29
24463	29
24464	29
24465	29
24466	29
24467	29
24468	29
24469	29
24470	29
24471	29
24472	29
24473	29
24474	29
24475	29
24476	29
24477	29
24478	29
24479	29
24480	29
24481	29
24482	29
24483	29
24484	29
24485	29
24486	29
24487	29
24488	29
24489	29
24490	29
24491	29
24492	29
24493	29
24494	29
24495	29
24496	29
24497	29
24498	29
24499	29
24500	29
24501	29
24502	29
24503	29
24504	29
24505	29
24506	29
24507	29
24508	29
24509	29
24510	29
24511	29
24512	29
24513	29
24514	29
24515	29
24516	29
24517	29
24518	29
24519	29
24520	29
24521	29
24522	29
24523	29
24524	29
24525	29
24526	29
24527	29
24528	29
24529	29
24530	29
24531	29
24532	29
24533	29
24534	29
24535	29
24536	29
24537	29
24538	29
24539	29
24540	29
24541	29
24542	29
24543	29
24544	29
24545	29
24546	29
24547	29
24548	29
24549	29
24550	29
24551	29
24552	29
24553	29
24554	29
24555	29
24556	29
24557	29
24558	29
24559	29
24560	29
24561	29
24562	29
24563	29
24564	29
24565	29
24566	29
24567	29
24568	29
24569	29
24570	29
24571	29
24572	29
24573	29
24574	29
24575	29
24576	29
24577	29
24578	29
24579	29
24580	29
24581	29
24582	29
24583	29
24584	29
24585	29
24586	29
24587	29
24588	29
24589	29
24590	29
24591	29
24592	29
24593	29
24594	29
24595	29
24596	29
24597	29
24598	29
24599	29
24600	29
24601	29
24602	29
24603	29
24604	29
24605	29
24606	29
24607	29
24608	29
24609	29
24610	29
24611	29
24612	29
24613	29
24614	29
24615	29
24616	29
24617	29
24618	29
24619	29
24620	29
24621	29
24622	29
24623	29
24624	29
24625	29
24626	29
24627	29
24628	29
24629	29
24630	29
24631	29
24632	29
24633	29
24634	29
24635	29
24636	29
24637	29
24638	29
24639	29
24640	29
24641	29
24642	29
24643	29
24644	29
24645	29
24646	29
24647	29
24648	29
24649	29
24650	29
24651	29
24652	29
24653	29
24654	29
24655	29
24656	29
24657	29
24658	29
24659	29
24660	29
24661	29
24662	29
24663	29
24664	29
24665	29
24666	29
24667	29
24668	29
24669	29
24670	29
24671	29
24672	29
24673	29
24674	29
24675	29
24676	29
24677	29
24678	29
24679	29
24680	29
24681	29
24682	29
24683	29
24684	29
24685	29
24686	29
24687	29
24688	29
24689	29
24690	29
24691	29
24692	29
24693	29
24694	29
24695	29
24696	29
24697	29
24698	29
24699	29
24700	29
24701	29
24702	29
24703	29
24704	29
24705	29
24706	29
24707	29
24708	29
24709	29
24710	29
24711	29
24712	29
24713	29
24714	29
24715	29
24716	29
24717	29
24718	29
24719	29
24720	29
24721	29
24722	29
24723	29
24724	29
24725	29
24726	29
24727	29
24728	29
24729	29
24730	29
24731	29
24732	29
24733	29
24734	29
24735	29
24736	29
24737	29
24738	29
24739	29
24740	29
24741	29
24742	29
24743	29
24744	29
24745	29
24746	29
24747	29
24748	29
24749	29
24750	29
24751	29
24752	29
24753	29
24754	29
24755	29
24756	29
24757	29
24758	29
24759	29
24760	29
24761	29
24762	29
24763	29
24764	29
24765	29
24766	29
24767	29
24768	29
24769	29
24770	29
24771	29
24772	29
24773	29
24774	29
24775	29
24776	29
24777	29
24778	29
24779	29
24780	29
24781	29
24782	29
24783	29
24784	29
24785	29
24786	29
24787	29
24788	29
24789	29
24790	29
24791	29
24792	29
24793	29
24794	29
24795	29
24796	29
24797	29
24798	29
24799	29
24800	29
24801	29
24802	29
24803	29
24804	29
24805	29
24806	29
24807	29
24808	29
24809	29
24810	29
24811	29
24812	29
24813	29
24814	29
24815	29
24816	29
24817	29
24818	29
24819	29
24820	29
24821	29
24822	29
24823	29
24824	29
24825	29
24826	29
24827	29
24828	29
24829	29
24830	29
24831	29
24832	29
24833	29
24834	29
24835	29
24836	29
24837	29
24838	29
24839	29
24840	29
24841	29
24842	29
24843	29
24844	29
24845	29
24846	29
24847	29
24848	29
24849	29
24850	29
24851	29
24852	29
24853	29
24854	29
24855	29
24856	29
24857	29
24858	29
24859	29
24860	29
24861	29
24862	29
24863	29
24864	29
24865	29
24866	29
24867	29
24868	29
24869	29
24870	29
24871	29
24872	29
24873	29
24874	29
24875	29
24876	29
24877	29
24878	29
24879	29
24880	29
24881	29
24882	29
24883	29
24884	29
24885	29
24886	29
24887	29
24888	29
24889	29
24890	29
24891	29
24892	29
24893	29
24894	29
24895	29
24896	29
24897	29
24898	29
24899	29
24900	29
24901	29
24902	29
24903	29
24904	29
24905	29
24906	29
24907	29
24908	29
24909	29
24910	29
24911	29
24912	29
24913	29
24914	29
24915	29
24916	29
24917	29
24918	29
24919	29
24920	29
24921	29
24922	29
24923	29
24924	29
24925	29
24926	29
24927	29
24928	29
24929	29
24930	29
24931	29
24932	29
24933	29
24934	29
24935	29
24936	29
24937	29
24938	29
24939	29
24940	29
24941	29
24942	29
24943	29
24944	29
24945	29
24946	29
24947	29
24948	29
24949	29
24950	29
24951	29
24952	29
24953	29
24954	29
24955	29
24956	29
24957	29
24958	29
24959	29
24960	29
24961	29
24962	29
24963	29
24964	29
24965	29
24966	29
24967	29
24968	29
24969	29
24970	29
24971	29
24972	29
24973	29
24974	29
24975	29
24976	29
24977	29
24978	29
24979	29
24980	29
24981	29
24982	29
24983	29
24984	29
24985	29
24986	29
24987	29
24988	29
24989	29
24990	30
24991	30
24992	30
24993	30
24994	30
24995	30
24996	30
24997	30
24998	30
24999	30
25000	30
25001	30
25002	30
25003	30
25004	30
25005	30
25006	30
25007	30
25008	30
25009	30
25010	30
25011	30
25012	30
25013	30
25014	30
25015	30
25016	30
25017	30
25018	30
25019	30
25020	30
25021	30
25022	30
25023	30
25024	30
25025	30
25026	30
25027	30
25028	30
25029	30
25030	30
25031	30
25032	30
25033	30
25034	30
25035	30
25036	30
25037	30
25038	30
25039	30
25040	30
25041	30
25042	30
25043	30
25044	30
25045	30
25046	30
25047	30
25048	30
25049	30
25050	30
25051	30
25052	30
25053	30
25054	30
25055	30
25056	30
25057	30
25058	30
25059	30
25060	30
25061	30
25062	30
25063	30
25064	30
25065	30
25066	30
25067	30
25068	30
25069	30
25070	30
25071	30
25072	30
25073	30
25074	30
25075	30
25076	30
25077	30
25078	30
25079	30
25080	30
25081	30
25082	30
25083	30
25084	30
25085	30
25086	30
25087	30
25088	30
25089	30
25090	30
25091	30
25092	30
25093	30
25094	30
25095	30
25096	30
25097	30
25098	30
25099	30
25100	30
25101	30
25102	30
25103	30
25104	30
25105	30
25106	30
25107	30
25108	30
25109	30
25110	30
25111	30
25112	30
25113	30
25114	30
25115	30
25116	30
25117	30
25118	30
25119	30
25120	30
25121	30
25122	30
25123	30
25124	30
25125	30
25126	30
25127	30
25128	30
25129	30
25130	30
25131	30
25132	30
25133	30
25134	30
25135	30
25136	30
25137	30
25138	30
25139	30
25140	30
25141	30
25142	30
25143	30
25144	30
25145	30
25146	30
25147	30
25148	30
25149	30
25150	30
25151	30
25152	30
25153	30
25154	30
25155	30
25156	30
25157	30
25158	30
25159	30
25160	30
25161	30
25162	30
25163	30
25164	30
25165	30
25166	30
25167	30
25168	30
25169	30
25170	30
25171	30
25172	30
25173	30
25174	30
25175	30
25176	30
25177	30
25178	30
25179	30
25180	30
25181	30
25182	30
25183	30
25184	30
25185	30
25186	30
25187	30
25188	30
25189	30
25190	30
25191	30
25192	30
25193	30
25194	30
25195	30
25196	30
25197	30
25198	30
25199	30
25200	30
25201	30
25202	30
25203	30
25204	30
25205	30
25206	30
25207	30
25208	30
25209	30
25210	30
25211	30
25212	30
25213	30
25214	30
25215	30
25216	30
25217	30
25218	30
25219	30
25220	30
25221	30
25222	30
25223	30
25224	30
25225	30
25226	30
25227	30
25228	30
25229	30
25230	30
25231	30
25232	30
25233	30
25234	30
25235	30
25236	30
25237	30
25238	30
25239	30
25240	30
25241	30
25242	30
25243	30
25244	30
25245	30
25246	30
25247	30
25248	30
25249	30
25250	30
25251	30
25252	30
25253	30
25254	30
25255	30
25256	30
25257	30
25258	30
25259	30
25260	30
25261	30
25262	30
25263	30
25264	30
25265	30
25266	30
25267	30
25268	30
25269	30
25270	30
25271	30
25272	30
25273	30
25274	30
25275	30
25276	30
25277	30
25278	30
25279	30
25280	30
25281	30
25282	30
25283	30
25284	30
25285	30
25286	30
25287	30
25288	30
25289	30
25290	30
25291	30
25292	30
25293	30
25294	30
25295	30
25296	30
25297	30
25298	30
25299	30
25300	30
25301	30
25302	30
25303	30
25304	30
25305	30
25306	30
25307	30
25308	30
25309	30
25310	30
25311	30
25312	30
25313	30
25314	30
25315	30
25316	30
25317	30
25318	30
25319	30
25320	30
25321	30
25322	30
25323	30
25324	30
25325	30
25326	30
25327	30
25328	30
25329	30
25330	30
25331	30
25332	30
25333	30
25334	30
25335	30
25336	30
25337	30
25338	30
25339	30
25340	30
25341	30
25342	30
25343	30
25344	30
25345	30
25346	30
25347	30
25348	30
25349	30
25350	30
25351	30
25352	30
25353	30
25354	30
25355	30
25356	30
25357	30
25358	30
25359	30
25360	30
25361	30
25362	30
25363	30
25364	30
25365	30
25366	30
25367	30
25368	30
25369	30
25370	30
25371	30
25372	30
25373	30
25374	30
25375	30
25376	30
25377	30
25378	30
25379	30
25380	30
25381	30
25382	30
25383	30
25384	30
25385	30
25386	30
25387	30
25388	30
25389	30
25390	30
25391	30
25392	30
25393	30
25394	30
25395	30
25396	30
25397	30
25398	30
25399	30
25400	30
25401	30
25402	30
25403	30
25404	30
25405	30
25406	30
25407	30
25408	30
25409	30
25410	30
25411	30
25412	30
25413	30
25414	30
25415	30
25416	30
25417	30
25418	30
25419	30
25420	30
25421	30
25422	30
25423	30
25424	30
25425	30
25426	30
25427	30
25428	30
25429	30
25430	30
25431	30
25432	30
25433	30
25434	30
25435	30
25436	30
25437	30
25438	30
25439	30
25440	30
25441	30
25442	30
25443	30
25444	30
25445	30
25446	30
25447	30
25448	30
25449	30
25450	30
25451	30
25452	30
25453	30
25454	30
25455	30
25456	30
25457	30
25458	30
25459	30
25460	30
25461	30
25462	30
25463	30
25464	30
25465	30
25466	30
25467	30
25468	30
25469	30
25470	30
25471	30
25472	30
25473	30
25474	30
25475	30
25476	30
25477	30
25478	30
25479	30
25480	30
25481	30
25482	30
25483	30
25484	30
25485	30
25486	30
25487	30
25488	30
25489	30
25490	30
25491	30
25492	30
25493	30
25494	30
25495	30
25496	30
25497	30
25498	30
25499	30
25500	30
25501	30
25502	30
25503	30
25504	30
25505	30
25506	30
25507	30
25508	30
25509	30
25510	30
25511	30
25512	30
25513	30
25514	30
25515	30
25516	30
25517	30
25518	30
25519	30
25520	30
25521	30
25522	30
25523	30
25524	30
25525	30
25526	30
25527	30
25528	30
25529	30
25530	30
25531	30
25532	30
25533	30
25534	30
25535	30
25536	30
25537	30
25538	30
25539	30
25540	30
25541	30
25542	30
25543	30
25544	30
25545	30
25546	30
25547	30
25548	30
25549	30
25550	30
25551	30
25552	30
25553	30
25554	30
25555	30
25556	30
25557	30
25558	30
25559	30
25560	30
25561	30
25562	30
25563	30
25564	30
25565	30
25566	30
25567	30
25568	30
25569	30
25570	30
25571	30
25572	30
25573	30
25574	30
25575	30
25576	30
25577	30
25578	30
25579	30
25580	30
25581	30
25582	30
25583	30
25584	30
25585	30
25586	30
25587	30
25588	30
25589	30
25590	30
25591	30
25592	30
25593	30
25594	30
25595	30
25596	30
25597	30
25598	30
25599	30
25600	30
25601	30
25602	30
25603	30
25604	30
25605	30
25606	30
25607	30
25608	30
25609	30
25610	30
25611	30
25612	30
25613	30
25614	30
25615	30
25616	30
25617	30
25618	30
25619	30
25620	30
25621	30
25622	30
25623	30
25624	30
25625	30
25626	30
25627	30
25628	30
25629	30
25630	30
25631	30
25632	30
25633	30
25634	30
25635	30
25636	30
25637	30
25638	30
25639	30
25640	30
25641	30
25642	30
25643	30
25644	30
25645	30
25646	30
25647	30
25648	30
25649	30
25650	30
25651	30
25652	30
25653	30
25654	30
25655	30
25656	30
25657	30
25658	30
25659	30
25660	30
25661	30
25662	30
25663	30
25664	30
25665	30
25666	30
25667	30
25668	30
25669	30
25670	30
25671	30
25672	30
25673	30
25674	30
25675	30
25676	30
25677	30
25678	30
25679	30
25680	30
25681	30
25682	30
25683	30
25684	30
25685	30
25686	30
25687	30
25688	30
25689	30
25690	30
25691	30
25692	30
25693	30
25694	30
25695	30
25696	30
25697	30
25698	30
25699	30
25700	30
25701	30
25702	30
25703	30
25704	30
25705	30
25706	30
25707	30
25708	30
25709	30
25710	30
25711	30
25712	30
25713	30
25714	30
25715	30
25716	30
25717	30
25718	30
25719	30
25720	30
25721	30
25722	30
25723	30
25724	30
25725	30
25726	30
25727	30
25728	30
25729	30
25730	30
25731	30
25732	30
25733	30
25734	30
25735	30
25736	30
25737	30
25738	30
25739	30
25740	30
25741	30
25742	30
25743	30
25744	30
25745	30
25746	30
25747	30
25748	30
25749	30
25750	30
25751	30
25752	30
25753	30
25754	30
25755	30
25756	30
25757	30
25758	30
25759	30
25760	30
25761	30
25762	30
25763	30
25764	30
25765	30
25766	30
25767	30
25768	30
25769	30
25770	30
25771	30
25772	30
25773	30
25774	30
25775	30
25776	30
25777	30
25778	30
25779	30
25780	30
25781	30
25782	30
25783	30
25784	30
25785	30
25786	30
25787	30
25788	30
25789	30
25790	30
25791	30
25792	30
25793	30
25794	30
25795	30
25796	30
25797	30
25798	30
25799	30
25800	30
25801	30
25802	30
25803	30
25804	30
25805	30
25806	30
25807	30
25808	30
25809	30
25810	30
25811	30
25812	30
25813	30
25814	30
25815	30
25816	30
25817	30
25818	30
25819	30
25820	30
25821	30
25822	30
25823	31
25824	31
25825	31
25826	31
25827	31
25828	31
25829	31
25830	31
25831	31
25832	31
25833	31
25834	31
25835	31
25836	31
25837	31
25838	31
25839	31
25840	31
25841	31
25842	31
25843	31
25844	31
25845	31
25846	31
25847	31
25848	31
25849	31
25850	31
25851	31
25852	31
25853	31
25854	31
25855	31
25856	31
25857	31
25858	31
25859	31
25860	31
25861	31
25862	31
25863	31
25864	31
25865	31
25866	31
25867	31
25868	31
25869	31
25870	31
25871	31
25872	31
25873	31
25874	31
25875	31
25876	31
25877	31
25878	31
25879	31
25880	31
25881	31
25882	31
25883	31
25884	31
25885	31
25886	31
25887	31
25888	31
25889	31
25890	31
25891	31
25892	31
25893	31
25894	31
25895	31
25896	31
25897	31
25898	31
25899	31
25900	31
25901	31
25902	31
25903	31
25904	31
25905	31
25906	31
25907	31
25908	31
25909	31
25910	31
25911	31
25912	31
25913	31
25914	31
25915	31
25916	31
25917	31
25918	31
25919	31
25920	31
25921	31
25922	31
25923	31
25924	31
25925	31
25926	31
25927	31
25928	31
25929	31
25930	31
25931	31
25932	31
25933	31
25934	31
25935	31
25936	31
25937	31
25938	31
25939	31
25940	31
25941	31
25942	31
25943	31
25944	31
25945	31
25946	31
25947	31
25948	31
25949	31
25950	31
25951	31
25952	31
25953	31
25954	31
25955	31
25956	31
25957	31
25958	31
25959	31
25960	31
25961	31
25962	31
25963	31
25964	31
25965	31
25966	31
25967	31
25968	31
25969	31
25970	31
25971	31
25972	31
25973	31
25974	31
25975	31
25976	31
25977	31
25978	31
25979	31
25980	31
25981	31
25982	31
25983	31
25984	31
25985	31
25986	31
25987	31
25988	31
25989	31
25990	31
25991	31
25992	31
25993	31
25994	31
25995	31
25996	31
25997	31
25998	31
25999	31
26000	31
26001	31
26002	31
26003	31
26004	31
26005	31
26006	31
26007	31
26008	31
26009	31
26010	31
26011	31
26012	31
26013	31
26014	31
26015	31
26016	31
26017	31
26018	31
26019	31
26020	31
26021	31
26022	31
26023	31
26024	31
26025	31
26026	31
26027	31
26028	31
26029	31
26030	31
26031	31
26032	31
26033	31
26034	31
26035	31
26036	31
26037	31
26038	31
26039	31
26040	31
26041	31
26042	31
26043	31
26044	31
26045	31
26046	31
26047	31
26048	31
26049	31
26050	31
26051	31
26052	31
26053	31
26054	31
26055	31
26056	31
26057	31
26058	31
26059	31
26060	31
26061	31
26062	31
26063	31
26064	31
26065	31
26066	31
26067	31
26068	31
26069	31
26070	31
26071	31
26072	31
26073	31
26074	31
26075	31
26076	31
26077	31
26078	31
26079	31
26080	31
26081	31
26082	31
26083	31
26084	31
26085	31
26086	31
26087	31
26088	31
26089	31
26090	31
26091	31
26092	31
26093	31
26094	31
26095	31
26096	31
26097	31
26098	31
26099	31
26100	31
26101	31
26102	31
26103	31
26104	31
26105	31
26106	31
26107	31
26108	31
26109	31
26110	31
26111	31
26112	31
26113	31
26114	31
26115	31
26116	31
26117	31
26118	31
26119	31
26120	31
26121	31
26122	31
26123	31
26124	31
26125	31
26126	31
26127	31
26128	31
26129	31
26130	31
26131	31
26132	31
26133	31
26134	31
26135	31
26136	31
26137	31
26138	31
26139	31
26140	31
26141	31
26142	31
26143	31
26144	31
26145	31
26146	31
26147	31
26148	31
26149	31
26150	31
26151	31
26152	31
26153	31
26154	31
26155	31
26156	31
26157	31
26158	31
26159	31
26160	31
26161	31
26162	31
26163	31
26164	31
26165	31
26166	31
26167	31
26168	31
26169	31
26170	31
26171	31
26172	31
26173	31
26174	31
26175	31
26176	31
26177	31
26178	31
26179	31
26180	31
26181	31
26182	31
26183	31
26184	31
26185	31
26186	31
26187	31
26188	31
26189	31
26190	31
26191	31
26192	31
26193	31
26194	31
26195	31
26196	31
26197	31
26198	31
26199	31
26200	31
26201	31
26202	31
26203	31
26204	31
26205	31
26206	31
26207	31
26208	31
26209	31
26210	31
26211	31
26212	31
26213	31
26214	31
26215	31
26216	31
26217	31
26218	31
26219	31
26220	31
26221	31
26222	31
26223	31
26224	31
26225	31
26226	31
26227	31
26228	31
26229	31
26230	31
26231	31
26232	31
26233	31
26234	31
26235	31
26236	31
26237	31
26238	31
26239	31
26240	31
26241	31
26242	31
26243	31
26244	31
26245	31
26246	31
26247	31
26248	31
26249	31
26250	31
26251	31
26252	31
26253	31
26254	31
26255	31
26256	31
26257	31
26258	31
26259	31
26260	31
26261	31
26262	31
26263	31
26264	31
26265	31
26266	31
26267	31
26268	31
26269	31
26270	31
26271	31
26272	31
26273	31
26274	31
26275	31
26276	31
26277	31
26278	31
26279	31
26280	31
26281	31
26282	31
26283	31
26284	31
26285	31
26286	31
26287	31
26288	31
26289	31
26290	31
26291	31
26292	31
26293	31
26294	31
26295	31
26296	31
26297	31
26298	31
26299	31
26300	31
26301	31
26302	31
26303	31
26304	31
26305	31
26306	31
26307	31
26308	31
26309	31
26310	31
26311	31
26312	31
26313	31
26314	31
26315	31
26316	31
26317	31
26318	31
26319	31
26320	31
26321	31
26322	31
26323	31
26324	31
26325	31
26326	31
26327	31
26328	31
26329	31
26330	31
26331	31
26332	31
26333	31
26334	31
26335	31
26336	31
26337	31
26338	31
26339	31
26340	31
26341	31
26342	31
26343	31
26344	31
26345	31
26346	31
26347	31
26348	31
26349	31
26350	31
26351	31
26352	31
26353	31
26354	31
26355	31
26356	31
26357	31
26358	31
26359	31
26360	31
26361	31
26362	31
26363	31
26364	31
26365	31
26366	31
26367	31
26368	31
26369	31
26370	31
26371	31
26372	31
26373	31
26374	31
26375	31
26376	31
26377	31
26378	31
26379	31
26380	31
26381	31
26382	31
26383	31
26384	31
26385	31
26386	31
26387	31
26388	31
26389	31
26390	31
26391	31
26392	31
26393	31
26394	31
26395	31
26396	31
26397	31
26398	31
26399	31
26400	31
26401	31
26402	31
26403	31
26404	31
26405	31
26406	31
26407	31
26408	31
26409	31
26410	31
26411	31
26412	31
26413	31
26414	31
26415	31
26416	31
26417	31
26418	31
26419	31
26420	31
26421	31
26422	31
26423	31
26424	31
26425	31
26426	31
26427	31
26428	31
26429	31
26430	31
26431	31
26432	31
26433	31
26434	31
26435	31
26436	31
26437	31
26438	31
26439	31
26440	31
26441	31
26442	31
26443	31
26444	31
26445	31
26446	31
26447	31
26448	31
26449	31
26450	31
26451	31
26452	31
26453	31
26454	31
26455	31
26456	31
26457	31
26458	31
26459	31
26460	31
26461	31
26462	31
26463	31
26464	31
26465	31
26466	31
26467	31
26468	31
26469	31
26470	31
26471	31
26472	31
26473	31
26474	31
26475	31
26476	31
26477	31
26478	31
26479	31
26480	31
26481	31
26482	31
26483	31
26484	31
26485	31
26486	31
26487	31
26488	31
26489	31
26490	31
26491	31
26492	31
26493	31
26494	31
26495	31
26496	31
26497	31
26498	31
26499	31
26500	31
26501	31
26502	31
26503	31
26504	31
26505	31
26506	31
26507	31
26508	31
26509	31
26510	31
26511	31
26512	31
26513	31
26514	31
26515	31
26516	31
26517	31
26518	31
26519	31
26520	31
26521	31
26522	31
26523	31
26524	31
26525	31
26526	31
26527	31
26528	31
26529	31
26530	31
26531	31
26532	31
26533	31
26534	31
26535	31
26536	31
26537	31
26538	31
26539	31
26540	31
26541	31
26542	31
26543	31
26544	31
26545	31
26546	31
26547	31
26548	31
26549	31
26550	31
26551	31
26552	31
26553	31
26554	31
26555	31
26556	31
26557	31
26558	31
26559	31
26560	31
26561	31
26562	31
26563	31
26564	31
26565	31
26566	31
26567	31
26568	31
26569	31
26570	31
26571	31
26572	31
26573	31
26574	31
26575	31
26576	31
26577	31
26578	31
26579	31
26580	31
26581	31
26582	31
26583	31
26584	31
26585	31
26586	31
26587	31
26588	31
26589	31
26590	31
26591	31
26592	31
26593	31
26594	31
26595	31
26596	31
26597	31
26598	31
26599	31
26600	31
26601	31
26602	31
26603	31
26604	31
26605	31
26606	31
26607	31
26608	31
26609	31
26610	31
26611	31
26612	31
26613	31
26614	31
26615	31
26616	31
26617	31
26618	31
26619	31
26620	31
26621	31
26622	31
26623	31
26624	31
26625	31
26626	31
26627	31
26628	31
26629	31
26630	31
26631	31
26632	31
26633	31
26634	31
26635	31
26636	31
26637	31
26638	31
26639	31
26640	31
26641	31
26642	31
26643	31
26644	31
26645	31
26646	31
26647	31
26648	31
26649	31
26650	31
26651	31
26652	31
26653	31
26654	31
26655	31
26656	32
26657	32
26658	32
26659	32
26660	32
26661	32
26662	32
26663	32
26664	32
26665	32
26666	32
26667	32
26668	32
26669	32
26670	32
26671	32
26672	32
26673	32
26674	32
26675	32
26676	32
26677	32
26678	32
26679	32
26680	32
26681	32
26682	32
26683	32
26684	32
26685	32
26686	32
26687	32
26688	32
26689	32
26690	32
26691	32
26692	32
26693	32
26694	32
26695	32
26696	32
26697	32
26698	32
26699	32
26700	32
26701	32
26702	32
26703	32
26704	32
26705	32
26706	32
26707	32
26708	32
26709	32
26710	32
26711	32
26712	32
26713	32
26714	32
26715	32
26716	32
26717	32
26718	32
26719	32
26720	32
26721	32
26722	32
26723	32
26724	32
26725	32
26726	32
26727	32
26728	32
26729	32
26730	32
26731	32
26732	32
26733	32
26734	32
26735	32
26736	32
26737	32
26738	32
26739	32
26740	32
26741	32
26742	32
26743	32
26744	32
26745	32
26746	32
26747	32
26748	32
26749	32
26750	32
26751	32
26752	32
26753	32
26754	32
26755	32
26756	32
26757	32
26758	32
26759	32
26760	32
26761	32
26762	32
26763	32
26764	32
26765	32
26766	32
26767	32
26768	32
26769	32
26770	32
26771	32
26772	32
26773	32
26774	32
26775	32
26776	32
26777	32
26778	32
26779	32
26780	32
26781	32
26782	32
26783	32
26784	32
26785	32
26786	32
26787	32
26788	32
26789	32
26790	32
26791	32
26792	32
26793	32
26794	32
26795	32
26796	32
26797	32
26798	32
26799	32
26800	32
26801	32
26802	32
26803	32
26804	32
26805	32
26806	32
26807	32
26808	32
26809	32
26810	32
26811	32
26812	32
26813	32
26814	32
26815	32
26816	32
26817	32
26818	32
26819	32
26820	32
26821	32
26822	32
26823	32
26824	32
26825	32
26826	32
26827	32
26828	32
26829	32
26830	32
26831	32
26832	32
26833	32
26834	32
26835	32
26836	32
26837	32
26838	32
26839	32
26840	32
26841	32
26842	32
26843	32
26844	32
26845	32
26846	32
26847	32
26848	32
26849	32
26850	32
26851	32
26852	32
26853	32
26854	32
26855	32
26856	32
26857	32
26858	32
26859	32
26860	32
26861	32
26862	32
26863	32
26864	32
26865	32
26866	32
26867	32
26868	32
26869	32
26870	32
26871	32
26872	32
26873	32
26874	32
26875	32
26876	32
26877	32
26878	32
26879	32
26880	32
26881	32
26882	32
26883	32
26884	32
26885	32
26886	32
26887	32
26888	32
26889	32
26890	32
26891	32
26892	32
26893	32
26894	32
26895	32
26896	32
26897	32
26898	32
26899	32
26900	32
26901	32
26902	32
26903	32
26904	32
26905	32
26906	32
26907	32
26908	32
26909	32
26910	32
26911	32
26912	32
26913	32
26914	32
26915	32
26916	32
26917	32
26918	32
26919	32
26920	32
26921	32
26922	32
26923	32
26924	32
26925	32
26926	32
26927	32
26928	32
26929	32
26930	32
26931	32
26932	32
26933	32
26934	32
26935	32
26936	32
26937	32
26938	32
26939	32
26940	32
26941	32
26942	32
26943	32
26944	32
26945	32
26946	32
26947	32
26948	32
26949	32
26950	32
26951	32
26952	32
26953	32
26954	32
26955	32
26956	32
26957	32
26958	32
26959	32
26960	32
26961	32
26962	32
26963	32
26964	32
26965	32
26966	32
26967	32
26968	32
26969	32
26970	32
26971	32
26972	32
26973	32
26974	32
26975	32
26976	32
26977	32
26978	32
26979	32
26980	32
26981	32
26982	32
26983	32
26984	32
26985	32
26986	32
26987	32
26988	32
26989	32
26990	32
26991	32
26992	32
26993	32
26994	32
26995	32
26996	32
26997	32
26998	32
26999	32
27000	32
27001	32
27002	32
27003	32
27004	32
27005	32
27006	32
27007	32
27008	32
27009	32
27010	32
27011	32
27012	32
27013	32
27014	32
27015	32
27016	32
27017	32
27018	32
27019	32
27020	32
27021	32
27022	32
27023	32
27024	32
27025	32
27026	32
27027	32
27028	32
27029	32
27030	32
27031	32
27032	32
27033	32
27034	32
27035	32
27036	32
27037	32
27038	32
27039	32
27040	32
27041	32
27042	32
27043	32
27044	32
27045	32
27046	32
27047	32
27048	32
27049	32
27050	32
27051	32
27052	32
27053	32
27054	32
27055	32
27056	32
27057	32
27058	32
27059	32
27060	32
27061	32
27062	32
27063	32
27064	32
27065	32
27066	32
27067	32
27068	32
27069	32
27070	32
27071	32
27072	32
27073	32
27074	32
27075	32
27076	32
27077	32
27078	32
27079	32
27080	32
27081	32
27082	32
27083	32
27084	32
27085	32
27086	32
27087	32
27088	32
27089	32
27090	32
27091	32
27092	32
27093	32
27094	32
27095	32
27096	32
27097	32
27098	32
27099	32
27100	32
27101	32
27102	32
27103	32
27104	32
27105	32
27106	32
27107	32
27108	32
27109	32
27110	32
27111	32
27112	32
27113	32
27114	32
27115	32
27116	32
27117	32
27118	32
27119	32
27120	32
27121	32
27122	32
27123	32
27124	32
27125	32
27126	32
27127	32
27128	32
27129	32
27130	32
27131	32
27132	32
27133	32
27134	32
27135	32
27136	32
27137	32
27138	32
27139	32
27140	32
27141	32
27142	32
27143	32
27144	32
27145	32
27146	32
27147	32
27148	32
27149	32
27150	32
27151	32
27152	32
27153	32
27154	32
27155	32
27156	32
27157	32
27158	32
27159	32
27160	32
27161	32
27162	32
27163	32
27164	32
27165	32
27166	32
27167	32
27168	32
27169	32
27170	32
27171	32
27172	32
27173	32
27174	32
27175	32
27176	32
27177	32
27178	32
27179	32
27180	32
27181	32
27182	32
27183	32
27184	32
27185	32
27186	32
27187	32
27188	32
27189	32
27190	32
27191	32
27192	32
27193	32
27194	32
27195	32
27196	32
27197	32
27198	32
27199	32
27200	32
27201	32
27202	32
27203	32
27204	32
27205	32
27206	32
27207	32
27208	32
27209	32
27210	32
27211	32
27212	32
27213	32
27214	32
27215	32
27216	32
27217	32
27218	32
27219	32
27220	32
27221	32
27222	32
27223	32
27224	32
27225	32
27226	32
27227	32
27228	32
27229	32
27230	32
27231	32
27232	32
27233	32
27234	32
27235	32
27236	32
27237	32
27238	32
27239	32
27240	32
27241	32
27242	32
27243	32
27244	32
27245	32
27246	32
27247	32
27248	32
27249	32
27250	32
27251	32
27252	32
27253	32
27254	32
27255	32
27256	32
27257	32
27258	32
27259	32
27260	32
27261	32
27262	32
27263	32
27264	32
27265	32
27266	32
27267	32
27268	32
27269	32
27270	32
27271	32
27272	32
27273	32
27274	32
27275	32
27276	32
27277	32
27278	32
27279	32
27280	32
27281	32
27282	32
27283	32
27284	32
27285	32
27286	32
27287	32
27288	32
27289	32
27290	32
27291	32
27292	32
27293	32
27294	32
27295	32
27296	32
27297	32
27298	32
27299	32
27300	32
27301	32
27302	32
27303	32
27304	32
27305	32
27306	32
27307	32
27308	32
27309	32
27310	32
27311	32
27312	32
27313	32
27314	32
27315	32
27316	32
27317	32
27318	32
27319	32
27320	32
27321	32
27322	32
27323	32
27324	32
27325	32
27326	32
27327	32
27328	32
27329	32
27330	32
27331	32
27332	32
27333	32
27334	32
27335	32
27336	32
27337	32
27338	32
27339	32
27340	32
27341	32
27342	32
27343	32
27344	32
27345	32
27346	32
27347	32
27348	32
27349	32
27350	32
27351	32
27352	32
27353	32
27354	32
27355	32
27356	32
27357	32
27358	32
27359	32
27360	32
27361	32
27362	32
27363	32
27364	32
27365	32
27366	32
27367	32
27368	32
27369	32
27370	32
27371	32
27372	32
27373	32
27374	32
27375	32
27376	32
27377	32
27378	32
27379	32
27380	32
27381	32
27382	32
27383	32
27384	32
27385	32
27386	32
27387	32
27388	32
27389	32
27390	32
27391	32
27392	32
27393	32
27394	32
27395	32
27396	32
27397	32
27398	32
27399	32
27400	32
27401	32
27402	32
27403	32
27404	32
27405	32
27406	32
27407	32
27408	32
27409	32
27410	32
27411	32
27412	32
27413	32
27414	32
27415	32
27416	32
27417	32
27418	32
27419	32
27420	32
27421	32
27422	32
27423	32
27424	32
27425	32
27426	32
27427	32
27428	32
27429	32
27430	32
27431	32
27432	32
27433	32
27434	32
27435	32
27436	32
27437	32
27438	32
27439	32
27440	32
27441	32
27442	32
27443	32
27444	32
27445	32
27446	32
27447	32
27448	32
27449	32
27450	32
27451	32
27452	32
27453	32
27454	32
27455	32
27456	32
27457	32
27458	32
27459	32
27460	32
27461	32
27462	32
27463	32
27464	32
27465	32
27466	32
27467	32
27468	32
27469	32
27470	32
27471	32
27472	32
27473	32
27474	32
27475	32
27476	32
27477	32
27478	32
27479	32
27480	32
27481	32
27482	32
27483	32
27484	32
27485	32
27486	32
27487	32
27488	32
27489	33
27490	33
27491	33
27492	33
27493	33
27494	33
27495	33
27496	33
27497	33
27498	33
27499	33
27500	33
27501	33
27502	33
27503	33
27504	33
27505	33
27506	33
27507	33
27508	33
27509	33
27510	33
27511	33
27512	33
27513	33
27514	33
27515	33
27516	33
27517	33
27518	33
27519	33
27520	33
27521	33
27522	33
27523	33
27524	33
27525	33
27526	33
27527	33
27528	33
27529	33
27530	33
27531	33
27532	33
27533	33
27534	33
27535	33
27536	33
27537	33
27538	33
27539	33
27540	33
27541	33
27542	33
27543	33
27544	33
27545	33
27546	33
27547	33
27548	33
27549	33
27550	33
27551	33
27552	33
27553	33
27554	33
27555	33
27556	33
27557	33
27558	33
27559	33
27560	33
27561	33
27562	33
27563	33
27564	33
27565	33
27566	33
27567	33
27568	33
27569	33
27570	33
27571	33
27572	33
27573	33
27574	33
27575	33
27576	33
27577	33
27578	33
27579	33
27580	33
27581	33
27582	33
27583	33
27584	33
27585	33
27586	33
27587	33
27588	33
27589	33
27590	33
27591	33
27592	33
27593	33
27594	33
27595	33
27596	33
27597	33
27598	33
27599	33
27600	33
27601	33
27602	33
27603	33
27604	33
27605	33
27606	33
27607	33
27608	33
27609	33
27610	33
27611	33
27612	33
27613	33
27614	33
27615	33
27616	33
27617	33
27618	33
27619	33
27620	33
27621	33
27622	33
27623	33
27624	33
27625	33
27626	33
27627	33
27628	33
27629	33
27630	33
27631	33
27632	33
27633	33
27634	33
27635	33
27636	33
27637	33
27638	33
27639	33
27640	33
27641	33
27642	33
27643	33
27644	33
27645	33
27646	33
27647	33
27648	33
27649	33
27650	33
27651	33
27652	33
27653	33
27654	33
27655	33
27656	33
27657	33
27658	33
27659	33
27660	33
27661	33
27662	33
27663	33
27664	33
27665	33
27666	33
27667	33
27668	33
27669	33
27670	33
27671	33
27672	33
27673	33
27674	33
27675	33
27676	33
27677	33
27678	33
27679	33
27680	33
27681	33
27682	33
27683	33
27684	33
27685	33
27686	33
27687	33
27688	33
27689	33
27690	33
27691	33
27692	33
27693	33
27694	33
27695	33
27696	33
27697	33
27698	33
27699	33
27700	33
27701	33
27702	33
27703	33
27704	33
27705	33
27706	33
27707	33
27708	33
27709	33
27710	33
27711	33
27712	33
27713	33
27714	33
27715	33
27716	33
27717	33
27718	33
27719	33
27720	33
27721	33
27722	33
27723	33
27724	33
27725	33
27726	33
27727	33
27728	33
27729	33
27730	33
27731	33
27732	33
27733	33
27734	33
27735	33
27736	33
27737	33
27738	33
27739	33
27740	33
27741	33
27742	33
27743	33
27744	33
27745	33
27746	33
27747	33
27748	33
27749	33
27750	33
27751	33
27752	33
27753	33
27754	33
27755	33
27756	33
27757	33
27758	33
27759	33
27760	33
27761	33
27762	33
27763	33
27764	33
27765	33
27766	33
27767	33
27768	33
27769	33
27770	33
27771	33
27772	33
27773	33
27774	33
27775	33
27776	33
27777	33
27778	33
27779	33
27780	33
27781	33
27782	33
27783	33
27784	33
27785	33
27786	33
27787	33
27788	33
27789	33
27790	33
27791	33
27792	33
27793	33
27794	33
27795	33
27796	33
27797	33
27798	33
27799	33
27800	33
27801	33
27802	33
27803	33
27804	33
27805	33
27806	33
27807	33
27808	33
27809	33
27810	33
27811	33
27812	33
27813	33
27814	33
27815	33
27816	33
27817	33
27818	33
27819	33
27820	33
27821	33
27822	33
27823	33
27824	33
27825	33
27826	33
27827	33
27828	33
27829	33
27830	33
27831	33
27832	33
27833	33
27834	33
27835	33
27836	33
27837	33
27838	33
27839	33
27840	33
27841	33
27842	33
27843	33
27844	33
27845	33
27846	33
27847	33
27848	33
27849	33
27850	33
27851	33
27852	33
27853	33
27854	33
27855	33
27856	33
27857	33
27858	33
27859	33
27860	33
27861	33
27862	33
27863	33
27864	33
27865	33
27866	33
27867	33
27868	33
27869	33
27870	33
27871	33
27872	33
27873	33
27874	33
27875	33
27876	33
27877	33
27878	33
27879	33
27880	33
27881	33
27882	33
27883	33
27884	33
27885	33
27886	33
27887	33
27888	33
27889	33
27890	33
27891	33
27892	33
27893	33
27894	33
27895	33
27896	33
27897	33
27898	33
27899	33
27900	33
27901	33
27902	33
27903	33
27904	33
27905	33
27906	33
27907	33
27908	33
27909	33
27910	33
27911	33
27912	33
27913	33
27914	33
27915	33
27916	33
27917	33
27918	33
27919	33
27920	33
27921	33
27922	33
27923	33
27924	33
27925	33
27926	33
27927	33
27928	33
27929	33
27930	33
27931	33
27932	33
27933	33
27934	33
27935	33
27936	33
27937	33
27938	33
27939	33
27940	33
27941	33
27942	33
27943	33
27944	33
27945	33
27946	33
27947	33
27948	33
27949	33
27950	33
27951	33
27952	33
27953	33
27954	33
27955	33
27956	33
27957	33
27958	33
27959	33
27960	33
27961	33
27962	33
27963	33
27964	33
27965	33
27966	33
27967	33
27968	33
27969	33
27970	33
27971	33
27972	33
27973	33
27974	33
27975	33
27976	33
27977	33
27978	33
27979	33
27980	33
27981	33
27982	33
27983	33
27984	33
27985	33
27986	33
27987	33
27988	33
27989	33
27990	33
27991	33
27992	33
27993	33
27994	33
27995	33
27996	33
27997	33
27998	33
27999	33
28000	33
28001	33
28002	33
28003	33
28004	33
28005	33
28006	33
28007	33
28008	33
28009	33
28010	33
28011	33
28012	33
28013	33
28014	33
28015	33
28016	33
28017	33
28018	33
28019	33
28020	33
28021	33
28022	33
28023	33
28024	33
28025	33
28026	33
28027	33
28028	33
28029	33
28030	33
28031	33
28032	33
28033	33
28034	33
28035	33
28036	33
28037	33
28038	33
28039	33
28040	33
28041	33
28042	33
28043	33
28044	33
28045	33
28046	33
28047	33
28048	33
28049	33
28050	33
28051	33
28052	33
28053	33
28054	33
28055	33
28056	33
28057	33
28058	33
28059	33
28060	33
28061	33
28062	33
28063	33
28064	33
28065	33
28066	33
28067	33
28068	33
28069	33
28070	33
28071	33
28072	33
28073	33
28074	33
28075	33
28076	33
28077	33
28078	33
28079	33
28080	33
28081	33
28082	33
28083	33
28084	33
28085	33
28086	33
28087	33
28088	33
28089	33
28090	33
28091	33
28092	33
28093	33
28094	33
28095	33
28096	33
28097	33
28098	33
28099	33
28100	33
28101	33
28102	33
28103	33
28104	33
28105	33
28106	33
28107	33
28108	33
28109	33
28110	33
28111	33
28112	33
28113	33
28114	33
28115	33
28116	33
28117	33
28118	33
28119	33
28120	33
28121	33
28122	33
28123	33
28124	33
28125	33
28126	33
28127	33
28128	33
28129	33
28130	33
28131	33
28132	33
28133	33
28134	33
28135	33
28136	33
28137	33
28138	33
28139	33
28140	33
28141	33
28142	33
28143	33
28144	33
28145	33
28146	33
28147	33
28148	33
28149	33
28150	33
28151	33
28152	33
28153	33
28154	33
28155	33
28156	33
28157	33
28158	33
28159	33
28160	33
28161	33
28162	33
28163	33
28164	33
28165	33
28166	33
28167	33
28168	33
28169	33
28170	33
28171	33
28172	33
28173	33
28174	33
28175	33
28176	33
28177	33
28178	33
28179	33
28180	33
28181	33
28182	33
28183	33
28184	33
28185	33
28186	33
28187	33
28188	33
28189	33
28190	33
28191	33
28192	33
28193	33
28194	33
28195	33
28196	33
28197	33
28198	33
28199	33
28200	33
28201	33
28202	33
28203	33
28204	33
28205	33
28206	33
28207	33
28208	33
28209	33
28210	33
28211	33
28212	33
28213	33
28214	33
28215	33
28216	33
28217	33
28218	33
28219	33
28220	33
28221	33
28222	33
28223	33
28224	33
28225	33
28226	33
28227	33
28228	33
28229	33
28230	33
28231	33
28232	33
28233	33
28234	33
28235	33
28236	33
28237	33
28238	33
28239	33
28240	33
28241	33
28242	33
28243	33
28244	33
28245	33
28246	33
28247	33
28248	33
28249	33
28250	33
28251	33
28252	33
28253	33
28254	33
28255	33
28256	33
28257	33
28258	33
28259	33
28260	33
28261	33
28262	33
28263	33
28264	33
28265	33
28266	33
28267	33
28268	33
28269	33
28270	33
28271	33
28272	33
28273	33
28274	33
28275	33
28276	33
28277	33
28278	33
28279	33
28280	33
28281	33
28282	33
28283	33
28284	33
28285	33
28286	33
28287	33
28288	33
28289	33
28290	33
28291	33
28292	33
28293	33
28294	33
28295	33
28296	33
28297	33
28298	33
28299	33
28300	33
28301	33
28302	33
28303	33
28304	33
28305	33
28306	33
28307	33
28308	33
28309	33
28310	33
28311	33
28312	33
28313	33
28314	33
28315	33
28316	33
28317	33
28318	33
28319	33
28320	33
28321	33
28322	34
28323	34
28324	34
28325	34
28326	34
28327	34
28328	34
28329	34
28330	34
28331	34
28332	34
28333	34
28334	34
28335	34
28336	34
28337	34
28338	34
28339	34
28340	34
28341	34
28342	34
28343	34
28344	34
28345	34
28346	34
28347	34
28348	34
28349	34
28350	34
28351	34
28352	34
28353	34
28354	34
28355	34
28356	34
28357	34
28358	34
28359	34
28360	34
28361	34
28362	34
28363	34
28364	34
28365	34
28366	34
28367	34
28368	34
28369	34
28370	34
28371	34
28372	34
28373	34
28374	34
28375	34
28376	34
28377	34
28378	34
28379	34
28380	34
28381	34
28382	34
28383	34
28384	34
28385	34
28386	34
28387	34
28388	34
28389	34
28390	34
28391	34
28392	34
28393	34
28394	34
28395	34
28396	34
28397	34
28398	34
28399	34
28400	34
28401	34
28402	34
28403	34
28404	34
28405	34
28406	34
28407	34
28408	34
28409	34
28410	34
28411	34
28412	34
28413	34
28414	34
28415	34
28416	34
28417	34
28418	34
28419	34
28420	34
28421	34
28422	34
28423	34
28424	34
28425	34
28426	34
28427	34
28428	34
28429	34
28430	34
28431	34
28432	34
28433	34
28434	34
28435	34
28436	34
28437	34
28438	34
28439	34
28440	34
28441	34
28442	34
28443	34
28444	34
28445	34
28446	34
28447	34
28448	34
28449	34
28450	34
28451	34
28452	34
28453	34
28454	34
28455	34
28456	34
28457	34
28458	34
28459	34
28460	34
28461	34
28462	34
28463	34
28464	34
28465	34
28466	34
28467	34
28468	34
28469	34
28470	34
28471	34
28472	34
28473	34
28474	34
28475	34
28476	34
28477	34
28478	34
28479	34
28480	34
28481	34
28482	34
28483	34
28484	34
28485	34
28486	34
28487	34
28488	34
28489	34
28490	34
28491	34
28492	34
28493	34
28494	34
28495	34
28496	34
28497	34
28498	34
28499	34
28500	34
28501	34
28502	34
28503	34
28504	34
28505	34
28506	34
28507	34
28508	34
28509	34
28510	34
28511	34
28512	34
28513	34
28514	34
28515	34
28516	34
28517	34
28518	34
28519	34
28520	34
28521	34
28522	34
28523	34
28524	34
28525	34
28526	34
28527	34
28528	34
28529	34
28530	34
28531	34
28532	34
28533	34
28534	34
28535	34
28536	34
28537	34
28538	34
28539	34
28540	34
28541	34
28542	34
28543	34
28544	34
28545	34
28546	34
28547	34
28548	34
28549	34
28550	34
28551	34
28552	34
28553	34
28554	34
28555	34
28556	34
28557	34
28558	34
28559	34
28560	34
28561	34
28562	34
28563	34
28564	34
28565	34
28566	34
28567	34
28568	34
28569	34
28570	34
28571	34
28572	34
28573	34
28574	34
28575	34
28576	34
28577	34
28578	34
28579	34
28580	34
28581	34
28582	34
28583	34
28584	34
28585	34
28586	34
28587	34
28588	34
28589	34
28590	34
28591	34
28592	34
28593	34
28594	34
28595	34
28596	34
28597	34
28598	34
28599	34
28600	34
28601	34
28602	34
28603	34
28604	34
28605	34
28606	34
28607	34
28608	34
28609	34
28610	34
28611	34
28612	34
28613	34
28614	34
28615	34
28616	34
28617	34
28618	34
28619	34
28620	34
28621	34
28622	34
28623	34
28624	34
28625	34
28626	34
28627	34
28628	34
28629	34
28630	34
28631	34
28632	34
28633	34
28634	34
28635	34
28636	34
28637	34
28638	34
28639	34
28640	34
28641	34
28642	34
28643	34
28644	34
28645	34
28646	34
28647	34
28648	34
28649	34
28650	34
28651	34
28652	34
28653	34
28654	34
28655	34
28656	34
28657	34
28658	34
28659	34
28660	34
28661	34
28662	34
28663	34
28664	34
28665	34
28666	34
28667	34
28668	34
28669	34
28670	34
28671	34
28672	34
28673	34
28674	34
28675	34
28676	34
28677	34
28678	34
28679	34
28680	34
28681	34
28682	34
28683	34
28684	34
28685	34
28686	34
28687	34
28688	34
28689	34
28690	34
28691	34
28692	34
28693	34
28694	34
28695	34
28696	34
28697	34
28698	34
28699	34
28700	34
28701	34
28702	34
28703	34
28704	34
28705	34
28706	34
28707	34
28708	34
28709	34
28710	34
28711	34
28712	34
28713	34
28714	34
28715	34
28716	34
28717	34
28718	34
28719	34
28720	34
28721	34
28722	34
28723	34
28724	34
28725	34
28726	34
28727	34
28728	34
28729	34
28730	34
28731	34
28732	34
28733	34
28734	34
28735	34
28736	34
28737	34
28738	34
28739	34
28740	34
28741	34
28742	34
28743	34
28744	34
28745	34
28746	34
28747	34
28748	34
28749	34
28750	34
28751	34
28752	34
28753	34
28754	34
28755	34
28756	34
28757	34
28758	34
28759	34
28760	34
28761	34
28762	34
28763	34
28764	34
28765	34
28766	34
28767	34
28768	34
28769	34
28770	34
28771	34
28772	34
28773	34
28774	34
28775	34
28776	34
28777	34
28778	34
28779	34
28780	34
28781	34
28782	34
28783	34
28784	34
28785	34
28786	34
28787	34
28788	34
28789	34
28790	34
28791	34
28792	34
28793	34
28794	34
28795	34
28796	34
28797	34
28798	34
28799	34
28800	34
28801	34
28802	34
28803	34
28804	34
28805	34
28806	34
28807	34
28808	34
28809	34
28810	34
28811	34
28812	34
28813	34
28814	34
28815	34
28816	34
28817	34
28818	34
28819	34
28820	34
28821	34
28822	34
28823	34
28824	34
28825	34
28826	34
28827	34
28828	34
28829	34
28830	34
28831	34
28832	34
28833	34
28834	34
28835	34
28836	34
28837	34
28838	34
28839	34
28840	34
28841	34
28842	34
28843	34
28844	34
28845	34
28846	34
28847	34
28848	34
28849	34
28850	34
28851	34
28852	34
28853	34
28854	34
28855	34
28856	34
28857	34
28858	34
28859	34
28860	34
28861	34
28862	34
28863	34
28864	34
28865	34
28866	34
28867	34
28868	34
28869	34
28870	34
28871	34
28872	34
28873	34
28874	34
28875	34
28876	34
28877	34
28878	34
28879	34
28880	34
28881	34
28882	34
28883	34
28884	34
28885	34
28886	34
28887	34
28888	34
28889	34
28890	34
28891	34
28892	34
28893	34
28894	34
28895	34
28896	34
28897	34
28898	34
28899	34
28900	34
28901	34
28902	34
28903	34
28904	34
28905	34
28906	34
28907	34
28908	34
28909	34
28910	34
28911	34
28912	34
28913	34
28914	34
28915	34
28916	34
28917	34
28918	34
28919	34
28920	34
28921	34
28922	34
28923	34
28924	34
28925	34
28926	34
28927	34
28928	34
28929	34
28930	34
28931	34
28932	34
28933	34
28934	34
28935	34
28936	34
28937	34
28938	34
28939	34
28940	34
28941	34
28942	34
28943	34
28944	34
28945	34
28946	34
28947	34
28948	34
28949	34
28950	34
28951	34
28952	34
28953	34
28954	34
28955	34
28956	34
28957	34
28958	34
28959	34
28960	34
28961	34
28962	34
28963	34
28964	34
28965	34
28966	34
28967	34
28968	34
28969	34
28970	34
28971	34
28972	34
28973	34
28974	34
28975	34
28976	34
28977	34
28978	34
28979	34
28980	34
28981	34
28982	34
28983	34
28984	34
28985	34
28986	34
28987	34
28988	34
28989	34
28990	34
28991	34
28992	34
28993	34
28994	34
28995	34
28996	34
28997	34
28998	34
28999	34
29000	34
29001	34
29002	34
29003	34
29004	34
29005	34
29006	34
29007	34
29008	34
29009	34
29010	34
29011	34
29012	34
29013	34
29014	34
29015	34
29016	34
29017	34
29018	34
29019	34
29020	34
29021	34
29022	34
29023	34
29024	34
29025	34
29026	34
29027	34
29028	34
29029	34
29030	34
29031	34
29032	34
29033	34
29034	34
29035	34
29036	34
29037	34
29038	34
29039	34
29040	34
29041	34
29042	34
29043	34
29044	34
29045	34
29046	34
29047	34
29048	34
29049	34
29050	34
29051	34
29052	34
29053	34
29054	34
29055	34
29056	34
29057	34
29058	34
29059	34
29060	34
29061	34
29062	34
29063	34
29064	34
29065	34
29066	34
29067	34
29068	34
29069	34
29070	34
29071	34
29072	34
29073	34
29074	34
29075	34
29076	34
29077	34
29078	34
29079	34
29080	34
29081	34
29082	34
29083	34
29084	34
29085	34
29086	34
29087	34
29088	34
29089	34
29090	34
29091	34
29092	34
29093	34
29094	34
29095	34
29096	34
29097	34
29098	34
29099	34
29100	34
29101	34
29102	34
29103	34
29104	34
29105	34
29106	34
29107	34
29108	34
29109	34
29110	34
29111	34
29112	34
29113	34
29114	34
29115	34
29116	34
29117	34
29118	34
29119	34
29120	34
29121	34
29122	34
29123	34
29124	34
29125	34
29126	34
29127	34
29128	34
29129	34
29130	34
29131	34
29132	34
29133	34
29134	34
29135	34
29136	34
29137	34
29138	34
29139	34
29140	34
29141	34
29142	34
29143	34
29144	34
29145	34
29146	34
29147	34
29148	34
29149	34
29150	34
29151	34
29152	34
29153	34
29154	34
29155	35
29156	35
29157	35
29158	35
29159	35
29160	35
29161	35
29162	35
29163	35
29164	35
29165	35
29166	35
29167	35
29168	35
29169	35
29170	35
29171	35
29172	35
29173	35
29174	35
29175	35
29176	35
29177	35
29178	35
29179	35
29180	35
29181	35
29182	35
29183	35
29184	35
29185	35
29186	35
29187	35
29188	35
29189	35
29190	35
29191	35
29192	35
29193	35
29194	35
29195	35
29196	35
29197	35
29198	35
29199	35
29200	35
29201	35
29202	35
29203	35
29204	35
29205	35
29206	35
29207	35
29208	35
29209	35
29210	35
29211	35
29212	35
29213	35
29214	35
29215	35
29216	35
29217	35
29218	35
29219	35
29220	35
29221	35
29222	35
29223	35
29224	35
29225	35
29226	35
29227	35
29228	35
29229	35
29230	35
29231	35
29232	35
29233	35
29234	35
29235	35
29236	35
29237	35
29238	35
29239	35
29240	35
29241	35
29242	35
29243	35
29244	35
29245	35
29246	35
29247	35
29248	35
29249	35
29250	35
29251	35
29252	35
29253	35
29254	35
29255	35
29256	35
29257	35
29258	35
29259	35
29260	35
29261	35
29262	35
29263	35
29264	35
29265	35
29266	35
29267	35
29268	35
29269	35
29270	35
29271	35
29272	35
29273	35
29274	35
29275	35
29276	35
29277	35
29278	35
29279	35
29280	35
29281	35
29282	35
29283	35
29284	35
29285	35
29286	35
29287	35
29288	35
29289	35
29290	35
29291	35
29292	35
29293	35
29294	35
29295	35
29296	35
29297	35
29298	35
29299	35
29300	35
29301	35
29302	35
29303	35
29304	35
29305	35
29306	35
29307	35
29308	35
29309	35
29310	35
29311	35
29312	35
29313	35
29314	35
29315	35
29316	35
29317	35
29318	35
29319	35
29320	35
29321	35
29322	35
29323	35
29324	35
29325	35
29326	35
29327	35
29328	35
29329	35
29330	35
29331	35
29332	35
29333	35
29334	35
29335	35
29336	35
29337	35
29338	35
29339	35
29340	35
29341	35
29342	35
29343	35
29344	35
29345	35
29346	35
29347	35
29348	35
29349	35
29350	35
29351	35
29352	35
29353	35
29354	35
29355	35
29356	35
29357	35
29358	35
29359	35
29360	35
29361	35
29362	35
29363	35
29364	35
29365	35
29366	35
29367	35
29368	35
29369	35
29370	35
29371	35
29372	35
29373	35
29374	35
29375	35
29376	35
29377	35
29378	35
29379	35
29380	35
29381	35
29382	35
29383	35
29384	35
29385	35
29386	35
29387	35
29388	35
29389	35
29390	35
29391	35
29392	35
29393	35
29394	35
29395	35
29396	35
29397	35
29398	35
29399	35
29400	35
29401	35
29402	35
29403	35
29404	35
29405	35
29406	35
29407	35
29408	35
29409	35
29410	35
29411	35
29412	35
29413	35
29414	35
29415	35
29416	35
29417	35
29418	35
29419	35
29420	35
29421	35
29422	35
29423	35
29424	35
29425	35
29426	35
29427	35
29428	35
29429	35
29430	35
29431	35
29432	35
29433	35
29434	35
29435	35
29436	35
29437	35
29438	35
29439	35
29440	35
29441	35
29442	35
29443	35
29444	35
29445	35
29446	35
29447	35
29448	35
29449	35
29450	35
29451	35
29452	35
29453	35
29454	35
29455	35
29456	35
29457	35
29458	35
29459	35
29460	35
29461	35
29462	35
29463	35
29464	35
29465	35
29466	35
29467	35
29468	35
29469	35
29470	35
29471	35
29472	35
29473	35
29474	35
29475	35
29476	35
29477	35
29478	35
29479	35
29480	35
29481	35
29482	35
29483	35
29484	35
29485	35
29486	35
29487	35
29488	35
29489	35
29490	35
29491	35
29492	35
29493	35
29494	35
29495	35
29496	35
29497	35
29498	35
29499	35
29500	35
29501	35
29502	35
29503	35
29504	35
29505	35
29506	35
29507	35
29508	35
29509	35
29510	35
29511	35
29512	35
29513	35
29514	35
29515	35
29516	35
29517	35
29518	35
29519	35
29520	35
29521	35
29522	35
29523	35
29524	35
29525	35
29526	35
29527	35
29528	35
29529	35
29530	35
29531	35
29532	35
29533	35
29534	35
29535	35
29536	35
29537	35
29538	35
29539	35
29540	35
29541	35
29542	35
29543	35
29544	35
29545	35
29546	35
29547	35
29548	35
29549	35
29550	35
29551	35
29552	35
29553	35
29554	35
29555	35
29556	35
29557	35
29558	35
29559	35
29560	35
29561	35
29562	35
29563	35
29564	35
29565	35
29566	35
29567	35
29568	35
29569	35
29570	35
29571	35
29572	35
29573	35
29574	35
29575	35
29576	35
29577	35
29578	35
29579	35
29580	35
29581	35
29582	35
29583	35
29584	35
29585	35
29586	35
29587	35
29588	35
29589	35
29590	35
29591	35
29592	35
29593	35
29594	35
29595	35
29596	35
29597	35
29598	35
29599	35
29600	35
29601	35
29602	35
29603	35
29604	35
29605	35
29606	35
29607	35
29608	35
29609	35
29610	35
29611	35
29612	35
29613	35
29614	35
29615	35
29616	35
29617	35
29618	35
29619	35
29620	35
29621	35
29622	35
29623	35
29624	35
29625	35
29626	35
29627	35
29628	35
29629	35
29630	35
29631	35
29632	35
29633	35
29634	35
29635	35
29636	35
29637	35
29638	35
29639	35
29640	35
29641	35
29642	35
29643	35
29644	35
29645	35
29646	35
29647	35
29648	35
29649	35
29650	35
29651	35
29652	35
29653	35
29654	35
29655	35
29656	35
29657	35
29658	35
29659	35
29660	35
29661	35
29662	35
29663	35
29664	35
29665	35
29666	35
29667	35
29668	35
29669	35
29670	35
29671	35
29672	35
29673	35
29674	35
29675	35
29676	35
29677	35
29678	35
29679	35
29680	35
29681	35
29682	35
29683	35
29684	35
29685	35
29686	35
29687	35
29688	35
29689	35
29690	35
29691	35
29692	35
29693	35
29694	35
29695	35
29696	35
29697	35
29698	35
29699	35
29700	35
29701	35
29702	35
29703	35
29704	35
29705	35
29706	35
29707	35
29708	35
29709	35
29710	35
29711	35
29712	35
29713	35
29714	35
29715	35
29716	35
29717	35
29718	35
29719	35
29720	35
29721	35
29722	35
29723	35
29724	35
29725	35
29726	35
29727	35
29728	35
29729	35
29730	35
29731	35
29732	35
29733	35
29734	35
29735	35
29736	35
29737	35
29738	35
29739	35
29740	35
29741	35
29742	35
29743	35
29744	35
29745	35
29746	35
29747	35
29748	35
29749	35
29750	35
29751	35
29752	35
29753	35
29754	35
29755	35
29756	35
29757	35
29758	35
29759	35
29760	35
29761	35
29762	35
29763	35
29764	35
29765	35
29766	35
29767	35
29768	35
29769	35
29770	35
29771	35
29772	35
29773	35
29774	35
29775	35
29776	35
29777	35
29778	35
29779	35
29780	35
29781	35
29782	35
29783	35
29784	35
29785	35
29786	35
29787	35
29788	35
29789	35
29790	35
29791	35
29792	35
29793	35
29794	35
29795	35
29796	35
29797	35
29798	35
29799	35
29800	35
29801	35
29802	35
29803	35
29804	35
29805	35
29806	35
29807	35
29808	35
29809	35
29810	35
29811	35
29812	35
29813	35
29814	35
29815	35
29816	35
29817	35
29818	35
29819	35
29820	35
29821	35
29822	35
29823	35
29824	35
29825	35
29826	35
29827	35
29828	35
29829	35
29830	35
29831	35
29832	35
29833	35
29834	35
29835	35
29836	35
29837	35
29838	35
29839	35
29840	35
29841	35
29842	35
29843	35
29844	35
29845	35
29846	35
29847	35
29848	35
29849	35
29850	35
29851	35
29852	35
29853	35
29854	35
29855	35
29856	35
29857	35
29858	35
29859	35
29860	35
29861	35
29862	35
29863	35
29864	35
29865	35
29866	35
29867	35
29868	35
29869	35
29870	35
29871	35
29872	35
29873	35
29874	35
29875	35
29876	35
29877	35
29878	35
29879	35
29880	35
29881	35
29882	35
29883	35
29884	35
29885	35
29886	35
29887	35
29888	35
29889	35
29890	35
29891	35
29892	35
29893	35
29894	35
29895	35
29896	35
29897	35
29898	35
29899	35
29900	35
29901	35
29902	35
29903	35
29904	35
29905	35
29906	35
29907	35
29908	35
29909	35
29910	35
29911	35
29912	35
29913	35
29914	35
29915	35
29916	35
29917	35
29918	35
29919	35
29920	35
29921	35
29922	35
29923	35
29924	35
29925	35
29926	35
29927	35
29928	35
29929	35
29930	35
29931	35
29932	35
29933	35
29934	35
29935	35
29936	35
29937	35
29938	35
29939	35
29940	35
29941	35
29942	35
29943	35
29944	35
29945	35
29946	35
29947	35
29948	35
29949	35
29950	35
29951	35
29952	35
29953	35
29954	35
29955	35
29956	35
29957	35
29958	35
29959	35
29960	35
29961	35
29962	35
29963	35
29964	35
29965	35
29966	35
29967	35
29968	35
29969	35
29970	35
29971	35
29972	35
29973	35
29974	35
29975	35
29976	35
29977	35
29978	35
29979	35
29980	35
29981	35
29982	35
29983	35
29984	35
29985	35
29986	35
29987	35
29988	36
29989	36
29990	36
29991	36
29992	36
29993	36
29994	36
29995	36
29996	36
29997	36
29998	36
29999	36
30000	36
30001	36
30002	36
30003	36
30004	36
30005	36
30006	36
30007	36
30008	36
30009	36
30010	36
30011	36
30012	36
30013	36
30014	36
30015	36
30016	36
30017	36
30018	36
30019	36
30020	36
30021	36
30022	36
30023	36
30024	36
30025	36
30026	36
30027	36
30028	36
30029	36
30030	36
30031	36
30032	36
30033	36
30034	36
30035	36
30036	36
30037	36
30038	36
30039	36
30040	36
30041	36
30042	36
30043	36
30044	36
30045	36
30046	36
30047	36
30048	36
30049	36
30050	36
30051	36
30052	36
30053	36
30054	36
30055	36
30056	36
30057	36
30058	36
30059	36
30060	36
30061	36
30062	36
30063	36
30064	36
30065	36
30066	36
30067	36
30068	36
30069	36
30070	36
30071	36
30072	36
30073	36
30074	36
30075	36
30076	36
30077	36
30078	36
30079	36
30080	36
30081	36
30082	36
30083	36
30084	36
30085	36
30086	36
30087	36
30088	36
30089	36
30090	36
30091	36
30092	36
30093	36
30094	36
30095	36
30096	36
30097	36
30098	36
30099	36
30100	36
30101	36
30102	36
30103	36
30104	36
30105	36
30106	36
30107	36
30108	36
30109	36
30110	36
30111	36
30112	36
30113	36
30114	36
30115	36
30116	36
30117	36
30118	36
30119	36
30120	36
30121	36
30122	36
30123	36
30124	36
30125	36
30126	36
30127	36
30128	36
30129	36
30130	36
30131	36
30132	36
30133	36
30134	36
30135	36
30136	36
30137	36
30138	36
30139	36
30140	36
30141	36
30142	36
30143	36
30144	36
30145	36
30146	36
30147	36
30148	36
30149	36
30150	36
30151	36
30152	36
30153	36
30154	36
30155	36
30156	36
30157	36
30158	36
30159	36
30160	36
30161	36
30162	36
30163	36
30164	36
30165	36
30166	36
30167	36
30168	36
30169	36
30170	36
30171	36
30172	36
30173	36
30174	36
30175	36
30176	36
30177	36
30178	36
30179	36
30180	36
30181	36
30182	36
30183	36
30184	36
30185	36
30186	36
30187	36
30188	36
30189	36
30190	36
30191	36
30192	36
30193	36
30194	36
30195	36
30196	36
30197	36
30198	36
30199	36
30200	36
30201	36
30202	36
30203	36
30204	36
30205	36
30206	36
30207	36
30208	36
30209	36
30210	36
30211	36
30212	36
30213	36
30214	36
30215	36
30216	36
30217	36
30218	36
30219	36
30220	36
30221	36
30222	36
30223	36
30224	36
30225	36
30226	36
30227	36
30228	36
30229	36
30230	36
30231	36
30232	36
30233	36
30234	36
30235	36
30236	36
30237	36
30238	36
30239	36
30240	36
30241	36
30242	36
30243	36
30244	36
30245	36
30246	36
30247	36
30248	36
30249	36
30250	36
30251	36
30252	36
30253	36
30254	36
30255	36
30256	36
30257	36
30258	36
30259	36
30260	36
30261	36
30262	36
30263	36
30264	36
30265	36
30266	36
30267	36
30268	36
30269	36
30270	36
30271	36
30272	36
30273	36
30274	36
30275	36
30276	36
30277	36
30278	36
30279	36
30280	36
30281	36
30282	36
30283	36
30284	36
30285	36
30286	36
30287	36
30288	36
30289	36
30290	36
30291	36
30292	36
30293	36
30294	36
30295	36
30296	36
30297	36
30298	36
30299	36
30300	36
30301	36
30302	36
30303	36
30304	36
30305	36
30306	36
30307	36
30308	36
30309	36
30310	36
30311	36
30312	36
30313	36
30314	36
30315	36
30316	36
30317	36
30318	36
30319	36
30320	36
30321	36
30322	36
30323	36
30324	36
30325	36
30326	36
30327	36
30328	36
30329	36
30330	36
30331	36
30332	36
30333	36
30334	36
30335	36
30336	36
30337	36
30338	36
30339	36
30340	36
30341	36
30342	36
30343	36
30344	36
30345	36
30346	36
30347	36
30348	36
30349	36
30350	36
30351	36
30352	36
30353	36
30354	36
30355	36
30356	36
30357	36
30358	36
30359	36
30360	36
30361	36
30362	36
30363	36
30364	36
30365	36
30366	36
30367	36
30368	36
30369	36
30370	36
30371	36
30372	36
30373	36
30374	36
30375	36
30376	36
30377	36
30378	36
30379	36
30380	36
30381	36
30382	36
30383	36
30384	36
30385	36
30386	36
30387	36
30388	36
30389	36
30390	36
30391	36
30392	36
30393	36
30394	36
30395	36
30396	36
30397	36
30398	36
30399	36
30400	36
30401	36
30402	36
30403	36
30404	36
30405	36
30406	36
30407	36
30408	36
30409	36
30410	36
30411	36
30412	36
30413	36
30414	36
30415	36
30416	36
30417	36
30418	36
30419	36
30420	36
30421	36
30422	36
30423	36
30424	36
30425	36
30426	36
30427	36
30428	36
30429	36
30430	36
30431	36
30432	36
30433	36
30434	36
30435	36
30436	36
30437	36
30438	36
30439	36
30440	36
30441	36
30442	36
30443	36
30444	36
30445	36
30446	36
30447	36
30448	36
30449	36
30450	36
30451	36
30452	36
30453	36
30454	36
30455	36
30456	36
30457	36
30458	36
30459	36
30460	36
30461	36
30462	36
30463	36
30464	36
30465	36
30466	36
30467	36
30468	36
30469	36
30470	36
30471	36
30472	36
30473	36
30474	36
30475	36
30476	36
30477	36
30478	36
30479	36
30480	36
30481	36
30482	36
30483	36
30484	36
30485	36
30486	36
30487	36
30488	36
30489	36
30490	36
30491	36
30492	36
30493	36
30494	36
30495	36
30496	36
30497	36
30498	36
30499	36
30500	36
30501	36
30502	36
30503	36
30504	36
30505	36
30506	36
30507	36
30508	36
30509	36
30510	36
30511	36
30512	36
30513	36
30514	36
30515	36
30516	36
30517	36
30518	36
30519	36
30520	36
30521	36
30522	36
30523	36
30524	36
30525	36
30526	36
30527	36
30528	36
30529	36
30530	36
30531	36
30532	36
30533	36
30534	36
30535	36
30536	36
30537	36
30538	36
30539	36
30540	36
30541	36
30542	36
30543	36
30544	36
30545	36
30546	36
30547	36
30548	36
30549	36
30550	36
30551	36
30552	36
30553	36
30554	36
30555	36
30556	36
30557	36
30558	36
30559	36
30560	36
30561	36
30562	36
30563	36
30564	36
30565	36
30566	36
30567	36
30568	36
30569	36
30570	36
30571	36
30572	36
30573	36
30574	36
30575	36
30576	36
30577	36
30578	36
30579	36
30580	36
30581	36
30582	36
30583	36
30584	36
30585	36
30586	36
30587	36
30588	36
30589	36
30590	36
30591	36
30592	36
30593	36
30594	36
30595	36
30596	36
30597	36
30598	36
30599	36
30600	36
30601	36
30602	36
30603	36
30604	36
30605	36
30606	36
30607	36
30608	36
30609	36
30610	36
30611	36
30612	36
30613	36
30614	36
30615	36
30616	36
30617	36
30618	36
30619	36
30620	36
30621	36
30622	36
30623	36
30624	36
30625	36
30626	36
30627	36
30628	36
30629	36
30630	36
30631	36
30632	36
30633	36
30634	36
30635	36
30636	36
30637	36
30638	36
30639	36
30640	36
30641	36
30642	36
30643	36
30644	36
30645	36
30646	36
30647	36
30648	36
30649	36
30650	36
30651	36
30652	36
30653	36
30654	36
30655	36
30656	36
30657	36
30658	36
30659	36
30660	36
30661	36
30662	36
30663	36
30664	36
30665	36
30666	36
30667	36
30668	36
30669	36
30670	36
30671	36
30672	36
30673	36
30674	36
30675	36
30676	36
30677	36
30678	36
30679	36
30680	36
30681	36
30682	36
30683	36
30684	36
30685	36
30686	36
30687	36
30688	36
30689	36
30690	36
30691	36
30692	36
30693	36
30694	36
30695	36
30696	36
30697	36
30698	36
30699	36
30700	36
30701	36
30702	36
30703	36
30704	36
30705	36
30706	36
30707	36
30708	36
30709	36
30710	36
30711	36
30712	36
30713	36
30714	36
30715	36
30716	36
30717	36
30718	36
30719	36
30720	36
30721	36
30722	36
30723	36
30724	36
30725	36
30726	36
30727	36
30728	36
30729	36
30730	36
30731	36
30732	36
30733	36
30734	36
30735	36
30736	36
30737	36
30738	36
30739	36
30740	36
30741	36
30742	36
30743	36
30744	36
30745	36
30746	36
30747	36
30748	36
30749	36
30750	36
30751	36
30752	36
30753	36
30754	36
30755	36
30756	36
30757	36
30758	36
30759	36
30760	36
30761	36
30762	36
30763	36
30764	36
30765	36
30766	36
30767	36
30768	36
30769	36
30770	36
30771	36
30772	36
30773	36
30774	36
30775	36
30776	36
30777	36
30778	36
30779	36
30780	36
30781	36
30782	36
30783	36
30784	36
30785	36
30786	36
30787	36
30788	36
30789	36
30790	36
30791	36
30792	36
30793	36
30794	36
30795	36
30796	36
30797	36
30798	36
30799	36
30800	36
30801	36
30802	36
30803	36
30804	36
30805	36
30806	36
30807	36
30808	36
30809	36
30810	36
30811	36
30812	36
30813	36
30814	36
30815	36
30816	36
30817	36
30818	36
30819	36
30820	36
30821	37
30822	37
30823	37
30824	37
30825	37
30826	37
30827	37
30828	37
30829	37
30830	37
30831	37
30832	37
30833	37
30834	37
30835	37
30836	37
30837	37
30838	37
30839	37
30840	37
30841	37
30842	37
30843	37
30844	37
30845	37
30846	37
30847	37
30848	37
30849	37
30850	37
30851	37
30852	37
30853	37
30854	37
30855	37
30856	37
30857	37
30858	37
30859	37
30860	37
30861	37
30862	37
30863	37
30864	37
30865	37
30866	37
30867	37
30868	37
30869	37
30870	37
30871	37
30872	37
30873	37
30874	37
30875	37
30876	37
30877	37
30878	37
30879	37
30880	37
30881	37
30882	37
30883	37
30884	37
30885	37
30886	37
30887	37
30888	37
30889	37
30890	37
30891	37
30892	37
30893	37
30894	37
30895	37
30896	37
30897	37
30898	37
30899	37
30900	37
30901	37
30902	37
30903	37
30904	37
30905	37
30906	37
30907	37
30908	37
30909	37
30910	37
30911	37
30912	37
30913	37
30914	37
30915	37
30916	37
30917	37
30918	37
30919	37
30920	37
30921	37
30922	37
30923	37
30924	37
30925	37
30926	37
30927	37
30928	37
30929	37
30930	37
30931	37
30932	37
30933	37
30934	37
30935	37
30936	37
30937	37
30938	37
30939	37
30940	37
30941	37
30942	37
30943	37
30944	37
30945	37
30946	37
30947	37
30948	37
30949	37
30950	37
30951	37
30952	37
30953	37
30954	37
30955	37
30956	37
30957	37
30958	37
30959	37
30960	37
30961	37
30962	37
30963	37
30964	37
30965	37
30966	37
30967	37
30968	37
30969	37
30970	37
30971	37
30972	37
30973	37
30974	37
30975	37
30976	37
30977	37
30978	37
30979	37
30980	37
30981	37
30982	37
30983	37
30984	37
30985	37
30986	37
30987	37
30988	37
30989	37
30990	37
30991	37
30992	37
30993	37
30994	37
30995	37
30996	37
30997	37
30998	37
30999	37
31000	37
31001	37
31002	37
31003	37
31004	37
31005	37
31006	37
31007	37
31008	37
31009	37
31010	37
31011	37
31012	37
31013	37
31014	37
31015	37
31016	37
31017	37
31018	37
31019	37
31020	37
31021	37
31022	37
31023	37
31024	37
31025	37
31026	37
31027	37
31028	37
31029	37
31030	37
31031	37
31032	37
31033	37
31034	37
31035	37
31036	37
31037	37
31038	37
31039	37
31040	37
31041	37
31042	37
31043	37
31044	37
31045	37
31046	37
31047	37
31048	37
31049	37
31050	37
31051	37
31052	37
31053	37
31054	37
31055	37
31056	37
31057	37
31058	37
31059	37
31060	37
31061	37
31062	37
31063	37
31064	37
31065	37
31066	37
31067	37
31068	37
31069	37
31070	37
31071	37
31072	37
31073	37
31074	37
31075	37
31076	37
31077	37
31078	37
31079	37
31080	37
31081	37
31082	37
31083	37
31084	37
31085	37
31086	37
31087	37
31088	37
31089	37
31090	37
31091	37
31092	37
31093	37
31094	37
31095	37
31096	37
31097	37
31098	37
31099	37
31100	37
31101	37
31102	37
31103	37
31104	37
31105	37
31106	37
31107	37
31108	37
31109	37
31110	37
31111	37
31112	37
31113	37
31114	37
31115	37
31116	37
31117	37
31118	37
31119	37
31120	37
31121	37
31122	37
31123	37
31124	37
31125	37
31126	37
31127	37
31128	37
31129	37
31130	37
31131	37
31132	37
31133	37
31134	37
31135	37
31136	37
31137	37
31138	37
31139	37
31140	37
31141	37
31142	37
31143	37
31144	37
31145	37
31146	37
31147	37
31148	37
31149	37
31150	37
31151	37
31152	37
31153	37
31154	37
31155	37
31156	37
31157	37
31158	37
31159	37
31160	37
31161	37
31162	37
31163	37
31164	37
31165	37
31166	37
31167	37
31168	37
31169	37
31170	37
31171	37
31172	37
31173	37
31174	37
31175	37
31176	37
31177	37
31178	37
31179	37
31180	37
31181	37
31182	37
31183	37
31184	37
31185	37
31186	37
31187	37
31188	37
31189	37
31190	37
31191	37
31192	37
31193	37
31194	37
31195	37
31196	37
31197	37
31198	37
31199	37
31200	37
31201	37
31202	37
31203	37
31204	37
31205	37
31206	37
31207	37
31208	37
31209	37
31210	37
31211	37
31212	37
31213	37
31214	37
31215	37
31216	37
31217	37
31218	37
31219	37
31220	37
31221	37
31222	37
31223	37
31224	37
31225	37
31226	37
31227	37
31228	37
31229	37
31230	37
31231	37
31232	37
31233	37
31234	37
31235	37
31236	37
31237	37
31238	37
31239	37
31240	37
31241	37
31242	37
31243	37
31244	37
31245	37
31246	37
31247	37
31248	37
31249	37
31250	37
31251	37
31252	37
31253	37
31254	37
31255	37
31256	37
31257	37
31258	37
31259	37
31260	37
31261	37
31262	37
31263	37
31264	37
31265	37
31266	37
31267	37
31268	37
31269	37
31270	37
31271	37
31272	37
31273	37
31274	37
31275	37
31276	37
31277	37
31278	37
31279	37
31280	37
31281	37
31282	37
31283	37
31284	37
31285	37
31286	37
31287	37
31288	37
31289	37
31290	37
31291	37
31292	37
31293	37
31294	37
31295	37
31296	37
31297	37
31298	37
31299	37
31300	37
31301	37
31302	37
31303	37
31304	37
31305	37
31306	37
31307	37
31308	37
31309	37
31310	37
31311	37
31312	37
31313	37
31314	37
31315	37
31316	37
31317	37
31318	37
31319	37
31320	37
31321	37
31322	37
31323	37
31324	37
31325	37
31326	37
31327	37
31328	37
31329	37
31330	37
31331	37
31332	37
31333	37
31334	37
31335	37
31336	37
31337	37
31338	37
31339	37
31340	37
31341	37
31342	37
31343	37
31344	37
31345	37
31346	37
31347	37
31348	37
31349	37
31350	37
31351	37
31352	37
31353	37
31354	37
31355	37
31356	37
31357	37
31358	37
31359	37
31360	37
31361	37
31362	37
31363	37
31364	37
31365	37
31366	37
31367	37
31368	37
31369	37
31370	37
31371	37
31372	37
31373	37
31374	37
31375	37
31376	37
31377	37
31378	37
31379	37
31380	37
31381	37
31382	37
31383	37
31384	37
31385	37
31386	37
31387	37
31388	37
31389	37
31390	37
31391	37
31392	37
31393	37
31394	37
31395	37
31396	37
31397	37
31398	37
31399	37
31400	37
31401	37
31402	37
31403	37
31404	37
31405	37
31406	37
31407	37
31408	37
31409	37
31410	37
31411	37
31412	37
31413	37
31414	37
31415	37
31416	37
31417	37
31418	37
31419	37
31420	37
31421	37
31422	37
31423	37
31424	37
31425	37
31426	37
31427	37
31428	37
31429	37
31430	37
31431	37
31432	37
31433	37
31434	37
31435	37
31436	37
31437	37
31438	37
31439	37
31440	37
31441	37
31442	37
31443	37
31444	37
31445	37
31446	37
31447	37
31448	37
31449	37
31450	37
31451	37
31452	37
31453	37
31454	37
31455	37
31456	37
31457	37
31458	37
31459	37
31460	37
31461	37
31462	37
31463	37
31464	37
31465	37
31466	37
31467	37
31468	37
31469	37
31470	37
31471	37
31472	37
31473	37
31474	37
31475	37
31476	37
31477	37
31478	37
31479	37
31480	37
31481	37
31482	37
31483	37
31484	37
31485	37
31486	37
31487	37
31488	37
31489	37
31490	37
31491	37
31492	37
31493	37
31494	37
31495	37
31496	37
31497	37
31498	37
31499	37
31500	37
31501	37
31502	37
31503	37
31504	37
31505	37
31506	37
31507	37
31508	37
31509	37
31510	37
31511	37
31512	37
31513	37
31514	37
31515	37
31516	37
31517	37
31518	37
31519	37
31520	37
31521	37
31522	37
31523	37
31524	37
31525	37
31526	37
31527	37
31528	37
31529	37
31530	37
31531	37
31532	37
31533	37
31534	37
31535	37
31536	37
31537	37
31538	37
31539	37
31540	37
31541	37
31542	37
31543	37
31544	37
31545	37
31546	37
31547	37
31548	37
31549	37
31550	37
31551	37
31552	37
31553	37
31554	37
31555	37
31556	37
31557	37
31558	37
31559	37
31560	37
31561	37
31562	37
31563	37
31564	37
31565	37
31566	37
31567	37
31568	37
31569	37
31570	37
31571	37
31572	37
31573	37
31574	37
31575	37
31576	37
31577	37
31578	37
31579	37
31580	37
31581	37
31582	37
31583	37
31584	37
31585	37
31586	37
31587	37
31588	37
31589	37
31590	37
31591	37
31592	37
31593	37
31594	37
31595	37
31596	37
31597	37
31598	37
31599	37
31600	37
31601	37
31602	37
31603	37
31604	37
31605	37
31606	37
31607	37
31608	37
31609	37
31610	37
31611	37
31612	37
31613	37
31614	37
31615	37
31616	37
31617	37
31618	37
31619	37
31620	37
31621	37
31622	37
31623	37
31624	37
31625	37
31626	37
31627	37
31628	37
31629	37
31630	37
31631	37
31632	37
31633	37
31634	37
31635	37
31636	37
31637	37
31638	37
31639	37
31640	37
31641	37
31642	37
31643	37
31644	37
31645	37
31646	37
31647	37
31648	37
31649	37
31650	37
31651	37
31652	37
31653	37
31654	38
31655	38
31656	38
31657	38
31658	38
31659	38
31660	38
31661	38
31662	38
31663	38
31664	38
31665	38
31666	38
31667	38
31668	38
31669	38
31670	38
31671	38
31672	38
31673	38
31674	38
31675	38
31676	38
31677	38
31678	38
31679	38
31680	38
31681	38
31682	38
31683	38
31684	38
31685	38
31686	38
31687	38
31688	38
31689	38
31690	38
31691	38
31692	38
31693	38
31694	38
31695	38
31696	38
31697	38
31698	38
31699	38
31700	38
31701	38
31702	38
31703	38
31704	38
31705	38
31706	38
31707	38
31708	38
31709	38
31710	38
31711	38
31712	38
31713	38
31714	38
31715	38
31716	38
31717	38
31718	38
31719	38
31720	38
31721	38
31722	38
31723	38
31724	38
31725	38
31726	38
31727	38
31728	38
31729	38
31730	38
31731	38
31732	38
31733	38
31734	38
31735	38
31736	38
31737	38
31738	38
31739	38
31740	38
31741	38
31742	38
31743	38
31744	38
31745	38
31746	38
31747	38
31748	38
31749	38
31750	38
31751	38
31752	38
31753	38
31754	38
31755	38
31756	38
31757	38
31758	38
31759	38
31760	38
31761	38
31762	38
31763	38
31764	38
31765	38
31766	38
31767	38
31768	38
31769	38
31770	38
31771	38
31772	38
31773	38
31774	38
31775	38
31776	38
31777	38
31778	38
31779	38
31780	38
31781	38
31782	38
31783	38
31784	38
31785	38
31786	38
31787	38
31788	38
31789	38
31790	38
31791	38
31792	38
31793	38
31794	38
31795	38
31796	38
31797	38
31798	38
31799	38
31800	38
31801	38
31802	38
31803	38
31804	38
31805	38
31806	38
31807	38
31808	38
31809	38
31810	38
31811	38
31812	38
31813	38
31814	38
31815	38
31816	38
31817	38
31818	38
31819	38
31820	38
31821	38
31822	38
31823	38
31824	38
31825	38
31826	38
31827	38
31828	38
31829	38
31830	38
31831	38
31832	38
31833	38
31834	38
31835	38
31836	38
31837	38
31838	38
31839	38
31840	38
31841	38
31842	38
31843	38
31844	38
31845	38
31846	38
31847	38
31848	38
31849	38
31850	38
31851	38
31852	38
31853	38
31854	38
31855	38
31856	38
31857	38
31858	38
31859	38
31860	38
31861	38
31862	38
31863	38
31864	38
31865	38
31866	38
31867	38
31868	38
31869	38
31870	38
31871	38
31872	38
31873	38
31874	38
31875	38
31876	38
31877	38
31878	38
31879	38
31880	38
31881	38
31882	38
31883	38
31884	38
31885	38
31886	38
31887	38
31888	38
31889	38
31890	38
31891	38
31892	38
31893	38
31894	38
31895	38
31896	38
31897	38
31898	38
31899	38
31900	38
31901	38
31902	38
31903	38
31904	38
31905	38
31906	38
31907	38
31908	38
31909	38
31910	38
31911	38
31912	38
31913	38
31914	38
31915	38
31916	38
31917	38
31918	38
31919	38
31920	38
31921	38
31922	38
31923	38
31924	38
31925	38
31926	38
31927	38
31928	38
31929	38
31930	38
31931	38
31932	38
31933	38
31934	38
31935	38
31936	38
31937	38
31938	38
31939	38
31940	38
31941	38
31942	38
31943	38
31944	38
31945	38
31946	38
31947	38
31948	38
31949	38
31950	38
31951	38
31952	38
31953	38
31954	38
31955	38
31956	38
31957	38
31958	38
31959	38
31960	38
31961	38
31962	38
31963	38
31964	38
31965	38
31966	38
31967	38
31968	38
31969	38
31970	38
31971	38
31972	38
31973	38
31974	38
31975	38
31976	38
31977	38
31978	38
31979	38
31980	38
31981	38
31982	38
31983	38
31984	38
31985	38
31986	38
31987	38
31988	38
31989	38
31990	38
31991	38
31992	38
31993	38
31994	38
31995	38
31996	38
31997	38
31998	38
31999	38
32000	38
32001	38
32002	38
32003	38
32004	38
32005	38
32006	38
32007	38
32008	38
32009	38
32010	38
32011	38
32012	38
32013	38
32014	38
32015	38
32016	38
32017	38
32018	38
32019	38
32020	38
32021	38
32022	38
32023	38
32024	38
32025	38
32026	38
32027	38
32028	38
32029	38
32030	38
32031	38
32032	38
32033	38
32034	38
32035	38
32036	38
32037	38
32038	38
32039	38
32040	38
32041	38
32042	38
32043	38
32044	38
32045	38
32046	38
32047	38
32048	38
32049	38
32050	38
32051	38
32052	38
32053	38
32054	38
32055	38
32056	38
32057	38
32058	38
32059	38
32060	38
32061	38
32062	38
32063	38
32064	38
32065	38
32066	38
32067	38
32068	38
32069	38
32070	38
32071	38
32072	38
32073	38
32074	38
32075	38
32076	38
32077	38
32078	38
32079	38
32080	38
32081	38
32082	38
32083	38
32084	38
32085	38
32086	38
32087	38
32088	38
32089	38
32090	38
32091	38
32092	38
32093	38
32094	38
32095	38
32096	38
32097	38
32098	38
32099	38
32100	38
32101	38
32102	38
32103	38
32104	38
32105	38
32106	38
32107	38
32108	38
32109	38
32110	38
32111	38
32112	38
32113	38
32114	38
32115	38
32116	38
32117	38
32118	38
32119	38
32120	38
32121	38
32122	38
32123	38
32124	38
32125	38
32126	38
32127	38
32128	38
32129	38
32130	38
32131	38
32132	38
32133	38
32134	38
32135	38
32136	38
32137	38
32138	38
32139	38
32140	38
32141	38
32142	38
32143	38
32144	38
32145	38
32146	38
32147	38
32148	38
32149	38
32150	38
32151	38
32152	38
32153	38
32154	38
32155	38
32156	38
32157	38
32158	38
32159	38
32160	38
32161	38
32162	38
32163	38
32164	38
32165	38
32166	38
32167	38
32168	38
32169	38
32170	38
32171	38
32172	38
32173	38
32174	38
32175	38
32176	38
32177	38
32178	38
32179	38
32180	38
32181	38
32182	38
32183	38
32184	38
32185	38
32186	38
32187	38
32188	38
32189	38
32190	38
32191	38
32192	38
32193	38
32194	38
32195	38
32196	38
32197	38
32198	38
32199	38
32200	38
32201	38
32202	38
32203	38
32204	38
32205	38
32206	38
32207	38
32208	38
32209	38
32210	38
32211	38
32212	38
32213	38
32214	38
32215	38
32216	38
32217	38
32218	38
32219	38
32220	38
32221	38
32222	38
32223	38
32224	38
32225	38
32226	38
32227	38
32228	38
32229	38
32230	38
32231	38
32232	38
32233	38
32234	38
32235	38
32236	38
32237	38
32238	38
32239	38
32240	38
32241	38
32242	38
32243	38
32244	38
32245	38
32246	38
32247	38
32248	38
32249	38
32250	38
32251	38
32252	38
32253	38
32254	38
32255	38
32256	38
32257	38
32258	38
32259	38
32260	38
32261	38
32262	38
32263	38
32264	38
32265	38
32266	38
32267	38
32268	38
32269	38
32270	38
32271	38
32272	38
32273	38
32274	38
32275	38
32276	38
32277	38
32278	38
32279	38
32280	38
32281	38
32282	38
32283	38
32284	38
32285	38
32286	38
32287	38
32288	38
32289	38
32290	38
32291	38
32292	38
32293	38
32294	38
32295	38
32296	38
32297	38
32298	38
32299	38
32300	38
32301	38
32302	38
32303	38
32304	38
32305	38
32306	38
32307	38
32308	38
32309	38
32310	38
32311	38
32312	38
32313	38
32314	38
32315	38
32316	38
32317	38
32318	38
32319	38
32320	38
32321	38
32322	38
32323	38
32324	38
32325	38
32326	38
32327	38
32328	38
32329	38
32330	38
32331	38
32332	38
32333	38
32334	38
32335	38
32336	38
32337	38
32338	38
32339	38
32340	38
32341	38
32342	38
32343	38
32344	38
32345	38
32346	38
32347	38
32348	38
32349	38
32350	38
32351	38
32352	38
32353	38
32354	38
32355	38
32356	38
32357	38
32358	38
32359	38
32360	38
32361	38
32362	38
32363	38
32364	38
32365	38
32366	38
32367	38
32368	38
32369	38
32370	38
32371	38
32372	38
32373	38
32374	38
32375	38
32376	38
32377	38
32378	38
32379	38
32380	38
32381	38
32382	38
32383	38
32384	38
32385	38
32386	38
32387	38
32388	38
32389	38
32390	38
32391	38
32392	38
32393	38
32394	38
32395	38
32396	38
32397	38
32398	38
32399	38
32400	38
32401	38
32402	38
32403	38
32404	38
32405	38
32406	38
32407	38
32408	38
32409	38
32410	38
32411	38
32412	38
32413	38
32414	38
32415	38
32416	38
32417	38
32418	38
32419	38
32420	38
32421	38
32422	38
32423	38
32424	38
32425	38
32426	38
32427	38
32428	38
32429	38
32430	38
32431	38
32432	38
32433	38
32434	38
32435	38
32436	38
32437	38
32438	38
32439	38
32440	38
32441	38
32442	38
32443	38
32444	38
32445	38
32446	38
32447	38
32448	38
32449	38
32450	38
32451	38
32452	38
32453	38
32454	38
32455	38
32456	38
32457	38
32458	38
32459	38
32460	38
32461	38
32462	38
32463	38
32464	38
32465	38
32466	38
32467	38
32468	38
32469	38
32470	38
32471	38
32472	38
32473	38
32474	38
32475	38
32476	38
32477	38
32478	38
32479	38
32480	38
32481	38
32482	38
32483	38
32484	38
32485	38
32486	38
32487	39
32488	39
32489	39
32490	39
32491	39
32492	39
32493	39
32494	39
32495	39
32496	39
32497	39
32498	39
32499	39
32500	39
32501	39
32502	39
32503	39
32504	39
32505	39
32506	39
32507	39
32508	39
32509	39
32510	39
32511	39
32512	39
32513	39
32514	39
32515	39
32516	39
32517	39
32518	39
32519	39
32520	39
32521	39
32522	39
32523	39
32524	39
32525	39
32526	39
32527	39
32528	39
32529	39
32530	39
32531	39
32532	39
32533	39
32534	39
32535	39
32536	39
32537	39
32538	39
32539	39
32540	39
32541	39
32542	39
32543	39
32544	39
32545	39
32546	39
32547	39
32548	39
32549	39
32550	39
32551	39
32552	39
32553	39
32554	39
32555	39
32556	39
32557	39
32558	39
32559	39
32560	39
32561	39
32562	39
32563	39
32564	39
32565	39
32566	39
32567	39
32568	39
32569	39
32570	39
32571	39
32572	39
32573	39
32574	39
32575	39
32576	39
32577	39
32578	39
32579	39
32580	39
32581	39
32582	39
32583	39
32584	39
32585	39
32586	39
32587	39
32588	39
32589	39
32590	39
32591	39
32592	39
32593	39
32594	39
32595	39
32596	39
32597	39
32598	39
32599	39
32600	39
32601	39
32602	39
32603	39
32604	39
32605	39
32606	39
32607	39
32608	39
32609	39
32610	39
32611	39
32612	39
32613	39
32614	39
32615	39
32616	39
32617	39
32618	39
32619	39
32620	39
32621	39
32622	39
32623	39
32624	39
32625	39
32626	39
32627	39
32628	39
32629	39
32630	39
32631	39
32632	39
32633	39
32634	39
32635	39
32636	39
32637	39
32638	39
32639	39
32640	39
32641	39
32642	39
32643	39
32644	39
32645	39
32646	39
32647	39
32648	39
32649	39
32650	39
32651	39
32652	39
32653	39
32654	39
32655	39
32656	39
32657	39
32658	39
32659	39
32660	39
32661	39
32662	39
32663	39
32664	39
32665	39
32666	39
32667	39
32668	39
32669	39
32670	39
32671	39
32672	39
32673	39
32674	39
32675	39
32676	39
32677	39
32678	39
32679	39
32680	39
32681	39
32682	39
32683	39
32684	39
32685	39
32686	39
32687	39
32688	39
32689	39
32690	39
32691	39
32692	39
32693	39
32694	39
32695	39
32696	39
32697	39
32698	39
32699	39
32700	39
32701	39
32702	39
32703	39
32704	39
32705	39
32706	39
32707	39
32708	39
32709	39
32710	39
32711	39
32712	39
32713	39
32714	39
32715	39
32716	39
32717	39
32718	39
32719	39
32720	39
32721	39
32722	39
32723	39
32724	39
32725	39
32726	39
32727	39
32728	39
32729	39
32730	39
32731	39
32732	39
32733	39
32734	39
32735	39
32736	39
32737	39
32738	39
32739	39
32740	39
32741	39
32742	39
32743	39
32744	39
32745	39
32746	39
32747	39
32748	39
32749	39
32750	39
32751	39
32752	39
32753	39
32754	39
32755	39
32756	39
32757	39
32758	39
32759	39
32760	39
32761	39
32762	39
32763	39
32764	39
32765	39
32766	39
32767	39
32768	39
32769	39
32770	39
32771	39
32772	39
32773	39
32774	39
32775	39
32776	39
32777	39
32778	39
32779	39
32780	39
32781	39
32782	39
32783	39
32784	39
32785	39
32786	39
32787	39
32788	39
32789	39
32790	39
32791	39
32792	39
32793	39
32794	39
32795	39
32796	39
32797	39
32798	39
32799	39
32800	39
32801	39
32802	39
32803	39
32804	39
32805	39
32806	39
32807	39
32808	39
32809	39
32810	39
32811	39
32812	39
32813	39
32814	39
32815	39
32816	39
32817	39
32818	39
32819	39
32820	39
32821	39
32822	39
32823	39
32824	39
32825	39
32826	39
32827	39
32828	39
32829	39
32830	39
32831	39
32832	39
32833	39
32834	39
32835	39
32836	39
32837	39
32838	39
32839	39
32840	39
32841	39
32842	39
32843	39
32844	39
32845	39
32846	39
32847	39
32848	39
32849	39
32850	39
32851	39
32852	39
32853	39
32854	39
32855	39
32856	39
32857	39
32858	39
32859	39
32860	39
32861	39
32862	39
32863	39
32864	39
32865	39
32866	39
32867	39
32868	39
32869	39
32870	39
32871	39
32872	39
32873	39
32874	39
32875	39
32876	39
32877	39
32878	39
32879	39
32880	39
32881	39
32882	39
32883	39
32884	39
32885	39
32886	39
32887	39
32888	39
32889	39
32890	39
32891	39
32892	39
32893	39
32894	39
32895	39
32896	39
32897	39
32898	39
32899	39
32900	39
32901	39
32902	39
32903	39
32904	39
32905	39
32906	39
32907	39
32908	39
32909	39
32910	39
32911	39
32912	39
32913	39
32914	39
32915	39
32916	39
32917	39
32918	39
32919	39
32920	39
32921	39
32922	39
32923	39
32924	39
32925	39
32926	39
32927	39
32928	39
32929	39
32930	39
32931	39
32932	39
32933	39
32934	39
32935	39
32936	39
32937	39
32938	39
32939	39
32940	39
32941	39
32942	39
32943	39
32944	39
32945	39
32946	39
32947	39
32948	39
32949	39
32950	39
32951	39
32952	39
32953	39
32954	39
32955	39
32956	39
32957	39
32958	39
32959	39
32960	39
32961	39
32962	39
32963	39
32964	39
32965	39
32966	39
32967	39
32968	39
32969	39
32970	39
32971	39
32972	39
32973	39
32974	39
32975	39
32976	39
32977	39
32978	39
32979	39
32980	39
32981	39
32982	39
32983	39
32984	39
32985	39
32986	39
32987	39
32988	39
32989	39
32990	39
32991	39
32992	39
32993	39
32994	39
32995	39
32996	39
32997	39
32998	39
32999	39
33000	39
33001	39
33002	39
33003	39
33004	39
33005	39
33006	39
33007	39
33008	39
33009	39
33010	39
33011	39
33012	39
33013	39
33014	39
33015	39
33016	39
33017	39
33018	39
33019	39
33020	39
33021	39
33022	39
33023	39
33024	39
33025	39
33026	39
33027	39
33028	39
33029	39
33030	39
33031	39
33032	39
33033	39
33034	39
33035	39
33036	39
33037	39
33038	39
33039	39
33040	39
33041	39
33042	39
33043	39
33044	39
33045	39
33046	39
33047	39
33048	39
33049	39
33050	39
33051	39
33052	39
33053	39
33054	39
33055	39
33056	39
33057	39
33058	39
33059	39
33060	39
33061	39
33062	39
33063	39
33064	39
33065	39
33066	39
33067	39
33068	39
33069	39
33070	39
33071	39
33072	39
33073	39
33074	39
33075	39
33076	39
33077	39
33078	39
33079	39
33080	39
33081	39
33082	39
33083	39
33084	39
33085	39
33086	39
33087	39
33088	39
33089	39
33090	39
33091	39
33092	39
33093	39
33094	39
33095	39
33096	39
33097	39
33098	39
33099	39
33100	39
33101	39
33102	39
33103	39
33104	39
33105	39
33106	39
33107	39
33108	39
33109	39
33110	39
33111	39
33112	39
33113	39
33114	39
33115	39
33116	39
33117	39
33118	39
33119	39
33120	39
33121	39
33122	39
33123	39
33124	39
33125	39
33126	39
33127	39
33128	39
33129	39
33130	39
33131	39
33132	39
33133	39
33134	39
33135	39
33136	39
33137	39
33138	39
33139	39
33140	39
33141	39
33142	39
33143	39
33144	39
33145	39
33146	39
33147	39
33148	39
33149	39
33150	39
33151	39
33152	39
33153	39
33154	39
33155	39
33156	39
33157	39
33158	39
33159	39
33160	39
33161	39
33162	39
33163	39
33164	39
33165	39
33166	39
33167	39
33168	39
33169	39
33170	39
33171	39
33172	39
33173	39
33174	39
33175	39
33176	39
33177	39
33178	39
33179	39
33180	39
33181	39
33182	39
33183	39
33184	39
33185	39
33186	39
33187	39
33188	39
33189	39
33190	39
33191	39
33192	39
33193	39
33194	39
33195	39
33196	39
33197	39
33198	39
33199	39
33200	39
33201	39
33202	39
33203	39
33204	39
33205	39
33206	39
33207	39
33208	39
33209	39
33210	39
33211	39
33212	39
33213	39
33214	39
33215	39
33216	39
33217	39
33218	39
33219	39
33220	39
33221	39
33222	39
33223	39
33224	39
33225	39
33226	39
33227	39
33228	39
33229	39
33230	39
33231	39
33232	39
33233	39
33234	39
33235	39
33236	39
33237	39
33238	39
33239	39
33240	39
33241	39
33242	39
33243	39
33244	39
33245	39
33246	39
33247	39
33248	39
33249	39
33250	39
33251	39
33252	39
33253	39
33254	39
33255	39
33256	39
33257	39
33258	39
33259	39
33260	39
33261	39
33262	39
33263	39
33264	39
33265	39
33266	39
33267	39
33268	39
33269	39
33270	39
33271	39
33272	39
33273	39
33274	39
33275	39
33276	39
33277	39
33278	39
33279	39
33280	39
33281	39
33282	39
33283	39
33284	39
33285	39
33286	39
33287	39
33288	39
33289	39
33290	39
33291	39
33292	39
33293	39
33294	39
33295	39
33296	39
33297	39
33298	39
33299	39
33300	39
33301	39
33302	39
33303	39
33304	39
33305	39
33306	39
33307	39
33308	39
33309	39
33310	39
33311	39
33312	39
33313	39
33314	39
33315	39
33316	39
33317	39
33318	39
33319	39
33320	40
33321	40
33322	40
33323	40
33324	40
33325	40
33326	40
33327	40
33328	40
33329	40
33330	40
33331	40
33332	40
33333	40
33334	40
33335	40
33336	40
33337	40
33338	40
33339	40
33340	40
33341	40
33342	40
33343	40
33344	40
33345	40
33346	40
33347	40
33348	40
33349	40
33350	40
33351	40
33352	40
33353	40
33354	40
33355	40
33356	40
33357	40
33358	40
33359	40
33360	40
33361	40
33362	40
33363	40
33364	40
33365	40
33366	40
33367	40
33368	40
33369	40
33370	40
33371	40
33372	40
33373	40
33374	40
33375	40
33376	40
33377	40
33378	40
33379	40
33380	40
33381	40
33382	40
33383	40
33384	40
33385	40
33386	40
33387	40
33388	40
33389	40
33390	40
33391	40
33392	40
33393	40
33394	40
33395	40
33396	40
33397	40
33398	40
33399	40
33400	40
33401	40
33402	40
33403	40
33404	40
33405	40
33406	40
33407	40
33408	40
33409	40
33410	40
33411	40
33412	40
33413	40
33414	40
33415	40
33416	40
33417	40
33418	40
33419	40
33420	40
33421	40
33422	40
33423	40
33424	40
33425	40
33426	40
33427	40
33428	40
33429	40
33430	40
33431	40
33432	40
33433	40
33434	40
33435	40
33436	40
33437	40
33438	40
33439	40
33440	40
33441	40
33442	40
33443	40
33444	40
33445	40
33446	40
33447	40
33448	40
33449	40
33450	40
33451	40
33452	40
33453	40
33454	40
33455	40
33456	40
33457	40
33458	40
33459	40
33460	40
33461	40
33462	40
33463	40
33464	40
33465	40
33466	40
33467	40
33468	40
33469	40
33470	40
33471	40
33472	40
33473	40
33474	40
33475	40
33476	40
33477	40
33478	40
33479	40
33480	40
33481	40
33482	40
33483	40
33484	40
33485	40
33486	40
33487	40
33488	40
33489	40
33490	40
33491	40
33492	40
33493	40
33494	40
33495	40
33496	40
33497	40
33498	40
33499	40
33500	40
33501	40
33502	40
33503	40
33504	40
33505	40
33506	40
33507	40
33508	40
33509	40
33510	40
33511	40
33512	40
33513	40
33514	40
33515	40
33516	40
33517	40
33518	40
33519	40
33520	40
33521	40
33522	40
33523	40
33524	40
33525	40
33526	40
33527	40
33528	40
33529	40
33530	40
33531	40
33532	40
33533	40
33534	40
33535	40
33536	40
33537	40
33538	40
33539	40
33540	40
33541	40
33542	40
33543	40
33544	40
33545	40
33546	40
33547	40
33548	40
33549	40
33550	40
33551	40
33552	40
33553	40
33554	40
33555	40
33556	40
33557	40
33558	40
33559	40
33560	40
33561	40
33562	40
33563	40
33564	40
33565	40
33566	40
33567	40
33568	40
33569	40
33570	40
33571	40
33572	40
33573	40
33574	40
33575	40
33576	40
33577	40
33578	40
33579	40
33580	40
33581	40
33582	40
33583	40
33584	40
33585	40
33586	40
33587	40
33588	40
33589	40
33590	40
33591	40
33592	40
33593	40
33594	40
33595	40
33596	40
33597	40
33598	40
33599	40
33600	40
33601	40
33602	40
33603	40
33604	40
33605	40
33606	40
33607	40
33608	40
33609	40
33610	40
33611	40
33612	40
33613	40
33614	40
33615	40
33616	40
33617	40
33618	40
33619	40
33620	40
33621	40
33622	40
33623	40
33624	40
33625	40
33626	40
33627	40
33628	40
33629	40
33630	40
33631	40
33632	40
33633	40
33634	40
33635	40
33636	40
33637	40
33638	40
33639	40
33640	40
33641	40
33642	40
33643	40
33644	40
33645	40
33646	40
33647	40
33648	40
33649	40
33650	40
33651	40
33652	40
33653	40
33654	40
33655	40
33656	40
33657	40
33658	40
33659	40
33660	40
33661	40
33662	40
33663	40
33664	40
33665	40
33666	40
33667	40
33668	40
33669	40
33670	40
33671	40
33672	40
33673	40
33674	40
33675	40
33676	40
33677	40
33678	40
33679	40
33680	40
33681	40
33682	40
33683	40
33684	40
33685	40
33686	40
33687	40
33688	40
33689	40
33690	40
33691	40
33692	40
33693	40
33694	40
33695	40
33696	40
33697	40
33698	40
33699	40
33700	40
33701	40
33702	40
33703	40
33704	40
33705	40
33706	40
33707	40
33708	40
33709	40
33710	40
33711	40
33712	40
33713	40
33714	40
33715	40
33716	40
33717	40
33718	40
33719	40
33720	40
33721	40
33722	40
33723	40
33724	40
33725	40
33726	40
33727	40
33728	40
33729	40
33730	40
33731	40
33732	40
33733	40
33734	40
33735	40
33736	40
33737	40
33738	40
33739	40
33740	40
33741	40
33742	40
33743	40
33744	40
33745	40
33746	40
33747	40
33748	40
33749	40
33750	40
33751	40
33752	40
33753	40
33754	40
33755	40
33756	40
33757	40
33758	40
33759	40
33760	40
33761	40
33762	40
33763	40
33764	40
33765	40
33766	40
33767	40
33768	40
33769	40
33770	40
33771	40
33772	40
33773	40
33774	40
33775	40
33776	40
33777	40
33778	40
33779	40
33780	40
33781	40
33782	40
33783	40
33784	40
33785	40
33786	40
33787	40
33788	40
33789	40
33790	40
33791	40
33792	40
33793	40
33794	40
33795	40
33796	40
33797	40
33798	40
33799	40
33800	40
33801	40
33802	40
33803	40
33804	40
33805	40
33806	40
33807	40
33808	40
33809	40
33810	40
33811	40
33812	40
33813	40
33814	40
33815	40
33816	40
33817	40
33818	40
33819	40
33820	40
33821	40
33822	40
33823	40
33824	40
33825	40
33826	40
33827	40
33828	40
33829	40
33830	40
33831	40
33832	40
33833	40
33834	40
33835	40
33836	40
33837	40
33838	40
33839	40
33840	40
33841	40
33842	40
33843	40
33844	40
33845	40
33846	40
33847	40
33848	40
33849	40
33850	40
33851	40
33852	40
33853	40
33854	40
33855	40
33856	40
33857	40
33858	40
33859	40
33860	40
33861	40
33862	40
33863	40
33864	40
33865	40
33866	40
33867	40
33868	40
33869	40
33870	40
33871	40
33872	40
33873	40
33874	40
33875	40
33876	40
33877	40
33878	40
33879	40
33880	40
33881	40
33882	40
33883	40
33884	40
33885	40
33886	40
33887	40
33888	40
33889	40
33890	40
33891	40
33892	40
33893	40
33894	40
33895	40
33896	40
33897	40
33898	40
33899	40
33900	40
33901	40
33902	40
33903	40
33904	40
33905	40
33906	40
33907	40
33908	40
33909	40
33910	40
33911	40
33912	40
33913	40
33914	40
33915	40
33916	40
33917	40
33918	40
33919	40
33920	40
33921	40
33922	40
33923	40
33924	40
33925	40
33926	40
33927	40
33928	40
33929	40
33930	40
33931	40
33932	40
33933	40
33934	40
33935	40
33936	40
33937	40
33938	40
33939	40
33940	40
33941	40
33942	40
33943	40
33944	40
33945	40
33946	40
33947	40
33948	40
33949	40
33950	40
33951	40
33952	40
33953	40
33954	40
33955	40
33956	40
33957	40
33958	40
33959	40
33960	40
33961	40
33962	40
33963	40
33964	40
33965	40
33966	40
33967	40
33968	40
33969	40
33970	40
33971	40
33972	40
33973	40
33974	40
33975	40
33976	40
33977	40
33978	40
33979	40
33980	40
33981	40
33982	40
33983	40
33984	40
33985	40
33986	40
33987	40
33988	40
33989	40
33990	40
33991	40
33992	40
33993	40
33994	40
33995	40
33996	40
33997	40
33998	40
33999	40
34000	40
34001	40
34002	40
34003	40
34004	40
34005	40
34006	40
34007	40
34008	40
34009	40
34010	40
34011	40
34012	40
34013	40
34014	40
34015	40
34016	40
34017	40
34018	40
34019	40
34020	40
34021	40
34022	40
34023	40
34024	40
34025	40
34026	40
34027	40
34028	40
34029	40
34030	40
34031	40
34032	40
34033	40
34034	40
34035	40
34036	40
34037	40
34038	40
34039	40
34040	40
34041	40
34042	40
34043	40
34044	40
34045	40
34046	40
34047	40
34048	40
34049	40
34050	40
34051	40
34052	40
34053	40
34054	40
34055	40
34056	40
34057	40
34058	40
34059	40
34060	40
34061	40
34062	40
34063	40
34064	40
34065	40
34066	40
34067	40
34068	40
34069	40
34070	40
34071	40
34072	40
34073	40
34074	40
34075	40
34076	40
34077	40
34078	40
34079	40
34080	40
34081	40
34082	40
34083	40
34084	40
34085	40
34086	40
34087	40
34088	40
34089	40
34090	40
34091	40
34092	40
34093	40
34094	40
34095	40
34096	40
34097	40
34098	40
34099	40
34100	40
34101	40
34102	40
34103	40
34104	40
34105	40
34106	40
34107	40
34108	40
34109	40
34110	40
34111	40
34112	40
34113	40
34114	40
34115	40
34116	40
34117	40
34118	40
34119	40
34120	40
34121	40
34122	40
34123	40
34124	40
34125	40
34126	40
34127	40
34128	40
34129	40
34130	40
34131	40
34132	40
34133	40
34134	40
34135	40
34136	40
34137	40
34138	40
34139	40
34140	40
34141	40
34142	40
34143	40
34144	40
34145	40
34146	40
34147	40
34148	40
34149	40
34150	40
34151	40
34152	40
34153	41
34154	41
34155	41
34156	41
34157	41
34158	41
34159	41
34160	41
34161	41
34162	41
34163	41
34164	41
34165	41
34166	41
34167	41
34168	41
34169	41
34170	41
34171	41
34172	41
34173	41
34174	41
34175	41
34176	41
34177	41
34178	41
34179	41
34180	41
34181	41
34182	41
34183	41
34184	41
34185	41
34186	41
34187	41
34188	41
34189	41
34190	41
34191	41
34192	41
34193	41
34194	41
34195	41
34196	41
34197	41
34198	41
34199	41
34200	41
34201	41
34202	41
34203	41
34204	41
34205	41
34206	41
34207	41
34208	41
34209	41
34210	41
34211	41
34212	41
34213	41
34214	41
34215	41
34216	41
34217	41
34218	41
34219	41
34220	41
34221	41
34222	41
34223	41
34224	41
34225	41
34226	41
34227	41
34228	41
34229	41
34230	41
34231	41
34232	41
34233	41
34234	41
34235	41
34236	41
34237	41
34238	41
34239	41
34240	41
34241	41
34242	41
34243	41
34244	41
34245	41
34246	41
34247	41
34248	41
34249	41
34250	41
34251	41
34252	41
34253	41
34254	41
34255	41
34256	41
34257	41
34258	41
34259	41
34260	41
34261	41
34262	41
34263	41
34264	41
34265	41
34266	41
34267	41
34268	41
34269	41
34270	41
34271	41
34272	41
34273	41
34274	41
34275	41
34276	41
34277	41
34278	41
34279	41
34280	41
34281	41
34282	41
34283	41
34284	41
34285	41
34286	41
34287	41
34288	41
34289	41
34290	41
34291	41
34292	41
34293	41
34294	41
34295	41
34296	41
34297	41
34298	41
34299	41
34300	41
34301	41
34302	41
34303	41
34304	41
34305	41
34306	41
34307	41
34308	41
34309	41
34310	41
34311	41
34312	41
34313	41
34314	41
34315	41
34316	41
34317	41
34318	41
34319	41
34320	41
34321	41
34322	41
34323	41
34324	41
34325	41
34326	41
34327	41
34328	41
34329	41
34330	41
34331	41
34332	41
34333	41
34334	41
34335	41
34336	41
34337	41
34338	41
34339	41
34340	41
34341	41
34342	41
34343	41
34344	41
34345	41
34346	41
34347	41
34348	41
34349	41
34350	41
34351	41
34352	41
34353	41
34354	41
34355	41
34356	41
34357	41
34358	41
34359	41
34360	41
34361	41
34362	41
34363	41
34364	41
34365	41
34366	41
34367	41
34368	41
34369	41
34370	41
34371	41
34372	41
34373	41
34374	41
34375	41
34376	41
34377	41
34378	41
34379	41
34380	41
34381	41
34382	41
34383	41
34384	41
34385	41
34386	41
34387	41
34388	41
34389	41
34390	41
34391	41
34392	41
34393	41
34394	41
34395	41
34396	41
34397	41
34398	41
34399	41
34400	41
34401	41
34402	41
34403	41
34404	41
34405	41
34406	41
34407	41
34408	41
34409	41
34410	41
34411	41
34412	41
34413	41
34414	41
34415	41
34416	41
34417	41
34418	41
34419	41
34420	41
34421	41
34422	41
34423	41
34424	41
34425	41
34426	41
34427	41
34428	41
34429	41
34430	41
34431	41
34432	41
34433	41
34434	41
34435	41
34436	41
34437	41
34438	41
34439	41
34440	41
34441	41
34442	41
34443	41
34444	41
34445	41
34446	41
34447	41
34448	41
34449	41
34450	41
34451	41
34452	41
34453	41
34454	41
34455	41
34456	41
34457	41
34458	41
34459	41
34460	41
34461	41
34462	41
34463	41
34464	41
34465	41
34466	41
34467	41
34468	41
34469	41
34470	41
34471	41
34472	41
34473	41
34474	41
34475	41
34476	41
34477	41
34478	41
34479	41
34480	41
34481	41
34482	41
34483	41
34484	41
34485	41
34486	41
34487	41
34488	41
34489	41
34490	41
34491	41
34492	41
34493	41
34494	41
34495	41
34496	41
34497	41
34498	41
34499	41
34500	41
34501	41
34502	41
34503	41
34504	41
34505	41
34506	41
34507	41
34508	41
34509	41
34510	41
34511	41
34512	41
34513	41
34514	41
34515	41
34516	41
34517	41
34518	41
34519	41
34520	41
34521	41
34522	41
34523	41
34524	41
34525	41
34526	41
34527	41
34528	41
34529	41
34530	41
34531	41
34532	41
34533	41
34534	41
34535	41
34536	41
34537	41
34538	41
34539	41
34540	41
34541	41
34542	41
34543	41
34544	41
34545	41
34546	41
34547	41
34548	41
34549	41
34550	41
34551	41
34552	41
34553	41
34554	41
34555	41
34556	41
34557	41
34558	41
34559	41
34560	41
34561	41
34562	41
34563	41
34564	41
34565	41
34566	41
34567	41
34568	41
34569	41
34570	41
34571	41
34572	41
34573	41
34574	41
34575	41
34576	41
34577	41
34578	41
34579	41
34580	41
34581	41
34582	41
34583	41
34584	41
34585	41
34586	41
34587	41
34588	41
34589	41
34590	41
34591	41
34592	41
34593	41
34594	41
34595	41
34596	41
34597	41
34598	41
34599	41
34600	41
34601	41
34602	41
34603	41
34604	41
34605	41
34606	41
34607	41
34608	41
34609	41
34610	41
34611	41
34612	41
34613	41
34614	41
34615	41
34616	41
34617	41
34618	41
34619	41
34620	41
34621	41
34622	41
34623	41
34624	41
34625	41
34626	41
34627	41
34628	41
34629	41
34630	41
34631	41
34632	41
34633	41
34634	41
34635	41
34636	41
34637	41
34638	41
34639	41
34640	41
34641	41
34642	41
34643	41
34644	41
34645	41
34646	41
34647	41
34648	41
34649	41
34650	41
34651	41
34652	41
34653	41
34654	41
34655	41
34656	41
34657	41
34658	41
34659	41
34660	41
34661	41
34662	41
34663	41
34664	41
34665	41
34666	41
34667	41
34668	41
34669	41
34670	41
34671	41
34672	41
34673	41
34674	41
34675	41
34676	41
34677	41
34678	41
34679	41
34680	41
34681	41
34682	41
34683	41
34684	41
34685	41
34686	41
34687	41
34688	41
34689	41
34690	41
34691	41
34692	41
34693	41
34694	41
34695	41
34696	41
34697	41
34698	41
34699	41
34700	41
34701	41
34702	41
34703	41
34704	41
34705	41
34706	41
34707	41
34708	41
34709	41
34710	41
34711	41
34712	41
34713	41
34714	41
34715	41
34716	41
34717	41
34718	41
34719	41
34720	41
34721	41
34722	41
34723	41
34724	41
34725	41
34726	41
34727	41
34728	41
34729	41
34730	41
34731	41
34732	41
34733	41
34734	41
34735	41
34736	41
34737	41
34738	41
34739	41
34740	41
34741	41
34742	41
34743	41
34744	41
34745	41
34746	41
34747	41
34748	41
34749	41
34750	41
34751	41
34752	41
34753	41
34754	41
34755	41
34756	41
34757	41
34758	41
34759	41
34760	41
34761	41
34762	41
34763	41
34764	41
34765	41
34766	41
34767	41
34768	41
34769	41
34770	41
34771	41
34772	41
34773	41
34774	41
34775	41
34776	41
34777	41
34778	41
34779	41
34780	41
34781	41
34782	41
34783	41
34784	41
34785	41
34786	41
34787	41
34788	41
34789	41
34790	41
34791	41
34792	41
34793	41
34794	41
34795	41
34796	41
34797	41
34798	41
34799	41
34800	41
34801	41
34802	41
34803	41
34804	41
34805	41
34806	41
34807	41
34808	41
34809	41
34810	41
34811	41
34812	41
34813	41
34814	41
34815	41
34816	41
34817	41
34818	41
34819	41
34820	41
34821	41
34822	41
34823	41
34824	41
34825	41
34826	41
34827	41
34828	41
34829	41
34830	41
34831	41
34832	41
34833	41
34834	41
34835	41
34836	41
34837	41
34838	41
34839	41
34840	41
34841	41
34842	41
34843	41
34844	41
34845	41
34846	41
34847	41
34848	41
34849	41
34850	41
34851	41
34852	41
34853	41
34854	41
34855	41
34856	41
34857	41
34858	41
34859	41
34860	41
34861	41
34862	41
34863	41
34864	41
34865	41
34866	41
34867	41
34868	41
34869	41
34870	41
34871	41
34872	41
34873	41
34874	41
34875	41
34876	41
34877	41
34878	41
34879	41
34880	41
34881	41
34882	41
34883	41
34884	41
34885	41
34886	41
34887	41
34888	41
34889	41
34890	41
34891	41
34892	41
34893	41
34894	41
34895	41
34896	41
34897	41
34898	41
34899	41
34900	41
34901	41
34902	41
34903	41
34904	41
34905	41
34906	41
34907	41
34908	41
34909	41
34910	41
34911	41
34912	41
34913	41
34914	41
34915	41
34916	41
34917	41
34918	41
34919	41
34920	41
34921	41
34922	41
34923	41
34924	41
34925	41
34926	41
34927	41
34928	41
34929	41
34930	41
34931	41
34932	41
34933	41
34934	41
34935	41
34936	41
34937	41
34938	41
34939	41
34940	41
34941	41
34942	41
34943	41
34944	41
34945	41
34946	41
34947	41
34948	41
34949	41
34950	41
34951	41
34952	41
34953	41
34954	41
34955	41
34956	41
34957	41
34958	41
34959	41
34960	41
34961	41
34962	41
34963	41
34964	41
34965	41
34966	41
34967	41
34968	41
34969	41
34970	41
34971	41
34972	41
34973	41
34974	41
34975	41
34976	41
34977	41
34978	41
34979	41
34980	41
34981	41
34982	41
34983	41
34984	41
34985	41
34986	42
34987	42
34988	42
34989	42
34990	42
34991	42
34992	42
34993	42
34994	42
34995	42
34996	42
34997	42
34998	42
34999	42
35000	42
35001	42
35002	42
35003	42
35004	42
35005	42
35006	42
35007	42
35008	42
35009	42
35010	42
35011	42
35012	42
35013	42
35014	42
35015	42
35016	42
35017	42
35018	42
35019	42
35020	42
35021	42
35022	42
35023	42
35024	42
35025	42
35026	42
35027	42
35028	42
35029	42
35030	42
35031	42
35032	42
35033	42
35034	42
35035	42
35036	42
35037	42
35038	42
35039	42
35040	42
35041	42
35042	42
35043	42
35044	42
35045	42
35046	42
35047	42
35048	42
35049	42
35050	42
35051	42
35052	42
35053	42
35054	42
35055	42
35056	42
35057	42
35058	42
35059	42
35060	42
35061	42
35062	42
35063	42
35064	42
35065	42
35066	42
35067	42
35068	42
35069	42
35070	42
35071	42
35072	42
35073	42
35074	42
35075	42
35076	42
35077	42
35078	42
35079	42
35080	42
35081	42
35082	42
35083	42
35084	42
35085	42
35086	42
35087	42
35088	42
35089	42
35090	42
35091	42
35092	42
35093	42
35094	42
35095	42
35096	42
35097	42
35098	42
35099	42
35100	42
35101	42
35102	42
35103	42
35104	42
35105	42
35106	42
35107	42
35108	42
35109	42
35110	42
35111	42
35112	42
35113	42
35114	42
35115	42
35116	42
35117	42
35118	42
35119	42
35120	42
35121	42
35122	42
35123	42
35124	42
35125	42
35126	42
35127	42
35128	42
35129	42
35130	42
35131	42
35132	42
35133	42
35134	42
35135	42
35136	42
35137	42
35138	42
35139	42
35140	42
35141	42
35142	42
35143	42
35144	42
35145	42
35146	42
35147	42
35148	42
35149	42
35150	42
35151	42
35152	42
35153	42
35154	42
35155	42
35156	42
35157	42
35158	42
35159	42
35160	42
35161	42
35162	42
35163	42
35164	42
35165	42
35166	42
35167	42
35168	42
35169	42
35170	42
35171	42
35172	42
35173	42
35174	42
35175	42
35176	42
35177	42
35178	42
35179	42
35180	42
35181	42
35182	42
35183	42
35184	42
35185	42
35186	42
35187	42
35188	42
35189	42
35190	42
35191	42
35192	42
35193	42
35194	42
35195	42
35196	42
35197	42
35198	42
35199	42
35200	42
35201	42
35202	42
35203	42
35204	42
35205	42
35206	42
35207	42
35208	42
35209	42
35210	42
35211	42
35212	42
35213	42
35214	42
35215	42
35216	42
35217	42
35218	42
35219	42
35220	42
35221	42
35222	42
35223	42
35224	42
35225	42
35226	42
35227	42
35228	42
35229	42
35230	42
35231	42
35232	42
35233	42
35234	42
35235	42
35236	42
35237	42
35238	42
35239	42
35240	42
35241	42
35242	42
35243	42
35244	42
35245	42
35246	42
35247	42
35248	42
35249	42
35250	42
35251	42
35252	42
35253	42
35254	42
35255	42
35256	42
35257	42
35258	42
35259	42
35260	42
35261	42
35262	42
35263	42
35264	42
35265	42
35266	42
35267	42
35268	42
35269	42
35270	42
35271	42
35272	42
35273	42
35274	42
35275	42
35276	42
35277	42
35278	42
35279	42
35280	42
35281	42
35282	42
35283	42
35284	42
35285	42
35286	42
35287	42
35288	42
35289	42
35290	42
35291	42
35292	42
35293	42
35294	42
35295	42
35296	42
35297	42
35298	42
35299	42
35300	42
35301	42
35302	42
35303	42
35304	42
35305	42
35306	42
35307	42
35308	42
35309	42
35310	42
35311	42
35312	42
35313	42
35314	42
35315	42
35316	42
35317	42
35318	42
35319	42
35320	42
35321	42
35322	42
35323	42
35324	42
35325	42
35326	42
35327	42
35328	42
35329	42
35330	42
35331	42
35332	42
35333	42
35334	42
35335	42
35336	42
35337	42
35338	42
35339	42
35340	42
35341	42
35342	42
35343	42
35344	42
35345	42
35346	42
35347	42
35348	42
35349	42
35350	42
35351	42
35352	42
35353	42
35354	42
35355	42
35356	42
35357	42
35358	42
35359	42
35360	42
35361	42
35362	42
35363	42
35364	42
35365	42
35366	42
35367	42
35368	42
35369	42
35370	42
35371	42
35372	42
35373	42
35374	42
35375	42
35376	42
35377	42
35378	42
35379	42
35380	42
35381	42
35382	42
35383	42
35384	42
35385	42
35386	42
35387	42
35388	42
35389	42
35390	42
35391	42
35392	42
35393	42
35394	42
35395	42
35396	42
35397	42
35398	42
35399	42
35400	42
35401	42
35402	42
35403	42
35404	42
35405	42
35406	42
35407	42
35408	42
35409	42
35410	42
35411	42
35412	42
35413	42
35414	42
35415	42
35416	42
35417	42
35418	42
35419	42
35420	42
35421	42
35422	42
35423	42
35424	42
35425	42
35426	42
35427	42
35428	42
35429	42
35430	42
35431	42
35432	42
35433	42
35434	42
35435	42
35436	42
35437	42
35438	42
35439	42
35440	42
35441	42
35442	42
35443	42
35444	42
35445	42
35446	42
35447	42
35448	42
35449	42
35450	42
35451	42
35452	42
35453	42
35454	42
35455	42
35456	42
35457	42
35458	42
35459	42
35460	42
35461	42
35462	42
35463	42
35464	42
35465	42
35466	42
35467	42
35468	42
35469	42
35470	42
35471	42
35472	42
35473	42
35474	42
35475	42
35476	42
35477	42
35478	42
35479	42
35480	42
35481	42
35482	42
35483	42
35484	42
35485	42
35486	42
35487	42
35488	42
35489	42
35490	42
35491	42
35492	42
35493	42
35494	42
35495	42
35496	42
35497	42
35498	42
35499	42
35500	42
35501	42
35502	42
35503	42
35504	42
35505	42
35506	42
35507	42
35508	42
35509	42
35510	42
35511	42
35512	42
35513	42
35514	42
35515	42
35516	42
35517	42
35518	42
35519	42
35520	42
35521	42
35522	42
35523	42
35524	42
35525	42
35526	42
35527	42
35528	42
35529	42
35530	42
35531	42
35532	42
35533	42
35534	42
35535	42
35536	42
35537	42
35538	42
35539	42
35540	42
35541	42
35542	42
35543	42
35544	42
35545	42
35546	42
35547	42
35548	42
35549	42
35550	42
35551	42
35552	42
35553	42
35554	42
35555	42
35556	42
35557	42
35558	42
35559	42
35560	42
35561	42
35562	42
35563	42
35564	42
35565	42
35566	42
35567	42
35568	42
35569	42
35570	42
35571	42
35572	42
35573	42
35574	42
35575	42
35576	42
35577	42
35578	42
35579	42
35580	42
35581	42
35582	42
35583	42
35584	42
35585	42
35586	42
35587	42
35588	42
35589	42
35590	42
35591	42
35592	42
35593	42
35594	42
35595	42
35596	42
35597	42
35598	42
35599	42
35600	42
35601	42
35602	42
35603	42
35604	42
35605	42
35606	42
35607	42
35608	42
35609	42
35610	42
35611	42
35612	42
35613	42
35614	42
35615	42
35616	42
35617	42
35618	42
35619	42
35620	42
35621	42
35622	42
35623	42
35624	42
35625	42
35626	42
35627	42
35628	42
35629	42
35630	42
35631	42
35632	42
35633	42
35634	42
35635	42
35636	42
35637	42
35638	42
35639	42
35640	42
35641	42
35642	42
35643	42
35644	42
35645	42
35646	42
35647	42
35648	42
35649	42
35650	42
35651	42
35652	42
35653	42
35654	42
35655	42
35656	42
35657	42
35658	42
35659	42
35660	42
35661	42
35662	42
35663	42
35664	42
35665	42
35666	42
35667	42
35668	42
35669	42
35670	42
35671	42
35672	42
35673	42
35674	42
35675	42
35676	42
35677	42
35678	42
35679	42
35680	42
35681	42
35682	42
35683	42
35684	42
35685	42
35686	42
35687	42
35688	42
35689	42
35690	42
35691	42
35692	42
35693	42
35694	42
35695	42
35696	42
35697	42
35698	42
35699	42
35700	42
35701	42
35702	42
35703	42
35704	42
35705	42
35706	42
35707	42
35708	42
35709	42
35710	42
35711	42
35712	42
35713	42
35714	42
35715	42
35716	42
35717	42
35718	42
35719	42
35720	42
35721	42
35722	42
35723	42
35724	42
35725	42
35726	42
35727	42
35728	42
35729	42
35730	42
35731	42
35732	42
35733	42
35734	42
35735	42
35736	42
35737	42
35738	42
35739	42
35740	42
35741	42
35742	42
35743	42
35744	42
35745	42
35746	42
35747	42
35748	42
35749	42
35750	42
35751	42
35752	42
35753	42
35754	42
35755	42
35756	42
35757	42
35758	42
35759	42
35760	42
35761	42
35762	42
35763	42
35764	42
35765	42
35766	42
35767	42
35768	42
35769	42
35770	42
35771	42
35772	42
35773	42
35774	42
35775	42
35776	42
35777	42
35778	42
35779	42
35780	42
35781	42
35782	42
35783	42
35784	42
35785	42
35786	42
35787	42
35788	42
35789	42
35790	42
35791	42
35792	42
35793	42
35794	42
35795	42
35796	42
35797	42
35798	42
35799	42
35800	42
35801	42
35802	42
35803	42
35804	42
35805	42
35806	42
35807	42
35808	42
35809	42
35810	42
35811	42
35812	42
35813	42
35814	42
35815	42
35816	42
35817	42
35818	42
35819	43
35820	43
35821	43
35822	43
35823	43
35824	43
35825	43
35826	43
35827	43
35828	43
35829	43
35830	43
35831	43
35832	43
35833	43
35834	43
35835	43
35836	43
35837	43
35838	43
35839	43
35840	43
35841	43
35842	43
35843	43
35844	43
35845	43
35846	43
35847	43
35848	43
35849	43
35850	43
35851	43
35852	43
35853	43
35854	43
35855	43
35856	43
35857	43
35858	43
35859	43
35860	43
35861	43
35862	43
35863	43
35864	43
35865	43
35866	43
35867	43
35868	43
35869	43
35870	43
35871	43
35872	43
35873	43
35874	43
35875	43
35876	43
35877	43
35878	43
35879	43
35880	43
35881	43
35882	43
35883	43
35884	43
35885	43
35886	43
35887	43
35888	43
35889	43
35890	43
35891	43
35892	43
35893	43
35894	43
35895	43
35896	43
35897	43
35898	43
35899	43
35900	43
35901	43
35902	43
35903	43
35904	43
35905	43
35906	43
35907	43
35908	43
35909	43
35910	43
35911	43
35912	43
35913	43
35914	43
35915	43
35916	43
35917	43
35918	43
35919	43
35920	43
35921	43
35922	43
35923	43
35924	43
35925	43
35926	43
35927	43
35928	43
35929	43
35930	43
35931	43
35932	43
35933	43
35934	43
35935	43
35936	43
35937	43
35938	43
35939	43
35940	43
35941	43
35942	43
35943	43
35944	43
35945	43
35946	43
35947	43
35948	43
35949	43
35950	43
35951	43
35952	43
35953	43
35954	43
35955	43
35956	43
35957	43
35958	43
35959	43
35960	43
35961	43
35962	43
35963	43
35964	43
35965	43
35966	43
35967	43
35968	43
35969	43
35970	43
35971	43
35972	43
35973	43
35974	43
35975	43
35976	43
35977	43
35978	43
35979	43
35980	43
35981	43
35982	43
35983	43
35984	43
35985	43
35986	43
35987	43
35988	43
35989	43
35990	43
35991	43
35992	43
35993	43
35994	43
35995	43
35996	43
35997	43
35998	43
35999	43
36000	43
36001	43
36002	43
36003	43
36004	43
36005	43
36006	43
36007	43
36008	43
36009	43
36010	43
36011	43
36012	43
36013	43
36014	43
36015	43
36016	43
36017	43
36018	43
36019	43
36020	43
36021	43
36022	43
36023	43
36024	43
36025	43
36026	43
36027	43
36028	43
36029	43
36030	43
36031	43
36032	43
36033	43
36034	43
36035	43
36036	43
36037	43
36038	43
36039	43
36040	43
36041	43
36042	43
36043	43
36044	43
36045	43
36046	43
36047	43
36048	43
36049	43
36050	43
36051	43
36052	43
36053	43
36054	43
36055	43
36056	43
36057	43
36058	43
36059	43
36060	43
36061	43
36062	43
36063	43
36064	43
36065	43
36066	43
36067	43
36068	43
36069	43
36070	43
36071	43
36072	43
36073	43
36074	43
36075	43
36076	43
36077	43
36078	43
36079	43
36080	43
36081	43
36082	43
36083	43
36084	43
36085	43
36086	43
36087	43
36088	43
36089	43
36090	43
36091	43
36092	43
36093	43
36094	43
36095	43
36096	43
36097	43
36098	43
36099	43
36100	43
36101	43
36102	43
36103	43
36104	43
36105	43
36106	43
36107	43
36108	43
36109	43
36110	43
36111	43
36112	43
36113	43
36114	43
36115	43
36116	43
36117	43
36118	43
36119	43
36120	43
36121	43
36122	43
36123	43
36124	43
36125	43
36126	43
36127	43
36128	43
36129	43
36130	43
36131	43
36132	43
36133	43
36134	43
36135	43
36136	43
36137	43
36138	43
36139	43
36140	43
36141	43
36142	43
36143	43
36144	43
36145	43
36146	43
36147	43
36148	43
36149	43
36150	43
36151	43
36152	43
36153	43
36154	43
36155	43
36156	43
36157	43
36158	43
36159	43
36160	43
36161	43
36162	43
36163	43
36164	43
36165	43
36166	43
36167	43
36168	43
36169	43
36170	43
36171	43
36172	43
36173	43
36174	43
36175	43
36176	43
36177	43
36178	43
36179	43
36180	43
36181	43
36182	43
36183	43
36184	43
36185	43
36186	43
36187	43
36188	43
36189	43
36190	43
36191	43
36192	43
36193	43
36194	43
36195	43
36196	43
36197	43
36198	43
36199	43
36200	43
36201	43
36202	43
36203	43
36204	43
36205	43
36206	43
36207	43
36208	43
36209	43
36210	43
36211	43
36212	43
36213	43
36214	43
36215	43
36216	43
36217	43
36218	43
36219	43
36220	43
36221	43
36222	43
36223	43
36224	43
36225	43
36226	43
36227	43
36228	43
36229	43
36230	43
36231	43
36232	43
36233	43
36234	43
36235	43
36236	43
36237	43
36238	43
36239	43
36240	43
36241	43
36242	43
36243	43
36244	43
36245	43
36246	43
36247	43
36248	43
36249	43
36250	43
36251	43
36252	43
36253	43
36254	43
36255	43
36256	43
36257	43
36258	43
36259	43
36260	43
36261	43
36262	43
36263	43
36264	43
36265	43
36266	43
36267	43
36268	43
36269	43
36270	43
36271	43
36272	43
36273	43
36274	43
36275	43
36276	43
36277	43
36278	43
36279	43
36280	43
36281	43
36282	43
36283	43
36284	43
36285	43
36286	43
36287	43
36288	43
36289	43
36290	43
36291	43
36292	43
36293	43
36294	43
36295	43
36296	43
36297	43
36298	43
36299	43
36300	43
36301	43
36302	43
36303	43
36304	43
36305	43
36306	43
36307	43
36308	43
36309	43
36310	43
36311	43
36312	43
36313	43
36314	43
36315	43
36316	43
36317	43
36318	43
36319	43
36320	43
36321	43
36322	43
36323	43
36324	43
36325	43
36326	43
36327	43
36328	43
36329	43
36330	43
36331	43
36332	43
36333	43
36334	43
36335	43
36336	43
36337	43
36338	43
36339	43
36340	43
36341	43
36342	43
36343	43
36344	43
36345	43
36346	43
36347	43
36348	43
36349	43
36350	43
36351	43
36352	43
36353	43
36354	43
36355	43
36356	43
36357	43
36358	43
36359	43
36360	43
36361	43
36362	43
36363	43
36364	43
36365	43
36366	43
36367	43
36368	43
36369	43
36370	43
36371	43
36372	43
36373	43
36374	43
36375	43
36376	43
36377	43
36378	43
36379	43
36380	43
36381	43
36382	43
36383	43
36384	43
36385	43
36386	43
36387	43
36388	43
36389	43
36390	43
36391	43
36392	43
36393	43
36394	43
36395	43
36396	43
36397	43
36398	43
36399	43
36400	43
36401	43
36402	43
36403	43
36404	43
36405	43
36406	43
36407	43
36408	43
36409	43
36410	43
36411	43
36412	43
36413	43
36414	43
36415	43
36416	43
36417	43
36418	43
36419	43
36420	43
36421	43
36422	43
36423	43
36424	43
36425	43
36426	43
36427	43
36428	43
36429	43
36430	43
36431	43
36432	43
36433	43
36434	43
36435	43
36436	43
36437	43
36438	43
36439	43
36440	43
36441	43
36442	43
36443	43
36444	43
36445	43
36446	43
36447	43
36448	43
36449	43
36450	43
36451	43
36452	43
36453	43
36454	43
36455	43
36456	43
36457	43
36458	43
36459	43
36460	43
36461	43
36462	43
36463	43
36464	43
36465	43
36466	43
36467	43
36468	43
36469	43
36470	43
36471	43
36472	43
36473	43
36474	43
36475	43
36476	43
36477	43
36478	43
36479	43
36480	43
36481	43
36482	43
36483	43
36484	43
36485	43
36486	43
36487	43
36488	43
36489	43
36490	43
36491	43
36492	43
36493	43
36494	43
36495	43
36496	43
36497	43
36498	43
36499	43
36500	43
36501	43
36502	43
36503	43
36504	43
36505	43
36506	43
36507	43
36508	43
36509	43
36510	43
36511	43
36512	43
36513	43
36514	43
36515	43
36516	43
36517	43
36518	43
36519	43
36520	43
36521	43
36522	43
36523	43
36524	43
36525	43
36526	43
36527	43
36528	43
36529	43
36530	43
36531	43
36532	43
36533	43
36534	43
36535	43
36536	43
36537	43
36538	43
36539	43
36540	43
36541	43
36542	43
36543	43
36544	43
36545	43
36546	43
36547	43
36548	43
36549	43
36550	43
36551	43
36552	43
36553	43
36554	43
36555	43
36556	43
36557	43
36558	43
36559	43
36560	43
36561	43
36562	43
36563	43
36564	43
36565	43
36566	43
36567	43
36568	43
36569	43
36570	43
36571	43
36572	43
36573	43
36574	43
36575	43
36576	43
36577	43
36578	43
36579	43
36580	43
36581	43
36582	43
36583	43
36584	43
36585	43
36586	43
36587	43
36588	43
36589	43
36590	43
36591	43
36592	43
36593	43
36594	43
36595	43
36596	43
36597	43
36598	43
36599	43
36600	43
36601	43
36602	43
36603	43
36604	43
36605	43
36606	43
36607	43
36608	43
36609	43
36610	43
36611	43
36612	43
36613	43
36614	43
36615	43
36616	43
36617	43
36618	43
36619	43
36620	43
36621	43
36622	43
36623	43
36624	43
36625	43
36626	43
36627	43
36628	43
36629	43
36630	43
36631	43
36632	43
36633	43
36634	43
36635	43
36636	43
36637	43
36638	43
36639	43
36640	43
36641	43
36642	43
36643	43
36644	43
36645	43
36646	43
36647	43
36648	43
36649	43
36650	43
36651	43
36652	44
36653	44
36654	44
36655	44
36656	44
36657	44
36658	44
36659	44
36660	44
36661	44
36662	44
36663	44
36664	44
36665	44
36666	44
36667	44
36668	44
36669	44
36670	44
36671	44
36672	44
36673	44
36674	44
36675	44
36676	44
36677	44
36678	44
36679	44
36680	44
36681	44
36682	44
36683	44
36684	44
36685	44
36686	44
36687	44
36688	44
36689	44
36690	44
36691	44
36692	44
36693	44
36694	44
36695	44
36696	44
36697	44
36698	44
36699	44
36700	44
36701	44
36702	44
36703	44
36704	44
36705	44
36706	44
36707	44
36708	44
36709	44
36710	44
36711	44
36712	44
36713	44
36714	44
36715	44
36716	44
36717	44
36718	44
36719	44
36720	44
36721	44
36722	44
36723	44
36724	44
36725	44
36726	44
36727	44
36728	44
36729	44
36730	44
36731	44
36732	44
36733	44
36734	44
36735	44
36736	44
36737	44
36738	44
36739	44
36740	44
36741	44
36742	44
36743	44
36744	44
36745	44
36746	44
36747	44
36748	44
36749	44
36750	44
36751	44
36752	44
36753	44
36754	44
36755	44
36756	44
36757	44
36758	44
36759	44
36760	44
36761	44
36762	44
36763	44
36764	44
36765	44
36766	44
36767	44
36768	44
36769	44
36770	44
36771	44
36772	44
36773	44
36774	44
36775	44
36776	44
36777	44
36778	44
36779	44
36780	44
36781	44
36782	44
36783	44
36784	44
36785	44
36786	44
36787	44
36788	44
36789	44
36790	44
36791	44
36792	44
36793	44
36794	44
36795	44
36796	44
36797	44
36798	44
36799	44
36800	44
36801	44
36802	44
36803	44
36804	44
36805	44
36806	44
36807	44
36808	44
36809	44
36810	44
36811	44
36812	44
36813	44
36814	44
36815	44
36816	44
36817	44
36818	44
36819	44
36820	44
36821	44
36822	44
36823	44
36824	44
36825	44
36826	44
36827	44
36828	44
36829	44
36830	44
36831	44
36832	44
36833	44
36834	44
36835	44
36836	44
36837	44
36838	44
36839	44
36840	44
36841	44
36842	44
36843	44
36844	44
36845	44
36846	44
36847	44
36848	44
36849	44
36850	44
36851	44
36852	44
36853	44
36854	44
36855	44
36856	44
36857	44
36858	44
36859	44
36860	44
36861	44
36862	44
36863	44
36864	44
36865	44
36866	44
36867	44
36868	44
36869	44
36870	44
36871	44
36872	44
36873	44
36874	44
36875	44
36876	44
36877	44
36878	44
36879	44
36880	44
36881	44
36882	44
36883	44
36884	44
36885	44
36886	44
36887	44
36888	44
36889	44
36890	44
36891	44
36892	44
36893	44
36894	44
36895	44
36896	44
36897	44
36898	44
36899	44
36900	44
36901	44
36902	44
36903	44
36904	44
36905	44
36906	44
36907	44
36908	44
36909	44
36910	44
36911	44
36912	44
36913	44
36914	44
36915	44
36916	44
36917	44
36918	44
36919	44
36920	44
36921	44
36922	44
36923	44
36924	44
36925	44
36926	44
36927	44
36928	44
36929	44
36930	44
36931	44
36932	44
36933	44
36934	44
36935	44
36936	44
36937	44
36938	44
36939	44
36940	44
36941	44
36942	44
36943	44
36944	44
36945	44
36946	44
36947	44
36948	44
36949	44
36950	44
36951	44
36952	44
36953	44
36954	44
36955	44
36956	44
36957	44
36958	44
36959	44
36960	44
36961	44
36962	44
36963	44
36964	44
36965	44
36966	44
36967	44
36968	44
36969	44
36970	44
36971	44
36972	44
36973	44
36974	44
36975	44
36976	44
36977	44
36978	44
36979	44
36980	44
36981	44
36982	44
36983	44
36984	44
36985	44
36986	44
36987	44
36988	44
36989	44
36990	44
36991	44
36992	44
36993	44
36994	44
36995	44
36996	44
36997	44
36998	44
36999	44
37000	44
37001	44
37002	44
37003	44
37004	44
37005	44
37006	44
37007	44
37008	44
37009	44
37010	44
37011	44
37012	44
37013	44
37014	44
37015	44
37016	44
37017	44
37018	44
37019	44
37020	44
37021	44
37022	44
37023	44
37024	44
37025	44
37026	44
37027	44
37028	44
37029	44
37030	44
37031	44
37032	44
37033	44
37034	44
37035	44
37036	44
37037	44
37038	44
37039	44
37040	44
37041	44
37042	44
37043	44
37044	44
37045	44
37046	44
37047	44
37048	44
37049	44
37050	44
37051	44
37052	44
37053	44
37054	44
37055	44
37056	44
37057	44
37058	44
37059	44
37060	44
37061	44
37062	44
37063	44
37064	44
37065	44
37066	44
37067	44
37068	44
37069	44
37070	44
37071	44
37072	44
37073	44
37074	44
37075	44
37076	44
37077	44
37078	44
37079	44
37080	44
37081	44
37082	44
37083	44
37084	44
37085	44
37086	44
37087	44
37088	44
37089	44
37090	44
37091	44
37092	44
37093	44
37094	44
37095	44
37096	44
37097	44
37098	44
37099	44
37100	44
37101	44
37102	44
37103	44
37104	44
37105	44
37106	44
37107	44
37108	44
37109	44
37110	44
37111	44
37112	44
37113	44
37114	44
37115	44
37116	44
37117	44
37118	44
37119	44
37120	44
37121	44
37122	44
37123	44
37124	44
37125	44
37126	44
37127	44
37128	44
37129	44
37130	44
37131	44
37132	44
37133	44
37134	44
37135	44
37136	44
37137	44
37138	44
37139	44
37140	44
37141	44
37142	44
37143	44
37144	44
37145	44
37146	44
37147	44
37148	44
37149	44
37150	44
37151	44
37152	44
37153	44
37154	44
37155	44
37156	44
37157	44
37158	44
37159	44
37160	44
37161	44
37162	44
37163	44
37164	44
37165	44
37166	44
37167	44
37168	44
37169	44
37170	44
37171	44
37172	44
37173	44
37174	44
37175	44
37176	44
37177	44
37178	44
37179	44
37180	44
37181	44
37182	44
37183	44
37184	44
37185	44
37186	44
37187	44
37188	44
37189	44
37190	44
37191	44
37192	44
37193	44
37194	44
37195	44
37196	44
37197	44
37198	44
37199	44
37200	44
37201	44
37202	44
37203	44
37204	44
37205	44
37206	44
37207	44
37208	44
37209	44
37210	44
37211	44
37212	44
37213	44
37214	44
37215	44
37216	44
37217	44
37218	44
37219	44
37220	44
37221	44
37222	44
37223	44
37224	44
37225	44
37226	44
37227	44
37228	44
37229	44
37230	44
37231	44
37232	44
37233	44
37234	44
37235	44
37236	44
37237	44
37238	44
37239	44
37240	44
37241	44
37242	44
37243	44
37244	44
37245	44
37246	44
37247	44
37248	44
37249	44
37250	44
37251	44
37252	44
37253	44
37254	44
37255	44
37256	44
37257	44
37258	44
37259	44
37260	44
37261	44
37262	44
37263	44
37264	44
37265	44
37266	44
37267	44
37268	44
37269	44
37270	44
37271	44
37272	44
37273	44
37274	44
37275	44
37276	44
37277	44
37278	44
37279	44
37280	44
37281	44
37282	44
37283	44
37284	44
37285	44
37286	44
37287	44
37288	44
37289	44
37290	44
37291	44
37292	44
37293	44
37294	44
37295	44
37296	44
37297	44
37298	44
37299	44
37300	44
37301	44
37302	44
37303	44
37304	44
37305	44
37306	44
37307	44
37308	44
37309	44
37310	44
37311	44
37312	44
37313	44
37314	44
37315	44
37316	44
37317	44
37318	44
37319	44
37320	44
37321	44
37322	44
37323	44
37324	44
37325	44
37326	44
37327	44
37328	44
37329	44
37330	44
37331	44
37332	44
37333	44
37334	44
37335	44
37336	44
37337	44
37338	44
37339	44
37340	44
37341	44
37342	44
37343	44
37344	44
37345	44
37346	44
37347	44
37348	44
37349	44
37350	44
37351	44
37352	44
37353	44
37354	44
37355	44
37356	44
37357	44
37358	44
37359	44
37360	44
37361	44
37362	44
37363	44
37364	44
37365	44
37366	44
37367	44
37368	44
37369	44
37370	44
37371	44
37372	44
37373	44
37374	44
37375	44
37376	44
37377	44
37378	44
37379	44
37380	44
37381	44
37382	44
37383	44
37384	44
37385	44
37386	44
37387	44
37388	44
37389	44
37390	44
37391	44
37392	44
37393	44
37394	44
37395	44
37396	44
37397	44
37398	44
37399	44
37400	44
37401	44
37402	44
37403	44
37404	44
37405	44
37406	44
37407	44
37408	44
37409	44
37410	44
37411	44
37412	44
37413	44
37414	44
37415	44
37416	44
37417	44
37418	44
37419	44
37420	44
37421	44
37422	44
37423	44
37424	44
37425	44
37426	44
37427	44
37428	44
37429	44
37430	44
37431	44
37432	44
37433	44
37434	44
37435	44
37436	44
37437	44
37438	44
37439	44
37440	44
37441	44
37442	44
37443	44
37444	44
37445	44
37446	44
37447	44
37448	44
37449	44
37450	44
37451	44
37452	44
37453	44
37454	44
37455	44
37456	44
37457	44
37458	44
37459	44
37460	44
37461	44
37462	44
37463	44
37464	44
37465	44
37466	44
37467	44
37468	44
37469	44
37470	44
37471	44
37472	44
37473	44
37474	44
37475	44
37476	44
37477	44
37478	44
37479	44
37480	44
37481	44
37482	44
37483	44
37484	44
37485	45
37486	45
37487	45
37488	45
37489	45
37490	45
37491	45
37492	45
37493	45
37494	45
37495	45
37496	45
37497	45
37498	45
37499	45
37500	45
37501	45
37502	45
37503	45
37504	45
37505	45
37506	45
37507	45
37508	45
37509	45
37510	45
37511	45
37512	45
37513	45
37514	45
37515	45
37516	45
37517	45
37518	45
37519	45
37520	45
37521	45
37522	45
37523	45
37524	45
37525	45
37526	45
37527	45
37528	45
37529	45
37530	45
37531	45
37532	45
37533	45
37534	45
37535	45
37536	45
37537	45
37538	45
37539	45
37540	45
37541	45
37542	45
37543	45
37544	45
37545	45
37546	45
37547	45
37548	45
37549	45
37550	45
37551	45
37552	45
37553	45
37554	45
37555	45
37556	45
37557	45
37558	45
37559	45
37560	45
37561	45
37562	45
37563	45
37564	45
37565	45
37566	45
37567	45
37568	45
37569	45
37570	45
37571	45
37572	45
37573	45
37574	45
37575	45
37576	45
37577	45
37578	45
37579	45
37580	45
37581	45
37582	45
37583	45
37584	45
37585	45
37586	45
37587	45
37588	45
37589	45
37590	45
37591	45
37592	45
37593	45
37594	45
37595	45
37596	45
37597	45
37598	45
37599	45
37600	45
37601	45
37602	45
37603	45
37604	45
37605	45
37606	45
37607	45
37608	45
37609	45
37610	45
37611	45
37612	45
37613	45
37614	45
37615	45
37616	45
37617	45
37618	45
37619	45
37620	45
37621	45
37622	45
37623	45
37624	45
37625	45
37626	45
37627	45
37628	45
37629	45
37630	45
37631	45
37632	45
37633	45
37634	45
37635	45
37636	45
37637	45
37638	45
37639	45
37640	45
37641	45
37642	45
37643	45
37644	45
37645	45
37646	45
37647	45
37648	45
37649	45
37650	45
37651	45
37652	45
37653	45
37654	45
37655	45
37656	45
37657	45
37658	45
37659	45
37660	45
37661	45
37662	45
37663	45
37664	45
37665	45
37666	45
37667	45
37668	45
37669	45
37670	45
37671	45
37672	45
37673	45
37674	45
37675	45
37676	45
37677	45
37678	45
37679	45
37680	45
37681	45
37682	45
37683	45
37684	45
37685	45
37686	45
37687	45
37688	45
37689	45
37690	45
37691	45
37692	45
37693	45
37694	45
37695	45
37696	45
37697	45
37698	45
37699	45
37700	45
37701	45
37702	45
37703	45
37704	45
37705	45
37706	45
37707	45
37708	45
37709	45
37710	45
37711	45
37712	45
37713	45
37714	45
37715	45
37716	45
37717	45
37718	45
37719	45
37720	45
37721	45
37722	45
37723	45
37724	45
37725	45
37726	45
37727	45
37728	45
37729	45
37730	45
37731	45
37732	45
37733	45
37734	45
37735	45
37736	45
37737	45
37738	45
37739	45
37740	45
37741	45
37742	45
37743	45
37744	45
37745	45
37746	45
37747	45
37748	45
37749	45
37750	45
37751	45
37752	45
37753	45
37754	45
37755	45
37756	45
37757	45
37758	45
37759	45
37760	45
37761	45
37762	45
37763	45
37764	45
37765	45
37766	45
37767	45
37768	45
37769	45
37770	45
37771	45
37772	45
37773	45
37774	45
37775	45
37776	45
37777	45
37778	45
37779	45
37780	45
37781	45
37782	45
37783	45
37784	45
37785	45
37786	45
37787	45
37788	45
37789	45
37790	45
37791	45
37792	45
37793	45
37794	45
37795	45
37796	45
37797	45
37798	45
37799	45
37800	45
37801	45
37802	45
37803	45
37804	45
37805	45
37806	45
37807	45
37808	45
37809	45
37810	45
37811	45
37812	45
37813	45
37814	45
37815	45
37816	45
37817	45
37818	45
37819	45
37820	45
37821	45
37822	45
37823	45
37824	45
37825	45
37826	45
37827	45
37828	45
37829	45
37830	45
37831	45
37832	45
37833	45
37834	45
37835	45
37836	45
37837	45
37838	45
37839	45
37840	45
37841	45
37842	45
37843	45
37844	45
37845	45
37846	45
37847	45
37848	45
37849	45
37850	45
37851	45
37852	45
37853	45
37854	45
37855	45
37856	45
37857	45
37858	45
37859	45
37860	45
37861	45
37862	45
37863	45
37864	45
37865	45
37866	45
37867	45
37868	45
37869	45
37870	45
37871	45
37872	45
37873	45
37874	45
37875	45
37876	45
37877	45
37878	45
37879	45
37880	45
37881	45
37882	45
37883	45
37884	45
37885	45
37886	45
37887	45
37888	45
37889	45
37890	45
37891	45
37892	45
37893	45
37894	45
37895	45
37896	45
37897	45
37898	45
37899	45
37900	45
37901	45
37902	45
37903	45
37904	45
37905	45
37906	45
37907	45
37908	45
37909	45
37910	45
37911	45
37912	45
37913	45
37914	45
37915	45
37916	45
37917	45
37918	45
37919	45
37920	45
37921	45
37922	45
37923	45
37924	45
37925	45
37926	45
37927	45
37928	45
37929	45
37930	45
37931	45
37932	45
37933	45
37934	45
37935	45
37936	45
37937	45
37938	45
37939	45
37940	45
37941	45
37942	45
37943	45
37944	45
37945	45
37946	45
37947	45
37948	45
37949	45
37950	45
37951	45
37952	45
37953	45
37954	45
37955	45
37956	45
37957	45
37958	45
37959	45
37960	45
37961	45
37962	45
37963	45
37964	45
37965	45
37966	45
37967	45
37968	45
37969	45
37970	45
37971	45
37972	45
37973	45
37974	45
37975	45
37976	45
37977	45
37978	45
37979	45
37980	45
37981	45
37982	45
37983	45
37984	45
37985	45
37986	45
37987	45
37988	45
37989	45
37990	45
37991	45
37992	45
37993	45
37994	45
37995	45
37996	45
37997	45
37998	45
37999	45
38000	45
38001	45
38002	45
38003	45
38004	45
38005	45
38006	45
38007	45
38008	45
38009	45
38010	45
38011	45
38012	45
38013	45
38014	45
38015	45
38016	45
38017	45
38018	45
38019	45
38020	45
38021	45
38022	45
38023	45
38024	45
38025	45
38026	45
38027	45
38028	45
38029	45
38030	45
38031	45
38032	45
38033	45
38034	45
38035	45
38036	45
38037	45
38038	45
38039	45
38040	45
38041	45
38042	45
38043	45
38044	45
38045	45
38046	45
38047	45
38048	45
38049	45
38050	45
38051	45
38052	45
38053	45
38054	45
38055	45
38056	45
38057	45
38058	45
38059	45
38060	45
38061	45
38062	45
38063	45
38064	45
38065	45
38066	45
38067	45
38068	45
38069	45
38070	45
38071	45
38072	45
38073	45
38074	45
38075	45
38076	45
38077	45
38078	45
38079	45
38080	45
38081	45
38082	45
38083	45
38084	45
38085	45
38086	45
38087	45
38088	45
38089	45
38090	45
38091	45
38092	45
38093	45
38094	45
38095	45
38096	45
38097	45
38098	45
38099	45
38100	45
38101	45
38102	45
38103	45
38104	45
38105	45
38106	45
38107	45
38108	45
38109	45
38110	45
38111	45
38112	45
38113	45
38114	45
38115	45
38116	45
38117	45
38118	45
38119	45
38120	45
38121	45
38122	45
38123	45
38124	45
38125	45
38126	45
38127	45
38128	45
38129	45
38130	45
38131	45
38132	45
38133	45
38134	45
38135	45
38136	45
38137	45
38138	45
38139	45
38140	45
38141	45
38142	45
38143	45
38144	45
38145	45
38146	45
38147	45
38148	45
38149	45
38150	45
38151	45
38152	45
38153	45
38154	45
38155	45
38156	45
38157	45
38158	45
38159	45
38160	45
38161	45
38162	45
38163	45
38164	45
38165	45
38166	45
38167	45
38168	45
38169	45
38170	45
38171	45
38172	45
38173	45
38174	45
38175	45
38176	45
38177	45
38178	45
38179	45
38180	45
38181	45
38182	45
38183	45
38184	45
38185	45
38186	45
38187	45
38188	45
38189	45
38190	45
38191	45
38192	45
38193	45
38194	45
38195	45
38196	45
38197	45
38198	45
38199	45
38200	45
38201	45
38202	45
38203	45
38204	45
38205	45
38206	45
38207	45
38208	45
38209	45
38210	45
38211	45
38212	45
38213	45
38214	45
38215	45
38216	45
38217	45
38218	45
38219	45
38220	45
38221	45
38222	45
38223	45
38224	45
38225	45
38226	45
38227	45
38228	45
38229	45
38230	45
38231	45
38232	45
38233	45
38234	45
38235	45
38236	45
38237	45
38238	45
38239	45
38240	45
38241	45
38242	45
38243	45
38244	45
38245	45
38246	45
38247	45
38248	45
38249	45
38250	45
38251	45
38252	45
38253	45
38254	45
38255	45
38256	45
38257	45
38258	45
38259	45
38260	45
38261	45
38262	45
38263	45
38264	45
38265	45
38266	45
38267	45
38268	45
38269	45
38270	45
38271	45
38272	45
38273	45
38274	45
38275	45
38276	45
38277	45
38278	45
38279	45
38280	45
38281	45
38282	45
38283	45
38284	45
38285	45
38286	45
38287	45
38288	45
38289	45
38290	45
38291	45
38292	45
38293	45
38294	45
38295	45
38296	45
38297	45
38298	45
38299	45
38300	45
38301	45
38302	45
38303	45
38304	45
38305	45
38306	45
38307	45
38308	45
38309	45
38310	45
38311	45
38312	45
38313	45
38314	45
38315	45
38316	45
38317	45
38318	46
38319	46
38320	46
38321	46
38322	46
38323	46
38324	46
38325	46
38326	46
38327	46
38328	46
38329	46
38330	46
38331	46
38332	46
38333	46
38334	46
38335	46
38336	46
38337	46
38338	46
38339	46
38340	46
38341	46
38342	46
38343	46
38344	46
38345	46
38346	46
38347	46
38348	46
38349	46
38350	46
38351	46
38352	46
38353	46
38354	46
38355	46
38356	46
38357	46
38358	46
38359	46
38360	46
38361	46
38362	46
38363	46
38364	46
38365	46
38366	46
38367	46
38368	46
38369	46
38370	46
38371	46
38372	46
38373	46
38374	46
38375	46
38376	46
38377	46
38378	46
38379	46
38380	46
38381	46
38382	46
38383	46
38384	46
38385	46
38386	46
38387	46
38388	46
38389	46
38390	46
38391	46
38392	46
38393	46
38394	46
38395	46
38396	46
38397	46
38398	46
38399	46
38400	46
38401	46
38402	46
38403	46
38404	46
38405	46
38406	46
38407	46
38408	46
38409	46
38410	46
38411	46
38412	46
38413	46
38414	46
38415	46
38416	46
38417	46
38418	46
38419	46
38420	46
38421	46
38422	46
38423	46
38424	46
38425	46
38426	46
38427	46
38428	46
38429	46
38430	46
38431	46
38432	46
38433	46
38434	46
38435	46
38436	46
38437	46
38438	46
38439	46
38440	46
38441	46
38442	46
38443	46
38444	46
38445	46
38446	46
38447	46
38448	46
38449	46
38450	46
38451	46
38452	46
38453	46
38454	46
38455	46
38456	46
38457	46
38458	46
38459	46
38460	46
38461	46
38462	46
38463	46
38464	46
38465	46
38466	46
38467	46
38468	46
38469	46
38470	46
38471	46
38472	46
38473	46
38474	46
38475	46
38476	46
38477	46
38478	46
38479	46
38480	46
38481	46
38482	46
38483	46
38484	46
38485	46
38486	46
38487	46
38488	46
38489	46
38490	46
38491	46
38492	46
38493	46
38494	46
38495	46
38496	46
38497	46
38498	46
38499	46
38500	46
38501	46
38502	46
38503	46
38504	46
38505	46
38506	46
38507	46
38508	46
38509	46
38510	46
38511	46
38512	46
38513	46
38514	46
38515	46
38516	46
38517	46
38518	46
38519	46
38520	46
38521	46
38522	46
38523	46
38524	46
38525	46
38526	46
38527	46
38528	46
38529	46
38530	46
38531	46
38532	46
38533	46
38534	46
38535	46
38536	46
38537	46
38538	46
38539	46
38540	46
38541	46
38542	46
38543	46
38544	46
38545	46
38546	46
38547	46
38548	46
38549	46
38550	46
38551	46
38552	46
38553	46
38554	46
38555	46
38556	46
38557	46
38558	46
38559	46
38560	46
38561	46
38562	46
38563	46
38564	46
38565	46
38566	46
38567	46
38568	46
38569	46
38570	46
38571	46
38572	46
38573	46
38574	46
38575	46
38576	46
38577	46
38578	46
38579	46
38580	46
38581	46
38582	46
38583	46
38584	46
38585	46
38586	46
38587	46
38588	46
38589	46
38590	46
38591	46
38592	46
38593	46
38594	46
38595	46
38596	46
38597	46
38598	46
38599	46
38600	46
38601	46
38602	46
38603	46
38604	46
38605	46
38606	46
38607	46
38608	46
38609	46
38610	46
38611	46
38612	46
38613	46
38614	46
38615	46
38616	46
38617	46
38618	46
38619	46
38620	46
38621	46
38622	46
38623	46
38624	46
38625	46
38626	46
38627	46
38628	46
38629	46
38630	46
38631	46
38632	46
38633	46
38634	46
38635	46
38636	46
38637	46
38638	46
38639	46
38640	46
38641	46
38642	46
38643	46
38644	46
38645	46
38646	46
38647	46
38648	46
38649	46
38650	46
38651	46
38652	46
38653	46
38654	46
38655	46
38656	46
38657	46
38658	46
38659	46
38660	46
38661	46
38662	46
38663	46
38664	46
38665	46
38666	46
38667	46
38668	46
38669	46
38670	46
38671	46
38672	46
38673	46
38674	46
38675	46
38676	46
38677	46
38678	46
38679	46
38680	46
38681	46
38682	46
38683	46
38684	46
38685	46
38686	46
38687	46
38688	46
38689	46
38690	46
38691	46
38692	46
38693	46
38694	46
38695	46
38696	46
38697	46
38698	46
38699	46
38700	46
38701	46
38702	46
38703	46
38704	46
38705	46
38706	46
38707	46
38708	46
38709	46
38710	46
38711	46
38712	46
38713	46
38714	46
38715	46
38716	46
38717	46
38718	46
38719	46
38720	46
38721	46
38722	46
38723	46
38724	46
38725	46
38726	46
38727	46
38728	46
38729	46
38730	46
38731	46
38732	46
38733	46
38734	46
38735	46
38736	46
38737	46
38738	46
38739	46
38740	46
38741	46
38742	46
38743	46
38744	46
38745	46
38746	46
38747	46
38748	46
38749	46
38750	46
38751	46
38752	46
38753	46
38754	46
38755	46
38756	46
38757	46
38758	46
38759	46
38760	46
38761	46
38762	46
38763	46
38764	46
38765	46
38766	46
38767	46
38768	46
38769	46
38770	46
38771	46
38772	46
38773	46
38774	46
38775	46
38776	46
38777	46
38778	46
38779	46
38780	46
38781	46
38782	46
38783	46
38784	46
38785	46
38786	46
38787	46
38788	46
38789	46
38790	46
38791	46
38792	46
38793	46
38794	46
38795	46
38796	46
38797	46
38798	46
38799	46
38800	46
38801	46
38802	46
38803	46
38804	46
38805	46
38806	46
38807	46
38808	46
38809	46
38810	46
38811	46
38812	46
38813	46
38814	46
38815	46
38816	46
38817	46
38818	46
38819	46
38820	46
38821	46
38822	46
38823	46
38824	46
38825	46
38826	46
38827	46
38828	46
38829	46
38830	46
38831	46
38832	46
38833	46
38834	46
38835	46
38836	46
38837	46
38838	46
38839	46
38840	46
38841	46
38842	46
38843	46
38844	46
38845	46
38846	46
38847	46
38848	46
38849	46
38850	46
38851	46
38852	46
38853	46
38854	46
38855	46
38856	46
38857	46
38858	46
38859	46
38860	46
38861	46
38862	46
38863	46
38864	46
38865	46
38866	46
38867	46
38868	46
38869	46
38870	46
38871	46
38872	46
38873	46
38874	46
38875	46
38876	46
38877	46
38878	46
38879	46
38880	46
38881	46
38882	46
38883	46
38884	46
38885	46
38886	46
38887	46
38888	46
38889	46
38890	46
38891	46
38892	46
38893	46
38894	46
38895	46
38896	46
38897	46
38898	46
38899	46
38900	46
38901	46
38902	46
38903	46
38904	46
38905	46
38906	46
38907	46
38908	46
38909	46
38910	46
38911	46
38912	46
38913	46
38914	46
38915	46
38916	46
38917	46
38918	46
38919	46
38920	46
38921	46
38922	46
38923	46
38924	46
38925	46
38926	46
38927	46
38928	46
38929	46
38930	46
38931	46
38932	46
38933	46
38934	46
38935	46
38936	46
38937	46
38938	46
38939	46
38940	46
38941	46
38942	46
38943	46
38944	46
38945	46
38946	46
38947	46
38948	46
38949	46
38950	46
38951	46
38952	46
38953	46
38954	46
38955	46
38956	46
38957	46
38958	46
38959	46
38960	46
38961	46
38962	46
38963	46
38964	46
38965	46
38966	46
38967	46
38968	46
38969	46
38970	46
38971	46
38972	46
38973	46
38974	46
38975	46
38976	46
38977	46
38978	46
38979	46
38980	46
38981	46
38982	46
38983	46
38984	46
38985	46
38986	46
38987	46
38988	46
38989	46
38990	46
38991	46
38992	46
38993	46
38994	46
38995	46
38996	46
38997	46
38998	46
38999	46
39000	46
39001	46
39002	46
39003	46
39004	46
39005	46
39006	46
39007	46
39008	46
39009	46
39010	46
39011	46
39012	46
39013	46
39014	46
39015	46
39016	46
39017	46
39018	46
39019	46
39020	46
39021	46
39022	46
39023	46
39024	46
39025	46
39026	46
39027	46
39028	46
39029	46
39030	46
39031	46
39032	46
39033	46
39034	46
39035	46
39036	46
39037	46
39038	46
39039	46
39040	46
39041	46
39042	46
39043	46
39044	46
39045	46
39046	46
39047	46
39048	46
39049	46
39050	46
39051	46
39052	46
39053	46
39054	46
39055	46
39056	46
39057	46
39058	46
39059	46
39060	46
39061	46
39062	46
39063	46
39064	46
39065	46
39066	46
39067	46
39068	46
39069	46
39070	46
39071	46
39072	46
39073	46
39074	46
39075	46
39076	46
39077	46
39078	46
39079	46
39080	46
39081	46
39082	46
39083	46
39084	46
39085	46
39086	46
39087	46
39088	46
39089	46
39090	46
39091	46
39092	46
39093	46
39094	46
39095	46
39096	46
39097	46
39098	46
39099	46
39100	46
39101	46
39102	46
39103	46
39104	46
39105	46
39106	46
39107	46
39108	46
39109	46
39110	46
39111	46
39112	46
39113	46
39114	46
39115	46
39116	46
39117	46
39118	46
39119	46
39120	46
39121	46
39122	46
39123	46
39124	46
39125	46
39126	46
39127	46
39128	46
39129	46
39130	46
39131	46
39132	46
39133	46
39134	46
39135	46
39136	46
39137	46
39138	46
39139	46
39140	46
39141	46
39142	46
39143	46
39144	46
39145	46
39146	46
39147	46
39148	46
39149	46
39150	46
39151	47
39152	47
39153	47
39154	47
39155	47
39156	47
39157	47
39158	47
39159	47
39160	47
39161	47
39162	47
39163	47
39164	47
39165	47
39166	47
39167	47
39168	47
39169	47
39170	47
39171	47
39172	47
39173	47
39174	47
39175	47
39176	47
39177	47
39178	47
39179	47
39180	47
39181	47
39182	47
39183	47
39184	47
39185	47
39186	47
39187	47
39188	47
39189	47
39190	47
39191	47
39192	47
39193	47
39194	47
39195	47
39196	47
39197	47
39198	47
39199	47
39200	47
39201	47
39202	47
39203	47
39204	47
39205	47
39206	47
39207	47
39208	47
39209	47
39210	47
39211	47
39212	47
39213	47
39214	47
39215	47
39216	47
39217	47
39218	47
39219	47
39220	47
39221	47
39222	47
39223	47
39224	47
39225	47
39226	47
39227	47
39228	47
39229	47
39230	47
39231	47
39232	47
39233	47
39234	47
39235	47
39236	47
39237	47
39238	47
39239	47
39240	47
39241	47
39242	47
39243	47
39244	47
39245	47
39246	47
39247	47
39248	47
39249	47
39250	47
39251	47
39252	47
39253	47
39254	47
39255	47
39256	47
39257	47
39258	47
39259	47
39260	47
39261	47
39262	47
39263	47
39264	47
39265	47
39266	47
39267	47
39268	47
39269	47
39270	47
39271	47
39272	47
39273	47
39274	47
39275	47
39276	47
39277	47
39278	47
39279	47
39280	47
39281	47
39282	47
39283	47
39284	47
39285	47
39286	47
39287	47
39288	47
39289	47
39290	47
39291	47
39292	47
39293	47
39294	47
39295	47
39296	47
39297	47
39298	47
39299	47
39300	47
39301	47
39302	47
39303	47
39304	47
39305	47
39306	47
39307	47
39308	47
39309	47
39310	47
39311	47
39312	47
39313	47
39314	47
39315	47
39316	47
39317	47
39318	47
39319	47
39320	47
39321	47
39322	47
39323	47
39324	47
39325	47
39326	47
39327	47
39328	47
39329	47
39330	47
39331	47
39332	47
39333	47
39334	47
39335	47
39336	47
39337	47
39338	47
39339	47
39340	47
39341	47
39342	47
39343	47
39344	47
39345	47
39346	47
39347	47
39348	47
39349	47
39350	47
39351	47
39352	47
39353	47
39354	47
39355	47
39356	47
39357	47
39358	47
39359	47
39360	47
39361	47
39362	47
39363	47
39364	47
39365	47
39366	47
39367	47
39368	47
39369	47
39370	47
39371	47
39372	47
39373	47
39374	47
39375	47
39376	47
39377	47
39378	47
39379	47
39380	47
39381	47
39382	47
39383	47
39384	47
39385	47
39386	47
39387	47
39388	47
39389	47
39390	47
39391	47
39392	47
39393	47
39394	47
39395	47
39396	47
39397	47
39398	47
39399	47
39400	47
39401	47
39402	47
39403	47
39404	47
39405	47
39406	47
39407	47
39408	47
39409	47
39410	47
39411	47
39412	47
39413	47
39414	47
39415	47
39416	47
39417	47
39418	47
39419	47
39420	47
39421	47
39422	47
39423	47
39424	47
39425	47
39426	47
39427	47
39428	47
39429	47
39430	47
39431	47
39432	47
39433	47
39434	47
39435	47
39436	47
39437	47
39438	47
39439	47
39440	47
39441	47
39442	47
39443	47
39444	47
39445	47
39446	47
39447	47
39448	47
39449	47
39450	47
39451	47
39452	47
39453	47
39454	47
39455	47
39456	47
39457	47
39458	47
39459	47
39460	47
39461	47
39462	47
39463	47
39464	47
39465	47
39466	47
39467	47
39468	47
39469	47
39470	47
39471	47
39472	47
39473	47
39474	47
39475	47
39476	47
39477	47
39478	47
39479	47
39480	47
39481	47
39482	47
39483	47
39484	47
39485	47
39486	47
39487	47
39488	47
39489	47
39490	47
39491	47
39492	47
39493	47
39494	47
39495	47
39496	47
39497	47
39498	47
39499	47
39500	47
39501	47
39502	47
39503	47
39504	47
39505	47
39506	47
39507	47
39508	47
39509	47
39510	47
39511	47
39512	47
39513	47
39514	47
39515	47
39516	47
39517	47
39518	47
39519	47
39520	47
39521	47
39522	47
39523	47
39524	47
39525	47
39526	47
39527	47
39528	47
39529	47
39530	47
39531	47
39532	47
39533	47
39534	47
39535	47
39536	47
39537	47
39538	47
39539	47
39540	47
39541	47
39542	47
39543	47
39544	47
39545	47
39546	47
39547	47
39548	47
39549	47
39550	47
39551	47
39552	47
39553	47
39554	47
39555	47
39556	47
39557	47
39558	47
39559	47
39560	47
39561	47
39562	47
39563	47
39564	47
39565	47
39566	47
39567	47
39568	47
39569	47
39570	47
39571	47
39572	47
39573	47
39574	47
39575	47
39576	47
39577	47
39578	47
39579	47
39580	47
39581	47
39582	47
39583	47
39584	47
39585	47
39586	47
39587	47
39588	47
39589	47
39590	47
39591	47
39592	47
39593	47
39594	47
39595	47
39596	47
39597	47
39598	47
39599	47
39600	47
39601	47
39602	47
39603	47
39604	47
39605	47
39606	47
39607	47
39608	47
39609	47
39610	47
39611	47
39612	47
39613	47
39614	47
39615	47
39616	47
39617	47
39618	47
39619	47
39620	47
39621	47
39622	47
39623	47
39624	47
39625	47
39626	47
39627	47
39628	47
39629	47
39630	47
39631	47
39632	47
39633	47
39634	47
39635	47
39636	47
39637	47
39638	47
39639	47
39640	47
39641	47
39642	47
39643	47
39644	47
39645	47
39646	47
39647	47
39648	47
39649	47
39650	47
39651	47
39652	47
39653	47
39654	47
39655	47
39656	47
39657	47
39658	47
39659	47
39660	47
39661	47
39662	47
39663	47
39664	47
39665	47
39666	47
39667	47
39668	47
39669	47
39670	47
39671	47
39672	47
39673	47
39674	47
39675	47
39676	47
39677	47
39678	47
39679	47
39680	47
39681	47
39682	47
39683	47
39684	47
39685	47
39686	47
39687	47
39688	47
39689	47
39690	47
39691	47
39692	47
39693	47
39694	47
39695	47
39696	47
39697	47
39698	47
39699	47
39700	47
39701	47
39702	47
39703	47
39704	47
39705	47
39706	47
39707	47
39708	47
39709	47
39710	47
39711	47
39712	47
39713	47
39714	47
39715	47
39716	47
39717	47
39718	47
39719	47
39720	47
39721	47
39722	47
39723	47
39724	47
39725	47
39726	47
39727	47
39728	47
39729	47
39730	47
39731	47
39732	47
39733	47
39734	47
39735	47
39736	47
39737	47
39738	47
39739	47
39740	47
39741	47
39742	47
39743	47
39744	47
39745	47
39746	47
39747	47
39748	47
39749	47
39750	47
39751	47
39752	47
39753	47
39754	47
39755	47
39756	47
39757	47
39758	47
39759	47
39760	47
39761	47
39762	47
39763	47
39764	47
39765	47
39766	47
39767	47
39768	47
39769	47
39770	47
39771	47
39772	47
39773	47
39774	47
39775	47
39776	47
39777	47
39778	47
39779	47
39780	47
39781	47
39782	47
39783	47
39784	47
39785	47
39786	47
39787	47
39788	47
39789	47
39790	47
39791	47
39792	47
39793	47
39794	47
39795	47
39796	47
39797	47
39798	47
39799	47
39800	47
39801	47
39802	47
39803	47
39804	47
39805	47
39806	47
39807	47
39808	47
39809	47
39810	47
39811	47
39812	47
39813	47
39814	47
39815	47
39816	47
39817	47
39818	47
39819	47
39820	47
39821	47
39822	47
39823	47
39824	47
39825	47
39826	47
39827	47
39828	47
39829	47
39830	47
39831	47
39832	47
39833	47
39834	47
39835	47
39836	47
39837	47
39838	47
39839	47
39840	47
39841	47
39842	47
39843	47
39844	47
39845	47
39846	47
39847	47
39848	47
39849	47
39850	47
39851	47
39852	47
39853	47
39854	47
39855	47
39856	47
39857	47
39858	47
39859	47
39860	47
39861	47
39862	47
39863	47
39864	47
39865	47
39866	47
39867	47
39868	47
39869	47
39870	47
39871	47
39872	47
39873	47
39874	47
39875	47
39876	47
39877	47
39878	47
39879	47
39880	47
39881	47
39882	47
39883	47
39884	47
39885	47
39886	47
39887	47
39888	47
39889	47
39890	47
39891	47
39892	47
39893	47
39894	47
39895	47
39896	47
39897	47
39898	47
39899	47
39900	47
39901	47
39902	47
39903	47
39904	47
39905	47
39906	47
39907	47
39908	47
39909	47
39910	47
39911	47
39912	47
39913	47
39914	47
39915	47
39916	47
39917	47
39918	47
39919	47
39920	47
39921	47
39922	47
39923	47
39924	47
39925	47
39926	47
39927	47
39928	47
39929	47
39930	47
39931	47
39932	47
39933	47
39934	47
39935	47
39936	47
39937	47
39938	47
39939	47
39940	47
39941	47
39942	47
39943	47
39944	47
39945	47
39946	47
39947	47
39948	47
39949	47
39950	47
39951	47
39952	47
39953	47
39954	47
39955	47
39956	47
39957	47
39958	47
39959	47
39960	47
39961	47
39962	47
39963	47
39964	47
39965	47
39966	47
39967	47
39968	47
39969	47
39970	47
39971	47
39972	47
39973	47
39974	47
39975	47
39976	47
39977	47
39978	47
39979	47
39980	47
39981	47
39982	47
39983	47
39984	48
39985	48
39986	48
39987	48
39988	48
39989	48
39990	48
39991	48
39992	48
39993	48
39994	48
39995	48
39996	48
39997	48
39998	48
39999	48
40000	48
40001	48
40002	48
40003	48
40004	48
40005	48
40006	48
40007	48
40008	48
40009	48
40010	48
40011	48
40012	48
40013	48
40014	48
40015	48
40016	48
40017	48
40018	48
40019	48
40020	48
40021	48
40022	48
40023	48
40024	48
40025	48
40026	48
40027	48
40028	48
40029	48
40030	48
40031	48
40032	48
40033	48
40034	48
40035	48
40036	48
40037	48
40038	48
40039	48
40040	48
40041	48
40042	48
40043	48
40044	48
40045	48
40046	48
40047	48
40048	48
40049	48
40050	48
40051	48
40052	48
40053	48
40054	48
40055	48
40056	48
40057	48
40058	48
40059	48
40060	48
40061	48
40062	48
40063	48
40064	48
40065	48
40066	48
40067	48
40068	48
40069	48
40070	48
40071	48
40072	48
40073	48
40074	48
40075	48
40076	48
40077	48
40078	48
40079	48
40080	48
40081	48
40082	48
40083	48
40084	48
40085	48
40086	48
40087	48
40088	48
40089	48
40090	48
40091	48
40092	48
40093	48
40094	48
40095	48
40096	48
40097	48
40098	48
40099	48
40100	48
40101	48
40102	48
40103	48
40104	48
40105	48
40106	48
40107	48
40108	48
40109	48
40110	48
40111	48
40112	48
40113	48
40114	48
40115	48
40116	48
40117	48
40118	48
40119	48
40120	48
40121	48
40122	48
40123	48
40124	48
40125	48
40126	48
40127	48
40128	48
40129	48
40130	48
40131	48
40132	48
40133	48
40134	48
40135	48
40136	48
40137	48
40138	48
40139	48
40140	48
40141	48
40142	48
40143	48
40144	48
40145	48
40146	48
40147	48
40148	48
40149	48
40150	48
40151	48
40152	48
40153	48
40154	48
40155	48
40156	48
40157	48
40158	48
40159	48
40160	48
40161	48
40162	48
40163	48
40164	48
40165	48
40166	48
40167	48
40168	48
40169	48
40170	48
40171	48
40172	48
40173	48
40174	48
40175	48
40176	48
40177	48
40178	48
40179	48
40180	48
40181	48
40182	48
40183	48
40184	48
40185	48
40186	48
40187	48
40188	48
40189	48
40190	48
40191	48
40192	48
40193	48
40194	48
40195	48
40196	48
40197	48
40198	48
40199	48
40200	48
40201	48
40202	48
40203	48
40204	48
40205	48
40206	48
40207	48
40208	48
40209	48
40210	48
40211	48
40212	48
40213	48
40214	48
40215	48
40216	48
40217	48
40218	48
40219	48
40220	48
40221	48
40222	48
40223	48
40224	48
40225	48
40226	48
40227	48
40228	48
40229	48
40230	48
40231	48
40232	48
40233	48
40234	48
40235	48
40236	48
40237	48
40238	48
40239	48
40240	48
40241	48
40242	48
40243	48
40244	48
40245	48
40246	48
40247	48
40248	48
40249	48
40250	48
40251	48
40252	48
40253	48
40254	48
40255	48
40256	48
40257	48
40258	48
40259	48
40260	48
40261	48
40262	48
40263	48
40264	48
40265	48
40266	48
40267	48
40268	48
40269	48
40270	48
40271	48
40272	48
40273	48
40274	48
40275	48
40276	48
40277	48
40278	48
40279	48
40280	48
40281	48
40282	48
40283	48
40284	48
40285	48
40286	48
40287	48
40288	48
40289	48
40290	48
40291	48
40292	48
40293	48
40294	48
40295	48
40296	48
40297	48
40298	48
40299	48
40300	48
40301	48
40302	48
40303	48
40304	48
40305	48
40306	48
40307	48
40308	48
40309	48
40310	48
40311	48
40312	48
40313	48
40314	48
40315	48
40316	48
40317	48
40318	48
40319	48
40320	48
40321	48
40322	48
40323	48
40324	48
40325	48
40326	48
40327	48
40328	48
40329	48
40330	48
40331	48
40332	48
40333	48
40334	48
40335	48
40336	48
40337	48
40338	48
40339	48
40340	48
40341	48
40342	48
40343	48
40344	48
40345	48
40346	48
40347	48
40348	48
40349	48
40350	48
40351	48
40352	48
40353	48
40354	48
40355	48
40356	48
40357	48
40358	48
40359	48
40360	48
40361	48
40362	48
40363	48
40364	48
40365	48
40366	48
40367	48
40368	48
40369	48
40370	48
40371	48
40372	48
40373	48
40374	48
40375	48
40376	48
40377	48
40378	48
40379	48
40380	48
40381	48
40382	48
40383	48
40384	48
40385	48
40386	48
40387	48
40388	48
40389	48
40390	48
40391	48
40392	48
40393	48
40394	48
40395	48
40396	48
40397	48
40398	48
40399	48
40400	48
40401	48
40402	48
40403	48
40404	48
40405	48
40406	48
40407	48
40408	48
40409	48
40410	48
40411	48
40412	48
40413	48
40414	48
40415	48
40416	48
40417	48
40418	48
40419	48
40420	48
40421	48
40422	48
40423	48
40424	48
40425	48
40426	48
40427	48
40428	48
40429	48
40430	48
40431	48
40432	48
40433	48
40434	48
40435	48
40436	48
40437	48
40438	48
40439	48
40440	48
40441	48
40442	48
40443	48
40444	48
40445	48
40446	48
40447	48
40448	48
40449	48
40450	48
40451	48
40452	48
40453	48
40454	48
40455	48
40456	48
40457	48
40458	48
40459	48
40460	48
40461	48
40462	48
40463	48
40464	48
40465	48
40466	48
40467	48
40468	48
40469	48
40470	48
40471	48
40472	48
40473	48
40474	48
40475	48
40476	48
40477	48
40478	48
40479	48
40480	48
40481	48
40482	48
40483	48
40484	48
40485	48
40486	48
40487	48
40488	48
40489	48
40490	48
40491	48
40492	48
40493	48
40494	48
40495	48
40496	48
40497	48
40498	48
40499	48
40500	48
40501	48
40502	48
40503	48
40504	48
40505	48
40506	48
40507	48
40508	48
40509	48
40510	48
40511	48
40512	48
40513	48
40514	48
40515	48
40516	48
40517	48
40518	48
40519	48
40520	48
40521	48
40522	48
40523	48
40524	48
40525	48
40526	48
40527	48
40528	48
40529	48
40530	48
40531	48
40532	48
40533	48
40534	48
40535	48
40536	48
40537	48
40538	48
40539	48
40540	48
40541	48
40542	48
40543	48
40544	48
40545	48
40546	48
40547	48
40548	48
40549	48
40550	48
40551	48
40552	48
40553	48
40554	48
40555	48
40556	48
40557	48
40558	48
40559	48
40560	48
40561	48
40562	48
40563	48
40564	48
40565	48
40566	48
40567	48
40568	48
40569	48
40570	48
40571	48
40572	48
40573	48
40574	48
40575	48
40576	48
40577	48
40578	48
40579	48
40580	48
40581	48
40582	48
40583	48
40584	48
40585	48
40586	48
40587	48
40588	48
40589	48
40590	48
40591	48
40592	48
40593	48
40594	48
40595	48
40596	48
40597	48
40598	48
40599	48
40600	48
40601	48
40602	48
40603	48
40604	48
40605	48
40606	48
40607	48
40608	48
40609	48
40610	48
40611	48
40612	48
40613	48
40614	48
40615	48
40616	48
40617	48
40618	48
40619	48
40620	48
40621	48
40622	48
40623	48
40624	48
40625	48
40626	48
40627	48
40628	48
40629	48
40630	48
40631	48
40632	48
40633	48
40634	48
40635	48
40636	48
40637	48
40638	48
40639	48
40640	48
40641	48
40642	48
40643	48
40644	48
40645	48
40646	48
40647	48
40648	48
40649	48
40650	48
40651	48
40652	48
40653	48
40654	48
40655	48
40656	48
40657	48
40658	48
40659	48
40660	48
40661	48
40662	48
40663	48
40664	48
40665	48
40666	48
40667	48
40668	48
40669	48
40670	48
40671	48
40672	48
40673	48
40674	48
40675	48
40676	48
40677	48
40678	48
40679	48
40680	48
40681	48
40682	48
40683	48
40684	48
40685	48
40686	48
40687	48
40688	48
40689	48
40690	48
40691	48
40692	48
40693	48
40694	48
40695	48
40696	48
40697	48
40698	48
40699	48
40700	48
40701	48
40702	48
40703	48
40704	48
40705	48
40706	48
40707	48
40708	48
40709	48
40710	48
40711	48
40712	48
40713	48
40714	48
40715	48
40716	48
40717	48
40718	48
40719	48
40720	48
40721	48
40722	48
40723	48
40724	48
40725	48
40726	48
40727	48
40728	48
40729	48
40730	48
40731	48
40732	48
40733	48
40734	48
40735	48
40736	48
40737	48
40738	48
40739	48
40740	48
40741	48
40742	48
40743	48
40744	48
40745	48
40746	48
40747	48
40748	48
40749	48
40750	48
40751	48
40752	48
40753	48
40754	48
40755	48
40756	48
40757	48
40758	48
40759	48
40760	48
40761	48
40762	48
40763	48
40764	48
40765	48
40766	48
40767	48
40768	48
40769	48
40770	48
40771	48
40772	48
40773	48
40774	48
40775	48
40776	48
40777	48
40778	48
40779	48
40780	48
40781	48
40782	48
40783	48
40784	48
40785	48
40786	48
40787	48
40788	48
40789	48
40790	48
40791	48
40792	48
40793	48
40794	48
40795	48
40796	48
40797	48
40798	48
40799	48
40800	48
40801	48
40802	48
40803	48
40804	48
40805	48
40806	48
40807	48
40808	48
40809	48
40810	48
40811	48
40812	48
40813	48
40814	48
40815	48
40816	48
40817	49
40818	49
40819	49
40820	49
40821	49
40822	49
40823	49
40824	49
40825	49
40826	49
40827	49
40828	49
40829	49
40830	49
40831	49
40832	49
40833	49
40834	49
40835	49
40836	49
40837	49
40838	49
40839	49
40840	49
40841	49
40842	49
40843	49
40844	49
40845	49
40846	49
40847	49
40848	49
40849	49
40850	49
40851	49
40852	49
40853	49
40854	49
40855	49
40856	49
40857	49
40858	49
40859	49
40860	49
40861	49
40862	49
40863	49
40864	49
40865	49
40866	49
40867	49
40868	49
40869	49
40870	49
40871	49
40872	49
40873	49
40874	49
40875	49
40876	49
40877	49
40878	49
40879	49
40880	49
40881	49
40882	49
40883	49
40884	49
40885	49
40886	49
40887	49
40888	49
40889	49
40890	49
40891	49
40892	49
40893	49
40894	49
40895	49
40896	49
40897	49
40898	49
40899	49
40900	49
40901	49
40902	49
40903	49
40904	49
40905	49
40906	49
40907	49
40908	49
40909	49
40910	49
40911	49
40912	49
40913	49
40914	49
40915	49
40916	49
40917	49
40918	49
40919	49
40920	49
40921	49
40922	49
40923	49
40924	49
40925	49
40926	49
40927	49
40928	49
40929	49
40930	49
40931	49
40932	49
40933	49
40934	49
40935	49
40936	49
40937	49
40938	49
40939	49
40940	49
40941	49
40942	49
40943	49
40944	49
40945	49
40946	49
40947	49
40948	49
40949	49
40950	49
40951	49
40952	49
40953	49
40954	49
40955	49
40956	49
40957	49
40958	49
40959	49
40960	49
40961	49
40962	49
40963	49
40964	49
40965	49
40966	49
40967	49
40968	49
40969	49
40970	49
40971	49
40972	49
40973	49
40974	49
40975	49
40976	49
40977	49
40978	49
40979	49
40980	49
40981	49
40982	49
40983	49
40984	49
40985	49
40986	49
40987	49
40988	49
40989	49
40990	49
40991	49
40992	49
40993	49
40994	49
40995	49
40996	49
40997	49
40998	49
40999	49
41000	49
41001	49
41002	49
41003	49
41004	49
41005	49
41006	49
41007	49
41008	49
41009	49
41010	49
41011	49
41012	49
41013	49
41014	49
41015	49
41016	49
41017	49
41018	49
41019	49
41020	49
41021	49
41022	49
41023	49
41024	49
41025	49
41026	49
41027	49
41028	49
41029	49
41030	49
41031	49
41032	49
41033	49
41034	49
41035	49
41036	49
41037	49
41038	49
41039	49
41040	49
41041	49
41042	49
41043	49
41044	49
41045	49
41046	49
41047	49
41048	49
41049	49
41050	49
41051	49
41052	49
41053	49
41054	49
41055	49
41056	49
41057	49
41058	49
41059	49
41060	49
41061	49
41062	49
41063	49
41064	49
41065	49
41066	49
41067	49
41068	49
41069	49
41070	49
41071	49
41072	49
41073	49
41074	49
41075	49
41076	49
41077	49
41078	49
41079	49
41080	49
41081	49
41082	49
41083	49
41084	49
41085	49
41086	49
41087	49
41088	49
41089	49
41090	49
41091	49
41092	49
41093	49
41094	49
41095	49
41096	49
41097	49
41098	49
41099	49
41100	49
41101	49
41102	49
41103	49
41104	49
41105	49
41106	49
41107	49
41108	49
41109	49
41110	49
41111	49
41112	49
41113	49
41114	49
41115	49
41116	49
41117	49
41118	49
41119	49
41120	49
41121	49
41122	49
41123	49
41124	49
41125	49
41126	49
41127	49
41128	49
41129	49
41130	49
41131	49
41132	49
41133	49
41134	49
41135	49
41136	49
41137	49
41138	49
41139	49
41140	49
41141	49
41142	49
41143	49
41144	49
41145	49
41146	49
41147	49
41148	49
41149	49
41150	49
41151	49
41152	49
41153	49
41154	49
41155	49
41156	49
41157	49
41158	49
41159	49
41160	49
41161	49
41162	49
41163	49
41164	49
41165	49
41166	49
41167	49
41168	49
41169	49
41170	49
41171	49
41172	49
41173	49
41174	49
41175	49
41176	49
41177	49
41178	49
41179	49
41180	49
41181	49
41182	49
41183	49
41184	49
41185	49
41186	49
41187	49
41188	49
41189	49
41190	49
41191	49
41192	49
41193	49
41194	49
41195	49
41196	49
41197	49
41198	49
41199	49
41200	49
41201	49
41202	49
41203	49
41204	49
41205	49
41206	49
41207	49
41208	49
41209	49
41210	49
41211	49
41212	49
41213	49
41214	49
41215	49
41216	49
41217	49
41218	49
41219	49
41220	49
41221	49
41222	49
41223	49
41224	49
41225	49
41226	49
41227	49
41228	49
41229	49
41230	49
41231	49
41232	49
41233	49
41234	49
41235	49
41236	49
41237	49
41238	49
41239	49
41240	49
41241	49
41242	49
41243	49
41244	49
41245	49
41246	49
41247	49
41248	49
41249	49
41250	49
41251	49
41252	49
41253	49
41254	49
41255	49
41256	49
41257	49
41258	49
41259	49
41260	49
41261	49
41262	49
41263	49
41264	49
41265	49
41266	49
41267	49
41268	49
41269	49
41270	49
41271	49
41272	49
41273	49
41274	49
41275	49
41276	49
41277	49
41278	49
41279	49
41280	49
41281	49
41282	49
41283	49
41284	49
41285	49
41286	49
41287	49
41288	49
41289	49
41290	49
41291	49
41292	49
41293	49
41294	49
41295	49
41296	49
41297	49
41298	49
41299	49
41300	49
41301	49
41302	49
41303	49
41304	49
41305	49
41306	49
41307	49
41308	49
41309	49
41310	49
41311	49
41312	49
41313	49
41314	49
41315	49
41316	49
41317	49
41318	49
41319	49
41320	49
41321	49
41322	49
41323	49
41324	49
41325	49
41326	49
41327	49
41328	49
41329	49
41330	49
41331	49
41332	49
41333	49
41334	49
41335	49
41336	49
41337	49
41338	49
41339	49
41340	49
41341	49
41342	49
41343	49
41344	49
41345	49
41346	49
41347	49
41348	49
41349	49
41350	49
41351	49
41352	49
41353	49
41354	49
41355	49
41356	49
41357	49
41358	49
41359	49
41360	49
41361	49
41362	49
41363	49
41364	49
41365	49
41366	49
41367	49
41368	49
41369	49
41370	49
41371	49
41372	49
41373	49
41374	49
41375	49
41376	49
41377	49
41378	49
41379	49
41380	49
41381	49
41382	49
41383	49
41384	49
41385	49
41386	49
41387	49
41388	49
41389	49
41390	49
41391	49
41392	49
41393	49
41394	49
41395	49
41396	49
41397	49
41398	49
41399	49
41400	49
41401	49
41402	49
41403	49
41404	49
41405	49
41406	49
41407	49
41408	49
41409	49
41410	49
41411	49
41412	49
41413	49
41414	49
41415	49
41416	49
41417	49
41418	49
41419	49
41420	49
41421	49
41422	49
41423	49
41424	49
41425	49
41426	49
41427	49
41428	49
41429	49
41430	49
41431	49
41432	49
41433	49
41434	49
41435	49
41436	49
41437	49
41438	49
41439	49
41440	49
41441	49
41442	49
41443	49
41444	49
41445	49
41446	49
41447	49
41448	49
41449	49
41450	49
41451	49
41452	49
41453	49
41454	49
41455	49
41456	49
41457	49
41458	49
41459	49
41460	49
41461	49
41462	49
41463	49
41464	49
41465	49
41466	49
41467	49
41468	49
41469	49
41470	49
41471	49
41472	49
41473	49
41474	49
41475	49
41476	49
41477	49
41478	49
41479	49
41480	49
41481	49
41482	49
41483	49
41484	49
41485	49
41486	49
41487	49
41488	49
41489	49
41490	49
41491	49
41492	49
41493	49
41494	49
41495	49
41496	49
41497	49
41498	49
41499	49
41500	49
41501	49
41502	49
41503	49
41504	49
41505	49
41506	49
41507	49
41508	49
41509	49
41510	49
41511	49
41512	49
41513	49
41514	49
41515	49
41516	49
41517	49
41518	49
41519	49
41520	49
41521	49
41522	49
41523	49
41524	49
41525	49
41526	49
41527	49
41528	49
41529	49
41530	49
41531	49
41532	49
41533	49
41534	49
41535	49
41536	49
41537	49
41538	49
41539	49
41540	49
41541	49
41542	49
41543	49
41544	49
41545	49
41546	49
41547	49
41548	49
41549	49
41550	49
41551	49
41552	49
41553	49
41554	49
41555	49
41556	49
41557	49
41558	49
41559	49
41560	49
41561	49
41562	49
41563	49
41564	49
41565	49
41566	49
41567	49
41568	49
41569	49
41570	49
41571	49
41572	49
41573	49
41574	49
41575	49
41576	49
41577	49
41578	49
41579	49
41580	49
41581	49
41582	49
41583	49
41584	49
41585	49
41586	49
41587	49
41588	49
41589	49
41590	49
41591	49
41592	49
41593	49
41594	49
41595	49
41596	49
41597	49
41598	49
41599	49
41600	49
41601	49
41602	49
41603	49
41604	49
41605	49
41606	49
41607	49
41608	49
41609	49
41610	49
41611	49
41612	49
41613	49
41614	49
41615	49
41616	49
41617	49
41618	49
41619	49
41620	49
41621	49
41622	49
41623	49
41624	49
41625	49
41626	49
41627	49
41628	49
41629	49
41630	49
41631	49
41632	49
41633	49
41634	49
41635	49
41636	49
41637	49
41638	49
41639	49
41640	49
41641	49
41642	49
41643	49
41644	49
41645	49
41646	49
41647	49
41648	49
41649	49
41650	50
41651	50
41652	50
41653	50
41654	50
41655	50
41656	50
41657	50
41658	50
41659	50
41660	50
41661	50
41662	50
41663	50
41664	50
41665	50
41666	50
41667	50
41668	50
41669	50
41670	50
41671	50
41672	50
41673	50
41674	50
41675	50
41676	50
41677	50
41678	50
41679	50
41680	50
41681	50
41682	50
41683	50
41684	50
41685	50
41686	50
41687	50
41688	50
41689	50
41690	50
41691	50
41692	50
41693	50
41694	50
41695	50
41696	50
41697	50
41698	50
41699	50
41700	50
41701	50
41702	50
41703	50
41704	50
41705	50
41706	50
41707	50
41708	50
41709	50
41710	50
41711	50
41712	50
41713	50
41714	50
41715	50
41716	50
41717	50
41718	50
41719	50
41720	50
41721	50
41722	50
41723	50
41724	50
41725	50
41726	50
41727	50
41728	50
41729	50
41730	50
41731	50
41732	50
41733	50
41734	50
41735	50
41736	50
41737	50
41738	50
41739	50
41740	50
41741	50
41742	50
41743	50
41744	50
41745	50
41746	50
41747	50
41748	50
41749	50
41750	50
41751	50
41752	50
41753	50
41754	50
41755	50
41756	50
41757	50
41758	50
41759	50
41760	50
41761	50
41762	50
41763	50
41764	50
41765	50
41766	50
41767	50
41768	50
41769	50
41770	50
41771	50
41772	50
41773	50
41774	50
41775	50
41776	50
41777	50
41778	50
41779	50
41780	50
41781	50
41782	50
41783	50
41784	50
41785	50
41786	50
41787	50
41788	50
41789	50
41790	50
41791	50
41792	50
41793	50
41794	50
41795	50
41796	50
41797	50
41798	50
41799	50
41800	50
41801	50
41802	50
41803	50
41804	50
41805	50
41806	50
41807	50
41808	50
41809	50
41810	50
41811	50
41812	50
41813	50
41814	50
41815	50
41816	50
41817	50
41818	50
41819	50
41820	50
41821	50
41822	50
41823	50
41824	50
41825	50
41826	50
41827	50
41828	50
41829	50
41830	50
41831	50
41832	50
41833	50
41834	50
41835	50
41836	50
41837	50
41838	50
41839	50
41840	50
41841	50
41842	50
41843	50
41844	50
41845	50
41846	50
41847	50
41848	50
41849	50
41850	50
41851	50
41852	50
41853	50
41854	50
41855	50
41856	50
41857	50
41858	50
41859	50
41860	50
41861	50
41862	50
41863	50
41864	50
41865	50
41866	50
41867	50
41868	50
41869	50
41870	50
41871	50
41872	50
41873	50
41874	50
41875	50
41876	50
41877	50
41878	50
41879	50
41880	50
41881	50
41882	50
41883	50
41884	50
41885	50
41886	50
41887	50
41888	50
41889	50
41890	50
41891	50
41892	50
41893	50
41894	50
41895	50
41896	50
41897	50
41898	50
41899	50
41900	50
41901	50
41902	50
41903	50
41904	50
41905	50
41906	50
41907	50
41908	50
41909	50
41910	50
41911	50
41912	50
41913	50
41914	50
41915	50
41916	50
41917	50
41918	50
41919	50
41920	50
41921	50
41922	50
41923	50
41924	50
41925	50
41926	50
41927	50
41928	50
41929	50
41930	50
41931	50
41932	50
41933	50
41934	50
41935	50
41936	50
41937	50
41938	50
41939	50
41940	50
41941	50
41942	50
41943	50
41944	50
41945	50
41946	50
41947	50
41948	50
41949	50
41950	50
41951	50
41952	50
41953	50
41954	50
41955	50
41956	50
41957	50
41958	50
41959	50
41960	50
41961	50
41962	50
41963	50
41964	50
41965	50
41966	50
41967	50
41968	50
41969	50
41970	50
41971	50
41972	50
41973	50
41974	50
41975	50
41976	50
41977	50
41978	50
41979	50
41980	50
41981	50
41982	50
41983	50
41984	50
41985	50
41986	50
41987	50
41988	50
41989	50
41990	50
41991	50
41992	50
41993	50
41994	50
41995	50
41996	50
41997	50
41998	50
41999	50
42000	50
42001	50
42002	50
42003	50
42004	50
42005	50
42006	50
42007	50
42008	50
42009	50
42010	50
42011	50
42012	50
42013	50
42014	50
42015	50
42016	50
42017	50
42018	50
42019	50
42020	50
42021	50
42022	50
42023	50
42024	50
42025	50
42026	50
42027	50
42028	50
42029	50
42030	50
42031	50
42032	50
42033	50
42034	50
42035	50
42036	50
42037	50
42038	50
42039	50
42040	50
42041	50
42042	50
42043	50
42044	50
42045	50
42046	50
42047	50
42048	50
42049	50
42050	50
42051	50
42052	50
42053	50
42054	50
42055	50
42056	50
42057	50
42058	50
42059	50
42060	50
42061	50
42062	50
42063	50
42064	50
42065	50
42066	50
42067	50
42068	50
42069	50
42070	50
42071	50
42072	50
42073	50
42074	50
42075	50
42076	50
42077	50
42078	50
42079	50
42080	50
42081	50
42082	50
42083	50
42084	50
42085	50
42086	50
42087	50
42088	50
42089	50
42090	50
42091	50
42092	50
42093	50
42094	50
42095	50
42096	50
42097	50
42098	50
42099	50
42100	50
42101	50
42102	50
42103	50
42104	50
42105	50
42106	50
42107	50
42108	50
42109	50
42110	50
42111	50
42112	50
42113	50
42114	50
42115	50
42116	50
42117	50
42118	50
42119	50
42120	50
42121	50
42122	50
42123	50
42124	50
42125	50
42126	50
42127	50
42128	50
42129	50
42130	50
42131	50
42132	50
42133	50
42134	50
42135	50
42136	50
42137	50
42138	50
42139	50
42140	50
42141	50
42142	50
42143	50
42144	50
42145	50
42146	50
42147	50
42148	50
42149	50
42150	50
42151	50
42152	50
42153	50
42154	50
42155	50
42156	50
42157	50
42158	50
42159	50
42160	50
42161	50
42162	50
42163	50
42164	50
42165	50
42166	50
42167	50
42168	50
42169	50
42170	50
42171	50
42172	50
42173	50
42174	50
42175	50
42176	50
42177	50
42178	50
42179	50
42180	50
42181	50
42182	50
42183	50
42184	50
42185	50
42186	50
42187	50
42188	50
42189	50
42190	50
42191	50
42192	50
42193	50
42194	50
42195	50
42196	50
42197	50
42198	50
42199	50
42200	50
42201	50
42202	50
42203	50
42204	50
42205	50
42206	50
42207	50
42208	50
42209	50
42210	50
42211	50
42212	50
42213	50
42214	50
42215	50
42216	50
42217	50
42218	50
42219	50
42220	50
42221	50
42222	50
42223	50
42224	50
42225	50
42226	50
42227	50
42228	50
42229	50
42230	50
42231	50
42232	50
42233	50
42234	50
42235	50
42236	50
42237	50
42238	50
42239	50
42240	50
42241	50
42242	50
42243	50
42244	50
42245	50
42246	50
42247	50
42248	50
42249	50
42250	50
42251	50
42252	50
42253	50
42254	50
42255	50
42256	50
42257	50
42258	50
42259	50
42260	50
42261	50
42262	50
42263	50
42264	50
42265	50
42266	50
42267	50
42268	50
42269	50
42270	50
42271	50
42272	50
42273	50
42274	50
42275	50
42276	50
42277	50
42278	50
42279	50
42280	50
42281	50
42282	50
42283	50
42284	50
42285	50
42286	50
42287	50
42288	50
42289	50
42290	50
42291	50
42292	50
42293	50
42294	50
42295	50
42296	50
42297	50
42298	50
42299	50
42300	50
42301	50
42302	50
42303	50
42304	50
42305	50
42306	50
42307	50
42308	50
42309	50
42310	50
42311	50
42312	50
42313	50
42314	50
42315	50
42316	50
42317	50
42318	50
42319	50
42320	50
42321	50
42322	50
42323	50
42324	50
42325	50
42326	50
42327	50
42328	50
42329	50
42330	50
42331	50
42332	50
42333	50
42334	50
42335	50
42336	50
42337	50
42338	50
42339	50
42340	50
42341	50
42342	50
42343	50
42344	50
42345	50
42346	50
42347	50
42348	50
42349	50
42350	50
42351	50
42352	50
42353	50
42354	50
42355	50
42356	50
42357	50
42358	50
42359	50
42360	50
42361	50
42362	50
42363	50
42364	50
42365	50
42366	50
42367	50
42368	50
42369	50
42370	50
42371	50
42372	50
42373	50
42374	50
42375	50
42376	50
42377	50
42378	50
42379	50
42380	50
42381	50
42382	50
42383	50
42384	50
42385	50
42386	50
42387	50
42388	50
42389	50
42390	50
42391	50
42392	50
42393	50
42394	50
42395	50
42396	50
42397	50
42398	50
42399	50
42400	50
42401	50
42402	50
42403	50
42404	50
42405	50
42406	50
42407	50
42408	50
42409	50
42410	50
42411	50
42412	50
42413	50
42414	50
42415	50
42416	50
42417	50
42418	50
42419	50
42420	50
42421	50
42422	50
42423	50
42424	50
42425	50
42426	50
42427	50
42428	50
42429	50
42430	50
42431	50
42432	50
42433	50
42434	50
42435	50
42436	50
42437	50
42438	50
42439	50
42440	50
42441	50
42442	50
42443	50
42444	50
42445	50
42446	50
42447	50
42448	50
42449	50
42450	50
42451	50
42452	50
42453	50
42454	50
42455	50
42456	50
42457	50
42458	50
42459	50
42460	50
42461	50
42462	50
42463	50
42464	50
42465	50
42466	50
42467	50
42468	50
42469	50
42470	50
42471	50
42472	50
42473	50
42474	50
42475	50
42476	50
42477	50
42478	50
42479	50
42480	50
42481	50
42482	50
42483	51
42484	51
42485	51
42486	51
42487	51
42488	51
42489	51
42490	51
42491	51
42492	51
42493	51
42494	51
42495	51
42496	51
42497	51
42498	51
42499	51
42500	51
42501	51
42502	51
42503	51
42504	51
42505	51
42506	51
42507	51
42508	51
42509	51
42510	51
42511	51
42512	51
42513	51
42514	51
42515	51
42516	51
42517	51
42518	51
42519	51
42520	51
42521	51
42522	51
42523	51
42524	51
42525	51
42526	51
42527	51
42528	51
42529	51
42530	51
42531	51
42532	51
42533	51
42534	51
42535	51
42536	51
42537	51
42538	51
42539	51
42540	51
42541	51
42542	51
42543	51
42544	51
42545	51
42546	51
42547	51
42548	51
42549	51
42550	51
42551	51
42552	51
42553	51
42554	51
42555	51
42556	51
42557	51
42558	51
42559	51
42560	51
42561	51
42562	51
42563	51
42564	51
42565	51
42566	51
42567	51
42568	51
42569	51
42570	51
42571	51
42572	51
42573	51
42574	51
42575	51
42576	51
42577	51
42578	51
42579	51
42580	51
42581	51
42582	51
42583	51
42584	51
42585	51
42586	51
42587	51
42588	51
42589	51
42590	51
42591	51
42592	51
42593	51
42594	51
42595	51
42596	51
42597	51
42598	51
42599	51
42600	51
42601	51
42602	51
42603	51
42604	51
42605	51
42606	51
42607	51
42608	51
42609	51
42610	51
42611	51
42612	51
42613	51
42614	51
42615	51
42616	51
42617	51
42618	51
42619	51
42620	51
42621	51
42622	51
42623	51
42624	51
42625	51
42626	51
42627	51
42628	51
42629	51
42630	51
42631	51
42632	51
42633	51
42634	51
42635	51
42636	51
42637	51
42638	51
42639	51
42640	51
42641	51
42642	51
42643	51
42644	51
42645	51
42646	51
42647	51
42648	51
42649	51
42650	51
42651	51
42652	51
42653	51
42654	51
42655	51
42656	51
42657	51
42658	51
42659	51
42660	51
42661	51
42662	51
42663	51
42664	51
42665	51
42666	51
42667	51
42668	51
42669	51
42670	51
42671	51
42672	51
42673	51
42674	51
42675	51
42676	51
42677	51
42678	51
42679	51
42680	51
42681	51
42682	51
42683	51
42684	51
42685	51
42686	51
42687	51
42688	51
42689	51
42690	51
42691	51
42692	51
42693	51
42694	51
42695	51
42696	51
42697	51
42698	51
42699	51
42700	51
42701	51
42702	51
42703	51
42704	51
42705	51
42706	51
42707	51
42708	51
42709	51
42710	51
42711	51
42712	51
42713	51
42714	51
42715	51
42716	51
42717	51
42718	51
42719	51
42720	51
42721	51
42722	51
42723	51
42724	51
42725	51
42726	51
42727	51
42728	51
42729	51
42730	51
42731	51
42732	51
42733	51
42734	51
42735	51
42736	51
42737	51
42738	51
42739	51
42740	51
42741	51
42742	51
42743	51
42744	51
42745	51
42746	51
42747	51
42748	51
42749	51
42750	51
42751	51
42752	51
42753	51
42754	51
42755	51
42756	51
42757	51
42758	51
42759	51
42760	51
42761	51
42762	51
42763	51
42764	51
42765	51
42766	51
42767	51
42768	51
42769	51
42770	51
42771	51
42772	51
42773	51
42774	51
42775	51
42776	51
42777	51
42778	51
42779	51
42780	51
42781	51
42782	51
42783	51
42784	51
42785	51
42786	51
42787	51
42788	51
42789	51
42790	51
42791	51
42792	51
42793	51
42794	51
42795	51
42796	51
42797	51
42798	51
42799	51
42800	51
42801	51
42802	51
42803	51
42804	51
42805	51
42806	51
42807	51
42808	51
42809	51
42810	51
42811	51
42812	51
42813	51
42814	51
42815	51
42816	51
42817	51
42818	51
42819	51
42820	51
42821	51
42822	51
42823	51
42824	51
42825	51
42826	51
42827	51
42828	51
42829	51
42830	51
42831	51
42832	51
42833	51
42834	51
42835	51
42836	51
42837	51
42838	51
42839	51
42840	51
42841	51
42842	51
42843	51
42844	51
42845	51
42846	51
42847	51
42848	51
42849	51
42850	51
42851	51
42852	51
42853	51
42854	51
42855	51
42856	51
42857	51
42858	51
42859	51
42860	51
42861	51
42862	51
42863	51
42864	51
42865	51
42866	51
42867	51
42868	51
42869	51
42870	51
42871	51
42872	51
42873	51
42874	51
42875	51
42876	51
42877	51
42878	51
42879	51
42880	51
42881	51
42882	51
42883	51
42884	51
42885	51
42886	51
42887	51
42888	51
42889	51
42890	51
42891	51
42892	51
42893	51
42894	51
42895	51
42896	51
42897	51
42898	51
42899	51
42900	51
42901	51
42902	51
42903	51
42904	51
42905	51
42906	51
42907	51
42908	51
42909	51
42910	51
42911	51
42912	51
42913	51
42914	51
42915	51
42916	51
42917	51
42918	51
42919	51
42920	51
42921	51
42922	51
42923	51
42924	51
42925	51
42926	51
42927	51
42928	51
42929	51
42930	51
42931	51
42932	51
42933	51
42934	51
42935	51
42936	51
42937	51
42938	51
42939	51
42940	51
42941	51
42942	51
42943	51
42944	51
42945	51
42946	51
42947	51
42948	51
42949	51
42950	51
42951	51
42952	51
42953	51
42954	51
42955	51
42956	51
42957	51
42958	51
42959	51
42960	51
42961	51
42962	51
42963	51
42964	51
42965	51
42966	51
42967	51
42968	51
42969	51
42970	51
42971	51
42972	51
42973	51
42974	51
42975	51
42976	51
42977	51
42978	51
42979	51
42980	51
42981	51
42982	51
42983	51
42984	51
42985	51
42986	51
42987	51
42988	51
42989	51
42990	51
42991	51
42992	51
42993	51
42994	51
42995	51
42996	51
42997	51
42998	51
42999	51
43000	51
43001	51
43002	51
43003	51
43004	51
43005	51
43006	51
43007	51
43008	51
43009	51
43010	51
43011	51
43012	51
43013	51
43014	51
43015	51
43016	51
43017	51
43018	51
43019	51
43020	51
43021	51
43022	51
43023	51
43024	51
43025	51
43026	51
43027	51
43028	51
43029	51
43030	51
43031	51
43032	51
43033	51
43034	51
43035	51
43036	51
43037	51
43038	51
43039	51
43040	51
43041	51
43042	51
43043	51
43044	51
43045	51
43046	51
43047	51
43048	51
43049	51
43050	51
43051	51
43052	51
43053	51
43054	51
43055	51
43056	51
43057	51
43058	51
43059	51
43060	51
43061	51
43062	51
43063	51
43064	51
43065	51
43066	51
43067	51
43068	51
43069	51
43070	51
43071	51
43072	51
43073	51
43074	51
43075	51
43076	51
43077	51
43078	51
43079	51
43080	51
43081	51
43082	51
43083	51
43084	51
43085	51
43086	51
43087	51
43088	51
43089	51
43090	51
43091	51
43092	51
43093	51
43094	51
43095	51
43096	51
43097	51
43098	51
43099	51
43100	51
43101	51
43102	51
43103	51
43104	51
43105	51
43106	51
43107	51
43108	51
43109	51
43110	51
43111	51
43112	51
43113	51
43114	51
43115	51
43116	51
43117	51
43118	51
43119	51
43120	51
43121	51
43122	51
43123	51
43124	51
43125	51
43126	51
43127	51
43128	51
43129	51
43130	51
43131	51
43132	51
43133	51
43134	51
43135	51
43136	51
43137	51
43138	51
43139	51
43140	51
43141	51
43142	51
43143	51
43144	51
43145	51
43146	51
43147	51
43148	51
43149	51
43150	51
43151	51
43152	51
43153	51
43154	51
43155	51
43156	51
43157	51
43158	51
43159	51
43160	51
43161	51
43162	51
43163	51
43164	51
43165	51
43166	51
43167	51
43168	51
43169	51
43170	51
43171	51
43172	51
43173	51
43174	51
43175	51
43176	51
43177	51
43178	51
43179	51
43180	51
43181	51
43182	51
43183	51
43184	51
43185	51
43186	51
43187	51
43188	51
43189	51
43190	51
43191	51
43192	51
43193	51
43194	51
43195	51
43196	51
43197	51
43198	51
43199	51
43200	51
43201	51
43202	51
43203	51
43204	51
43205	51
43206	51
43207	51
43208	51
43209	51
43210	51
43211	51
43212	51
43213	51
43214	51
43215	51
43216	51
43217	51
43218	51
43219	51
43220	51
43221	51
43222	51
43223	51
43224	51
43225	51
43226	51
43227	51
43228	51
43229	51
43230	51
43231	51
43232	51
43233	51
43234	51
43235	51
43236	51
43237	51
43238	51
43239	51
43240	51
43241	51
43242	51
43243	51
43244	51
43245	51
43246	51
43247	51
43248	51
43249	51
43250	51
43251	51
43252	51
43253	51
43254	51
43255	51
43256	51
43257	51
43258	51
43259	51
43260	51
43261	51
43262	51
43263	51
43264	51
43265	51
43266	51
43267	51
43268	51
43269	51
43270	51
43271	51
43272	51
43273	51
43274	51
43275	51
43276	51
43277	51
43278	51
43279	51
43280	51
43281	51
43282	51
43283	51
43284	51
43285	51
43286	51
43287	51
43288	51
43289	51
43290	51
43291	51
43292	51
43293	51
43294	51
43295	51
43296	51
43297	51
43298	51
43299	51
43300	51
43301	51
43302	51
43303	51
43304	51
43305	51
43306	51
43307	51
43308	51
43309	51
43310	51
43311	51
43312	51
43313	51
43314	51
43315	51
43316	52
43317	52
43318	52
43319	52
43320	52
43321	52
43322	52
43323	52
43324	52
43325	52
43326	52
43327	52
43328	52
43329	52
43330	52
43331	52
43332	52
43333	52
43334	52
43335	52
43336	52
43337	52
43338	52
43339	52
43340	52
43341	52
43342	52
43343	52
43344	52
43345	52
43346	52
43347	52
43348	52
43349	52
43350	52
43351	52
43352	52
43353	52
43354	52
43355	52
43356	52
43357	52
43358	52
43359	52
43360	52
43361	52
43362	52
43363	52
43364	52
43365	52
43366	52
43367	52
43368	52
43369	52
43370	52
43371	52
43372	52
43373	52
43374	52
43375	52
43376	52
43377	52
43378	52
43379	52
43380	52
43381	52
43382	52
43383	52
43384	52
43385	52
43386	52
43387	52
43388	52
43389	52
43390	52
43391	52
43392	52
43393	52
43394	52
43395	52
43396	52
43397	52
43398	52
43399	52
43400	52
43401	52
43402	52
43403	52
43404	52
43405	52
43406	52
43407	52
43408	52
43409	52
43410	52
43411	52
43412	52
43413	52
43414	52
43415	52
43416	52
43417	52
43418	52
43419	52
43420	52
43421	52
43422	52
43423	52
43424	52
43425	52
43426	52
43427	52
43428	52
43429	52
43430	52
43431	52
43432	52
43433	52
43434	52
43435	52
43436	52
43437	52
43438	52
43439	52
43440	52
43441	52
43442	52
43443	52
43444	52
43445	52
43446	52
43447	52
43448	52
43449	52
43450	52
43451	52
43452	52
43453	52
43454	52
43455	52
43456	52
43457	52
43458	52
43459	52
43460	52
43461	52
43462	52
43463	52
43464	52
43465	52
43466	52
43467	52
43468	52
43469	52
43470	52
43471	52
43472	52
43473	52
43474	52
43475	52
43476	52
43477	52
43478	52
43479	52
43480	52
43481	52
43482	52
43483	52
43484	52
43485	52
43486	52
43487	52
43488	52
43489	52
43490	52
43491	52
43492	52
43493	52
43494	52
43495	52
43496	52
43497	52
43498	52
43499	52
43500	52
43501	52
43502	52
43503	52
43504	52
43505	52
43506	52
43507	52
43508	52
43509	52
43510	52
43511	52
43512	52
43513	52
43514	52
43515	52
43516	52
43517	52
43518	52
43519	52
43520	52
43521	52
43522	52
43523	52
43524	52
43525	52
43526	52
43527	52
43528	52
43529	52
43530	52
43531	52
43532	52
43533	52
43534	52
43535	52
43536	52
43537	52
43538	52
43539	52
43540	52
43541	52
43542	52
43543	52
43544	52
43545	52
43546	52
43547	52
43548	52
43549	52
43550	52
43551	52
43552	52
43553	52
43554	52
43555	52
43556	52
43557	52
43558	52
43559	52
43560	52
43561	52
43562	52
43563	52
43564	52
43565	52
43566	52
43567	52
43568	52
43569	52
43570	52
43571	52
43572	52
43573	52
43574	52
43575	52
43576	52
43577	52
43578	52
43579	52
43580	52
43581	52
43582	52
43583	52
43584	52
43585	52
43586	52
43587	52
43588	52
43589	52
43590	52
43591	52
43592	52
43593	52
43594	52
43595	52
43596	52
43597	52
43598	52
43599	52
43600	52
43601	52
43602	52
43603	52
43604	52
43605	52
43606	52
43607	52
43608	52
43609	52
43610	52
43611	52
43612	52
43613	52
43614	52
43615	52
43616	52
43617	52
43618	52
43619	52
43620	52
43621	52
43622	52
43623	52
43624	52
43625	52
43626	52
43627	52
43628	52
43629	52
43630	52
43631	52
43632	52
43633	52
43634	52
43635	52
43636	52
43637	52
43638	52
43639	52
43640	52
43641	52
43642	52
43643	52
43644	52
43645	52
43646	52
43647	52
43648	52
43649	52
43650	52
43651	52
43652	52
43653	52
43654	52
43655	52
43656	52
43657	52
43658	52
43659	52
43660	52
43661	52
43662	52
43663	52
43664	52
43665	52
43666	52
43667	52
43668	52
43669	52
43670	52
43671	52
43672	52
43673	52
43674	52
43675	52
43676	52
43677	52
43678	52
43679	52
43680	52
43681	52
43682	52
43683	52
43684	52
43685	52
43686	52
43687	52
43688	52
43689	52
43690	52
43691	52
43692	52
43693	52
43694	52
43695	52
43696	52
43697	52
43698	52
43699	52
43700	52
43701	52
43702	52
43703	52
43704	52
43705	52
43706	52
43707	52
43708	52
43709	52
43710	52
43711	52
43712	52
43713	52
43714	52
43715	52
43716	52
43717	52
43718	52
43719	52
43720	52
43721	52
43722	52
43723	52
43724	52
43725	52
43726	52
43727	52
43728	52
43729	52
43730	52
43731	52
43732	52
43733	52
43734	52
43735	52
43736	52
43737	52
43738	52
43739	52
43740	52
43741	52
43742	52
43743	52
43744	52
43745	52
43746	52
43747	52
43748	52
43749	52
43750	52
43751	52
43752	52
43753	52
43754	52
43755	52
43756	52
43757	52
43758	52
43759	52
43760	52
43761	52
43762	52
43763	52
43764	52
43765	52
43766	52
43767	52
43768	52
43769	52
43770	52
43771	52
43772	52
43773	52
43774	52
43775	52
43776	52
43777	52
43778	52
43779	52
43780	52
43781	52
43782	52
43783	52
43784	52
43785	52
43786	52
43787	52
43788	52
43789	52
43790	52
43791	52
43792	52
43793	52
43794	52
43795	52
43796	52
43797	52
43798	52
43799	52
43800	52
43801	52
43802	52
43803	52
43804	52
43805	52
43806	52
43807	52
43808	52
43809	52
43810	52
43811	52
43812	52
43813	52
43814	52
43815	52
43816	52
43817	52
43818	52
43819	52
43820	52
43821	52
43822	52
43823	52
43824	52
43825	52
43826	52
43827	52
43828	52
43829	52
43830	52
43831	52
43832	52
43833	52
43834	52
43835	52
43836	52
43837	52
43838	52
43839	52
43840	52
43841	52
43842	52
43843	52
43844	52
43845	52
43846	52
43847	52
43848	52
43849	52
43850	52
43851	52
43852	52
43853	52
43854	52
43855	52
43856	52
43857	52
43858	52
43859	52
43860	52
43861	52
43862	52
43863	52
43864	52
43865	52
43866	52
43867	52
43868	52
43869	52
43870	52
43871	52
43872	52
43873	52
43874	52
43875	52
43876	52
43877	52
43878	52
43879	52
43880	52
43881	52
43882	52
43883	52
43884	52
43885	52
43886	52
43887	52
43888	52
43889	52
43890	52
43891	52
43892	52
43893	52
43894	52
43895	52
43896	52
43897	52
43898	52
43899	52
43900	52
43901	52
43902	52
43903	52
43904	52
43905	52
43906	52
43907	52
43908	52
43909	52
43910	52
43911	52
43912	52
43913	52
43914	52
43915	52
43916	52
43917	52
43918	52
43919	52
43920	52
43921	52
43922	52
43923	52
43924	52
43925	52
43926	52
43927	52
43928	52
43929	52
43930	52
43931	52
43932	52
43933	52
43934	52
43935	52
43936	52
43937	52
43938	52
43939	52
43940	52
43941	52
43942	52
43943	52
43944	52
43945	52
43946	52
43947	52
43948	52
43949	52
43950	52
43951	52
43952	52
43953	52
43954	52
43955	52
43956	52
43957	52
43958	52
43959	52
43960	52
43961	52
43962	52
43963	52
43964	52
43965	52
43966	52
43967	52
43968	52
43969	52
43970	52
43971	52
43972	52
43973	52
43974	52
43975	52
43976	52
43977	52
43978	52
43979	52
43980	52
43981	52
43982	52
43983	52
43984	52
43985	52
43986	52
43987	52
43988	52
43989	52
43990	52
43991	52
43992	52
43993	52
43994	52
43995	52
43996	52
43997	52
43998	52
43999	52
44000	52
44001	52
44002	52
44003	52
44004	52
44005	52
44006	52
44007	52
44008	52
44009	52
44010	52
44011	52
44012	52
44013	52
44014	52
44015	52
44016	52
44017	52
44018	52
44019	52
44020	52
44021	52
44022	52
44023	52
44024	52
44025	52
44026	52
44027	52
44028	52
44029	52
44030	52
44031	52
44032	52
44033	52
44034	52
44035	52
44036	52
44037	52
44038	52
44039	52
44040	52
44041	52
44042	52
44043	52
44044	52
44045	52
44046	52
44047	52
44048	52
44049	52
44050	52
44051	52
44052	52
44053	52
44054	52
44055	52
44056	52
44057	52
44058	52
44059	52
44060	52
44061	52
44062	52
44063	52
44064	52
44065	52
44066	52
44067	52
44068	52
44069	52
44070	52
44071	52
44072	52
44073	52
44074	52
44075	52
44076	52
44077	52
44078	52
44079	52
44080	52
44081	52
44082	52
44083	52
44084	52
44085	52
44086	52
44087	52
44088	52
44089	52
44090	52
44091	52
44092	52
44093	52
44094	52
44095	52
44096	52
44097	52
44098	52
44099	52
44100	52
44101	52
44102	52
44103	52
44104	52
44105	52
44106	52
44107	52
44108	52
44109	52
44110	52
44111	52
44112	52
44113	52
44114	52
44115	52
44116	52
44117	52
44118	52
44119	52
44120	52
44121	52
44122	52
44123	52
44124	52
44125	52
44126	52
44127	52
44128	52
44129	52
44130	52
44131	52
44132	52
44133	52
44134	52
44135	52
44136	52
44137	52
44138	52
44139	52
44140	52
44141	52
44142	52
44143	52
44144	52
44145	52
44146	52
44147	52
44148	52
44149	53
44150	53
44151	53
44152	53
44153	53
44154	53
44155	53
44156	53
44157	53
44158	53
44159	53
44160	53
44161	53
44162	53
44163	53
44164	53
44165	53
44166	53
44167	53
44168	53
44169	53
44170	53
44171	53
44172	53
44173	53
44174	53
44175	53
44176	53
44177	53
44178	53
44179	53
44180	53
44181	53
44182	53
44183	53
44184	53
44185	53
44186	53
44187	53
44188	53
44189	53
44190	53
44191	53
44192	53
44193	53
44194	53
44195	53
44196	53
44197	53
44198	53
44199	53
44200	53
44201	53
44202	53
44203	53
44204	53
44205	53
44206	53
44207	53
44208	53
44209	53
44210	53
44211	53
44212	53
44213	53
44214	53
44215	53
44216	53
44217	53
44218	53
44219	53
44220	53
44221	53
44222	53
44223	53
44224	53
44225	53
44226	53
44227	53
44228	53
44229	53
44230	53
44231	53
44232	53
44233	53
44234	53
44235	53
44236	53
44237	53
44238	53
44239	53
44240	53
44241	53
44242	53
44243	53
44244	53
44245	53
44246	53
44247	53
44248	53
44249	53
44250	53
44251	53
44252	53
44253	53
44254	53
44255	53
44256	53
44257	53
44258	53
44259	53
44260	53
44261	53
44262	53
44263	53
44264	53
44265	53
44266	53
44267	53
44268	53
44269	53
44270	53
44271	53
44272	53
44273	53
44274	53
44275	53
44276	53
44277	53
44278	53
44279	53
44280	53
44281	53
44282	53
44283	53
44284	53
44285	53
44286	53
44287	53
44288	53
44289	53
44290	53
44291	53
44292	53
44293	53
44294	53
44295	53
44296	53
44297	53
44298	53
44299	53
44300	53
44301	53
44302	53
44303	53
44304	53
44305	53
44306	53
44307	53
44308	53
44309	53
44310	53
44311	53
44312	53
44313	53
44314	53
44315	53
44316	53
44317	53
44318	53
44319	53
44320	53
44321	53
44322	53
44323	53
44324	53
44325	53
44326	53
44327	53
44328	53
44329	53
44330	53
44331	53
44332	53
44333	53
44334	53
44335	53
44336	53
44337	53
44338	53
44339	53
44340	53
44341	53
44342	53
44343	53
44344	53
44345	53
44346	53
44347	53
44348	53
44349	53
44350	53
44351	53
44352	53
44353	53
44354	53
44355	53
44356	53
44357	53
44358	53
44359	53
44360	53
44361	53
44362	53
44363	53
44364	53
44365	53
44366	53
44367	53
44368	53
44369	53
44370	53
44371	53
44372	53
44373	53
44374	53
44375	53
44376	53
44377	53
44378	53
44379	53
44380	53
44381	53
44382	53
44383	53
44384	53
44385	53
44386	53
44387	53
44388	53
44389	53
44390	53
44391	53
44392	53
44393	53
44394	53
44395	53
44396	53
44397	53
44398	53
44399	53
44400	53
44401	53
44402	53
44403	53
44404	53
44405	53
44406	53
44407	53
44408	53
44409	53
44410	53
44411	53
44412	53
44413	53
44414	53
44415	53
44416	53
44417	53
44418	53
44419	53
44420	53
44421	53
44422	53
44423	53
44424	53
44425	53
44426	53
44427	53
44428	53
44429	53
44430	53
44431	53
44432	53
44433	53
44434	53
44435	53
44436	53
44437	53
44438	53
44439	53
44440	53
44441	53
44442	53
44443	53
44444	53
44445	53
44446	53
44447	53
44448	53
44449	53
44450	53
44451	53
44452	53
44453	53
44454	53
44455	53
44456	53
44457	53
44458	53
44459	53
44460	53
44461	53
44462	53
44463	53
44464	53
44465	53
44466	53
44467	53
44468	53
44469	53
44470	53
44471	53
44472	53
44473	53
44474	53
44475	53
44476	53
44477	53
44478	53
44479	53
44480	53
44481	53
44482	53
44483	53
44484	53
44485	53
44486	53
44487	53
44488	53
44489	53
44490	53
44491	53
44492	53
44493	53
44494	53
44495	53
44496	53
44497	53
44498	53
44499	53
44500	53
44501	53
44502	53
44503	53
44504	53
44505	53
44506	53
44507	53
44508	53
44509	53
44510	53
44511	53
44512	53
44513	53
44514	53
44515	53
44516	53
44517	53
44518	53
44519	53
44520	53
44521	53
44522	53
44523	53
44524	53
44525	53
44526	53
44527	53
44528	53
44529	53
44530	53
44531	53
44532	53
44533	53
44534	53
44535	53
44536	53
44537	53
44538	53
44539	53
44540	53
44541	53
44542	53
44543	53
44544	53
44545	53
44546	53
44547	53
44548	53
44549	53
44550	53
44551	53
44552	53
44553	53
44554	53
44555	53
44556	53
44557	53
44558	53
44559	53
44560	53
44561	53
44562	53
44563	53
44564	53
44565	53
44566	53
44567	53
44568	53
44569	53
44570	53
44571	53
44572	53
44573	53
44574	53
44575	53
44576	53
44577	53
44578	53
44579	53
44580	53
44581	53
44582	53
44583	53
44584	53
44585	53
44586	53
44587	53
44588	53
44589	53
44590	53
44591	53
44592	53
44593	53
44594	53
44595	53
44596	53
44597	53
44598	53
44599	53
44600	53
44601	53
44602	53
44603	53
44604	53
44605	53
44606	53
44607	53
44608	53
44609	53
44610	53
44611	53
44612	53
44613	53
44614	53
44615	53
44616	53
44617	53
44618	53
44619	53
44620	53
44621	53
44622	53
44623	53
44624	53
44625	53
44626	53
44627	53
44628	53
44629	53
44630	53
44631	53
44632	53
44633	53
44634	53
44635	53
44636	53
44637	53
44638	53
44639	53
44640	53
44641	53
44642	53
44643	53
44644	53
44645	53
44646	53
44647	53
44648	53
44649	53
44650	53
44651	53
44652	53
44653	53
44654	53
44655	53
44656	53
44657	53
44658	53
44659	53
44660	53
44661	53
44662	53
44663	53
44664	53
44665	53
44666	53
44667	53
44668	53
44669	53
44670	53
44671	53
44672	53
44673	53
44674	53
44675	53
44676	53
44677	53
44678	53
44679	53
44680	53
44681	53
44682	53
44683	53
44684	53
44685	53
44686	53
44687	53
44688	53
44689	53
44690	53
44691	53
44692	53
44693	53
44694	53
44695	53
44696	53
44697	53
44698	53
44699	53
44700	53
44701	53
44702	53
44703	53
44704	53
44705	53
44706	53
44707	53
44708	53
44709	53
44710	53
44711	53
44712	53
44713	53
44714	53
44715	53
44716	53
44717	53
44718	53
44719	53
44720	53
44721	53
44722	53
44723	53
44724	53
44725	53
44726	53
44727	53
44728	53
44729	53
44730	53
44731	53
44732	53
44733	53
44734	53
44735	53
44736	53
44737	53
44738	53
44739	53
44740	53
44741	53
44742	53
44743	53
44744	53
44745	53
44746	53
44747	53
44748	53
44749	53
44750	53
44751	53
44752	53
44753	53
44754	53
44755	53
44756	53
44757	53
44758	53
44759	53
44760	53
44761	53
44762	53
44763	53
44764	53
44765	53
44766	53
44767	53
44768	53
44769	53
44770	53
44771	53
44772	53
44773	53
44774	53
44775	53
44776	53
44777	53
44778	53
44779	53
44780	53
44781	53
44782	53
44783	53
44784	53
44785	53
44786	53
44787	53
44788	53
44789	53
44790	53
44791	53
44792	53
44793	53
44794	53
44795	53
44796	53
44797	53
44798	53
44799	53
44800	53
44801	53
44802	53
44803	53
44804	53
44805	53
44806	53
44807	53
44808	53
44809	53
44810	53
44811	53
44812	53
44813	53
44814	53
44815	53
44816	53
44817	53
44818	53
44819	53
44820	53
44821	53
44822	53
44823	53
44824	53
44825	53
44826	53
44827	53
44828	53
44829	53
44830	53
44831	53
44832	53
44833	53
44834	53
44835	53
44836	53
44837	53
44838	53
44839	53
44840	53
44841	53
44842	53
44843	53
44844	53
44845	53
44846	53
44847	53
44848	53
44849	53
44850	53
44851	53
44852	53
44853	53
44854	53
44855	53
44856	53
44857	53
44858	53
44859	53
44860	53
44861	53
44862	53
44863	53
44864	53
44865	53
44866	53
44867	53
44868	53
44869	53
44870	53
44871	53
44872	53
44873	53
44874	53
44875	53
44876	53
44877	53
44878	53
44879	53
44880	53
44881	53
44882	53
44883	53
44884	53
44885	53
44886	53
44887	53
44888	53
44889	53
44890	53
44891	53
44892	53
44893	53
44894	53
44895	53
44896	53
44897	53
44898	53
44899	53
44900	53
44901	53
44902	53
44903	53
44904	53
44905	53
44906	53
44907	53
44908	53
44909	53
44910	53
44911	53
44912	53
44913	53
44914	53
44915	53
44916	53
44917	53
44918	53
44919	53
44920	53
44921	53
44922	53
44923	53
44924	53
44925	53
44926	53
44927	53
44928	53
44929	53
44930	53
44931	53
44932	53
44933	53
44934	53
44935	53
44936	53
44937	53
44938	53
44939	53
44940	53
44941	53
44942	53
44943	53
44944	53
44945	53
44946	53
44947	53
44948	53
44949	53
44950	53
44951	53
44952	53
44953	53
44954	53
44955	53
44956	53
44957	53
44958	53
44959	53
44960	53
44961	53
44962	53
44963	53
44964	53
44965	53
44966	53
44967	53
44968	53
44969	53
44970	53
44971	53
44972	53
44973	53
44974	53
44975	53
44976	53
44977	53
44978	53
44979	53
44980	53
44981	53
44982	54
44983	54
44984	54
44985	54
44986	54
44987	54
44988	54
44989	54
44990	54
44991	54
44992	54
44993	54
44994	54
44995	54
44996	54
44997	54
44998	54
44999	54
45000	54
45001	54
45002	54
45003	54
45004	54
45005	54
45006	54
45007	54
45008	54
45009	54
45010	54
45011	54
45012	54
45013	54
45014	54
45015	54
45016	54
45017	54
45018	54
45019	54
45020	54
45021	54
45022	54
45023	54
45024	54
45025	54
45026	54
45027	54
45028	54
45029	54
45030	54
45031	54
45032	54
45033	54
45034	54
45035	54
45036	54
45037	54
45038	54
45039	54
45040	54
45041	54
45042	54
45043	54
45044	54
45045	54
45046	54
45047	54
45048	54
45049	54
45050	54
45051	54
45052	54
45053	54
45054	54
45055	54
45056	54
45057	54
45058	54
45059	54
45060	54
45061	54
45062	54
45063	54
45064	54
45065	54
45066	54
45067	54
45068	54
45069	54
45070	54
45071	54
45072	54
45073	54
45074	54
45075	54
45076	54
45077	54
45078	54
45079	54
45080	54
45081	54
45082	54
45083	54
45084	54
45085	54
45086	54
45087	54
45088	54
45089	54
45090	54
45091	54
45092	54
45093	54
45094	54
45095	54
45096	54
45097	54
45098	54
45099	54
45100	54
45101	54
45102	54
45103	54
45104	54
45105	54
45106	54
45107	54
45108	54
45109	54
45110	54
45111	54
45112	54
45113	54
45114	54
45115	54
45116	54
45117	54
45118	54
45119	54
45120	54
45121	54
45122	54
45123	54
45124	54
45125	54
45126	54
45127	54
45128	54
45129	54
45130	54
45131	54
45132	54
45133	54
45134	54
45135	54
45136	54
45137	54
45138	54
45139	54
45140	54
45141	54
45142	54
45143	54
45144	54
45145	54
45146	54
45147	54
45148	54
45149	54
45150	54
45151	54
45152	54
45153	54
45154	54
45155	54
45156	54
45157	54
45158	54
45159	54
45160	54
45161	54
45162	54
45163	54
45164	54
45165	54
45166	54
45167	54
45168	54
45169	54
45170	54
45171	54
45172	54
45173	54
45174	54
45175	54
45176	54
45177	54
45178	54
45179	54
45180	54
45181	54
45182	54
45183	54
45184	54
45185	54
45186	54
45187	54
45188	54
45189	54
45190	54
45191	54
45192	54
45193	54
45194	54
45195	54
45196	54
45197	54
45198	54
45199	54
45200	54
45201	54
45202	54
45203	54
45204	54
45205	54
45206	54
45207	54
45208	54
45209	54
45210	54
45211	54
45212	54
45213	54
45214	54
45215	54
45216	54
45217	54
45218	54
45219	54
45220	54
45221	54
45222	54
45223	54
45224	54
45225	54
45226	54
45227	54
45228	54
45229	54
45230	54
45231	54
45232	54
45233	54
45234	54
45235	54
45236	54
45237	54
45238	54
45239	54
45240	54
45241	54
45242	54
45243	54
45244	54
45245	54
45246	54
45247	54
45248	54
45249	54
45250	54
45251	54
45252	54
45253	54
45254	54
45255	54
45256	54
45257	54
45258	54
45259	54
45260	54
45261	54
45262	54
45263	54
45264	54
45265	54
45266	54
45267	54
45268	54
45269	54
45270	54
45271	54
45272	54
45273	54
45274	54
45275	54
45276	54
45277	54
45278	54
45279	54
45280	54
45281	54
45282	54
45283	54
45284	54
45285	54
45286	54
45287	54
45288	54
45289	54
45290	54
45291	54
45292	54
45293	54
45294	54
45295	54
45296	54
45297	54
45298	54
45299	54
45300	54
45301	54
45302	54
45303	54
45304	54
45305	54
45306	54
45307	54
45308	54
45309	54
45310	54
45311	54
45312	54
45313	54
45314	54
45315	54
45316	54
45317	54
45318	54
45319	54
45320	54
45321	54
45322	54
45323	54
45324	54
45325	54
45326	54
45327	54
45328	54
45329	54
45330	54
45331	54
45332	54
45333	54
45334	54
45335	54
45336	54
45337	54
45338	54
45339	54
45340	54
45341	54
45342	54
45343	54
45344	54
45345	54
45346	54
45347	54
45348	54
45349	54
45350	54
45351	54
45352	54
45353	54
45354	54
45355	54
45356	54
45357	54
45358	54
45359	54
45360	54
45361	54
45362	54
45363	54
45364	54
45365	54
45366	54
45367	54
45368	54
45369	54
45370	54
45371	54
45372	54
45373	54
45374	54
45375	54
45376	54
45377	54
45378	54
45379	54
45380	54
45381	54
45382	54
45383	54
45384	54
45385	54
45386	54
45387	54
45388	54
45389	54
45390	54
45391	54
45392	54
45393	54
45394	54
45395	54
45396	54
45397	54
45398	54
45399	54
45400	54
45401	54
45402	54
45403	54
45404	54
45405	54
45406	54
45407	54
45408	54
45409	54
45410	54
45411	54
45412	54
45413	54
45414	54
45415	54
45416	54
45417	54
45418	54
45419	54
45420	54
45421	54
45422	54
45423	54
45424	54
45425	54
45426	54
45427	54
45428	54
45429	54
45430	54
45431	54
45432	54
45433	54
45434	54
45435	54
45436	54
45437	54
45438	54
45439	54
45440	54
45441	54
45442	54
45443	54
45444	54
45445	54
45446	54
45447	54
45448	54
45449	54
45450	54
45451	54
45452	54
45453	54
45454	54
45455	54
45456	54
45457	54
45458	54
45459	54
45460	54
45461	54
45462	54
45463	54
45464	54
45465	54
45466	54
45467	54
45468	54
45469	54
45470	54
45471	54
45472	54
45473	54
45474	54
45475	54
45476	54
45477	54
45478	54
45479	54
45480	54
45481	54
45482	54
45483	54
45484	54
45485	54
45486	54
45487	54
45488	54
45489	54
45490	54
45491	54
45492	54
45493	54
45494	54
45495	54
45496	54
45497	54
45498	54
45499	54
45500	54
45501	54
45502	54
45503	54
45504	54
45505	54
45506	54
45507	54
45508	54
45509	54
45510	54
45511	54
45512	54
45513	54
45514	54
45515	54
45516	54
45517	54
45518	54
45519	54
45520	54
45521	54
45522	54
45523	54
45524	54
45525	54
45526	54
45527	54
45528	54
45529	54
45530	54
45531	54
45532	54
45533	54
45534	54
45535	54
45536	54
45537	54
45538	54
45539	54
45540	54
45541	54
45542	54
45543	54
45544	54
45545	54
45546	54
45547	54
45548	54
45549	54
45550	54
45551	54
45552	54
45553	54
45554	54
45555	54
45556	54
45557	54
45558	54
45559	54
45560	54
45561	54
45562	54
45563	54
45564	54
45565	54
45566	54
45567	54
45568	54
45569	54
45570	54
45571	54
45572	54
45573	54
45574	54
45575	54
45576	54
45577	54
45578	54
45579	54
45580	54
45581	54
45582	54
45583	54
45584	54
45585	54
45586	54
45587	54
45588	54
45589	54
45590	54
45591	54
45592	54
45593	54
45594	54
45595	54
45596	54
45597	54
45598	54
45599	54
45600	54
45601	54
45602	54
45603	54
45604	54
45605	54
45606	54
45607	54
45608	54
45609	54
45610	54
45611	54
45612	54
45613	54
45614	54
45615	54
45616	54
45617	54
45618	54
45619	54
45620	54
45621	54
45622	54
45623	54
45624	54
45625	54
45626	54
45627	54
45628	54
45629	54
45630	54
45631	54
45632	54
45633	54
45634	54
45635	54
45636	54
45637	54
45638	54
45639	54
45640	54
45641	54
45642	54
45643	54
45644	54
45645	54
45646	54
45647	54
45648	54
45649	54
45650	54
45651	54
45652	54
45653	54
45654	54
45655	54
45656	54
45657	54
45658	54
45659	54
45660	54
45661	54
45662	54
45663	54
45664	54
45665	54
45666	54
45667	54
45668	54
45669	54
45670	54
45671	54
45672	54
45673	54
45674	54
45675	54
45676	54
45677	54
45678	54
45679	54
45680	54
45681	54
45682	54
45683	54
45684	54
45685	54
45686	54
45687	54
45688	54
45689	54
45690	54
45691	54
45692	54
45693	54
45694	54
45695	54
45696	54
45697	54
45698	54
45699	54
45700	54
45701	54
45702	54
45703	54
45704	54
45705	54
45706	54
45707	54
45708	54
45709	54
45710	54
45711	54
45712	54
45713	54
45714	54
45715	54
45716	54
45717	54
45718	54
45719	54
45720	54
45721	54
45722	54
45723	54
45724	54
45725	54
45726	54
45727	54
45728	54
45729	54
45730	54
45731	54
45732	54
45733	54
45734	54
45735	54
45736	54
45737	54
45738	54
45739	54
45740	54
45741	54
45742	54
45743	54
45744	54
45745	54
45746	54
45747	54
45748	54
45749	54
45750	54
45751	54
45752	54
45753	54
45754	54
45755	54
45756	54
45757	54
45758	54
45759	54
45760	54
45761	54
45762	54
45763	54
45764	54
45765	54
45766	54
45767	54
45768	54
45769	54
45770	54
45771	54
45772	54
45773	54
45774	54
45775	54
45776	54
45777	54
45778	54
45779	54
45780	54
45781	54
45782	54
45783	54
45784	54
45785	54
45786	54
45787	54
45788	54
45789	54
45790	54
45791	54
45792	54
45793	54
45794	54
45795	54
45796	54
45797	54
45798	54
45799	54
45800	54
45801	54
45802	54
45803	54
45804	54
45805	54
45806	54
45807	54
45808	54
45809	54
45810	54
45811	54
45812	54
45813	54
45814	54
45815	55
45816	55
45817	55
45818	55
45819	55
45820	55
45821	55
45822	55
45823	55
45824	55
45825	55
45826	55
45827	55
45828	55
45829	55
45830	55
45831	55
45832	55
45833	55
45834	55
45835	55
45836	55
45837	55
45838	55
45839	55
45840	55
45841	55
45842	55
45843	55
45844	55
45845	55
45846	55
45847	55
45848	55
45849	55
45850	55
45851	55
45852	55
45853	55
45854	55
45855	55
45856	55
45857	55
45858	55
45859	55
45860	55
45861	55
45862	55
45863	55
45864	55
45865	55
45866	55
45867	55
45868	55
45869	55
45870	55
45871	55
45872	55
45873	55
45874	55
45875	55
45876	55
45877	55
45878	55
45879	55
45880	55
45881	55
45882	55
45883	55
45884	55
45885	55
45886	55
45887	55
45888	55
45889	55
45890	55
45891	55
45892	55
45893	55
45894	55
45895	55
45896	55
45897	55
45898	55
45899	55
45900	55
45901	55
45902	55
45903	55
45904	55
45905	55
45906	55
45907	55
45908	55
45909	55
45910	55
45911	55
45912	55
45913	55
45914	55
45915	55
45916	55
45917	55
45918	55
45919	55
45920	55
45921	55
45922	55
45923	55
45924	55
45925	55
45926	55
45927	55
45928	55
45929	55
45930	55
45931	55
45932	55
45933	55
45934	55
45935	55
45936	55
45937	55
45938	55
45939	55
45940	55
45941	55
45942	55
45943	55
45944	55
45945	55
45946	55
45947	55
45948	55
45949	55
45950	55
45951	55
45952	55
45953	55
45954	55
45955	55
45956	55
45957	55
45958	55
45959	55
45960	55
45961	55
45962	55
45963	55
45964	55
45965	55
45966	55
45967	55
45968	55
45969	55
45970	55
45971	55
45972	55
45973	55
45974	55
45975	55
45976	55
45977	55
45978	55
45979	55
45980	55
45981	55
45982	55
45983	55
45984	55
45985	55
45986	55
45987	55
45988	55
45989	55
45990	55
45991	55
45992	55
45993	55
45994	55
45995	55
45996	55
45997	55
45998	55
45999	55
46000	55
46001	55
46002	55
46003	55
46004	55
46005	55
46006	55
46007	55
46008	55
46009	55
46010	55
46011	55
46012	55
46013	55
46014	55
46015	55
46016	55
46017	55
46018	55
46019	55
46020	55
46021	55
46022	55
46023	55
46024	55
46025	55
46026	55
46027	55
46028	55
46029	55
46030	55
46031	55
46032	55
46033	55
46034	55
46035	55
46036	55
46037	55
46038	55
46039	55
46040	55
46041	55
46042	55
46043	55
46044	55
46045	55
46046	55
46047	55
46048	55
46049	55
46050	55
46051	55
46052	55
46053	55
46054	55
46055	55
46056	55
46057	55
46058	55
46059	55
46060	55
46061	55
46062	55
46063	55
46064	55
46065	55
46066	55
46067	55
46068	55
46069	55
46070	55
46071	55
46072	55
46073	55
46074	55
46075	55
46076	55
46077	55
46078	55
46079	55
46080	55
46081	55
46082	55
46083	55
46084	55
46085	55
46086	55
46087	55
46088	55
46089	55
46090	55
46091	55
46092	55
46093	55
46094	55
46095	55
46096	55
46097	55
46098	55
46099	55
46100	55
46101	55
46102	55
46103	55
46104	55
46105	55
46106	55
46107	55
46108	55
46109	55
46110	55
46111	55
46112	55
46113	55
46114	55
46115	55
46116	55
46117	55
46118	55
46119	55
46120	55
46121	55
46122	55
46123	55
46124	55
46125	55
46126	55
46127	55
46128	55
46129	55
46130	55
46131	55
46132	55
46133	55
46134	55
46135	55
46136	55
46137	55
46138	55
46139	55
46140	55
46141	55
46142	55
46143	55
46144	55
46145	55
46146	55
46147	55
46148	55
46149	55
46150	55
46151	55
46152	55
46153	55
46154	55
46155	55
46156	55
46157	55
46158	55
46159	55
46160	55
46161	55
46162	55
46163	55
46164	55
46165	55
46166	55
46167	55
46168	55
46169	55
46170	55
46171	55
46172	55
46173	55
46174	55
46175	55
46176	55
46177	55
46178	55
46179	55
46180	55
46181	55
46182	55
46183	55
46184	55
46185	55
46186	55
46187	55
46188	55
46189	55
46190	55
46191	55
46192	55
46193	55
46194	55
46195	55
46196	55
46197	55
46198	55
46199	55
46200	55
46201	55
46202	55
46203	55
46204	55
46205	55
46206	55
46207	55
46208	55
46209	55
46210	55
46211	55
46212	55
46213	55
46214	55
46215	55
46216	55
46217	55
46218	55
46219	55
46220	55
46221	55
46222	55
46223	55
46224	55
46225	55
46226	55
46227	55
46228	55
46229	55
46230	55
46231	55
46232	55
46233	55
46234	55
46235	55
46236	55
46237	55
46238	55
46239	55
46240	55
46241	55
46242	55
46243	55
46244	55
46245	55
46246	55
46247	55
46248	55
46249	55
46250	55
46251	55
46252	55
46253	55
46254	55
46255	55
46256	55
46257	55
46258	55
46259	55
46260	55
46261	55
46262	55
46263	55
46264	55
46265	55
46266	55
46267	55
46268	55
46269	55
46270	55
46271	55
46272	55
46273	55
46274	55
46275	55
46276	55
46277	55
46278	55
46279	55
46280	55
46281	55
46282	55
46283	55
46284	55
46285	55
46286	55
46287	55
46288	55
46289	55
46290	55
46291	55
46292	55
46293	55
46294	55
46295	55
46296	55
46297	55
46298	55
46299	55
46300	55
46301	55
46302	55
46303	55
46304	55
46305	55
46306	55
46307	55
46308	55
46309	55
46310	55
46311	55
46312	55
46313	55
46314	55
46315	55
46316	55
46317	55
46318	55
46319	55
46320	55
46321	55
46322	55
46323	55
46324	55
46325	55
46326	55
46327	55
46328	55
46329	55
46330	55
46331	55
46332	55
46333	55
46334	55
46335	55
46336	55
46337	55
46338	55
46339	55
46340	55
46341	55
46342	55
46343	55
46344	55
46345	55
46346	55
46347	55
46348	55
46349	55
46350	55
46351	55
46352	55
46353	55
46354	55
46355	55
46356	55
46357	55
46358	55
46359	55
46360	55
46361	55
46362	55
46363	55
46364	55
46365	55
46366	55
46367	55
46368	55
46369	55
46370	55
46371	55
46372	55
46373	55
46374	55
46375	55
46376	55
46377	55
46378	55
46379	55
46380	55
46381	55
46382	55
46383	55
46384	55
46385	55
46386	55
46387	55
46388	55
46389	55
46390	55
46391	55
46392	55
46393	55
46394	55
46395	55
46396	55
46397	55
46398	55
46399	55
46400	55
46401	55
46402	55
46403	55
46404	55
46405	55
46406	55
46407	55
46408	55
46409	55
46410	55
46411	55
46412	55
46413	55
46414	55
46415	55
46416	55
46417	55
46418	55
46419	55
46420	55
46421	55
46422	55
46423	55
46424	55
46425	55
46426	55
46427	55
46428	55
46429	55
46430	55
46431	55
46432	55
46433	55
46434	55
46435	55
46436	55
46437	55
46438	55
46439	55
46440	55
46441	55
46442	55
46443	55
46444	55
46445	55
46446	55
46447	55
46448	55
46449	55
46450	55
46451	55
46452	55
46453	55
46454	55
46455	55
46456	55
46457	55
46458	55
46459	55
46460	55
46461	55
46462	55
46463	55
46464	55
46465	55
46466	55
46467	55
46468	55
46469	55
46470	55
46471	55
46472	55
46473	55
46474	55
46475	55
46476	55
46477	55
46478	55
46479	55
46480	55
46481	55
46482	55
46483	55
46484	55
46485	55
46486	55
46487	55
46488	55
46489	55
46490	55
46491	55
46492	55
46493	55
46494	55
46495	55
46496	55
46497	55
46498	55
46499	55
46500	55
46501	55
46502	55
46503	55
46504	55
46505	55
46506	55
46507	55
46508	55
46509	55
46510	55
46511	55
46512	55
46513	55
46514	55
46515	55
46516	55
46517	55
46518	55
46519	55
46520	55
46521	55
46522	55
46523	55
46524	55
46525	55
46526	55
46527	55
46528	55
46529	55
46530	55
46531	55
46532	55
46533	55
46534	55
46535	55
46536	55
46537	55
46538	55
46539	55
46540	55
46541	55
46542	55
46543	55
46544	55
46545	55
46546	55
46547	55
46548	55
46549	55
46550	55
46551	55
46552	55
46553	55
46554	55
46555	55
46556	55
46557	55
46558	55
46559	55
46560	55
46561	55
46562	55
46563	55
46564	55
46565	55
46566	55
46567	55
46568	55
46569	55
46570	55
46571	55
46572	55
46573	55
46574	55
46575	55
46576	55
46577	55
46578	55
46579	55
46580	55
46581	55
46582	55
46583	55
46584	55
46585	55
46586	55
46587	55
46588	55
46589	55
46590	55
46591	55
46592	55
46593	55
46594	55
46595	55
46596	55
46597	55
46598	55
46599	55
46600	55
46601	55
46602	55
46603	55
46604	55
46605	55
46606	55
46607	55
46608	55
46609	55
46610	55
46611	55
46612	55
46613	55
46614	55
46615	55
46616	55
46617	55
46618	55
46619	55
46620	55
46621	55
46622	55
46623	55
46624	55
46625	55
46626	55
46627	55
46628	55
46629	55
46630	55
46631	55
46632	55
46633	55
46634	55
46635	55
46636	55
46637	55
46638	55
46639	55
46640	55
46641	55
46642	55
46643	55
46644	55
46645	55
46646	55
46647	55
46648	56
46649	56
46650	56
46651	56
46652	56
46653	56
46654	56
46655	56
46656	56
46657	56
46658	56
46659	56
46660	56
46661	56
46662	56
46663	56
46664	56
46665	56
46666	56
46667	56
46668	56
46669	56
46670	56
46671	56
46672	56
46673	56
46674	56
46675	56
46676	56
46677	56
46678	56
46679	56
46680	56
46681	56
46682	56
46683	56
46684	56
46685	56
46686	56
46687	56
46688	56
46689	56
46690	56
46691	56
46692	56
46693	56
46694	56
46695	56
46696	56
46697	56
46698	56
46699	56
46700	56
46701	56
46702	56
46703	56
46704	56
46705	56
46706	56
46707	56
46708	56
46709	56
46710	56
46711	56
46712	56
46713	56
46714	56
46715	56
46716	56
46717	56
46718	56
46719	56
46720	56
46721	56
46722	56
46723	56
46724	56
46725	56
46726	56
46727	56
46728	56
46729	56
46730	56
46731	56
46732	56
46733	56
46734	56
46735	56
46736	56
46737	56
46738	56
46739	56
46740	56
46741	56
46742	56
46743	56
46744	56
46745	56
46746	56
46747	56
46748	56
46749	56
46750	56
46751	56
46752	56
46753	56
46754	56
46755	56
46756	56
46757	56
46758	56
46759	56
46760	56
46761	56
46762	56
46763	56
46764	56
46765	56
46766	56
46767	56
46768	56
46769	56
46770	56
46771	56
46772	56
46773	56
46774	56
46775	56
46776	56
46777	56
46778	56
46779	56
46780	56
46781	56
46782	56
46783	56
46784	56
46785	56
46786	56
46787	56
46788	56
46789	56
46790	56
46791	56
46792	56
46793	56
46794	56
46795	56
46796	56
46797	56
46798	56
46799	56
46800	56
46801	56
46802	56
46803	56
46804	56
46805	56
46806	56
46807	56
46808	56
46809	56
46810	56
46811	56
46812	56
46813	56
46814	56
46815	56
46816	56
46817	56
46818	56
46819	56
46820	56
46821	56
46822	56
46823	56
46824	56
46825	56
46826	56
46827	56
46828	56
46829	56
46830	56
46831	56
46832	56
46833	56
46834	56
46835	56
46836	56
46837	56
46838	56
46839	56
46840	56
46841	56
46842	56
46843	56
46844	56
46845	56
46846	56
46847	56
46848	56
46849	56
46850	56
46851	56
46852	56
46853	56
46854	56
46855	56
46856	56
46857	56
46858	56
46859	56
46860	56
46861	56
46862	56
46863	56
46864	56
46865	56
46866	56
46867	56
46868	56
46869	56
46870	56
46871	56
46872	56
46873	56
46874	56
46875	56
46876	56
46877	56
46878	56
46879	56
46880	56
46881	56
46882	56
46883	56
46884	56
46885	56
46886	56
46887	56
46888	56
46889	56
46890	56
46891	56
46892	56
46893	56
46894	56
46895	56
46896	56
46897	56
46898	56
46899	56
46900	56
46901	56
46902	56
46903	56
46904	56
46905	56
46906	56
46907	56
46908	56
46909	56
46910	56
46911	56
46912	56
46913	56
46914	56
46915	56
46916	56
46917	56
46918	56
46919	56
46920	56
46921	56
46922	56
46923	56
46924	56
46925	56
46926	56
46927	56
46928	56
46929	56
46930	56
46931	56
46932	56
46933	56
46934	56
46935	56
46936	56
46937	56
46938	56
46939	56
46940	56
46941	56
46942	56
46943	56
46944	56
46945	56
46946	56
46947	56
46948	56
46949	56
46950	56
46951	56
46952	56
46953	56
46954	56
46955	56
46956	56
46957	56
46958	56
46959	56
46960	56
46961	56
46962	56
46963	56
46964	56
46965	56
46966	56
46967	56
46968	56
46969	56
46970	56
46971	56
46972	56
46973	56
46974	56
46975	56
46976	56
46977	56
46978	56
46979	56
46980	56
46981	56
46982	56
46983	56
46984	56
46985	56
46986	56
46987	56
46988	56
46989	56
46990	56
46991	56
46992	56
46993	56
46994	56
46995	56
46996	56
46997	56
46998	56
46999	56
47000	56
47001	56
47002	56
47003	56
47004	56
47005	56
47006	56
47007	56
47008	56
47009	56
47010	56
47011	56
47012	56
47013	56
47014	56
47015	56
47016	56
47017	56
47018	56
47019	56
47020	56
47021	56
47022	56
47023	56
47024	56
47025	56
47026	56
47027	56
47028	56
47029	56
47030	56
47031	56
47032	56
47033	56
47034	56
47035	56
47036	56
47037	56
47038	56
47039	56
47040	56
47041	56
47042	56
47043	56
47044	56
47045	56
47046	56
47047	56
47048	56
47049	56
47050	56
47051	56
47052	56
47053	56
47054	56
47055	56
47056	56
47057	56
47058	56
47059	56
47060	56
47061	56
47062	56
47063	56
47064	56
47065	56
47066	56
47067	56
47068	56
47069	56
47070	56
47071	56
47072	56
47073	56
47074	56
47075	56
47076	56
47077	56
47078	56
47079	56
47080	56
47081	56
47082	56
47083	56
47084	56
47085	56
47086	56
47087	56
47088	56
47089	56
47090	56
47091	56
47092	56
47093	56
47094	56
47095	56
47096	56
47097	56
47098	56
47099	56
47100	56
47101	56
47102	56
47103	56
47104	56
47105	56
47106	56
47107	56
47108	56
47109	56
47110	56
47111	56
47112	56
47113	56
47114	56
47115	56
47116	56
47117	56
47118	56
47119	56
47120	56
47121	56
47122	56
47123	56
47124	56
47125	56
47126	56
47127	56
47128	56
47129	56
47130	56
47131	56
47132	56
47133	56
47134	56
47135	56
47136	56
47137	56
47138	56
47139	56
47140	56
47141	56
47142	56
47143	56
47144	56
47145	56
47146	56
47147	56
47148	56
47149	56
47150	56
47151	56
47152	56
47153	56
47154	56
47155	56
47156	56
47157	56
47158	56
47159	56
47160	56
47161	56
47162	56
47163	56
47164	56
47165	56
47166	56
47167	56
47168	56
47169	56
47170	56
47171	56
47172	56
47173	56
47174	56
47175	56
47176	56
47177	56
47178	56
47179	56
47180	56
47181	56
47182	56
47183	56
47184	56
47185	56
47186	56
47187	56
47188	56
47189	56
47190	56
47191	56
47192	56
47193	56
47194	56
47195	56
47196	56
47197	56
47198	56
47199	56
47200	56
47201	56
47202	56
47203	56
47204	56
47205	56
47206	56
47207	56
47208	56
47209	56
47210	56
47211	56
47212	56
47213	56
47214	56
47215	56
47216	56
47217	56
47218	56
47219	56
47220	56
47221	56
47222	56
47223	56
47224	56
47225	56
47226	56
47227	56
47228	56
47229	56
47230	56
47231	56
47232	56
47233	56
47234	56
47235	56
47236	56
47237	56
47238	56
47239	56
47240	56
47241	56
47242	56
47243	56
47244	56
47245	56
47246	56
47247	56
47248	56
47249	56
47250	56
47251	56
47252	56
47253	56
47254	56
47255	56
47256	56
47257	56
47258	56
47259	56
47260	56
47261	56
47262	56
47263	56
47264	56
47265	56
47266	56
47267	56
47268	56
47269	56
47270	56
47271	56
47272	56
47273	56
47274	56
47275	56
47276	56
47277	56
47278	56
47279	56
47280	56
47281	56
47282	56
47283	56
47284	56
47285	56
47286	56
47287	56
47288	56
47289	56
47290	56
47291	56
47292	56
47293	56
47294	56
47295	56
47296	56
47297	56
47298	56
47299	56
47300	56
47301	56
47302	56
47303	56
47304	56
47305	56
47306	56
47307	56
47308	56
47309	56
47310	56
47311	56
47312	56
47313	56
47314	56
47315	56
47316	56
47317	56
47318	56
47319	56
47320	56
47321	56
47322	56
47323	56
47324	56
47325	56
47326	56
47327	56
47328	56
47329	56
47330	56
47331	56
47332	56
47333	56
47334	56
47335	56
47336	56
47337	56
47338	56
47339	56
47340	56
47341	56
47342	56
47343	56
47344	56
47345	56
47346	56
47347	56
47348	56
47349	56
47350	56
47351	56
47352	56
47353	56
47354	56
47355	56
47356	56
47357	56
47358	56
47359	56
47360	56
47361	56
47362	56
47363	56
47364	56
47365	56
47366	56
47367	56
47368	56
47369	56
47370	56
47371	56
47372	56
47373	56
47374	56
47375	56
47376	56
47377	56
47378	56
47379	56
47380	56
47381	56
47382	56
47383	56
47384	56
47385	56
47386	56
47387	56
47388	56
47389	56
47390	56
47391	56
47392	56
47393	56
47394	56
47395	56
47396	56
47397	56
47398	56
47399	56
47400	56
47401	56
47402	56
47403	56
47404	56
47405	56
47406	56
47407	56
47408	56
47409	56
47410	56
47411	56
47412	56
47413	56
47414	56
47415	56
47416	56
47417	56
47418	56
47419	56
47420	56
47421	56
47422	56
47423	56
47424	56
47425	56
47426	56
47427	56
47428	56
47429	56
47430	56
47431	56
47432	56
47433	56
47434	56
47435	56
47436	56
47437	56
47438	56
47439	56
47440	56
47441	56
47442	56
47443	56
47444	56
47445	56
47446	56
47447	56
47448	56
47449	56
47450	56
47451	56
47452	56
47453	56
47454	56
47455	56
47456	56
47457	56
47458	56
47459	56
47460	56
47461	56
47462	56
47463	56
47464	56
47465	56
47466	56
47467	56
47468	56
47469	56
47470	56
47471	56
47472	56
47473	56
47474	56
47475	56
47476	56
47477	56
47478	56
47479	56
47480	56
47481	57
47482	57
47483	57
47484	57
47485	57
47486	57
47487	57
47488	57
47489	57
47490	57
47491	57
47492	57
47493	57
47494	57
47495	57
47496	57
47497	57
47498	57
47499	57
47500	57
47501	57
47502	57
47503	57
47504	57
47505	57
47506	57
47507	57
47508	57
47509	57
47510	57
47511	57
47512	57
47513	57
47514	57
47515	57
47516	57
47517	57
47518	57
47519	57
47520	57
47521	57
47522	57
47523	57
47524	57
47525	57
47526	57
47527	57
47528	57
47529	57
47530	57
47531	57
47532	57
47533	57
47534	57
47535	57
47536	57
47537	57
47538	57
47539	57
47540	57
47541	57
47542	57
47543	57
47544	57
47545	57
47546	57
47547	57
47548	57
47549	57
47550	57
47551	57
47552	57
47553	57
47554	57
47555	57
47556	57
47557	57
47558	57
47559	57
47560	57
47561	57
47562	57
47563	57
47564	57
47565	57
47566	57
47567	57
47568	57
47569	57
47570	57
47571	57
47572	57
47573	57
47574	57
47575	57
47576	57
47577	57
47578	57
47579	57
47580	57
47581	57
47582	57
47583	57
47584	57
47585	57
47586	57
47587	57
47588	57
47589	57
47590	57
47591	57
47592	57
47593	57
47594	57
47595	57
47596	57
47597	57
47598	57
47599	57
47600	57
47601	57
47602	57
47603	57
47604	57
47605	57
47606	57
47607	57
47608	57
47609	57
47610	57
47611	57
47612	57
47613	57
47614	57
47615	57
47616	57
47617	57
47618	57
47619	57
47620	57
47621	57
47622	57
47623	57
47624	57
47625	57
47626	57
47627	57
47628	57
47629	57
47630	57
47631	57
47632	57
47633	57
47634	57
47635	57
47636	57
47637	57
47638	57
47639	57
47640	57
47641	57
47642	57
47643	57
47644	57
47645	57
47646	57
47647	57
47648	57
47649	57
47650	57
47651	57
47652	57
47653	57
47654	57
47655	57
47656	57
47657	57
47658	57
47659	57
47660	57
47661	57
47662	57
47663	57
47664	57
47665	57
47666	57
47667	57
47668	57
47669	57
47670	57
47671	57
47672	57
47673	57
47674	57
47675	57
47676	57
47677	57
47678	57
47679	57
47680	57
47681	57
47682	57
47683	57
47684	57
47685	57
47686	57
47687	57
47688	57
47689	57
47690	57
47691	57
47692	57
47693	57
47694	57
47695	57
47696	57
47697	57
47698	57
47699	57
47700	57
47701	57
47702	57
47703	57
47704	57
47705	57
47706	57
47707	57
47708	57
47709	57
47710	57
47711	57
47712	57
47713	57
47714	57
47715	57
47716	57
47717	57
47718	57
47719	57
47720	57
47721	57
47722	57
47723	57
47724	57
47725	57
47726	57
47727	57
47728	57
47729	57
47730	57
47731	57
47732	57
47733	57
47734	57
47735	57
47736	57
47737	57
47738	57
47739	57
47740	57
47741	57
47742	57
47743	57
47744	57
47745	57
47746	57
47747	57
47748	57
47749	57
47750	57
47751	57
47752	57
47753	57
47754	57
47755	57
47756	57
47757	57
47758	57
47759	57
47760	57
47761	57
47762	57
47763	57
47764	57
47765	57
47766	57
47767	57
47768	57
47769	57
47770	57
47771	57
47772	57
47773	57
47774	57
47775	57
47776	57
47777	57
47778	57
47779	57
47780	57
47781	57
47782	57
47783	57
47784	57
47785	57
47786	57
47787	57
47788	57
47789	57
47790	57
47791	57
47792	57
47793	57
47794	57
47795	57
47796	57
47797	57
47798	57
47799	57
47800	57
47801	57
47802	57
47803	57
47804	57
47805	57
47806	57
47807	57
47808	57
47809	57
47810	57
47811	57
47812	57
47813	57
47814	57
47815	57
47816	57
47817	57
47818	57
47819	57
47820	57
47821	57
47822	57
47823	57
47824	57
47825	57
47826	57
47827	57
47828	57
47829	57
47830	57
47831	57
47832	57
47833	57
47834	57
47835	57
47836	57
47837	57
47838	57
47839	57
47840	57
47841	57
47842	57
47843	57
47844	57
47845	57
47846	57
47847	57
47848	57
47849	57
47850	57
47851	57
47852	57
47853	57
47854	57
47855	57
47856	57
47857	57
47858	57
47859	57
47860	57
47861	57
47862	57
47863	57
47864	57
47865	57
47866	57
47867	57
47868	57
47869	57
47870	57
47871	57
47872	57
47873	57
47874	57
47875	57
47876	57
47877	57
47878	57
47879	57
47880	57
47881	57
47882	57
47883	57
47884	57
47885	57
47886	57
47887	57
47888	57
47889	57
47890	57
47891	57
47892	57
47893	57
47894	57
47895	57
47896	57
47897	57
47898	57
47899	57
47900	57
47901	57
47902	57
47903	57
47904	57
47905	57
47906	57
47907	57
47908	57
47909	57
47910	57
47911	57
47912	57
47913	57
47914	57
47915	57
47916	57
47917	57
47918	57
47919	57
47920	57
47921	57
47922	57
47923	57
47924	57
47925	57
47926	57
47927	57
47928	57
47929	57
47930	57
47931	57
47932	57
47933	57
47934	57
47935	57
47936	57
47937	57
47938	57
47939	57
47940	57
47941	57
47942	57
47943	57
47944	57
47945	57
47946	57
47947	57
47948	57
47949	57
47950	57
47951	57
47952	57
47953	57
47954	57
47955	57
47956	57
47957	57
47958	57
47959	57
47960	57
47961	57
47962	57
47963	57
47964	57
47965	57
47966	57
47967	57
47968	57
47969	57
47970	57
47971	57
47972	57
47973	57
47974	57
47975	57
47976	57
47977	57
47978	57
47979	57
47980	57
47981	57
47982	57
47983	57
47984	57
47985	57
47986	57
47987	57
47988	57
47989	57
47990	57
47991	57
47992	57
47993	57
47994	57
47995	57
47996	57
47997	57
47998	57
47999	57
48000	57
48001	57
48002	57
48003	57
48004	57
48005	57
48006	57
48007	57
48008	57
48009	57
48010	57
48011	57
48012	57
48013	57
48014	57
48015	57
48016	57
48017	57
48018	57
48019	57
48020	57
48021	57
48022	57
48023	57
48024	57
48025	57
48026	57
48027	57
48028	57
48029	57
48030	57
48031	57
48032	57
48033	57
48034	57
48035	57
48036	57
48037	57
48038	57
48039	57
48040	57
48041	57
48042	57
48043	57
48044	57
48045	57
48046	57
48047	57
48048	57
48049	57
48050	57
48051	57
48052	57
48053	57
48054	57
48055	57
48056	57
48057	57
48058	57
48059	57
48060	57
48061	57
48062	57
48063	57
48064	57
48065	57
48066	57
48067	57
48068	57
48069	57
48070	57
48071	57
48072	57
48073	57
48074	57
48075	57
48076	57
48077	57
48078	57
48079	57
48080	57
48081	57
48082	57
48083	57
48084	57
48085	57
48086	57
48087	57
48088	57
48089	57
48090	57
48091	57
48092	57
48093	57
48094	57
48095	57
48096	57
48097	57
48098	57
48099	57
48100	57
48101	57
48102	57
48103	57
48104	57
48105	57
48106	57
48107	57
48108	57
48109	57
48110	57
48111	57
48112	57
48113	57
48114	57
48115	57
48116	57
48117	57
48118	57
48119	57
48120	57
48121	57
48122	57
48123	57
48124	57
48125	57
48126	57
48127	57
48128	57
48129	57
48130	57
48131	57
48132	57
48133	57
48134	57
48135	57
48136	57
48137	57
48138	57
48139	57
48140	57
48141	57
48142	57
48143	57
48144	57
48145	57
48146	57
48147	57
48148	57
48149	57
48150	57
48151	57
48152	57
48153	57
48154	57
48155	57
48156	57
48157	57
48158	57
48159	57
48160	57
48161	57
48162	57
48163	57
48164	57
48165	57
48166	57
48167	57
48168	57
48169	57
48170	57
48171	57
48172	57
48173	57
48174	57
48175	57
48176	57
48177	57
48178	57
48179	57
48180	57
48181	57
48182	57
48183	57
48184	57
48185	57
48186	57
48187	57
48188	57
48189	57
48190	57
48191	57
48192	57
48193	57
48194	57
48195	57
48196	57
48197	57
48198	57
48199	57
48200	57
48201	57
48202	57
48203	57
48204	57
48205	57
48206	57
48207	57
48208	57
48209	57
48210	57
48211	57
48212	57
48213	57
48214	57
48215	57
48216	57
48217	57
48218	57
48219	57
48220	57
48221	57
48222	57
48223	57
48224	57
48225	57
48226	57
48227	57
48228	57
48229	57
48230	57
48231	57
48232	57
48233	57
48234	57
48235	57
48236	57
48237	57
48238	57
48239	57
48240	57
48241	57
48242	57
48243	57
48244	57
48245	57
48246	57
48247	57
48248	57
48249	57
48250	57
48251	57
48252	57
48253	57
48254	57
48255	57
48256	57
48257	57
48258	57
48259	57
48260	57
48261	57
48262	57
48263	57
48264	57
48265	57
48266	57
48267	57
48268	57
48269	57
48270	57
48271	57
48272	57
48273	57
48274	57
48275	57
48276	57
48277	57
48278	57
48279	57
48280	57
48281	57
48282	57
48283	57
48284	57
48285	57
48286	57
48287	57
48288	57
48289	57
48290	57
48291	57
48292	57
48293	57
48294	57
48295	57
48296	57
48297	57
48298	57
48299	57
48300	57
48301	57
48302	57
48303	57
48304	57
48305	57
48306	57
48307	57
48308	57
48309	57
48310	57
48311	57
48312	57
48313	57
48314	58
48315	58
48316	58
48317	58
48318	58
48319	58
48320	58
48321	58
48322	58
48323	58
48324	58
48325	58
48326	58
48327	58
48328	58
48329	58
48330	58
48331	58
48332	58
48333	58
48334	58
48335	58
48336	58
48337	58
48338	58
48339	58
48340	58
48341	58
48342	58
48343	58
48344	58
48345	58
48346	58
48347	58
48348	58
48349	58
48350	58
48351	58
48352	58
48353	58
48354	58
48355	58
48356	58
48357	58
48358	58
48359	58
48360	58
48361	58
48362	58
48363	58
48364	58
48365	58
48366	58
48367	58
48368	58
48369	58
48370	58
48371	58
48372	58
48373	58
48374	58
48375	58
48376	58
48377	58
48378	58
48379	58
48380	58
48381	58
48382	58
48383	58
48384	58
48385	58
48386	58
48387	58
48388	58
48389	58
48390	58
48391	58
48392	58
48393	58
48394	58
48395	58
48396	58
48397	58
48398	58
48399	58
48400	58
48401	58
48402	58
48403	58
48404	58
48405	58
48406	58
48407	58
48408	58
48409	58
48410	58
48411	58
48412	58
48413	58
48414	58
48415	58
48416	58
48417	58
48418	58
48419	58
48420	58
48421	58
48422	58
48423	58
48424	58
48425	58
48426	58
48427	58
48428	58
48429	58
48430	58
48431	58
48432	58
48433	58
48434	58
48435	58
48436	58
48437	58
48438	58
48439	58
48440	58
48441	58
48442	58
48443	58
48444	58
48445	58
48446	58
48447	58
48448	58
48449	58
48450	58
48451	58
48452	58
48453	58
48454	58
48455	58
48456	58
48457	58
48458	58
48459	58
48460	58
48461	58
48462	58
48463	58
48464	58
48465	58
48466	58
48467	58
48468	58
48469	58
48470	58
48471	58
48472	58
48473	58
48474	58
48475	58
48476	58
48477	58
48478	58
48479	58
48480	58
48481	58
48482	58
48483	58
48484	58
48485	58
48486	58
48487	58
48488	58
48489	58
48490	58
48491	58
48492	58
48493	58
48494	58
48495	58
48496	58
48497	58
48498	58
48499	58
48500	58
48501	58
48502	58
48503	58
48504	58
48505	58
48506	58
48507	58
48508	58
48509	58
48510	58
48511	58
48512	58
48513	58
48514	58
48515	58
48516	58
48517	58
48518	58
48519	58
48520	58
48521	58
48522	58
48523	58
48524	58
48525	58
48526	58
48527	58
48528	58
48529	58
48530	58
48531	58
48532	58
48533	58
48534	58
48535	58
48536	58
48537	58
48538	58
48539	58
48540	58
48541	58
48542	58
48543	58
48544	58
48545	58
48546	58
48547	58
48548	58
48549	58
48550	58
48551	58
48552	58
48553	58
48554	58
48555	58
48556	58
48557	58
48558	58
48559	58
48560	58
48561	58
48562	58
48563	58
48564	58
48565	58
48566	58
48567	58
48568	58
48569	58
48570	58
48571	58
48572	58
48573	58
48574	58
48575	58
48576	58
48577	58
48578	58
48579	58
48580	58
48581	58
48582	58
48583	58
48584	58
48585	58
48586	58
48587	58
48588	58
48589	58
48590	58
48591	58
48592	58
48593	58
48594	58
48595	58
48596	58
48597	58
48598	58
48599	58
48600	58
48601	58
48602	58
48603	58
48604	58
48605	58
48606	58
48607	58
48608	58
48609	58
48610	58
48611	58
48612	58
48613	58
48614	58
48615	58
48616	58
48617	58
48618	58
48619	58
48620	58
48621	58
48622	58
48623	58
48624	58
48625	58
48626	58
48627	58
48628	58
48629	58
48630	58
48631	58
48632	58
48633	58
48634	58
48635	58
48636	58
48637	58
48638	58
48639	58
48640	58
48641	58
48642	58
48643	58
48644	58
48645	58
48646	58
48647	58
48648	58
48649	58
48650	58
48651	58
48652	58
48653	58
48654	58
48655	58
48656	58
48657	58
48658	58
48659	58
48660	58
48661	58
48662	58
48663	58
48664	58
48665	58
48666	58
48667	58
48668	58
48669	58
48670	58
48671	58
48672	58
48673	58
48674	58
48675	58
48676	58
48677	58
48678	58
48679	58
48680	58
48681	58
48682	58
48683	58
48684	58
48685	58
48686	58
48687	58
48688	58
48689	58
48690	58
48691	58
48692	58
48693	58
48694	58
48695	58
48696	58
48697	58
48698	58
48699	58
48700	58
48701	58
48702	58
48703	58
48704	58
48705	58
48706	58
48707	58
48708	58
48709	58
48710	58
48711	58
48712	58
48713	58
48714	58
48715	58
48716	58
48717	58
48718	58
48719	58
48720	58
48721	58
48722	58
48723	58
48724	58
48725	58
48726	58
48727	58
48728	58
48729	58
48730	58
48731	58
48732	58
48733	58
48734	58
48735	58
48736	58
48737	58
48738	58
48739	58
48740	58
48741	58
48742	58
48743	58
48744	58
48745	58
48746	58
48747	58
48748	58
48749	58
48750	58
48751	58
48752	58
48753	58
48754	58
48755	58
48756	58
48757	58
48758	58
48759	58
48760	58
48761	58
48762	58
48763	58
48764	58
48765	58
48766	58
48767	58
48768	58
48769	58
48770	58
48771	58
48772	58
48773	58
48774	58
48775	58
48776	58
48777	58
48778	58
48779	58
48780	58
48781	58
48782	58
48783	58
48784	58
48785	58
48786	58
48787	58
48788	58
48789	58
48790	58
48791	58
48792	58
48793	58
48794	58
48795	58
48796	58
48797	58
48798	58
48799	58
48800	58
48801	58
48802	58
48803	58
48804	58
48805	58
48806	58
48807	58
48808	58
48809	58
48810	58
48811	58
48812	58
48813	58
48814	58
48815	58
48816	58
48817	58
48818	58
48819	58
48820	58
48821	58
48822	58
48823	58
48824	58
48825	58
48826	58
48827	58
48828	58
48829	58
48830	58
48831	58
48832	58
48833	58
48834	58
48835	58
48836	58
48837	58
48838	58
48839	58
48840	58
48841	58
48842	58
48843	58
48844	58
48845	58
48846	58
48847	58
48848	58
48849	58
48850	58
48851	58
48852	58
48853	58
48854	58
48855	58
48856	58
48857	58
48858	58
48859	58
48860	58
48861	58
48862	58
48863	58
48864	58
48865	58
48866	58
48867	58
48868	58
48869	58
48870	58
48871	58
48872	58
48873	58
48874	58
48875	58
48876	58
48877	58
48878	58
48879	58
48880	58
48881	58
48882	58
48883	58
48884	58
48885	58
48886	58
48887	58
48888	58
48889	58
48890	58
48891	58
48892	58
48893	58
48894	58
48895	58
48896	58
48897	58
48898	58
48899	58
48900	58
48901	58
48902	58
48903	58
48904	58
48905	58
48906	58
48907	58
48908	58
48909	58
48910	58
48911	58
48912	58
48913	58
48914	58
48915	58
48916	58
48917	58
48918	58
48919	58
48920	58
48921	58
48922	58
48923	58
48924	58
48925	58
48926	58
48927	58
48928	58
48929	58
48930	58
48931	58
48932	58
48933	58
48934	58
48935	58
48936	58
48937	58
48938	58
48939	58
48940	58
48941	58
48942	58
48943	58
48944	58
48945	58
48946	58
48947	58
48948	58
48949	58
48950	58
48951	58
48952	58
48953	58
48954	58
48955	58
48956	58
48957	58
48958	58
48959	58
48960	58
48961	58
48962	58
48963	58
48964	58
48965	58
48966	58
48967	58
48968	58
48969	58
48970	58
48971	58
48972	58
48973	58
48974	58
48975	58
48976	58
48977	58
48978	58
48979	58
48980	58
48981	58
48982	58
48983	58
48984	58
48985	58
48986	58
48987	58
48988	58
48989	58
48990	58
48991	58
48992	58
48993	58
48994	58
48995	58
48996	58
48997	58
48998	58
48999	58
49000	58
49001	58
49002	58
49003	58
49004	58
49005	58
49006	58
49007	58
49008	58
49009	58
49010	58
49011	58
49012	58
49013	58
49014	58
49015	58
49016	58
49017	58
49018	58
49019	58
49020	58
49021	58
49022	58
49023	58
49024	58
49025	58
49026	58
49027	58
49028	58
49029	58
49030	58
49031	58
49032	58
49033	58
49034	58
49035	58
49036	58
49037	58
49038	58
49039	58
49040	58
49041	58
49042	58
49043	58
49044	58
49045	58
49046	58
49047	58
49048	58
49049	58
49050	58
49051	58
49052	58
49053	58
49054	58
49055	58
49056	58
49057	58
49058	58
49059	58
49060	58
49061	58
49062	58
49063	58
49064	58
49065	58
49066	58
49067	58
49068	58
49069	58
49070	58
49071	58
49072	58
49073	58
49074	58
49075	58
49076	58
49077	58
49078	58
49079	58
49080	58
49081	58
49082	58
49083	58
49084	58
49085	58
49086	58
49087	58
49088	58
49089	58
49090	58
49091	58
49092	58
49093	58
49094	58
49095	58
49096	58
49097	58
49098	58
49099	58
49100	58
49101	58
49102	58
49103	58
49104	58
49105	58
49106	58
49107	58
49108	58
49109	58
49110	58
49111	58
49112	58
49113	58
49114	58
49115	58
49116	58
49117	58
49118	58
49119	58
49120	58
49121	58
49122	58
49123	58
49124	58
49125	58
49126	58
49127	58
49128	58
49129	58
49130	58
49131	58
49132	58
49133	58
49134	58
49135	58
49136	58
49137	58
49138	58
49139	58
49140	58
49141	58
49142	58
49143	58
49144	58
49145	58
49146	58
49147	59
49148	59
49149	59
49150	59
49151	59
49152	59
49153	59
49154	59
49155	59
49156	59
49157	59
49158	59
49159	59
49160	59
49161	59
49162	59
49163	59
49164	59
49165	59
49166	59
49167	59
49168	59
49169	59
49170	59
49171	59
49172	59
49173	59
49174	59
49175	59
49176	59
49177	59
49178	59
49179	59
49180	59
49181	59
49182	59
49183	59
49184	59
49185	59
49186	59
49187	59
49188	59
49189	59
49190	59
49191	59
49192	59
49193	59
49194	59
49195	59
49196	59
49197	59
49198	59
49199	59
49200	59
49201	59
49202	59
49203	59
49204	59
49205	59
49206	59
49207	59
49208	59
49209	59
49210	59
49211	59
49212	59
49213	59
49214	59
49215	59
49216	59
49217	59
49218	59
49219	59
49220	59
49221	59
49222	59
49223	59
49224	59
49225	59
49226	59
49227	59
49228	59
49229	59
49230	59
49231	59
49232	59
49233	59
49234	59
49235	59
49236	59
49237	59
49238	59
49239	59
49240	59
49241	59
49242	59
49243	59
49244	59
49245	59
49246	59
49247	59
49248	59
49249	59
49250	59
49251	59
49252	59
49253	59
49254	59
49255	59
49256	59
49257	59
49258	59
49259	59
49260	59
49261	59
49262	59
49263	59
49264	59
49265	59
49266	59
49267	59
49268	59
49269	59
49270	59
49271	59
49272	59
49273	59
49274	59
49275	59
49276	59
49277	59
49278	59
49279	59
49280	59
49281	59
49282	59
49283	59
49284	59
49285	59
49286	59
49287	59
49288	59
49289	59
49290	59
49291	59
49292	59
49293	59
49294	59
49295	59
49296	59
49297	59
49298	59
49299	59
49300	59
49301	59
49302	59
49303	59
49304	59
49305	59
49306	59
49307	59
49308	59
49309	59
49310	59
49311	59
49312	59
49313	59
49314	59
49315	59
49316	59
49317	59
49318	59
49319	59
49320	59
49321	59
49322	59
49323	59
49324	59
49325	59
49326	59
49327	59
49328	59
49329	59
49330	59
49331	59
49332	59
49333	59
49334	59
49335	59
49336	59
49337	59
49338	59
49339	59
49340	59
49341	59
49342	59
49343	59
49344	59
49345	59
49346	59
49347	59
49348	59
49349	59
49350	59
49351	59
49352	59
49353	59
49354	59
49355	59
49356	59
49357	59
49358	59
49359	59
49360	59
49361	59
49362	59
49363	59
49364	59
49365	59
49366	59
49367	59
49368	59
49369	59
49370	59
49371	59
49372	59
49373	59
49374	59
49375	59
49376	59
49377	59
49378	59
49379	59
49380	59
49381	59
49382	59
49383	59
49384	59
49385	59
49386	59
49387	59
49388	59
49389	59
49390	59
49391	59
49392	59
49393	59
49394	59
49395	59
49396	59
49397	59
49398	59
49399	59
49400	59
49401	59
49402	59
49403	59
49404	59
49405	59
49406	59
49407	59
49408	59
49409	59
49410	59
49411	59
49412	59
49413	59
49414	59
49415	59
49416	59
49417	59
49418	59
49419	59
49420	59
49421	59
49422	59
49423	59
49424	59
49425	59
49426	59
49427	59
49428	59
49429	59
49430	59
49431	59
49432	59
49433	59
49434	59
49435	59
49436	59
49437	59
49438	59
49439	59
49440	59
49441	59
49442	59
49443	59
49444	59
49445	59
49446	59
49447	59
49448	59
49449	59
49450	59
49451	59
49452	59
49453	59
49454	59
49455	59
49456	59
49457	59
49458	59
49459	59
49460	59
49461	59
49462	59
49463	59
49464	59
49465	59
49466	59
49467	59
49468	59
49469	59
49470	59
49471	59
49472	59
49473	59
49474	59
49475	59
49476	59
49477	59
49478	59
49479	59
49480	59
49481	59
49482	59
49483	59
49484	59
49485	59
49486	59
49487	59
49488	59
49489	59
49490	59
49491	59
49492	59
49493	59
49494	59
49495	59
49496	59
49497	59
49498	59
49499	59
49500	59
49501	59
49502	59
49503	59
49504	59
49505	59
49506	59
49507	59
49508	59
49509	59
49510	59
49511	59
49512	59
49513	59
49514	59
49515	59
49516	59
49517	59
49518	59
49519	59
49520	59
49521	59
49522	59
49523	59
49524	59
49525	59
49526	59
49527	59
49528	59
49529	59
49530	59
49531	59
49532	59
49533	59
49534	59
49535	59
49536	59
49537	59
49538	59
49539	59
49540	59
49541	59
49542	59
49543	59
49544	59
49545	59
49546	59
49547	59
49548	59
49549	59
49550	59
49551	59
49552	59
49553	59
49554	59
49555	59
49556	59
49557	59
49558	59
49559	59
49560	59
49561	59
49562	59
49563	59
49564	59
49565	59
49566	59
49567	59
49568	59
49569	59
49570	59
49571	59
49572	59
49573	59
49574	59
49575	59
49576	59
49577	59
49578	59
49579	59
49580	59
49581	59
49582	59
49583	59
49584	59
49585	59
49586	59
49587	59
49588	59
49589	59
49590	59
49591	59
49592	59
49593	59
49594	59
49595	59
49596	59
49597	59
49598	59
49599	59
49600	59
49601	59
49602	59
49603	59
49604	59
49605	59
49606	59
49607	59
49608	59
49609	59
49610	59
49611	59
49612	59
49613	59
49614	59
49615	59
49616	59
49617	59
49618	59
49619	59
49620	59
49621	59
49622	59
49623	59
49624	59
49625	59
49626	59
49627	59
49628	59
49629	59
49630	59
49631	59
49632	59
49633	59
49634	59
49635	59
49636	59
49637	59
49638	59
49639	59
49640	59
49641	59
49642	59
49643	59
49644	59
49645	59
49646	59
49647	59
49648	59
49649	59
49650	59
49651	59
49652	59
49653	59
49654	59
49655	59
49656	59
49657	59
49658	59
49659	59
49660	59
49661	59
49662	59
49663	59
49664	59
49665	59
49666	59
49667	59
49668	59
49669	59
49670	59
49671	59
49672	59
49673	59
49674	59
49675	59
49676	59
49677	59
49678	59
49679	59
49680	59
49681	59
49682	59
49683	59
49684	59
49685	59
49686	59
49687	59
49688	59
49689	59
49690	59
49691	59
49692	59
49693	59
49694	59
49695	59
49696	59
49697	59
49698	59
49699	59
49700	59
49701	59
49702	59
49703	59
49704	59
49705	59
49706	59
49707	59
49708	59
49709	59
49710	59
49711	59
49712	59
49713	59
49714	59
49715	59
49716	59
49717	59
49718	59
49719	59
49720	59
49721	59
49722	59
49723	59
49724	59
49725	59
49726	59
49727	59
49728	59
49729	59
49730	59
49731	59
49732	59
49733	59
49734	59
49735	59
49736	59
49737	59
49738	59
49739	59
49740	59
49741	59
49742	59
49743	59
49744	59
49745	59
49746	59
49747	59
49748	59
49749	59
49750	59
49751	59
49752	59
49753	59
49754	59
49755	59
49756	59
49757	59
49758	59
49759	59
49760	59
49761	59
49762	59
49763	59
49764	59
49765	59
49766	59
49767	59
49768	59
49769	59
49770	59
49771	59
49772	59
49773	59
49774	59
49775	59
49776	59
49777	59
49778	59
49779	59
49780	59
49781	59
49782	59
49783	59
49784	59
49785	59
49786	59
49787	59
49788	59
49789	59
49790	59
49791	59
49792	59
49793	59
49794	59
49795	59
49796	59
49797	59
49798	59
49799	59
49800	59
49801	59
49802	59
49803	59
49804	59
49805	59
49806	59
49807	59
49808	59
49809	59
49810	59
49811	59
49812	59
49813	59
49814	59
49815	59
49816	59
49817	59
49818	59
49819	59
49820	59
49821	59
49822	59
49823	59
49824	59
49825	59
49826	59
49827	59
49828	59
49829	59
49830	59
49831	59
49832	59
49833	59
49834	59
49835	59
49836	59
49837	59
49838	59
49839	59
49840	59
49841	59
49842	59
49843	59
49844	59
49845	59
49846	59
49847	59
49848	59
49849	59
49850	59
49851	59
49852	59
49853	59
49854	59
49855	59
49856	59
49857	59
49858	59
49859	59
49860	59
49861	59
49862	59
49863	59
49864	59
49865	59
49866	59
49867	59
49868	59
49869	59
49870	59
49871	59
49872	59
49873	59
49874	59
49875	59
49876	59
49877	59
49878	59
49879	59
49880	59
49881	59
49882	59
49883	59
49884	59
49885	59
49886	59
49887	59
49888	59
49889	59
49890	59
49891	59
49892	59
49893	59
49894	59
49895	59
49896	59
49897	59
49898	59
49899	59
49900	59
49901	59
49902	59
49903	59
49904	59
49905	59
49906	59
49907	59
49908	59
49909	59
49910	59
49911	59
49912	59
49913	59
49914	59
49915	59
49916	59
49917	59
49918	59
49919	59
49920	59
49921	59
49922	59
49923	59
49924	59
49925	59
49926	59
49927	59
49928	59
49929	59
49930	59
49931	59
49932	59
49933	59
49934	59
49935	59
49936	59
49937	59
49938	59
49939	59
49940	59
49941	59
49942	59
49943	59
49944	59
49945	59
49946	59
49947	59
49948	59
49949	59
49950	59
49951	59
49952	59
49953	59
49954	59
49955	59
49956	59
49957	59
49958	59
49959	59
49960	59
49961	59
49962	59
49963	59
49964	59
49965	59
49966	59
49967	59
49968	59
49969	59
49970	59
49971	59
49972	59
49973	59
49974	59
49975	59
49976	59
49977	59
49978	59
49979	59
49980	60
49981	60
49982	60
49983	60
49984	60
49985	60
49986	60
49987	60
49988	60
49989	60
49990	60
49991	60
49992	60
49993	60
49994	60
49995	60
49996	60
49997	60
49998	60
49999	60
50000	60
50001	60
50002	60
50003	60
50004	60
50005	60
50006	60
50007	60
50008	60
50009	60
50010	60
50011	60
50012	60
50013	60
50014	60
50015	60
50016	60
50017	60
50018	60
50019	60
50020	60
50021	60
50022	60
50023	60
50024	60
50025	60
50026	60
50027	60
50028	60
50029	60
50030	60
50031	60
50032	60
50033	60
50034	60
50035	60
50036	60
50037	60
50038	60
50039	60
50040	60
50041	60
50042	60
50043	60
50044	60
50045	60
50046	60
50047	60
50048	60
50049	60
50050	60
50051	60
50052	60
50053	60
50054	60
50055	60
50056	60
50057	60
50058	60
50059	60
50060	60
50061	60
50062	60
50063	60
50064	60
50065	60
50066	60
50067	60
50068	60
50069	60
50070	60
50071	60
50072	60
50073	60
50074	60
50075	60
50076	60
50077	60
50078	60
50079	60
50080	60
50081	60
50082	60
50083	60
50084	60
50085	60
50086	60
50087	60
50088	60
50089	60
50090	60
50091	60
50092	60
50093	60
50094	60
50095	60
50096	60
50097	60
50098	60
50099	60
50100	60
50101	60
50102	60
50103	60
50104	60
50105	60
50106	60
50107	60
50108	60
50109	60
50110	60
50111	60
50112	60
50113	60
50114	60
50115	60
50116	60
50117	60
50118	60
50119	60
50120	60
50121	60
50122	60
50123	60
50124	60
50125	60
50126	60
50127	60
50128	60
50129	60
50130	60
50131	60
50132	60
50133	60
50134	60
50135	60
50136	60
50137	60
50138	60
50139	60
50140	60
50141	60
50142	60
50143	60
50144	60
50145	60
50146	60
50147	60
50148	60
50149	60
50150	60
50151	60
50152	60
50153	60
50154	60
50155	60
50156	60
50157	60
50158	60
50159	60
50160	60
50161	60
50162	60
50163	60
50164	60
50165	60
50166	60
50167	60
50168	60
50169	60
50170	60
50171	60
50172	60
50173	60
50174	60
50175	60
50176	60
50177	60
50178	60
50179	60
50180	60
50181	60
50182	60
50183	60
50184	60
50185	60
50186	60
50187	60
50188	60
50189	60
50190	60
50191	60
50192	60
50193	60
50194	60
50195	60
50196	60
50197	60
50198	60
50199	60
50200	60
50201	60
50202	60
50203	60
50204	60
50205	60
50206	60
50207	60
50208	60
50209	60
50210	60
50211	60
50212	60
50213	60
50214	60
50215	60
50216	60
50217	60
50218	60
50219	60
50220	60
50221	60
50222	60
50223	60
50224	60
50225	60
50226	60
50227	60
50228	60
50229	60
50230	60
50231	60
50232	60
50233	60
50234	60
50235	60
50236	60
50237	60
50238	60
50239	60
50240	60
50241	60
50242	60
50243	60
50244	60
50245	60
50246	60
50247	60
50248	60
50249	60
50250	60
50251	60
50252	60
50253	60
50254	60
50255	60
50256	60
50257	60
50258	60
50259	60
50260	60
50261	60
50262	60
50263	60
50264	60
50265	60
50266	60
50267	60
50268	60
50269	60
50270	60
50271	60
50272	60
50273	60
50274	60
50275	60
50276	60
50277	60
50278	60
50279	60
50280	60
50281	60
50282	60
50283	60
50284	60
50285	60
50286	60
50287	60
50288	60
50289	60
50290	60
50291	60
50292	60
50293	60
50294	60
50295	60
50296	60
50297	60
50298	60
50299	60
50300	60
50301	60
50302	60
50303	60
50304	60
50305	60
50306	60
50307	60
50308	60
50309	60
50310	60
50311	60
50312	60
50313	60
50314	60
50315	60
50316	60
50317	60
50318	60
50319	60
50320	60
50321	60
50322	60
50323	60
50324	60
50325	60
50326	60
50327	60
50328	60
50329	60
50330	60
50331	60
50332	60
50333	60
50334	60
50335	60
50336	60
50337	60
50338	60
50339	60
50340	60
50341	60
50342	60
50343	60
50344	60
50345	60
50346	60
50347	60
50348	60
50349	60
50350	60
50351	60
50352	60
50353	60
50354	60
50355	60
50356	60
50357	60
50358	60
50359	60
50360	60
50361	60
50362	60
50363	60
50364	60
50365	60
50366	60
50367	60
50368	60
50369	60
50370	60
50371	60
50372	60
50373	60
50374	60
50375	60
50376	60
50377	60
50378	60
50379	60
50380	60
50381	60
50382	60
50383	60
50384	60
50385	60
50386	60
50387	60
50388	60
50389	60
50390	60
50391	60
50392	60
50393	60
50394	60
50395	60
50396	60
50397	60
50398	60
50399	60
50400	60
50401	60
50402	60
50403	60
50404	60
50405	60
50406	60
50407	60
50408	60
50409	60
50410	60
50411	60
50412	60
50413	60
50414	60
50415	60
50416	60
50417	60
50418	60
50419	60
50420	60
50421	60
50422	60
50423	60
50424	60
50425	60
50426	60
50427	60
50428	60
50429	60
50430	60
50431	60
50432	60
50433	60
50434	60
50435	60
50436	60
50437	60
50438	60
50439	60
50440	60
50441	60
50442	60
50443	60
50444	60
50445	60
50446	60
50447	60
50448	60
50449	60
50450	60
50451	60
50452	60
50453	60
50454	60
50455	60
50456	60
50457	60
50458	60
50459	60
50460	60
50461	60
50462	60
50463	60
50464	60
50465	60
50466	60
50467	60
50468	60
50469	60
50470	60
50471	60
50472	60
50473	60
50474	60
50475	60
50476	60
50477	60
50478	60
50479	60
50480	60
50481	60
50482	60
50483	60
50484	60
50485	60
50486	60
50487	60
50488	60
50489	60
50490	60
50491	60
50492	60
50493	60
50494	60
50495	60
50496	60
50497	60
50498	60
50499	60
50500	60
50501	60
50502	60
50503	60
50504	60
50505	60
50506	60
50507	60
50508	60
50509	60
50510	60
50511	60
50512	60
50513	60
50514	60
50515	60
50516	60
50517	60
50518	60
50519	60
50520	60
50521	60
50522	60
50523	60
50524	60
50525	60
50526	60
50527	60
50528	60
50529	60
50530	60
50531	60
50532	60
50533	60
50534	60
50535	60
50536	60
50537	60
50538	60
50539	60
50540	60
50541	60
50542	60
50543	60
50544	60
50545	60
50546	60
50547	60
50548	60
50549	60
50550	60
50551	60
50552	60
50553	60
50554	60
50555	60
50556	60
50557	60
50558	60
50559	60
50560	60
50561	60
50562	60
50563	60
50564	60
50565	60
50566	60
50567	60
50568	60
50569	60
50570	60
50571	60
50572	60
50573	60
50574	60
50575	60
50576	60
50577	60
50578	60
50579	60
50580	60
50581	60
50582	60
50583	60
50584	60
50585	60
50586	60
50587	60
50588	60
50589	60
50590	60
50591	60
50592	60
50593	60
50594	60
50595	60
50596	60
50597	60
50598	60
50599	60
50600	60
50601	60
50602	60
50603	60
50604	60
50605	60
50606	60
50607	60
50608	60
50609	60
50610	60
50611	60
50612	60
50613	60
50614	60
50615	60
50616	60
50617	60
50618	60
50619	60
50620	60
50621	60
50622	60
50623	60
50624	60
50625	60
50626	60
50627	60
50628	60
50629	60
50630	60
50631	60
50632	60
50633	60
50634	60
50635	60
50636	60
50637	60
50638	60
50639	60
50640	60
50641	60
50642	60
50643	60
50644	60
50645	60
50646	60
50647	60
50648	60
50649	60
50650	60
50651	60
50652	60
50653	60
50654	60
50655	60
50656	60
50657	60
50658	60
50659	60
50660	60
50661	60
50662	60
50663	60
50664	60
50665	60
50666	60
50667	60
50668	60
50669	60
50670	60
50671	60
50672	60
50673	60
50674	60
50675	60
50676	60
50677	60
50678	60
50679	60
50680	60
50681	60
50682	60
50683	60
50684	60
50685	60
50686	60
50687	60
50688	60
50689	60
50690	60
50691	60
50692	60
50693	60
50694	60
50695	60
50696	60
50697	60
50698	60
50699	60
50700	60
50701	60
50702	60
50703	60
50704	60
50705	60
50706	60
50707	60
50708	60
50709	60
50710	60
50711	60
50712	60
50713	60
50714	60
50715	60
50716	60
50717	60
50718	60
50719	60
50720	60
50721	60
50722	60
50723	60
50724	60
50725	60
50726	60
50727	60
50728	60
50729	60
50730	60
50731	60
50732	60
50733	60
50734	60
50735	60
50736	60
50737	60
50738	60
50739	60
50740	60
50741	60
50742	60
50743	60
50744	60
50745	60
50746	60
50747	60
50748	60
50749	60
50750	60
50751	60
50752	60
50753	60
50754	60
50755	60
50756	60
50757	60
50758	60
50759	60
50760	60
50761	60
50762	60
50763	60
50764	60
50765	60
50766	60
50767	60
50768	60
50769	60
50770	60
50771	60
50772	60
50773	60
50774	60
50775	60
50776	60
50777	60
50778	60
50779	60
50780	60
50781	60
50782	60
50783	60
50784	60
50785	60
50786	60
50787	60
50788	60
50789	60
50790	60
50791	60
50792	60
50793	60
50794	60
50795	60
50796	60
50797	60
50798	60
50799	60
50800	60
50801	60
50802	60
50803	60
50804	60
50805	60
50806	60
50807	60
50808	60
50809	60
50810	60
50811	60
50812	60
50813	61
50814	61
50815	61
50816	61
50817	61
50818	61
50819	61
50820	61
50821	61
50822	61
50823	61
50824	61
50825	61
50826	61
50827	61
50828	61
50829	61
50830	61
50831	61
50832	61
50833	61
50834	61
50835	61
50836	61
50837	61
50838	61
50839	61
50840	61
50841	61
50842	61
50843	61
50844	61
50845	61
50846	61
50847	61
50848	61
50849	61
50850	61
50851	61
50852	61
50853	61
50854	61
50855	61
50856	61
50857	61
50858	61
50859	61
50860	61
50861	61
50862	61
50863	61
50864	61
50865	61
50866	61
50867	61
50868	61
50869	61
50870	61
50871	61
50872	61
50873	61
50874	61
50875	61
50876	61
50877	61
50878	61
50879	61
50880	61
50881	61
50882	61
50883	61
50884	61
50885	61
50886	61
50887	61
50888	61
50889	61
50890	61
50891	61
50892	61
50893	61
50894	61
50895	61
50896	61
50897	61
50898	61
50899	61
50900	61
50901	61
50902	61
50903	61
50904	61
50905	61
50906	61
50907	61
50908	61
50909	61
50910	61
50911	61
50912	61
50913	61
50914	61
50915	61
50916	61
50917	61
50918	61
50919	61
50920	61
50921	61
50922	61
50923	61
50924	61
50925	61
50926	61
50927	61
50928	61
50929	61
50930	61
50931	61
50932	61
50933	61
50934	61
50935	61
50936	61
50937	61
50938	61
50939	61
50940	61
50941	61
50942	61
50943	61
50944	61
50945	61
50946	61
50947	61
50948	61
50949	61
50950	61
50951	61
50952	61
50953	61
50954	61
50955	61
50956	61
50957	61
50958	61
50959	61
50960	61
50961	61
50962	61
50963	61
50964	61
50965	61
50966	61
50967	61
50968	61
50969	61
50970	61
50971	61
50972	61
50973	61
50974	61
50975	61
50976	61
50977	61
50978	61
50979	61
50980	61
50981	61
50982	61
50983	61
50984	61
50985	61
50986	61
50987	61
50988	61
50989	61
50990	61
50991	61
50992	61
50993	61
50994	61
50995	61
50996	61
50997	61
50998	61
50999	61
51000	61
51001	61
51002	61
51003	61
51004	61
51005	61
51006	61
51007	61
51008	61
51009	61
51010	61
51011	61
51012	61
51013	61
51014	61
51015	61
51016	61
51017	61
51018	61
51019	61
51020	61
51021	61
51022	61
51023	61
51024	61
51025	61
51026	61
51027	61
51028	61
51029	61
51030	61
51031	61
51032	61
51033	61
51034	61
51035	61
51036	61
51037	61
51038	61
51039	61
51040	61
51041	61
51042	61
51043	61
51044	61
51045	61
51046	61
51047	61
51048	61
51049	61
51050	61
51051	61
51052	61
51053	61
51054	61
51055	61
51056	61
51057	61
51058	61
51059	61
51060	61
51061	61
51062	61
51063	61
51064	61
51065	61
51066	61
51067	61
51068	61
51069	61
51070	61
51071	61
51072	61
51073	61
51074	61
51075	61
51076	61
51077	61
51078	61
51079	61
51080	61
51081	61
51082	61
51083	61
51084	61
51085	61
51086	61
51087	61
51088	61
51089	61
51090	61
51091	61
51092	61
51093	61
51094	61
51095	61
51096	61
51097	61
51098	61
51099	61
51100	61
51101	61
51102	61
51103	61
51104	61
51105	61
51106	61
51107	61
51108	61
51109	61
51110	61
51111	61
51112	61
51113	61
51114	61
51115	61
51116	61
51117	61
51118	61
51119	61
51120	61
51121	61
51122	61
51123	61
51124	61
51125	61
51126	61
51127	61
51128	61
51129	61
51130	61
51131	61
51132	61
51133	61
51134	61
51135	61
51136	61
51137	61
51138	61
51139	61
51140	61
51141	61
51142	61
51143	61
51144	61
51145	61
51146	61
51147	61
51148	61
51149	61
51150	61
51151	61
51152	61
51153	61
51154	61
51155	61
51156	61
51157	61
51158	61
51159	61
51160	61
51161	61
51162	61
51163	61
51164	61
51165	61
51166	61
51167	61
51168	61
51169	61
51170	61
51171	61
51172	61
51173	61
51174	61
51175	61
51176	61
51177	61
51178	61
51179	61
51180	61
51181	61
51182	61
51183	61
51184	61
51185	61
51186	61
51187	61
51188	61
51189	61
51190	61
51191	61
51192	61
51193	61
51194	61
51195	61
51196	61
51197	61
51198	61
51199	61
51200	61
51201	61
51202	61
51203	61
51204	61
51205	61
51206	61
51207	61
51208	61
51209	61
51210	61
51211	61
51212	61
51213	61
51214	61
51215	61
51216	61
51217	61
51218	61
51219	61
51220	61
51221	61
51222	61
51223	61
51224	61
51225	61
51226	61
51227	61
51228	61
51229	61
51230	61
51231	61
51232	61
51233	61
51234	61
51235	61
51236	61
51237	61
51238	61
51239	61
51240	61
51241	61
51242	61
51243	61
51244	61
51245	61
51246	61
51247	61
51248	61
51249	61
51250	61
51251	61
51252	61
51253	61
51254	61
51255	61
51256	61
51257	61
51258	61
51259	61
51260	61
51261	61
51262	61
51263	61
51264	61
51265	61
51266	61
51267	61
51268	61
51269	61
51270	61
51271	61
51272	61
51273	61
51274	61
51275	61
51276	61
51277	61
51278	61
51279	61
51280	61
51281	61
51282	61
51283	61
51284	61
51285	61
51286	61
51287	61
51288	61
51289	61
51290	61
51291	61
51292	61
51293	61
51294	61
51295	61
51296	61
51297	61
51298	61
51299	61
51300	61
51301	61
51302	61
51303	61
51304	61
51305	61
51306	61
51307	61
51308	61
51309	61
51310	61
51311	61
51312	61
51313	61
51314	61
51315	61
51316	61
51317	61
51318	61
51319	61
51320	61
51321	61
51322	61
51323	61
51324	61
51325	61
51326	61
51327	61
51328	61
51329	61
51330	61
51331	61
51332	61
51333	61
51334	61
51335	61
51336	61
51337	61
51338	61
51339	61
51340	61
51341	61
51342	61
51343	61
51344	61
51345	61
51346	61
51347	61
51348	61
51349	61
51350	61
51351	61
51352	61
51353	61
51354	61
51355	61
51356	61
51357	61
51358	61
51359	61
51360	61
51361	61
51362	61
51363	61
51364	61
51365	61
51366	61
51367	61
51368	61
51369	61
51370	61
51371	61
51372	61
51373	61
51374	61
51375	61
51376	61
51377	61
51378	61
51379	61
51380	61
51381	61
51382	61
51383	61
51384	61
51385	61
51386	61
51387	61
51388	61
51389	61
51390	61
51391	61
51392	61
51393	61
51394	61
51395	61
51396	61
51397	61
51398	61
51399	61
51400	61
51401	61
51402	61
51403	61
51404	61
51405	61
51406	61
51407	61
51408	61
51409	61
51410	61
51411	61
51412	61
51413	61
51414	61
51415	61
51416	61
51417	61
51418	61
51419	61
51420	61
51421	61
51422	61
51423	61
51424	61
51425	61
51426	61
51427	61
51428	61
51429	61
51430	61
51431	61
51432	61
51433	61
51434	61
51435	61
51436	61
51437	61
51438	61
51439	61
51440	61
51441	61
51442	61
51443	61
51444	61
51445	61
51446	61
51447	61
51448	61
51449	61
51450	61
51451	61
51452	61
51453	61
51454	61
51455	61
51456	61
51457	61
51458	61
51459	61
51460	61
51461	61
51462	61
51463	61
51464	61
51465	61
51466	61
51467	61
51468	61
51469	61
51470	61
51471	61
51472	61
51473	61
51474	61
51475	61
51476	61
51477	61
51478	61
51479	61
51480	61
51481	61
51482	61
51483	61
51484	61
51485	61
51486	61
51487	61
51488	61
51489	61
51490	61
51491	61
51492	61
51493	61
51494	61
51495	61
51496	61
51497	61
51498	61
51499	61
51500	61
51501	61
51502	61
51503	61
51504	61
51505	61
51506	61
51507	61
51508	61
51509	61
51510	61
51511	61
51512	61
51513	61
51514	61
51515	61
51516	61
51517	61
51518	61
51519	61
51520	61
51521	61
51522	61
51523	61
51524	61
51525	61
51526	61
51527	61
51528	61
51529	61
51530	61
51531	61
51532	61
51533	61
51534	61
51535	61
51536	61
51537	61
51538	61
51539	61
51540	61
51541	61
51542	61
51543	61
51544	61
51545	61
51546	61
51547	61
51548	61
51549	61
51550	61
51551	61
51552	61
51553	61
51554	61
51555	61
51556	61
51557	61
51558	61
51559	61
51560	61
51561	61
51562	61
51563	61
51564	61
51565	61
51566	61
51567	61
51568	61
51569	61
51570	61
51571	61
51572	61
51573	61
51574	61
51575	61
51576	61
51577	61
51578	61
51579	61
51580	61
51581	61
51582	61
51583	61
51584	61
51585	61
51586	61
51587	61
51588	61
51589	61
51590	61
51591	61
51592	61
51593	61
51594	61
51595	61
51596	61
51597	61
51598	61
51599	61
51600	61
51601	61
51602	61
51603	61
51604	61
51605	61
51606	61
51607	61
51608	61
51609	61
51610	61
51611	61
51612	61
51613	61
51614	61
51615	61
51616	61
51617	61
51618	61
51619	61
51620	61
51621	61
51622	61
51623	61
51624	61
51625	61
51626	61
51627	61
51628	61
51629	61
51630	61
51631	61
51632	61
51633	61
51634	61
51635	61
51636	61
51637	61
51638	61
51639	61
51640	61
51641	61
51642	61
51643	61
51644	61
51645	61
51646	62
51647	62
51648	62
51649	62
51650	62
51651	62
51652	62
51653	62
51654	62
51655	62
51656	62
51657	62
51658	62
51659	62
51660	62
51661	62
51662	62
51663	62
51664	62
51665	62
51666	62
51667	62
51668	62
51669	62
51670	62
51671	62
51672	62
51673	62
51674	62
51675	62
51676	62
51677	62
51678	62
51679	62
51680	62
51681	62
51682	62
51683	62
51684	62
51685	62
51686	62
51687	62
51688	62
51689	62
51690	62
51691	62
51692	62
51693	62
51694	62
51695	62
51696	62
51697	62
51698	62
51699	62
51700	62
51701	62
51702	62
51703	62
51704	62
51705	62
51706	62
51707	62
51708	62
51709	62
51710	62
51711	62
51712	62
51713	62
51714	62
51715	62
51716	62
51717	62
51718	62
51719	62
51720	62
51721	62
51722	62
51723	62
51724	62
51725	62
51726	62
51727	62
51728	62
51729	62
51730	62
51731	62
51732	62
51733	62
51734	62
51735	62
51736	62
51737	62
51738	62
51739	62
51740	62
51741	62
51742	62
51743	62
51744	62
51745	62
51746	62
51747	62
51748	62
51749	62
51750	62
51751	62
51752	62
51753	62
51754	62
51755	62
51756	62
51757	62
51758	62
51759	62
51760	62
51761	62
51762	62
51763	62
51764	62
51765	62
51766	62
51767	62
51768	62
51769	62
51770	62
51771	62
51772	62
51773	62
51774	62
51775	62
51776	62
51777	62
51778	62
51779	62
51780	62
51781	62
51782	62
51783	62
51784	62
51785	62
51786	62
51787	62
51788	62
51789	62
51790	62
51791	62
51792	62
51793	62
51794	62
51795	62
51796	62
51797	62
51798	62
51799	62
51800	62
51801	62
51802	62
51803	62
51804	62
51805	62
51806	62
51807	62
51808	62
51809	62
51810	62
51811	62
51812	62
51813	62
51814	62
51815	62
51816	62
51817	62
51818	62
51819	62
51820	62
51821	62
51822	62
51823	62
51824	62
51825	62
51826	62
51827	62
51828	62
51829	62
51830	62
51831	62
51832	62
51833	62
51834	62
51835	62
51836	62
51837	62
51838	62
51839	62
51840	62
51841	62
51842	62
51843	62
51844	62
51845	62
51846	62
51847	62
51848	62
51849	62
51850	62
51851	62
51852	62
51853	62
51854	62
51855	62
51856	62
51857	62
51858	62
51859	62
51860	62
51861	62
51862	62
51863	62
51864	62
51865	62
51866	62
51867	62
51868	62
51869	62
51870	62
51871	62
51872	62
51873	62
51874	62
51875	62
51876	62
51877	62
51878	62
51879	62
51880	62
51881	62
51882	62
51883	62
51884	62
51885	62
51886	62
51887	62
51888	62
51889	62
51890	62
51891	62
51892	62
51893	62
51894	62
51895	62
51896	62
51897	62
51898	62
51899	62
51900	62
51901	62
51902	62
51903	62
51904	62
51905	62
51906	62
51907	62
51908	62
51909	62
51910	62
51911	62
51912	62
51913	62
51914	62
51915	62
51916	62
51917	62
51918	62
51919	62
51920	62
51921	62
51922	62
51923	62
51924	62
51925	62
51926	62
51927	62
51928	62
51929	62
51930	62
51931	62
51932	62
51933	62
51934	62
51935	62
51936	62
51937	62
51938	62
51939	62
51940	62
51941	62
51942	62
51943	62
51944	62
51945	62
51946	62
51947	62
51948	62
51949	62
51950	62
51951	62
51952	62
51953	62
51954	62
51955	62
51956	62
51957	62
51958	62
51959	62
51960	62
51961	62
51962	62
51963	62
51964	62
51965	62
51966	62
51967	62
51968	62
51969	62
51970	62
51971	62
51972	62
51973	62
51974	62
51975	62
51976	62
51977	62
51978	62
51979	62
51980	62
51981	62
51982	62
51983	62
51984	62
51985	62
51986	62
51987	62
51988	62
51989	62
51990	62
51991	62
51992	62
51993	62
51994	62
51995	62
51996	62
51997	62
51998	62
51999	62
52000	62
52001	62
52002	62
52003	62
52004	62
52005	62
52006	62
52007	62
52008	62
52009	62
52010	62
52011	62
52012	62
52013	62
52014	62
52015	62
52016	62
52017	62
52018	62
52019	62
52020	62
52021	62
52022	62
52023	62
52024	62
52025	62
52026	62
52027	62
52028	62
52029	62
52030	62
52031	62
52032	62
52033	62
52034	62
52035	62
52036	62
52037	62
52038	62
52039	62
52040	62
52041	62
52042	62
52043	62
52044	62
52045	62
52046	62
52047	62
52048	62
52049	62
52050	62
52051	62
52052	62
52053	62
52054	62
52055	62
52056	62
52057	62
52058	62
52059	62
52060	62
52061	62
52062	62
52063	62
52064	62
52065	62
52066	62
52067	62
52068	62
52069	62
52070	62
52071	62
52072	62
52073	62
52074	62
52075	62
52076	62
52077	62
52078	62
52079	62
52080	62
52081	62
52082	62
52083	62
52084	62
52085	62
52086	62
52087	62
52088	62
52089	62
52090	62
52091	62
52092	62
52093	62
52094	62
52095	62
52096	62
52097	62
52098	62
52099	62
52100	62
52101	62
52102	62
52103	62
52104	62
52105	62
52106	62
52107	62
52108	62
52109	62
52110	62
52111	62
52112	62
52113	62
52114	62
52115	62
52116	62
52117	62
52118	62
52119	62
52120	62
52121	62
52122	62
52123	62
52124	62
52125	62
52126	62
52127	62
52128	62
52129	62
52130	62
52131	62
52132	62
52133	62
52134	62
52135	62
52136	62
52137	62
52138	62
52139	62
52140	62
52141	62
52142	62
52143	62
52144	62
52145	62
52146	62
52147	62
52148	62
52149	62
52150	62
52151	62
52152	62
52153	62
52154	62
52155	62
52156	62
52157	62
52158	62
52159	62
52160	62
52161	62
52162	62
52163	62
52164	62
52165	62
52166	62
52167	62
52168	62
52169	62
52170	62
52171	62
52172	62
52173	62
52174	62
52175	62
52176	62
52177	62
52178	62
52179	62
52180	62
52181	62
52182	62
52183	62
52184	62
52185	62
52186	62
52187	62
52188	62
52189	62
52190	62
52191	62
52192	62
52193	62
52194	62
52195	62
52196	62
52197	62
52198	62
52199	62
52200	62
52201	62
52202	62
52203	62
52204	62
52205	62
52206	62
52207	62
52208	62
52209	62
52210	62
52211	62
52212	62
52213	62
52214	62
52215	62
52216	62
52217	62
52218	62
52219	62
52220	62
52221	62
52222	62
52223	62
52224	62
52225	62
52226	62
52227	62
52228	62
52229	62
52230	62
52231	62
52232	62
52233	62
52234	62
52235	62
52236	62
52237	62
52238	62
52239	62
52240	62
52241	62
52242	62
52243	62
52244	62
52245	62
52246	62
52247	62
52248	62
52249	62
52250	62
52251	62
52252	62
52253	62
52254	62
52255	62
52256	62
52257	62
52258	62
52259	62
52260	62
52261	62
52262	62
52263	62
52264	62
52265	62
52266	62
52267	62
52268	62
52269	62
52270	62
52271	62
52272	62
52273	62
52274	62
52275	62
52276	62
52277	62
52278	62
52279	62
52280	62
52281	62
52282	62
52283	62
52284	62
52285	62
52286	62
52287	62
52288	62
52289	62
52290	62
52291	62
52292	62
52293	62
52294	62
52295	62
52296	62
52297	62
52298	62
52299	62
52300	62
52301	62
52302	62
52303	62
52304	62
52305	62
52306	62
52307	62
52308	62
52309	62
52310	62
52311	62
52312	62
52313	62
52314	62
52315	62
52316	62
52317	62
52318	62
52319	62
52320	62
52321	62
52322	62
52323	62
52324	62
52325	62
52326	62
52327	62
52328	62
52329	62
52330	62
52331	62
52332	62
52333	62
52334	62
52335	62
52336	62
52337	62
52338	62
52339	62
52340	62
52341	62
52342	62
52343	62
52344	62
52345	62
52346	62
52347	62
52348	62
52349	62
52350	62
52351	62
52352	62
52353	62
52354	62
52355	62
52356	62
52357	62
52358	62
52359	62
52360	62
52361	62
52362	62
52363	62
52364	62
52365	62
52366	62
52367	62
52368	62
52369	62
52370	62
52371	62
52372	62
52373	62
52374	62
52375	62
52376	62
52377	62
52378	62
52379	62
52380	62
52381	62
52382	62
52383	62
52384	62
52385	62
52386	62
52387	62
52388	62
52389	62
52390	62
52391	62
52392	62
52393	62
52394	62
52395	62
52396	62
52397	62
52398	62
52399	62
52400	62
52401	62
52402	62
52403	62
52404	62
52405	62
52406	62
52407	62
52408	62
52409	62
52410	62
52411	62
52412	62
52413	62
52414	62
52415	62
52416	62
52417	62
52418	62
52419	62
52420	62
52421	62
52422	62
52423	62
52424	62
52425	62
52426	62
52427	62
52428	62
52429	62
52430	62
52431	62
52432	62
52433	62
52434	62
52435	62
52436	62
52437	62
52438	62
52439	62
52440	62
52441	62
52442	62
52443	62
52444	62
52445	62
52446	62
52447	62
52448	62
52449	62
52450	62
52451	62
52452	62
52453	62
52454	62
52455	62
52456	62
52457	62
52458	62
52459	62
52460	62
52461	62
52462	62
52463	62
52464	62
52465	62
52466	62
52467	62
52468	62
52469	62
52470	62
52471	62
52472	62
52473	62
52474	62
52475	62
52476	62
52477	62
52478	62
52479	63
52480	63
52481	63
52482	63
52483	63
52484	63
52485	63
52486	63
52487	63
52488	63
52489	63
52490	63
52491	63
52492	63
52493	63
52494	63
52495	63
52496	63
52497	63
52498	63
52499	63
52500	63
52501	63
52502	63
52503	63
52504	63
52505	63
52506	63
52507	63
52508	63
52509	63
52510	63
52511	63
52512	63
52513	63
52514	63
52515	63
52516	63
52517	63
52518	63
52519	63
52520	63
52521	63
52522	63
52523	63
52524	63
52525	63
52526	63
52527	63
52528	63
52529	63
52530	63
52531	63
52532	63
52533	63
52534	63
52535	63
52536	63
52537	63
52538	63
52539	63
52540	63
52541	63
52542	63
52543	63
52544	63
52545	63
52546	63
52547	63
52548	63
52549	63
52550	63
52551	63
52552	63
52553	63
52554	63
52555	63
52556	63
52557	63
52558	63
52559	63
52560	63
52561	63
52562	63
52563	63
52564	63
52565	63
52566	63
52567	63
52568	63
52569	63
52570	63
52571	63
52572	63
52573	63
52574	63
52575	63
52576	63
52577	63
52578	63
52579	63
52580	63
52581	63
52582	63
52583	63
52584	63
52585	63
52586	63
52587	63
52588	63
52589	63
52590	63
52591	63
52592	63
52593	63
52594	63
52595	63
52596	63
52597	63
52598	63
52599	63
52600	63
52601	63
52602	63
52603	63
52604	63
52605	63
52606	63
52607	63
52608	63
52609	63
52610	63
52611	63
52612	63
52613	63
52614	63
52615	63
52616	63
52617	63
52618	63
52619	63
52620	63
52621	63
52622	63
52623	63
52624	63
52625	63
52626	63
52627	63
52628	63
52629	63
52630	63
52631	63
52632	63
52633	63
52634	63
52635	63
52636	63
52637	63
52638	63
52639	63
52640	63
52641	63
52642	63
52643	63
52644	63
52645	63
52646	63
52647	63
52648	63
52649	63
52650	63
52651	63
52652	63
52653	63
52654	63
52655	63
52656	63
52657	63
52658	63
52659	63
52660	63
52661	63
52662	63
52663	63
52664	63
52665	63
52666	63
52667	63
52668	63
52669	63
52670	63
52671	63
52672	63
52673	63
52674	63
52675	63
52676	63
52677	63
52678	63
52679	63
52680	63
52681	63
52682	63
52683	63
52684	63
52685	63
52686	63
52687	63
52688	63
52689	63
52690	63
52691	63
52692	63
52693	63
52694	63
52695	63
52696	63
52697	63
52698	63
52699	63
52700	63
52701	63
52702	63
52703	63
52704	63
52705	63
52706	63
52707	63
52708	63
52709	63
52710	63
52711	63
52712	63
52713	63
52714	63
52715	63
52716	63
52717	63
52718	63
52719	63
52720	63
52721	63
52722	63
52723	63
52724	63
52725	63
52726	63
52727	63
52728	63
52729	63
52730	63
52731	63
52732	63
52733	63
52734	63
52735	63
52736	63
52737	63
52738	63
52739	63
52740	63
52741	63
52742	63
52743	63
52744	63
52745	63
52746	63
52747	63
52748	63
52749	63
52750	63
52751	63
52752	63
52753	63
52754	63
52755	63
52756	63
52757	63
52758	63
52759	63
52760	63
52761	63
52762	63
52763	63
52764	63
52765	63
52766	63
52767	63
52768	63
52769	63
52770	63
52771	63
52772	63
52773	63
52774	63
52775	63
52776	63
52777	63
52778	63
52779	63
52780	63
52781	63
52782	63
52783	63
52784	63
52785	63
52786	63
52787	63
52788	63
52789	63
52790	63
52791	63
52792	63
52793	63
52794	63
52795	63
52796	63
52797	63
52798	63
52799	63
52800	63
52801	63
52802	63
52803	63
52804	63
52805	63
52806	63
52807	63
52808	63
52809	63
52810	63
52811	63
52812	63
52813	63
52814	63
52815	63
52816	63
52817	63
52818	63
52819	63
52820	63
52821	63
52822	63
52823	63
52824	63
52825	63
52826	63
52827	63
52828	63
52829	63
52830	63
52831	63
52832	63
52833	63
52834	63
52835	63
52836	63
52837	63
52838	63
52839	63
52840	63
52841	63
52842	63
52843	63
52844	63
52845	63
52846	63
52847	63
52848	63
52849	63
52850	63
52851	63
52852	63
52853	63
52854	63
52855	63
52856	63
52857	63
52858	63
52859	63
52860	63
52861	63
52862	63
52863	63
52864	63
52865	63
52866	63
52867	63
52868	63
52869	63
52870	63
52871	63
52872	63
52873	63
52874	63
52875	63
52876	63
52877	63
52878	63
52879	63
52880	63
52881	63
52882	63
52883	63
52884	63
52885	63
52886	63
52887	63
52888	63
52889	63
52890	63
52891	63
52892	63
52893	63
52894	63
52895	63
52896	63
52897	63
52898	63
52899	63
52900	63
52901	63
52902	63
52903	63
52904	63
52905	63
52906	63
52907	63
52908	63
52909	63
52910	63
52911	63
52912	63
52913	63
52914	63
52915	63
52916	63
52917	63
52918	63
52919	63
52920	63
52921	63
52922	63
52923	63
52924	63
52925	63
52926	63
52927	63
52928	63
52929	63
52930	63
52931	63
52932	63
52933	63
52934	63
52935	63
52936	63
52937	63
52938	63
52939	63
52940	63
52941	63
52942	63
52943	63
52944	63
52945	63
52946	63
52947	63
52948	63
52949	63
52950	63
52951	63
52952	63
52953	63
52954	63
52955	63
52956	63
52957	63
52958	63
52959	63
52960	63
52961	63
52962	63
52963	63
52964	63
52965	63
52966	63
52967	63
52968	63
52969	63
52970	63
52971	63
52972	63
52973	63
52974	63
52975	63
52976	63
52977	63
52978	63
52979	63
52980	63
52981	63
52982	63
52983	63
52984	63
52985	63
52986	63
52987	63
52988	63
52989	63
52990	63
52991	63
52992	63
52993	63
52994	63
52995	63
52996	63
52997	63
52998	63
52999	63
53000	63
53001	63
53002	63
53003	63
53004	63
53005	63
53006	63
53007	63
53008	63
53009	63
53010	63
53011	63
53012	63
53013	63
53014	63
53015	63
53016	63
53017	63
53018	63
53019	63
53020	63
53021	63
53022	63
53023	63
53024	63
53025	63
53026	63
53027	63
53028	63
53029	63
53030	63
53031	63
53032	63
53033	63
53034	63
53035	63
53036	63
53037	63
53038	63
53039	63
53040	63
53041	63
53042	63
53043	63
53044	63
53045	63
53046	63
53047	63
53048	63
53049	63
53050	63
53051	63
53052	63
53053	63
53054	63
53055	63
53056	63
53057	63
53058	63
53059	63
53060	63
53061	63
53062	63
53063	63
53064	63
53065	63
53066	63
53067	63
53068	63
53069	63
53070	63
53071	63
53072	63
53073	63
53074	63
53075	63
53076	63
53077	63
53078	63
53079	63
53080	63
53081	63
53082	63
53083	63
53084	63
53085	63
53086	63
53087	63
53088	63
53089	63
53090	63
53091	63
53092	63
53093	63
53094	63
53095	63
53096	63
53097	63
53098	63
53099	63
53100	63
53101	63
53102	63
53103	63
53104	63
53105	63
53106	63
53107	63
53108	63
53109	63
53110	63
53111	63
53112	63
53113	63
53114	63
53115	63
53116	63
53117	63
53118	63
53119	63
53120	63
53121	63
53122	63
53123	63
53124	63
53125	63
53126	63
53127	63
53128	63
53129	63
53130	63
53131	63
53132	63
53133	63
53134	63
53135	63
53136	63
53137	63
53138	63
53139	63
53140	63
53141	63
53142	63
53143	63
53144	63
53145	63
53146	63
53147	63
53148	63
53149	63
53150	63
53151	63
53152	63
53153	63
53154	63
53155	63
53156	63
53157	63
53158	63
53159	63
53160	63
53161	63
53162	63
53163	63
53164	63
53165	63
53166	63
53167	63
53168	63
53169	63
53170	63
53171	63
53172	63
53173	63
53174	63
53175	63
53176	63
53177	63
53178	63
53179	63
53180	63
53181	63
53182	63
53183	63
53184	63
53185	63
53186	63
53187	63
53188	63
53189	63
53190	63
53191	63
53192	63
53193	63
53194	63
53195	63
53196	63
53197	63
53198	63
53199	63
53200	63
53201	63
53202	63
53203	63
53204	63
53205	63
53206	63
53207	63
53208	63
53209	63
53210	63
53211	63
53212	63
53213	63
53214	63
53215	63
53216	63
53217	63
53218	63
53219	63
53220	63
53221	63
53222	63
53223	63
53224	63
53225	63
53226	63
53227	63
53228	63
53229	63
53230	63
53231	63
53232	63
53233	63
53234	63
53235	63
53236	63
53237	63
53238	63
53239	63
53240	63
53241	63
53242	63
53243	63
53244	63
53245	63
53246	63
53247	63
53248	63
53249	63
53250	63
53251	63
53252	63
53253	63
53254	63
53255	63
53256	63
53257	63
53258	63
53259	63
53260	63
53261	63
53262	63
53263	63
53264	63
53265	63
53266	63
53267	63
53268	63
53269	63
53270	63
53271	63
53272	63
53273	63
53274	63
53275	63
53276	63
53277	63
53278	63
53279	63
53280	63
53281	63
53282	63
53283	63
53284	63
53285	63
53286	63
53287	63
53288	63
53289	63
53290	63
53291	63
53292	63
53293	63
53294	63
53295	63
53296	63
53297	63
53298	63
53299	63
53300	63
53301	63
53302	63
53303	63
53304	63
53305	63
53306	63
53307	63
53308	63
53309	63
53310	63
53311	63
53312	64
53313	64
53314	64
53315	64
53316	64
53317	64
53318	64
53319	64
53320	64
53321	64
53322	64
53323	64
53324	64
53325	64
53326	64
53327	64
53328	64
53329	64
53330	64
53331	64
53332	64
53333	64
53334	64
53335	64
53336	64
53337	64
53338	64
53339	64
53340	64
53341	64
53342	64
53343	64
53344	64
53345	64
53346	64
53347	64
53348	64
53349	64
53350	64
53351	64
53352	64
53353	64
53354	64
53355	64
53356	64
53357	64
53358	64
53359	64
53360	64
53361	64
53362	64
53363	64
53364	64
53365	64
53366	64
53367	64
53368	64
53369	64
53370	64
53371	64
53372	64
53373	64
53374	64
53375	64
53376	64
53377	64
53378	64
53379	64
53380	64
53381	64
53382	64
53383	64
53384	64
53385	64
53386	64
53387	64
53388	64
53389	64
53390	64
53391	64
53392	64
53393	64
53394	64
53395	64
53396	64
53397	64
53398	64
53399	64
53400	64
53401	64
53402	64
53403	64
53404	64
53405	64
53406	64
53407	64
53408	64
53409	64
53410	64
53411	64
53412	64
53413	64
53414	64
53415	64
53416	64
53417	64
53418	64
53419	64
53420	64
53421	64
53422	64
53423	64
53424	64
53425	64
53426	64
53427	64
53428	64
53429	64
53430	64
53431	64
53432	64
53433	64
53434	64
53435	64
53436	64
53437	64
53438	64
53439	64
53440	64
53441	64
53442	64
53443	64
53444	64
53445	64
53446	64
53447	64
53448	64
53449	64
53450	64
53451	64
53452	64
53453	64
53454	64
53455	64
53456	64
53457	64
53458	64
53459	64
53460	64
53461	64
53462	64
53463	64
53464	64
53465	64
53466	64
53467	64
53468	64
53469	64
53470	64
53471	64
53472	64
53473	64
53474	64
53475	64
53476	64
53477	64
53478	64
53479	64
53480	64
53481	64
53482	64
53483	64
53484	64
53485	64
53486	64
53487	64
53488	64
53489	64
53490	64
53491	64
53492	64
53493	64
53494	64
53495	64
53496	64
53497	64
53498	64
53499	64
53500	64
53501	64
53502	64
53503	64
53504	64
53505	64
53506	64
53507	64
53508	64
53509	64
53510	64
53511	64
53512	64
53513	64
53514	64
53515	64
53516	64
53517	64
53518	64
53519	64
53520	64
53521	64
53522	64
53523	64
53524	64
53525	64
53526	64
53527	64
53528	64
53529	64
53530	64
53531	64
53532	64
53533	64
53534	64
53535	64
53536	64
53537	64
53538	64
53539	64
53540	64
53541	64
53542	64
53543	64
53544	64
53545	64
53546	64
53547	64
53548	64
53549	64
53550	64
53551	64
53552	64
53553	64
53554	64
53555	64
53556	64
53557	64
53558	64
53559	64
53560	64
53561	64
53562	64
53563	64
53564	64
53565	64
53566	64
53567	64
53568	64
53569	64
53570	64
53571	64
53572	64
53573	64
53574	64
53575	64
53576	64
53577	64
53578	64
53579	64
53580	64
53581	64
53582	64
53583	64
53584	64
53585	64
53586	64
53587	64
53588	64
53589	64
53590	64
53591	64
53592	64
53593	64
53594	64
53595	64
53596	64
53597	64
53598	64
53599	64
53600	64
53601	64
53602	64
53603	64
53604	64
53605	64
53606	64
53607	64
53608	64
53609	64
53610	64
53611	64
53612	64
53613	64
53614	64
53615	64
53616	64
53617	64
53618	64
53619	64
53620	64
53621	64
53622	64
53623	64
53624	64
53625	64
53626	64
53627	64
53628	64
53629	64
53630	64
53631	64
53632	64
53633	64
53634	64
53635	64
53636	64
53637	64
53638	64
53639	64
53640	64
53641	64
53642	64
53643	64
53644	64
53645	64
53646	64
53647	64
53648	64
53649	64
53650	64
53651	64
53652	64
53653	64
53654	64
53655	64
53656	64
53657	64
53658	64
53659	64
53660	64
53661	64
53662	64
53663	64
53664	64
53665	64
53666	64
53667	64
53668	64
53669	64
53670	64
53671	64
53672	64
53673	64
53674	64
53675	64
53676	64
53677	64
53678	64
53679	64
53680	64
53681	64
53682	64
53683	64
53684	64
53685	64
53686	64
53687	64
53688	64
53689	64
53690	64
53691	64
53692	64
53693	64
53694	64
53695	64
53696	64
53697	64
53698	64
53699	64
53700	64
53701	64
53702	64
53703	64
53704	64
53705	64
53706	64
53707	64
53708	64
53709	64
53710	64
53711	64
53712	64
53713	64
53714	64
53715	64
53716	64
53717	64
53718	64
53719	64
53720	64
53721	64
53722	64
53723	64
53724	64
53725	64
53726	64
53727	64
53728	64
53729	64
53730	64
53731	64
53732	64
53733	64
53734	64
53735	64
53736	64
53737	64
53738	64
53739	64
53740	64
53741	64
53742	64
53743	64
53744	64
53745	64
53746	64
53747	64
53748	64
53749	64
53750	64
53751	64
53752	64
53753	64
53754	64
53755	64
53756	64
53757	64
53758	64
53759	64
53760	64
53761	64
53762	64
53763	64
53764	64
53765	64
53766	64
53767	64
53768	64
53769	64
53770	64
53771	64
53772	64
53773	64
53774	64
53775	64
53776	64
53777	64
53778	64
53779	64
53780	64
53781	64
53782	64
53783	64
53784	64
53785	64
53786	64
53787	64
53788	64
53789	64
53790	64
53791	64
53792	64
53793	64
53794	64
53795	64
53796	64
53797	64
53798	64
53799	64
53800	64
53801	64
53802	64
53803	64
53804	64
53805	64
53806	64
53807	64
53808	64
53809	64
53810	64
53811	64
53812	64
53813	64
53814	64
53815	64
53816	64
53817	64
53818	64
53819	64
53820	64
53821	64
53822	64
53823	64
53824	64
53825	64
53826	64
53827	64
53828	64
53829	64
53830	64
53831	64
53832	64
53833	64
53834	64
53835	64
53836	64
53837	64
53838	64
53839	64
53840	64
53841	64
53842	64
53843	64
53844	64
53845	64
53846	64
53847	64
53848	64
53849	64
53850	64
53851	64
53852	64
53853	64
53854	64
53855	64
53856	64
53857	64
53858	64
53859	64
53860	64
53861	64
53862	64
53863	64
53864	64
53865	64
53866	64
53867	64
53868	64
53869	64
53870	64
53871	64
53872	64
53873	64
53874	64
53875	64
53876	64
53877	64
53878	64
53879	64
53880	64
53881	64
53882	64
53883	64
53884	64
53885	64
53886	64
53887	64
53888	64
53889	64
53890	64
53891	64
53892	64
53893	64
53894	64
53895	64
53896	64
53897	64
53898	64
53899	64
53900	64
53901	64
53902	64
53903	64
53904	64
53905	64
53906	64
53907	64
53908	64
53909	64
53910	64
53911	64
53912	64
53913	64
53914	64
53915	64
53916	64
53917	64
53918	64
53919	64
53920	64
53921	64
53922	64
53923	64
53924	64
53925	64
53926	64
53927	64
53928	64
53929	64
53930	64
53931	64
53932	64
53933	64
53934	64
53935	64
53936	64
53937	64
53938	64
53939	64
53940	64
53941	64
53942	64
53943	64
53944	64
53945	64
53946	64
53947	64
53948	64
53949	64
53950	64
53951	64
53952	64
53953	64
53954	64
53955	64
53956	64
53957	64
53958	64
53959	64
53960	64
53961	64
53962	64
53963	64
53964	64
53965	64
53966	64
53967	64
53968	64
53969	64
53970	64
53971	64
53972	64
53973	64
53974	64
53975	64
53976	64
53977	64
53978	64
53979	64
53980	64
53981	64
53982	64
53983	64
53984	64
53985	64
53986	64
53987	64
53988	64
53989	64
53990	64
53991	64
53992	64
53993	64
53994	64
53995	64
53996	64
53997	64
53998	64
53999	64
54000	64
54001	64
54002	64
54003	64
54004	64
54005	64
54006	64
54007	64
54008	64
54009	64
54010	64
54011	64
54012	64
54013	64
54014	64
54015	64
54016	64
54017	64
54018	64
54019	64
54020	64
54021	64
54022	64
54023	64
54024	64
54025	64
54026	64
54027	64
54028	64
54029	64
54030	64
54031	64
54032	64
54033	64
54034	64
54035	64
54036	64
54037	64
54038	64
54039	64
54040	64
54041	64
54042	64
54043	64
54044	64
54045	64
54046	64
54047	64
54048	64
54049	64
54050	64
54051	64
54052	64
54053	64
54054	64
54055	64
54056	64
54057	64
54058	64
54059	64
54060	64
54061	64
54062	64
54063	64
54064	64
54065	64
54066	64
54067	64
54068	64
54069	64
54070	64
54071	64
54072	64
54073	64
54074	64
54075	64
54076	64
54077	64
54078	64
54079	64
54080	64
54081	64
54082	64
54083	64
54084	64
54085	64
54086	64
54087	64
54088	64
54089	64
54090	64
54091	64
54092	64
54093	64
54094	64
54095	64
54096	64
54097	64
54098	64
54099	64
54100	64
54101	64
54102	64
54103	64
54104	64
54105	64
54106	64
54107	64
54108	64
54109	64
54110	64
54111	64
54112	64
54113	64
54114	64
54115	64
54116	64
54117	64
54118	64
54119	64
54120	64
54121	64
54122	64
54123	64
54124	64
54125	64
54126	64
54127	64
54128	64
54129	64
54130	64
54131	64
54132	64
54133	64
54134	64
54135	64
54136	64
54137	64
54138	64
54139	64
54140	64
54141	64
54142	64
54143	64
54144	64
54145	65
54146	65
54147	65
54148	65
54149	65
54150	65
54151	65
54152	65
54153	65
54154	65
54155	65
54156	65
54157	65
54158	65
54159	65
54160	65
54161	65
54162	65
54163	65
54164	65
54165	65
54166	65
54167	65
54168	65
54169	65
54170	65
54171	65
54172	65
54173	65
54174	65
54175	65
54176	65
54177	65
54178	65
54179	65
54180	65
54181	65
54182	65
54183	65
54184	65
54185	65
54186	65
54187	65
54188	65
54189	65
54190	65
54191	65
54192	65
54193	65
54194	65
54195	65
54196	65
54197	65
54198	65
54199	65
54200	65
54201	65
54202	65
54203	65
54204	65
54205	65
54206	65
54207	65
54208	65
54209	65
54210	65
54211	65
54212	65
54213	65
54214	65
54215	65
54216	65
54217	65
54218	65
54219	65
54220	65
54221	65
54222	65
54223	65
54224	65
54225	65
54226	65
54227	65
54228	65
54229	65
54230	65
54231	65
54232	65
54233	65
54234	65
54235	65
54236	65
54237	65
54238	65
54239	65
54240	65
54241	65
54242	65
54243	65
54244	65
54245	65
54246	65
54247	65
54248	65
54249	65
54250	65
54251	65
54252	65
54253	65
54254	65
54255	65
54256	65
54257	65
54258	65
54259	65
54260	65
54261	65
54262	65
54263	65
54264	65
54265	65
54266	65
54267	65
54268	65
54269	65
54270	65
54271	65
54272	65
54273	65
54274	65
54275	65
54276	65
54277	65
54278	65
54279	65
54280	65
54281	65
54282	65
54283	65
54284	65
54285	65
54286	65
54287	65
54288	65
54289	65
54290	65
54291	65
54292	65
54293	65
54294	65
54295	65
54296	65
54297	65
54298	65
54299	65
54300	65
54301	65
54302	65
54303	65
54304	65
54305	65
54306	65
54307	65
54308	65
54309	65
54310	65
54311	65
54312	65
54313	65
54314	65
54315	65
54316	65
54317	65
54318	65
54319	65
54320	65
54321	65
54322	65
54323	65
54324	65
54325	65
54326	65
54327	65
54328	65
54329	65
54330	65
54331	65
54332	65
54333	65
54334	65
54335	65
54336	65
54337	65
54338	65
54339	65
54340	65
54341	65
54342	65
54343	65
54344	65
54345	65
54346	65
54347	65
54348	65
54349	65
54350	65
54351	65
54352	65
54353	65
54354	65
54355	65
54356	65
54357	65
54358	65
54359	65
54360	65
54361	65
54362	65
54363	65
54364	65
54365	65
54366	65
54367	65
54368	65
54369	65
54370	65
54371	65
54372	65
54373	65
54374	65
54375	65
54376	65
54377	65
54378	65
54379	65
54380	65
54381	65
54382	65
54383	65
54384	65
54385	65
54386	65
54387	65
54388	65
54389	65
54390	65
54391	65
54392	65
54393	65
54394	65
54395	65
54396	65
54397	65
54398	65
54399	65
54400	65
54401	65
54402	65
54403	65
54404	65
54405	65
54406	65
54407	65
54408	65
54409	65
54410	65
54411	65
54412	65
54413	65
54414	65
54415	65
54416	65
54417	65
54418	65
54419	65
54420	65
54421	65
54422	65
54423	65
54424	65
54425	65
54426	65
54427	65
54428	65
54429	65
54430	65
54431	65
54432	65
54433	65
54434	65
54435	65
54436	65
54437	65
54438	65
54439	65
54440	65
54441	65
54442	65
54443	65
54444	65
54445	65
54446	65
54447	65
54448	65
54449	65
54450	65
54451	65
54452	65
54453	65
54454	65
54455	65
54456	65
54457	65
54458	65
54459	65
54460	65
54461	65
54462	65
54463	65
54464	65
54465	65
54466	65
54467	65
54468	65
54469	65
54470	65
54471	65
54472	65
54473	65
54474	65
54475	65
54476	65
54477	65
54478	65
54479	65
54480	65
54481	65
54482	65
54483	65
54484	65
54485	65
54486	65
54487	65
54488	65
54489	65
54490	65
54491	65
54492	65
54493	65
54494	65
54495	65
54496	65
54497	65
54498	65
54499	65
54500	65
54501	65
54502	65
54503	65
54504	65
54505	65
54506	65
54507	65
54508	65
54509	65
54510	65
54511	65
54512	65
54513	65
54514	65
54515	65
54516	65
54517	65
54518	65
54519	65
54520	65
54521	65
54522	65
54523	65
54524	65
54525	65
54526	65
54527	65
54528	65
54529	65
54530	65
54531	65
54532	65
54533	65
54534	65
54535	65
54536	65
54537	65
54538	65
54539	65
54540	65
54541	65
54542	65
54543	65
54544	65
54545	65
54546	65
54547	65
54548	65
54549	65
54550	65
54551	65
54552	65
54553	65
54554	65
54555	65
54556	65
54557	65
54558	65
54559	65
54560	65
54561	65
54562	65
54563	65
54564	65
54565	65
54566	65
54567	65
54568	65
54569	65
54570	65
54571	65
54572	65
54573	65
54574	65
54575	65
54576	65
54577	65
54578	65
54579	65
54580	65
54581	65
54582	65
54583	65
54584	65
54585	65
54586	65
54587	65
54588	65
54589	65
54590	65
54591	65
54592	65
54593	65
54594	65
54595	65
54596	65
54597	65
54598	65
54599	65
54600	65
54601	65
54602	65
54603	65
54604	65
54605	65
54606	65
54607	65
54608	65
54609	65
54610	65
54611	65
54612	65
54613	65
54614	65
54615	65
54616	65
54617	65
54618	65
54619	65
54620	65
54621	65
54622	65
54623	65
54624	65
54625	65
54626	65
54627	65
54628	65
54629	65
54630	65
54631	65
54632	65
54633	65
54634	65
54635	65
54636	65
54637	65
54638	65
54639	65
54640	65
54641	65
54642	65
54643	65
54644	65
54645	65
54646	65
54647	65
54648	65
54649	65
54650	65
54651	65
54652	65
54653	65
54654	65
54655	65
54656	65
54657	65
54658	65
54659	65
54660	65
54661	65
54662	65
54663	65
54664	65
54665	65
54666	65
54667	65
54668	65
54669	65
54670	65
54671	65
54672	65
54673	65
54674	65
54675	65
54676	65
54677	65
54678	65
54679	65
54680	65
54681	65
54682	65
54683	65
54684	65
54685	65
54686	65
54687	65
54688	65
54689	65
54690	65
54691	65
54692	65
54693	65
54694	65
54695	65
54696	65
54697	65
54698	65
54699	65
54700	65
54701	65
54702	65
54703	65
54704	65
54705	65
54706	65
54707	65
54708	65
54709	65
54710	65
54711	65
54712	65
54713	65
54714	65
54715	65
54716	65
54717	65
54718	65
54719	65
54720	65
54721	65
54722	65
54723	65
54724	65
54725	65
54726	65
54727	65
54728	65
54729	65
54730	65
54731	65
54732	65
54733	65
54734	65
54735	65
54736	65
54737	65
54738	65
54739	65
54740	65
54741	65
54742	65
54743	65
54744	65
54745	65
54746	65
54747	65
54748	65
54749	65
54750	65
54751	65
54752	65
54753	65
54754	65
54755	65
54756	65
54757	65
54758	65
54759	65
54760	65
54761	65
54762	65
54763	65
54764	65
54765	65
54766	65
54767	65
54768	65
54769	65
54770	65
54771	65
54772	65
54773	65
54774	65
54775	65
54776	65
54777	65
54778	65
54779	65
54780	65
54781	65
54782	65
54783	65
54784	65
54785	65
54786	65
54787	65
54788	65
54789	65
54790	65
54791	65
54792	65
54793	65
54794	65
54795	65
54796	65
54797	65
54798	65
54799	65
54800	65
54801	65
54802	65
54803	65
54804	65
54805	65
54806	65
54807	65
54808	65
54809	65
54810	65
54811	65
54812	65
54813	65
54814	65
54815	65
54816	65
54817	65
54818	65
54819	65
54820	65
54821	65
54822	65
54823	65
54824	65
54825	65
54826	65
54827	65
54828	65
54829	65
54830	65
54831	65
54832	65
54833	65
54834	65
54835	65
54836	65
54837	65
54838	65
54839	65
54840	65
54841	65
54842	65
54843	65
54844	65
54845	65
54846	65
54847	65
54848	65
54849	65
54850	65
54851	65
54852	65
54853	65
54854	65
54855	65
54856	65
54857	65
54858	65
54859	65
54860	65
54861	65
54862	65
54863	65
54864	65
54865	65
54866	65
54867	65
54868	65
54869	65
54870	65
54871	65
54872	65
54873	65
54874	65
54875	65
54876	65
54877	65
54878	65
54879	65
54880	65
54881	65
54882	65
54883	65
54884	65
54885	65
54886	65
54887	65
54888	65
54889	65
54890	65
54891	65
54892	65
54893	65
54894	65
54895	65
54896	65
54897	65
54898	65
54899	65
54900	65
54901	65
54902	65
54903	65
54904	65
54905	65
54906	65
54907	65
54908	65
54909	65
54910	65
54911	65
54912	65
54913	65
54914	65
54915	65
54916	65
54917	65
54918	65
54919	65
54920	65
54921	65
54922	65
54923	65
54924	65
54925	65
54926	65
54927	65
54928	65
54929	65
54930	65
54931	65
54932	65
54933	65
54934	65
54935	65
54936	65
54937	65
54938	65
54939	65
54940	65
54941	65
54942	65
54943	65
54944	65
54945	65
54946	65
54947	65
54948	65
54949	65
54950	65
54951	65
54952	65
54953	65
54954	65
54955	65
54956	65
54957	65
54958	65
54959	65
54960	65
54961	65
54962	65
54963	65
54964	65
54965	65
54966	65
54967	65
54968	65
54969	65
54970	65
54971	65
54972	65
54973	65
54974	65
54975	65
54976	65
54977	65
54978	66
54979	66
54980	66
54981	66
54982	66
54983	66
54984	66
54985	66
54986	66
54987	66
54988	66
54989	66
54990	66
54991	66
54992	66
54993	66
54994	66
54995	66
54996	66
54997	66
54998	66
54999	66
55000	66
55001	66
55002	66
55003	66
55004	66
55005	66
55006	66
55007	66
55008	66
55009	66
55010	66
55011	66
55012	66
55013	66
55014	66
55015	66
55016	66
55017	66
55018	66
55019	66
55020	66
55021	66
55022	66
55023	66
55024	66
55025	66
55026	66
55027	66
55028	66
55029	66
55030	66
55031	66
55032	66
55033	66
55034	66
55035	66
55036	66
55037	66
55038	66
55039	66
55040	66
55041	66
55042	66
55043	66
55044	66
55045	66
55046	66
55047	66
55048	66
55049	66
55050	66
55051	66
55052	66
55053	66
55054	66
55055	66
55056	66
55057	66
55058	66
55059	66
55060	66
55061	66
55062	66
55063	66
55064	66
55065	66
55066	66
55067	66
55068	66
55069	66
55070	66
55071	66
55072	66
55073	66
55074	66
55075	66
55076	66
55077	66
55078	66
55079	66
55080	66
55081	66
55082	66
55083	66
55084	66
55085	66
55086	66
55087	66
55088	66
55089	66
55090	66
55091	66
55092	66
55093	66
55094	66
55095	66
55096	66
55097	66
55098	66
55099	66
55100	66
55101	66
55102	66
55103	66
55104	66
55105	66
55106	66
55107	66
55108	66
55109	66
55110	66
55111	66
55112	66
55113	66
55114	66
55115	66
55116	66
55117	66
55118	66
55119	66
55120	66
55121	66
55122	66
55123	66
55124	66
55125	66
55126	66
55127	66
55128	66
55129	66
55130	66
55131	66
55132	66
55133	66
55134	66
55135	66
55136	66
55137	66
55138	66
55139	66
55140	66
55141	66
55142	66
55143	66
55144	66
55145	66
55146	66
55147	66
55148	66
55149	66
55150	66
55151	66
55152	66
55153	66
55154	66
55155	66
55156	66
55157	66
55158	66
55159	66
55160	66
55161	66
55162	66
55163	66
55164	66
55165	66
55166	66
55167	66
55168	66
55169	66
55170	66
55171	66
55172	66
55173	66
55174	66
55175	66
55176	66
55177	66
55178	66
55179	66
55180	66
55181	66
55182	66
55183	66
55184	66
55185	66
55186	66
55187	66
55188	66
55189	66
55190	66
55191	66
55192	66
55193	66
55194	66
55195	66
55196	66
55197	66
55198	66
55199	66
55200	66
55201	66
55202	66
55203	66
55204	66
55205	66
55206	66
55207	66
55208	66
55209	66
55210	66
55211	66
55212	66
55213	66
55214	66
55215	66
55216	66
55217	66
55218	66
55219	66
55220	66
55221	66
55222	66
55223	66
55224	66
55225	66
55226	66
55227	66
55228	66
55229	66
55230	66
55231	66
55232	66
55233	66
55234	66
55235	66
55236	66
55237	66
55238	66
55239	66
55240	66
55241	66
55242	66
55243	66
55244	66
55245	66
55246	66
55247	66
55248	66
55249	66
55250	66
55251	66
55252	66
55253	66
55254	66
55255	66
55256	66
55257	66
55258	66
55259	66
55260	66
55261	66
55262	66
55263	66
55264	66
55265	66
55266	66
55267	66
55268	66
55269	66
55270	66
55271	66
55272	66
55273	66
55274	66
55275	66
55276	66
55277	66
55278	66
55279	66
55280	66
55281	66
55282	66
55283	66
55284	66
55285	66
55286	66
55287	66
55288	66
55289	66
55290	66
55291	66
55292	66
55293	66
55294	66
55295	66
55296	66
55297	66
55298	66
55299	66
55300	66
55301	66
55302	66
55303	66
55304	66
55305	66
55306	66
55307	66
55308	66
55309	66
55310	66
55311	66
55312	66
55313	66
55314	66
55315	66
55316	66
55317	66
55318	66
55319	66
55320	66
55321	66
55322	66
55323	66
55324	66
55325	66
55326	66
55327	66
55328	66
55329	66
55330	66
55331	66
55332	66
55333	66
55334	66
55335	66
55336	66
55337	66
55338	66
55339	66
55340	66
55341	66
55342	66
55343	66
55344	66
55345	66
55346	66
55347	66
55348	66
55349	66
55350	66
55351	66
55352	66
55353	66
55354	66
55355	66
55356	66
55357	66
55358	66
55359	66
55360	66
55361	66
55362	66
55363	66
55364	66
55365	66
55366	66
55367	66
55368	66
55369	66
55370	66
55371	66
55372	66
55373	66
55374	66
55375	66
55376	66
55377	66
55378	66
55379	66
55380	66
55381	66
55382	66
55383	66
55384	66
55385	66
55386	66
55387	66
55388	66
55389	66
55390	66
55391	66
55392	66
55393	66
55394	66
55395	66
55396	66
55397	66
55398	66
55399	66
55400	66
55401	66
55402	66
55403	66
55404	66
55405	66
55406	66
55407	66
55408	66
55409	66
55410	66
55411	66
55412	66
55413	66
55414	66
55415	66
55416	66
55417	66
55418	66
55419	66
55420	66
55421	66
55422	66
55423	66
55424	66
55425	66
55426	66
55427	66
55428	66
55429	66
55430	66
55431	66
55432	66
55433	66
55434	66
55435	66
55436	66
55437	66
55438	66
55439	66
55440	66
55441	66
55442	66
55443	66
55444	66
55445	66
55446	66
55447	66
55448	66
55449	66
55450	66
55451	66
55452	66
55453	66
55454	66
55455	66
55456	66
55457	66
55458	66
55459	66
55460	66
55461	66
55462	66
55463	66
55464	66
55465	66
55466	66
55467	66
55468	66
55469	66
55470	66
55471	66
55472	66
55473	66
55474	66
55475	66
55476	66
55477	66
55478	66
55479	66
55480	66
55481	66
55482	66
55483	66
55484	66
55485	66
55486	66
55487	66
55488	66
55489	66
55490	66
55491	66
55492	66
55493	66
55494	66
55495	66
55496	66
55497	66
55498	66
55499	66
55500	66
55501	66
55502	66
55503	66
55504	66
55505	66
55506	66
55507	66
55508	66
55509	66
55510	66
55511	66
55512	66
55513	66
55514	66
55515	66
55516	66
55517	66
55518	66
55519	66
55520	66
55521	66
55522	66
55523	66
55524	66
55525	66
55526	66
55527	66
55528	66
55529	66
55530	66
55531	66
55532	66
55533	66
55534	66
55535	66
55536	66
55537	66
55538	66
55539	66
55540	66
55541	66
55542	66
55543	66
55544	66
55545	66
55546	66
55547	66
55548	66
55549	66
55550	66
55551	66
55552	66
55553	66
55554	66
55555	66
55556	66
55557	66
55558	66
55559	66
55560	66
55561	66
55562	66
55563	66
55564	66
55565	66
55566	66
55567	66
55568	66
55569	66
55570	66
55571	66
55572	66
55573	66
55574	66
55575	66
55576	66
55577	66
55578	66
55579	66
55580	66
55581	66
55582	66
55583	66
55584	66
55585	66
55586	66
55587	66
55588	66
55589	66
55590	66
55591	66
55592	66
55593	66
55594	66
55595	66
55596	66
55597	66
55598	66
55599	66
55600	66
55601	66
55602	66
55603	66
55604	66
55605	66
55606	66
55607	66
55608	66
55609	66
55610	66
55611	66
55612	66
55613	66
55614	66
55615	66
55616	66
55617	66
55618	66
55619	66
55620	66
55621	66
55622	66
55623	66
55624	66
55625	66
55626	66
55627	66
55628	66
55629	66
55630	66
55631	66
55632	66
55633	66
55634	66
55635	66
55636	66
55637	66
55638	66
55639	66
55640	66
55641	66
55642	66
55643	66
55644	66
55645	66
55646	66
55647	66
55648	66
55649	66
55650	66
55651	66
55652	66
55653	66
55654	66
55655	66
55656	66
55657	66
55658	66
55659	66
55660	66
55661	66
55662	66
55663	66
55664	66
55665	66
55666	66
55667	66
55668	66
55669	66
55670	66
55671	66
55672	66
55673	66
55674	66
55675	66
55676	66
55677	66
55678	66
55679	66
55680	66
55681	66
55682	66
55683	66
55684	66
55685	66
55686	66
55687	66
55688	66
55689	66
55690	66
55691	66
55692	66
55693	66
55694	66
55695	66
55696	66
55697	66
55698	66
55699	66
55700	66
55701	66
55702	66
55703	66
55704	66
55705	66
55706	66
55707	66
55708	66
55709	66
55710	66
55711	66
55712	66
55713	66
55714	66
55715	66
55716	66
55717	66
55718	66
55719	66
55720	66
55721	66
55722	66
55723	66
55724	66
55725	66
55726	66
55727	66
55728	66
55729	66
55730	66
55731	66
55732	66
55733	66
55734	66
55735	66
55736	66
55737	66
55738	66
55739	66
55740	66
55741	66
55742	66
55743	66
55744	66
55745	66
55746	66
55747	66
55748	66
55749	66
55750	66
55751	66
55752	66
55753	66
55754	66
55755	66
55756	66
55757	66
55758	66
55759	66
55760	66
55761	66
55762	66
55763	66
55764	66
55765	66
55766	66
55767	66
55768	66
55769	66
55770	66
55771	66
55772	66
55773	66
55774	66
55775	66
55776	66
55777	66
55778	66
55779	66
55780	66
55781	66
55782	66
55783	66
55784	66
55785	66
55786	66
55787	66
55788	66
55789	66
55790	66
55791	66
55792	66
55793	66
55794	66
55795	66
55796	66
55797	66
55798	66
55799	66
55800	66
55801	66
55802	66
55803	66
55804	66
55805	66
55806	66
55807	66
55808	66
55809	66
55810	66
55811	67
55812	67
55813	67
55814	67
55815	67
55816	67
55817	67
55818	67
55819	67
55820	67
55821	67
55822	67
55823	67
55824	67
55825	67
55826	67
55827	67
55828	67
55829	67
55830	67
55831	67
55832	67
55833	67
55834	67
55835	67
55836	67
55837	67
55838	67
55839	67
55840	67
55841	67
55842	67
55843	67
55844	67
55845	67
55846	67
55847	67
55848	67
55849	67
55850	67
55851	67
55852	67
55853	67
55854	67
55855	67
55856	67
55857	67
55858	67
55859	67
55860	67
55861	67
55862	67
55863	67
55864	67
55865	67
55866	67
55867	67
55868	67
55869	67
55870	67
55871	67
55872	67
55873	67
55874	67
55875	67
55876	67
55877	67
55878	67
55879	67
55880	67
55881	67
55882	67
55883	67
55884	67
55885	67
55886	67
55887	67
55888	67
55889	67
55890	67
55891	67
55892	67
55893	67
55894	67
55895	67
55896	67
55897	67
55898	67
55899	67
55900	67
55901	67
55902	67
55903	67
55904	67
55905	67
55906	67
55907	67
55908	67
55909	67
55910	67
55911	67
55912	67
55913	67
55914	67
55915	67
55916	67
55917	67
55918	67
55919	67
55920	67
55921	67
55922	67
55923	67
55924	67
55925	67
55926	67
55927	67
55928	67
55929	67
55930	67
55931	67
55932	67
55933	67
55934	67
55935	67
55936	67
55937	67
55938	67
55939	67
55940	67
55941	67
55942	67
55943	67
55944	67
55945	67
55946	67
55947	67
55948	67
55949	67
55950	67
55951	67
55952	67
55953	67
55954	67
55955	67
55956	67
55957	67
55958	67
55959	67
55960	67
55961	67
55962	67
55963	67
55964	67
55965	67
55966	67
55967	67
55968	67
55969	67
55970	67
55971	67
55972	67
55973	67
55974	67
55975	67
55976	67
55977	67
55978	67
55979	67
55980	67
55981	67
55982	67
55983	67
55984	67
55985	67
55986	67
55987	67
55988	67
55989	67
55990	67
55991	67
55992	67
55993	67
55994	67
55995	67
55996	67
55997	67
55998	67
55999	67
56000	67
56001	67
56002	67
56003	67
56004	67
56005	67
56006	67
56007	67
56008	67
56009	67
56010	67
56011	67
56012	67
56013	67
56014	67
56015	67
56016	67
56017	67
56018	67
56019	67
56020	67
56021	67
56022	67
56023	67
56024	67
56025	67
56026	67
56027	67
56028	67
56029	67
56030	67
56031	67
56032	67
56033	67
56034	67
56035	67
56036	67
56037	67
56038	67
56039	67
56040	67
56041	67
56042	67
56043	67
56044	67
56045	67
56046	67
56047	67
56048	67
56049	67
56050	67
56051	67
56052	67
56053	67
56054	67
56055	67
56056	67
56057	67
56058	67
56059	67
56060	67
56061	67
56062	67
56063	67
56064	67
56065	67
56066	67
56067	67
56068	67
56069	67
56070	67
56071	67
56072	67
56073	67
56074	67
56075	67
56076	67
56077	67
56078	67
56079	67
56080	67
56081	67
56082	67
56083	67
56084	67
56085	67
56086	67
56087	67
56088	67
56089	67
56090	67
56091	67
56092	67
56093	67
56094	67
56095	67
56096	67
56097	67
56098	67
56099	67
56100	67
56101	67
56102	67
56103	67
56104	67
56105	67
56106	67
56107	67
56108	67
56109	67
56110	67
56111	67
56112	67
56113	67
56114	67
56115	67
56116	67
56117	67
56118	67
56119	67
56120	67
56121	67
56122	67
56123	67
56124	67
56125	67
56126	67
56127	67
56128	67
56129	67
56130	67
56131	67
56132	67
56133	67
56134	67
56135	67
56136	67
56137	67
56138	67
56139	67
56140	67
56141	67
56142	67
56143	67
56144	67
56145	67
56146	67
56147	67
56148	67
56149	67
56150	67
56151	67
56152	67
56153	67
56154	67
56155	67
56156	67
56157	67
56158	67
56159	67
56160	67
56161	67
56162	67
56163	67
56164	67
56165	67
56166	67
56167	67
56168	67
56169	67
56170	67
56171	67
56172	67
56173	67
56174	67
56175	67
56176	67
56177	67
56178	67
56179	67
56180	67
56181	67
56182	67
56183	67
56184	67
56185	67
56186	67
56187	67
56188	67
56189	67
56190	67
56191	67
56192	67
56193	67
56194	67
56195	67
56196	67
56197	67
56198	67
56199	67
56200	67
56201	67
56202	67
56203	67
56204	67
56205	67
56206	67
56207	67
56208	67
56209	67
56210	67
56211	67
56212	67
56213	67
56214	67
56215	67
56216	67
56217	67
56218	67
56219	67
56220	67
56221	67
56222	67
56223	67
56224	67
56225	67
56226	67
56227	67
56228	67
56229	67
56230	67
56231	67
56232	67
56233	67
56234	67
56235	67
56236	67
56237	67
56238	67
56239	67
56240	67
56241	67
56242	67
56243	67
56244	67
56245	67
56246	67
56247	67
56248	67
56249	67
56250	67
56251	67
56252	67
56253	67
56254	67
56255	67
56256	67
56257	67
56258	67
56259	67
56260	67
56261	67
56262	67
56263	67
56264	67
56265	67
56266	67
56267	67
56268	67
56269	67
56270	67
56271	67
56272	67
56273	67
56274	67
56275	67
56276	67
56277	67
56278	67
56279	67
56280	67
56281	67
56282	67
56283	67
56284	67
56285	67
56286	67
56287	67
56288	67
56289	67
56290	67
56291	67
56292	67
56293	67
56294	67
56295	67
56296	67
56297	67
56298	67
56299	67
56300	67
56301	67
56302	67
56303	67
56304	67
56305	67
56306	67
56307	67
56308	67
56309	67
56310	67
56311	67
56312	67
56313	67
56314	67
56315	67
56316	67
56317	67
56318	67
56319	67
56320	67
56321	67
56322	67
56323	67
56324	67
56325	67
56326	67
56327	67
56328	67
56329	67
56330	67
56331	67
56332	67
56333	67
56334	67
56335	67
56336	67
56337	67
56338	67
56339	67
56340	67
56341	67
56342	67
56343	67
56344	67
56345	67
56346	67
56347	67
56348	67
56349	67
56350	67
56351	67
56352	67
56353	67
56354	67
56355	67
56356	67
56357	67
56358	67
56359	67
56360	67
56361	67
56362	67
56363	67
56364	67
56365	67
56366	67
56367	67
56368	67
56369	67
56370	67
56371	67
56372	67
56373	67
56374	67
56375	67
56376	67
56377	67
56378	67
56379	67
56380	67
56381	67
56382	67
56383	67
56384	67
56385	67
56386	67
56387	67
56388	67
56389	67
56390	67
56391	67
56392	67
56393	67
56394	67
56395	67
56396	67
56397	67
56398	67
56399	67
56400	67
56401	67
56402	67
56403	67
56404	67
56405	67
56406	67
56407	67
56408	67
56409	67
56410	67
56411	67
56412	67
56413	67
56414	67
56415	67
56416	67
56417	67
56418	67
56419	67
56420	67
56421	67
56422	67
56423	67
56424	67
56425	67
56426	67
56427	67
56428	67
56429	67
56430	67
56431	67
56432	67
56433	67
56434	67
56435	67
56436	67
56437	67
56438	67
56439	67
56440	67
56441	67
56442	67
56443	67
56444	67
56445	67
56446	67
56447	67
56448	67
56449	67
56450	67
56451	67
56452	67
56453	67
56454	67
56455	67
56456	67
56457	67
56458	67
56459	67
56460	67
56461	67
56462	67
56463	67
56464	67
56465	67
56466	67
56467	67
56468	67
56469	67
56470	67
56471	67
56472	67
56473	67
56474	67
56475	67
56476	67
56477	67
56478	67
56479	67
56480	67
56481	67
56482	67
56483	67
56484	67
56485	67
56486	67
56487	67
56488	67
56489	67
56490	67
56491	67
56492	67
56493	67
56494	67
56495	67
56496	67
56497	67
56498	67
56499	67
56500	67
56501	67
56502	67
56503	67
56504	67
56505	67
56506	67
56507	67
56508	67
56509	67
56510	67
56511	67
56512	67
56513	67
56514	67
56515	67
56516	67
56517	67
56518	67
56519	67
56520	67
56521	67
56522	67
56523	67
56524	67
56525	67
56526	67
56527	67
56528	67
56529	67
56530	67
56531	67
56532	67
56533	67
56534	67
56535	67
56536	67
56537	67
56538	67
56539	67
56540	67
56541	67
56542	67
56543	67
56544	67
56545	67
56546	67
56547	67
56548	67
56549	67
56550	67
56551	67
56552	67
56553	67
56554	67
56555	67
56556	67
56557	67
56558	67
56559	67
56560	67
56561	67
56562	67
56563	67
56564	67
56565	67
56566	67
56567	67
56568	67
56569	67
56570	67
56571	67
56572	67
56573	67
56574	67
56575	67
56576	67
56577	67
56578	67
56579	67
56580	67
56581	67
56582	67
56583	67
56584	67
56585	67
56586	67
56587	67
56588	67
56589	67
56590	67
56591	67
56592	67
56593	67
56594	67
56595	67
56596	67
56597	67
56598	67
56599	67
56600	67
56601	67
56602	67
56603	67
56604	67
56605	67
56606	67
56607	67
56608	67
56609	67
56610	67
56611	67
56612	67
56613	67
56614	67
56615	67
56616	67
56617	67
56618	67
56619	67
56620	67
56621	67
56622	67
56623	67
56624	67
56625	67
56626	67
56627	67
56628	67
56629	67
56630	67
56631	67
56632	67
56633	67
56634	67
56635	67
56636	67
56637	67
56638	67
56639	67
56640	67
56641	67
56642	67
56643	67
56644	68
56645	68
56646	68
56647	68
56648	68
56649	68
56650	68
56651	68
56652	68
56653	68
56654	68
56655	68
56656	68
56657	68
56658	68
56659	68
56660	68
56661	68
56662	68
56663	68
56664	68
56665	68
56666	68
56667	68
56668	68
56669	68
56670	68
56671	68
56672	68
56673	68
56674	68
56675	68
56676	68
56677	68
56678	68
56679	68
56680	68
56681	68
56682	68
56683	68
56684	68
56685	68
56686	68
56687	68
56688	68
56689	68
56690	68
56691	68
56692	68
56693	68
56694	68
56695	68
56696	68
56697	68
56698	68
56699	68
56700	68
56701	68
56702	68
56703	68
56704	68
56705	68
56706	68
56707	68
56708	68
56709	68
56710	68
56711	68
56712	68
56713	68
56714	68
56715	68
56716	68
56717	68
56718	68
56719	68
56720	68
56721	68
56722	68
56723	68
56724	68
56725	68
56726	68
56727	68
56728	68
56729	68
56730	68
56731	68
56732	68
56733	68
56734	68
56735	68
56736	68
56737	68
56738	68
56739	68
56740	68
56741	68
56742	68
56743	68
56744	68
56745	68
56746	68
56747	68
56748	68
56749	68
56750	68
56751	68
56752	68
56753	68
56754	68
56755	68
56756	68
56757	68
56758	68
56759	68
56760	68
56761	68
56762	68
56763	68
56764	68
56765	68
56766	68
56767	68
56768	68
56769	68
56770	68
56771	68
56772	68
56773	68
56774	68
56775	68
56776	68
56777	68
56778	68
56779	68
56780	68
56781	68
56782	68
56783	68
56784	68
56785	68
56786	68
56787	68
56788	68
56789	68
56790	68
56791	68
56792	68
56793	68
56794	68
56795	68
56796	68
56797	68
56798	68
56799	68
56800	68
56801	68
56802	68
56803	68
56804	68
56805	68
56806	68
56807	68
56808	68
56809	68
56810	68
56811	68
56812	68
56813	68
56814	68
56815	68
56816	68
56817	68
56818	68
56819	68
56820	68
56821	68
56822	68
56823	68
56824	68
56825	68
56826	68
56827	68
56828	68
56829	68
56830	68
56831	68
56832	68
56833	68
56834	68
56835	68
56836	68
56837	68
56838	68
56839	68
56840	68
56841	68
56842	68
56843	68
56844	68
56845	68
56846	68
56847	68
56848	68
56849	68
56850	68
56851	68
56852	68
56853	68
56854	68
56855	68
56856	68
56857	68
56858	68
56859	68
56860	68
56861	68
56862	68
56863	68
56864	68
56865	68
56866	68
56867	68
56868	68
56869	68
56870	68
56871	68
56872	68
56873	68
56874	68
56875	68
56876	68
56877	68
56878	68
56879	68
56880	68
56881	68
56882	68
56883	68
56884	68
56885	68
56886	68
56887	68
56888	68
56889	68
56890	68
56891	68
56892	68
56893	68
56894	68
56895	68
56896	68
56897	68
56898	68
56899	68
56900	68
56901	68
56902	68
56903	68
56904	68
56905	68
56906	68
56907	68
56908	68
56909	68
56910	68
56911	68
56912	68
56913	68
56914	68
56915	68
56916	68
56917	68
56918	68
56919	68
56920	68
56921	68
56922	68
56923	68
56924	68
56925	68
56926	68
56927	68
56928	68
56929	68
56930	68
56931	68
56932	68
56933	68
56934	68
56935	68
56936	68
56937	68
56938	68
56939	68
56940	68
56941	68
56942	68
56943	68
56944	68
56945	68
56946	68
56947	68
56948	68
56949	68
56950	68
56951	68
56952	68
56953	68
56954	68
56955	68
56956	68
56957	68
56958	68
56959	68
56960	68
56961	68
56962	68
56963	68
56964	68
56965	68
56966	68
56967	68
56968	68
56969	68
56970	68
56971	68
56972	68
56973	68
56974	68
56975	68
56976	68
56977	68
56978	68
56979	68
56980	68
56981	68
56982	68
56983	68
56984	68
56985	68
56986	68
56987	68
56988	68
56989	68
56990	68
56991	68
56992	68
56993	68
56994	68
56995	68
56996	68
56997	68
56998	68
56999	68
57000	68
57001	68
57002	68
57003	68
57004	68
57005	68
57006	68
57007	68
57008	68
57009	68
57010	68
57011	68
57012	68
57013	68
57014	68
57015	68
57016	68
57017	68
57018	68
57019	68
57020	68
57021	68
57022	68
57023	68
57024	68
57025	68
57026	68
57027	68
57028	68
57029	68
57030	68
57031	68
57032	68
57033	68
57034	68
57035	68
57036	68
57037	68
57038	68
57039	68
57040	68
57041	68
57042	68
57043	68
57044	68
57045	68
57046	68
57047	68
57048	68
57049	68
57050	68
57051	68
57052	68
57053	68
57054	68
57055	68
57056	68
57057	68
57058	68
57059	68
57060	68
57061	68
57062	68
57063	68
57064	68
57065	68
57066	68
57067	68
57068	68
57069	68
57070	68
57071	68
57072	68
57073	68
57074	68
57075	68
57076	68
57077	68
57078	68
57079	68
57080	68
57081	68
57082	68
57083	68
57084	68
57085	68
57086	68
57087	68
57088	68
57089	68
57090	68
57091	68
57092	68
57093	68
57094	68
57095	68
57096	68
57097	68
57098	68
57099	68
57100	68
57101	68
57102	68
57103	68
57104	68
57105	68
57106	68
57107	68
57108	68
57109	68
57110	68
57111	68
57112	68
57113	68
57114	68
57115	68
57116	68
57117	68
57118	68
57119	68
57120	68
57121	68
57122	68
57123	68
57124	68
57125	68
57126	68
57127	68
57128	68
57129	68
57130	68
57131	68
57132	68
57133	68
57134	68
57135	68
57136	68
57137	68
57138	68
57139	68
57140	68
57141	68
57142	68
57143	68
57144	68
57145	68
57146	68
57147	68
57148	68
57149	68
57150	68
57151	68
57152	68
57153	68
57154	68
57155	68
57156	68
57157	68
57158	68
57159	68
57160	68
57161	68
57162	68
57163	68
57164	68
57165	68
57166	68
57167	68
57168	68
57169	68
57170	68
57171	68
57172	68
57173	68
57174	68
57175	68
57176	68
57177	68
57178	68
57179	68
57180	68
57181	68
57182	68
57183	68
57184	68
57185	68
57186	68
57187	68
57188	68
57189	68
57190	68
57191	68
57192	68
57193	68
57194	68
57195	68
57196	68
57197	68
57198	68
57199	68
57200	68
57201	68
57202	68
57203	68
57204	68
57205	68
57206	68
57207	68
57208	68
57209	68
57210	68
57211	68
57212	68
57213	68
57214	68
57215	68
57216	68
57217	68
57218	68
57219	68
57220	68
57221	68
57222	68
57223	68
57224	68
57225	68
57226	68
57227	68
57228	68
57229	68
57230	68
57231	68
57232	68
57233	68
57234	68
57235	68
57236	68
57237	68
57238	68
57239	68
57240	68
57241	68
57242	68
57243	68
57244	68
57245	68
57246	68
57247	68
57248	68
57249	68
57250	68
57251	68
57252	68
57253	68
57254	68
57255	68
57256	68
57257	68
57258	68
57259	68
57260	68
57261	68
57262	68
57263	68
57264	68
57265	68
57266	68
57267	68
57268	68
57269	68
57270	68
57271	68
57272	68
57273	68
57274	68
57275	68
57276	68
57277	68
57278	68
57279	68
57280	68
57281	68
57282	68
57283	68
57284	68
57285	68
57286	68
57287	68
57288	68
57289	68
57290	68
57291	68
57292	68
57293	68
57294	68
57295	68
57296	68
57297	68
57298	68
57299	68
57300	68
57301	68
57302	68
57303	68
57304	68
57305	68
57306	68
57307	68
57308	68
57309	68
57310	68
57311	68
57312	68
57313	68
57314	68
57315	68
57316	68
57317	68
57318	68
57319	68
57320	68
57321	68
57322	68
57323	68
57324	68
57325	68
57326	68
57327	68
57328	68
57329	68
57330	68
57331	68
57332	68
57333	68
57334	68
57335	68
57336	68
57337	68
57338	68
57339	68
57340	68
57341	68
57342	68
57343	68
57344	68
57345	68
57346	68
57347	68
57348	68
57349	68
57350	68
57351	68
57352	68
57353	68
57354	68
57355	68
57356	68
57357	68
57358	68
57359	68
57360	68
57361	68
57362	68
57363	68
57364	68
57365	68
57366	68
57367	68
57368	68
57369	68
57370	68
57371	68
57372	68
57373	68
57374	68
57375	68
57376	68
57377	68
57378	68
57379	68
57380	68
57381	68
57382	68
57383	68
57384	68
57385	68
57386	68
57387	68
57388	68
57389	68
57390	68
57391	68
57392	68
57393	68
57394	68
57395	68
57396	68
57397	68
57398	68
57399	68
57400	68
57401	68
57402	68
57403	68
57404	68
57405	68
57406	68
57407	68
57408	68
57409	68
57410	68
57411	68
57412	68
57413	68
57414	68
57415	68
57416	68
57417	68
57418	68
57419	68
57420	68
57421	68
57422	68
57423	68
57424	68
57425	68
57426	68
57427	68
57428	68
57429	68
57430	68
57431	68
57432	68
57433	68
57434	68
57435	68
57436	68
57437	68
57438	68
57439	68
57440	68
57441	68
57442	68
57443	68
57444	68
57445	68
57446	68
57447	68
57448	68
57449	68
57450	68
57451	68
57452	68
57453	68
57454	68
57455	68
57456	68
57457	68
57458	68
57459	68
57460	68
57461	68
57462	68
57463	68
57464	68
57465	68
57466	68
57467	68
57468	68
57469	68
57470	68
57471	68
57472	68
57473	68
57474	68
57475	68
57476	68
57477	69
57478	69
57479	69
57480	69
57481	69
57482	69
57483	69
57484	69
57485	69
57486	69
57487	69
57488	69
57489	69
57490	69
57491	69
57492	69
57493	69
57494	69
57495	69
57496	69
57497	69
57498	69
57499	69
57500	69
57501	69
57502	69
57503	69
57504	69
57505	69
57506	69
57507	69
57508	69
57509	69
57510	69
57511	69
57512	69
57513	69
57514	69
57515	69
57516	69
57517	69
57518	69
57519	69
57520	69
57521	69
57522	69
57523	69
57524	69
57525	69
57526	69
57527	69
57528	69
57529	69
57530	69
57531	69
57532	69
57533	69
57534	69
57535	69
57536	69
57537	69
57538	69
57539	69
57540	69
57541	69
57542	69
57543	69
57544	69
57545	69
57546	69
57547	69
57548	69
57549	69
57550	69
57551	69
57552	69
57553	69
57554	69
57555	69
57556	69
57557	69
57558	69
57559	69
57560	69
57561	69
57562	69
57563	69
57564	69
57565	69
57566	69
57567	69
57568	69
57569	69
57570	69
57571	69
57572	69
57573	69
57574	69
57575	69
57576	69
57577	69
57578	69
57579	69
57580	69
57581	69
57582	69
57583	69
57584	69
57585	69
57586	69
57587	69
57588	69
57589	69
57590	69
57591	69
57592	69
57593	69
57594	69
57595	69
57596	69
57597	69
57598	69
57599	69
57600	69
57601	69
57602	69
57603	69
57604	69
57605	69
57606	69
57607	69
57608	69
57609	69
57610	69
57611	69
57612	69
57613	69
57614	69
57615	69
57616	69
57617	69
57618	69
57619	69
57620	69
57621	69
57622	69
57623	69
57624	69
57625	69
57626	69
57627	69
57628	69
57629	69
57630	69
57631	69
57632	69
57633	69
57634	69
57635	69
57636	69
57637	69
57638	69
57639	69
57640	69
57641	69
57642	69
57643	69
57644	69
57645	69
57646	69
57647	69
57648	69
57649	69
57650	69
57651	69
57652	69
57653	69
57654	69
57655	69
57656	69
57657	69
57658	69
57659	69
57660	69
57661	69
57662	69
57663	69
57664	69
57665	69
57666	69
57667	69
57668	69
57669	69
57670	69
57671	69
57672	69
57673	69
57674	69
57675	69
57676	69
57677	69
57678	69
57679	69
57680	69
57681	69
57682	69
57683	69
57684	69
57685	69
57686	69
57687	69
57688	69
57689	69
57690	69
57691	69
57692	69
57693	69
57694	69
57695	69
57696	69
57697	69
57698	69
57699	69
57700	69
57701	69
57702	69
57703	69
57704	69
57705	69
57706	69
57707	69
57708	69
57709	69
57710	69
57711	69
57712	69
57713	69
57714	69
57715	69
57716	69
57717	69
57718	69
57719	69
57720	69
57721	69
57722	69
57723	69
57724	69
57725	69
57726	69
57727	69
57728	69
57729	69
57730	69
57731	69
57732	69
57733	69
57734	69
57735	69
57736	69
57737	69
57738	69
57739	69
57740	69
57741	69
57742	69
57743	69
57744	69
57745	69
57746	69
57747	69
57748	69
57749	69
57750	69
57751	69
57752	69
57753	69
57754	69
57755	69
57756	69
57757	69
57758	69
57759	69
57760	69
57761	69
57762	69
57763	69
57764	69
57765	69
57766	69
57767	69
57768	69
57769	69
57770	69
57771	69
57772	69
57773	69
57774	69
57775	69
57776	69
57777	69
57778	69
57779	69
57780	69
57781	69
57782	69
57783	69
57784	69
57785	69
57786	69
57787	69
57788	69
57789	69
57790	69
57791	69
57792	69
57793	69
57794	69
57795	69
57796	69
57797	69
57798	69
57799	69
57800	69
57801	69
57802	69
57803	69
57804	69
57805	69
57806	69
57807	69
57808	69
57809	69
57810	69
57811	69
57812	69
57813	69
57814	69
57815	69
57816	69
57817	69
57818	69
57819	69
57820	69
57821	69
57822	69
57823	69
57824	69
57825	69
57826	69
57827	69
57828	69
57829	69
57830	69
57831	69
57832	69
57833	69
57834	69
57835	69
57836	69
57837	69
57838	69
57839	69
57840	69
57841	69
57842	69
57843	69
57844	69
57845	69
57846	69
57847	69
57848	69
57849	69
57850	69
57851	69
57852	69
57853	69
57854	69
57855	69
57856	69
57857	69
57858	69
57859	69
57860	69
57861	69
57862	69
57863	69
57864	69
57865	69
57866	69
57867	69
57868	69
57869	69
57870	69
57871	69
57872	69
57873	69
57874	69
57875	69
57876	69
57877	69
57878	69
57879	69
57880	69
57881	69
57882	69
57883	69
57884	69
57885	69
57886	69
57887	69
57888	69
57889	69
57890	69
57891	69
57892	69
57893	69
57894	69
57895	69
57896	69
57897	69
57898	69
57899	69
57900	69
57901	69
57902	69
57903	69
57904	69
57905	69
57906	69
57907	69
57908	69
57909	69
57910	69
57911	69
57912	69
57913	69
57914	69
57915	69
57916	69
57917	69
57918	69
57919	69
57920	69
57921	69
57922	69
57923	69
57924	69
57925	69
57926	69
57927	69
57928	69
57929	69
57930	69
57931	69
57932	69
57933	69
57934	69
57935	69
57936	69
57937	69
57938	69
57939	69
57940	69
57941	69
57942	69
57943	69
57944	69
57945	69
57946	69
57947	69
57948	69
57949	69
57950	69
57951	69
57952	69
57953	69
57954	69
57955	69
57956	69
57957	69
57958	69
57959	69
57960	69
57961	69
57962	69
57963	69
57964	69
57965	69
57966	69
57967	69
57968	69
57969	69
57970	69
57971	69
57972	69
57973	69
57974	69
57975	69
57976	69
57977	69
57978	69
57979	69
57980	69
57981	69
57982	69
57983	69
57984	69
57985	69
57986	69
57987	69
57988	69
57989	69
57990	69
57991	69
57992	69
57993	69
57994	69
57995	69
57996	69
57997	69
57998	69
57999	69
58000	69
58001	69
58002	69
58003	69
58004	69
58005	69
58006	69
58007	69
58008	69
58009	69
58010	69
58011	69
58012	69
58013	69
58014	69
58015	69
58016	69
58017	69
58018	69
58019	69
58020	69
58021	69
58022	69
58023	69
58024	69
58025	69
58026	69
58027	69
58028	69
58029	69
58030	69
58031	69
58032	69
58033	69
58034	69
58035	69
58036	69
58037	69
58038	69
58039	69
58040	69
58041	69
58042	69
58043	69
58044	69
58045	69
58046	69
58047	69
58048	69
58049	69
58050	69
58051	69
58052	69
58053	69
58054	69
58055	69
58056	69
58057	69
58058	69
58059	69
58060	69
58061	69
58062	69
58063	69
58064	69
58065	69
58066	69
58067	69
58068	69
58069	69
58070	69
58071	69
58072	69
58073	69
58074	69
58075	69
58076	69
58077	69
58078	69
58079	69
58080	69
58081	69
58082	69
58083	69
58084	69
58085	69
58086	69
58087	69
58088	69
58089	69
58090	69
58091	69
58092	69
58093	69
58094	69
58095	69
58096	69
58097	69
58098	69
58099	69
58100	69
58101	69
58102	69
58103	69
58104	69
58105	69
58106	69
58107	69
58108	69
58109	69
58110	69
58111	69
58112	69
58113	69
58114	69
58115	69
58116	69
58117	69
58118	69
58119	69
58120	69
58121	69
58122	69
58123	69
58124	69
58125	69
58126	69
58127	69
58128	69
58129	69
58130	69
58131	69
58132	69
58133	69
58134	69
58135	69
58136	69
58137	69
58138	69
58139	69
58140	69
58141	69
58142	69
58143	69
58144	69
58145	69
58146	69
58147	69
58148	69
58149	69
58150	69
58151	69
58152	69
58153	69
58154	69
58155	69
58156	69
58157	69
58158	69
58159	69
58160	69
58161	69
58162	69
58163	69
58164	69
58165	69
58166	69
58167	69
58168	69
58169	69
58170	69
58171	69
58172	69
58173	69
58174	69
58175	69
58176	69
58177	69
58178	69
58179	69
58180	69
58181	69
58182	69
58183	69
58184	69
58185	69
58186	69
58187	69
58188	69
58189	69
58190	69
58191	69
58192	69
58193	69
58194	69
58195	69
58196	69
58197	69
58198	69
58199	69
58200	69
58201	69
58202	69
58203	69
58204	69
58205	69
58206	69
58207	69
58208	69
58209	69
58210	69
58211	69
58212	69
58213	69
58214	69
58215	69
58216	69
58217	69
58218	69
58219	69
58220	69
58221	69
58222	69
58223	69
58224	69
58225	69
58226	69
58227	69
58228	69
58229	69
58230	69
58231	69
58232	69
58233	69
58234	69
58235	69
58236	69
58237	69
58238	69
58239	69
58240	69
58241	69
58242	69
58243	69
58244	69
58245	69
58246	69
58247	69
58248	69
58249	69
58250	69
58251	69
58252	69
58253	69
58254	69
58255	69
58256	69
58257	69
58258	69
58259	69
58260	69
58261	69
58262	69
58263	69
58264	69
58265	69
58266	69
58267	69
58268	69
58269	69
58270	69
58271	69
58272	69
58273	69
58274	69
58275	69
58276	69
58277	69
58278	69
58279	69
58280	69
58281	69
58282	69
58283	69
58284	69
58285	69
58286	69
58287	69
58288	69
58289	69
58290	69
58291	69
58292	69
58293	69
58294	69
58295	69
58296	69
58297	69
58298	69
58299	69
58300	69
58301	69
58302	69
58303	69
58304	69
58305	69
58306	69
58307	69
58308	69
58309	69
58310	70
58311	70
58312	70
58313	70
58314	70
58315	70
58316	70
58317	70
58318	70
58319	70
58320	70
58321	70
58322	70
58323	70
58324	70
58325	70
58326	70
58327	70
58328	70
58329	70
58330	70
58331	70
58332	70
58333	70
58334	70
58335	70
58336	70
58337	70
58338	70
58339	70
58340	70
58341	70
58342	70
58343	70
58344	70
58345	70
58346	70
58347	70
58348	70
58349	70
58350	70
58351	70
58352	70
58353	70
58354	70
58355	70
58356	70
58357	70
58358	70
58359	70
58360	70
58361	70
58362	70
58363	70
58364	70
58365	70
58366	70
58367	70
58368	70
58369	70
58370	70
58371	70
58372	70
58373	70
58374	70
58375	70
58376	70
58377	70
58378	70
58379	70
58380	70
58381	70
58382	70
58383	70
58384	70
58385	70
58386	70
58387	70
58388	70
58389	70
58390	70
58391	70
58392	70
58393	70
58394	70
58395	70
58396	70
58397	70
58398	70
58399	70
58400	70
58401	70
58402	70
58403	70
58404	70
58405	70
58406	70
58407	70
58408	70
58409	70
58410	70
58411	70
58412	70
58413	70
58414	70
58415	70
58416	70
58417	70
58418	70
58419	70
58420	70
58421	70
58422	70
58423	70
58424	70
58425	70
58426	70
58427	70
58428	70
58429	70
58430	70
58431	70
58432	70
58433	70
58434	70
58435	70
58436	70
58437	70
58438	70
58439	70
58440	70
58441	70
58442	70
58443	70
58444	70
58445	70
58446	70
58447	70
58448	70
58449	70
58450	70
58451	70
58452	70
58453	70
58454	70
58455	70
58456	70
58457	70
58458	70
58459	70
58460	70
58461	70
58462	70
58463	70
58464	70
58465	70
58466	70
58467	70
58468	70
58469	70
58470	70
58471	70
58472	70
58473	70
58474	70
58475	70
58476	70
58477	70
58478	70
58479	70
58480	70
58481	70
58482	70
58483	70
58484	70
58485	70
58486	70
58487	70
58488	70
58489	70
58490	70
58491	70
58492	70
58493	70
58494	70
58495	70
58496	70
58497	70
58498	70
58499	70
58500	70
58501	70
58502	70
58503	70
58504	70
58505	70
58506	70
58507	70
58508	70
58509	70
58510	70
58511	70
58512	70
58513	70
58514	70
58515	70
58516	70
58517	70
58518	70
58519	70
58520	70
58521	70
58522	70
58523	70
58524	70
58525	70
58526	70
58527	70
58528	70
58529	70
58530	70
58531	70
58532	70
58533	70
58534	70
58535	70
58536	70
58537	70
58538	70
58539	70
58540	70
58541	70
58542	70
58543	70
58544	70
58545	70
58546	70
58547	70
58548	70
58549	70
58550	70
58551	70
58552	70
58553	70
58554	70
58555	70
58556	70
58557	70
58558	70
58559	70
58560	70
58561	70
58562	70
58563	70
58564	70
58565	70
58566	70
58567	70
58568	70
58569	70
58570	70
58571	70
58572	70
58573	70
58574	70
58575	70
58576	70
58577	70
58578	70
58579	70
58580	70
58581	70
58582	70
58583	70
58584	70
58585	70
58586	70
58587	70
58588	70
58589	70
58590	70
58591	70
58592	70
58593	70
58594	70
58595	70
58596	70
58597	70
58598	70
58599	70
58600	70
58601	70
58602	70
58603	70
58604	70
58605	70
58606	70
58607	70
58608	70
58609	70
58610	70
58611	70
58612	70
58613	70
58614	70
58615	70
58616	70
58617	70
58618	70
58619	70
58620	70
58621	70
58622	70
58623	70
58624	70
58625	70
58626	70
58627	70
58628	70
58629	70
58630	70
58631	70
58632	70
58633	70
58634	70
58635	70
58636	70
58637	70
58638	70
58639	70
58640	70
58641	70
58642	70
58643	70
58644	70
58645	70
58646	70
58647	70
58648	70
58649	70
58650	70
58651	70
58652	70
58653	70
58654	70
58655	70
58656	70
58657	70
58658	70
58659	70
58660	70
58661	70
58662	70
58663	70
58664	70
58665	70
58666	70
58667	70
58668	70
58669	70
58670	70
58671	70
58672	70
58673	70
58674	70
58675	70
58676	70
58677	70
58678	70
58679	70
58680	70
58681	70
58682	70
58683	70
58684	70
58685	70
58686	70
58687	70
58688	70
58689	70
58690	70
58691	70
58692	70
58693	70
58694	70
58695	70
58696	70
58697	70
58698	70
58699	70
58700	70
58701	70
58702	70
58703	70
58704	70
58705	70
58706	70
58707	70
58708	70
58709	70
58710	70
58711	70
58712	70
58713	70
58714	70
58715	70
58716	70
58717	70
58718	70
58719	70
58720	70
58721	70
58722	70
58723	70
58724	70
58725	70
58726	70
58727	70
58728	70
58729	70
58730	70
58731	70
58732	70
58733	70
58734	70
58735	70
58736	70
58737	70
58738	70
58739	70
58740	70
58741	70
58742	70
58743	70
58744	70
58745	70
58746	70
58747	70
58748	70
58749	70
58750	70
58751	70
58752	70
58753	70
58754	70
58755	70
58756	70
58757	70
58758	70
58759	70
58760	70
58761	70
58762	70
58763	70
58764	70
58765	70
58766	70
58767	70
58768	70
58769	70
58770	70
58771	70
58772	70
58773	70
58774	70
58775	70
58776	70
58777	70
58778	70
58779	70
58780	70
58781	70
58782	70
58783	70
58784	70
58785	70
58786	70
58787	70
58788	70
58789	70
58790	70
58791	70
58792	70
58793	70
58794	70
58795	70
58796	70
58797	70
58798	70
58799	70
58800	70
58801	70
58802	70
58803	70
58804	70
58805	70
58806	70
58807	70
58808	70
58809	70
58810	70
58811	70
58812	70
58813	70
58814	70
58815	70
58816	70
58817	70
58818	70
58819	70
58820	70
58821	70
58822	70
58823	70
58824	70
58825	70
58826	70
58827	70
58828	70
58829	70
58830	70
58831	70
58832	70
58833	70
58834	70
58835	70
58836	70
58837	70
58838	70
58839	70
58840	70
58841	70
58842	70
58843	70
58844	70
58845	70
58846	70
58847	70
58848	70
58849	70
58850	70
58851	70
58852	70
58853	70
58854	70
58855	70
58856	70
58857	70
58858	70
58859	70
58860	70
58861	70
58862	70
58863	70
58864	70
58865	70
58866	70
58867	70
58868	70
58869	70
58870	70
58871	70
58872	70
58873	70
58874	70
58875	70
58876	70
58877	70
58878	70
58879	70
58880	70
58881	70
58882	70
58883	70
58884	70
58885	70
58886	70
58887	70
58888	70
58889	70
58890	70
58891	70
58892	70
58893	70
58894	70
58895	70
58896	70
58897	70
58898	70
58899	70
58900	70
58901	70
58902	70
58903	70
58904	70
58905	70
58906	70
58907	70
58908	70
58909	70
58910	70
58911	70
58912	70
58913	70
58914	70
58915	70
58916	70
58917	70
58918	70
58919	70
58920	70
58921	70
58922	70
58923	70
58924	70
58925	70
58926	70
58927	70
58928	70
58929	70
58930	70
58931	70
58932	70
58933	70
58934	70
58935	70
58936	70
58937	70
58938	70
58939	70
58940	70
58941	70
58942	70
58943	70
58944	70
58945	70
58946	70
58947	70
58948	70
58949	70
58950	70
58951	70
58952	70
58953	70
58954	70
58955	70
58956	70
58957	70
58958	70
58959	70
58960	70
58961	70
58962	70
58963	70
58964	70
58965	70
58966	70
58967	70
58968	70
58969	70
58970	70
58971	70
58972	70
58973	70
58974	70
58975	70
58976	70
58977	70
58978	70
58979	70
58980	70
58981	70
58982	70
58983	70
58984	70
58985	70
58986	70
58987	70
58988	70
58989	70
58990	70
58991	70
58992	70
58993	70
58994	70
58995	70
58996	70
58997	70
58998	70
58999	70
59000	70
59001	70
59002	70
59003	70
59004	70
59005	70
59006	70
59007	70
59008	70
59009	70
59010	70
59011	70
59012	70
59013	70
59014	70
59015	70
59016	70
59017	70
59018	70
59019	70
59020	70
59021	70
59022	70
59023	70
59024	70
59025	70
59026	70
59027	70
59028	70
59029	70
59030	70
59031	70
59032	70
59033	70
59034	70
59035	70
59036	70
59037	70
59038	70
59039	70
59040	70
59041	70
59042	70
59043	70
59044	70
59045	70
59046	70
59047	70
59048	70
59049	70
59050	70
59051	70
59052	70
59053	70
59054	70
59055	70
59056	70
59057	70
59058	70
59059	70
59060	70
59061	70
59062	70
59063	70
59064	70
59065	70
59066	70
59067	70
59068	70
59069	70
59070	70
59071	70
59072	70
59073	70
59074	70
59075	70
59076	70
59077	70
59078	70
59079	70
59080	70
59081	70
59082	70
59083	70
59084	70
59085	70
59086	70
59087	70
59088	70
59089	70
59090	70
59091	70
59092	70
59093	70
59094	70
59095	70
59096	70
59097	70
59098	70
59099	70
59100	70
59101	70
59102	70
59103	70
59104	70
59105	70
59106	70
59107	70
59108	70
59109	70
59110	70
59111	70
59112	70
59113	70
59114	70
59115	70
59116	70
59117	70
59118	70
59119	70
59120	70
59121	70
59122	70
59123	70
59124	70
59125	70
59126	70
59127	70
59128	70
59129	70
59130	70
59131	70
59132	70
59133	70
59134	70
59135	70
59136	70
59137	70
59138	70
59139	70
59140	70
59141	70
59142	70
59143	71
59144	71
59145	71
59146	71
59147	71
59148	71
59149	71
59150	71
59151	71
59152	71
59153	71
59154	71
59155	71
59156	71
59157	71
59158	71
59159	71
59160	71
59161	71
59162	71
59163	71
59164	71
59165	71
59166	71
59167	71
59168	71
59169	71
59170	71
59171	71
59172	71
59173	71
59174	71
59175	71
59176	71
59177	71
59178	71
59179	71
59180	71
59181	71
59182	71
59183	71
59184	71
59185	71
59186	71
59187	71
59188	71
59189	71
59190	71
59191	71
59192	71
59193	71
59194	71
59195	71
59196	71
59197	71
59198	71
59199	71
59200	71
59201	71
59202	71
59203	71
59204	71
59205	71
59206	71
59207	71
59208	71
59209	71
59210	71
59211	71
59212	71
59213	71
59214	71
59215	71
59216	71
59217	71
59218	71
59219	71
59220	71
59221	71
59222	71
59223	71
59224	71
59225	71
59226	71
59227	71
59228	71
59229	71
59230	71
59231	71
59232	71
59233	71
59234	71
59235	71
59236	71
59237	71
59238	71
59239	71
59240	71
59241	71
59242	71
59243	71
59244	71
59245	71
59246	71
59247	71
59248	71
59249	71
59250	71
59251	71
59252	71
59253	71
59254	71
59255	71
59256	71
59257	71
59258	71
59259	71
59260	71
59261	71
59262	71
59263	71
59264	71
59265	71
59266	71
59267	71
59268	71
59269	71
59270	71
59271	71
59272	71
59273	71
59274	71
59275	71
59276	71
59277	71
59278	71
59279	71
59280	71
59281	71
59282	71
59283	71
59284	71
59285	71
59286	71
59287	71
59288	71
59289	71
59290	71
59291	71
59292	71
59293	71
59294	71
59295	71
59296	71
59297	71
59298	71
59299	71
59300	71
59301	71
59302	71
59303	71
59304	71
59305	71
59306	71
59307	71
59308	71
59309	71
59310	71
59311	71
59312	71
59313	71
59314	71
59315	71
59316	71
59317	71
59318	71
59319	71
59320	71
59321	71
59322	71
59323	71
59324	71
59325	71
59326	71
59327	71
59328	71
59329	71
59330	71
59331	71
59332	71
59333	71
59334	71
59335	71
59336	71
59337	71
59338	71
59339	71
59340	71
59341	71
59342	71
59343	71
59344	71
59345	71
59346	71
59347	71
59348	71
59349	71
59350	71
59351	71
59352	71
59353	71
59354	71
59355	71
59356	71
59357	71
59358	71
59359	71
59360	71
59361	71
59362	71
59363	71
59364	71
59365	71
59366	71
59367	71
59368	71
59369	71
59370	71
59371	71
59372	71
59373	71
59374	71
59375	71
59376	71
59377	71
59378	71
59379	71
59380	71
59381	71
59382	71
59383	71
59384	71
59385	71
59386	71
59387	71
59388	71
59389	71
59390	71
59391	71
59392	71
59393	71
59394	71
59395	71
59396	71
59397	71
59398	71
59399	71
59400	71
59401	71
59402	71
59403	71
59404	71
59405	71
59406	71
59407	71
59408	71
59409	71
59410	71
59411	71
59412	71
59413	71
59414	71
59415	71
59416	71
59417	71
59418	71
59419	71
59420	71
59421	71
59422	71
59423	71
59424	71
59425	71
59426	71
59427	71
59428	71
59429	71
59430	71
59431	71
59432	71
59433	71
59434	71
59435	71
59436	71
59437	71
59438	71
59439	71
59440	71
59441	71
59442	71
59443	71
59444	71
59445	71
59446	71
59447	71
59448	71
59449	71
59450	71
59451	71
59452	71
59453	71
59454	71
59455	71
59456	71
59457	71
59458	71
59459	71
59460	71
59461	71
59462	71
59463	71
59464	71
59465	71
59466	71
59467	71
59468	71
59469	71
59470	71
59471	71
59472	71
59473	71
59474	71
59475	71
59476	71
59477	71
59478	71
59479	71
59480	71
59481	71
59482	71
59483	71
59484	71
59485	71
59486	71
59487	71
59488	71
59489	71
59490	71
59491	71
59492	71
59493	71
59494	71
59495	71
59496	71
59497	71
59498	71
59499	71
59500	71
59501	71
59502	71
59503	71
59504	71
59505	71
59506	71
59507	71
59508	71
59509	71
59510	71
59511	71
59512	71
59513	71
59514	71
59515	71
59516	71
59517	71
59518	71
59519	71
59520	71
59521	71
59522	71
59523	71
59524	71
59525	71
59526	71
59527	71
59528	71
59529	71
59530	71
59531	71
59532	71
59533	71
59534	71
59535	71
59536	71
59537	71
59538	71
59539	71
59540	71
59541	71
59542	71
59543	71
59544	71
59545	71
59546	71
59547	71
59548	71
59549	71
59550	71
59551	71
59552	71
59553	71
59554	71
59555	71
59556	71
59557	71
59558	71
59559	71
59560	71
59561	71
59562	71
59563	71
59564	71
59565	71
59566	71
59567	71
59568	71
59569	71
59570	71
59571	71
59572	71
59573	71
59574	71
59575	71
59576	71
59577	71
59578	71
59579	71
59580	71
59581	71
59582	71
59583	71
59584	71
59585	71
59586	71
59587	71
59588	71
59589	71
59590	71
59591	71
59592	71
59593	71
59594	71
59595	71
59596	71
59597	71
59598	71
59599	71
59600	71
59601	71
59602	71
59603	71
59604	71
59605	71
59606	71
59607	71
59608	71
59609	71
59610	71
59611	71
59612	71
59613	71
59614	71
59615	71
59616	71
59617	71
59618	71
59619	71
59620	71
59621	71
59622	71
59623	71
59624	71
59625	71
59626	71
59627	71
59628	71
59629	71
59630	71
59631	71
59632	71
59633	71
59634	71
59635	71
59636	71
59637	71
59638	71
59639	71
59640	71
59641	71
59642	71
59643	71
59644	71
59645	71
59646	71
59647	71
59648	71
59649	71
59650	71
59651	71
59652	71
59653	71
59654	71
59655	71
59656	71
59657	71
59658	71
59659	71
59660	71
59661	71
59662	71
59663	71
59664	71
59665	71
59666	71
59667	71
59668	71
59669	71
59670	71
59671	71
59672	71
59673	71
59674	71
59675	71
59676	71
59677	71
59678	71
59679	71
59680	71
59681	71
59682	71
59683	71
59684	71
59685	71
59686	71
59687	71
59688	71
59689	71
59690	71
59691	71
59692	71
59693	71
59694	71
59695	71
59696	71
59697	71
59698	71
59699	71
59700	71
59701	71
59702	71
59703	71
59704	71
59705	71
59706	71
59707	71
59708	71
59709	71
59710	71
59711	71
59712	71
59713	71
59714	71
59715	71
59716	71
59717	71
59718	71
59719	71
59720	71
59721	71
59722	71
59723	71
59724	71
59725	71
59726	71
59727	71
59728	71
59729	71
59730	71
59731	71
59732	71
59733	71
59734	71
59735	71
59736	71
59737	71
59738	71
59739	71
59740	71
59741	71
59742	71
59743	71
59744	71
59745	71
59746	71
59747	71
59748	71
59749	71
59750	71
59751	71
59752	71
59753	71
59754	71
59755	71
59756	71
59757	71
59758	71
59759	71
59760	71
59761	71
59762	71
59763	71
59764	71
59765	71
59766	71
59767	71
59768	71
59769	71
59770	71
59771	71
59772	71
59773	71
59774	71
59775	71
59776	71
59777	71
59778	71
59779	71
59780	71
59781	71
59782	71
59783	71
59784	71
59785	71
59786	71
59787	71
59788	71
59789	71
59790	71
59791	71
59792	71
59793	71
59794	71
59795	71
59796	71
59797	71
59798	71
59799	71
59800	71
59801	71
59802	71
59803	71
59804	71
59805	71
59806	71
59807	71
59808	71
59809	71
59810	71
59811	71
59812	71
59813	71
59814	71
59815	71
59816	71
59817	71
59818	71
59819	71
59820	71
59821	71
59822	71
59823	71
59824	71
59825	71
59826	71
59827	71
59828	71
59829	71
59830	71
59831	71
59832	71
59833	71
59834	71
59835	71
59836	71
59837	71
59838	71
59839	71
59840	71
59841	71
59842	71
59843	71
59844	71
59845	71
59846	71
59847	71
59848	71
59849	71
59850	71
59851	71
59852	71
59853	71
59854	71
59855	71
59856	71
59857	71
59858	71
59859	71
59860	71
59861	71
59862	71
59863	71
59864	71
59865	71
59866	71
59867	71
59868	71
59869	71
59870	71
59871	71
59872	71
59873	71
59874	71
59875	71
59876	71
59877	71
59878	71
59879	71
59880	71
59881	71
59882	71
59883	71
59884	71
59885	71
59886	71
59887	71
59888	71
59889	71
59890	71
59891	71
59892	71
59893	71
59894	71
59895	71
59896	71
59897	71
59898	71
59899	71
59900	71
59901	71
59902	71
59903	71
59904	71
59905	71
59906	71
59907	71
59908	71
59909	71
59910	71
59911	71
59912	71
59913	71
59914	71
59915	71
59916	71
59917	71
59918	71
59919	71
59920	71
59921	71
59922	71
59923	71
59924	71
59925	71
59926	71
59927	71
59928	71
59929	71
59930	71
59931	71
59932	71
59933	71
59934	71
59935	71
59936	71
59937	71
59938	71
59939	71
59940	71
59941	71
59942	71
59943	71
59944	71
59945	71
59946	71
59947	71
59948	71
59949	71
59950	71
59951	71
59952	71
59953	71
59954	71
59955	71
59956	71
59957	71
59958	71
59959	71
59960	71
59961	71
59962	71
59963	71
59964	71
59965	71
59966	71
59967	71
59968	71
59969	71
59970	71
59971	71
59972	71
59973	71
59974	71
59975	71
59976	72
59977	72
59978	72
59979	72
59980	72
59981	72
59982	72
59983	72
59984	72
59985	72
59986	72
59987	72
59988	72
59989	72
59990	72
59991	72
59992	72
59993	72
59994	72
59995	72
59996	72
59997	72
59998	72
59999	72
60000	72
60001	72
60002	72
60003	72
60004	72
60005	72
60006	72
60007	72
60008	72
60009	72
60010	72
60011	72
60012	72
60013	72
60014	72
60015	72
60016	72
60017	72
60018	72
60019	72
60020	72
60021	72
60022	72
60023	72
60024	72
60025	72
60026	72
60027	72
60028	72
60029	72
60030	72
60031	72
60032	72
60033	72
60034	72
60035	72
60036	72
60037	72
60038	72
60039	72
60040	72
60041	72
60042	72
60043	72
60044	72
60045	72
60046	72
60047	72
60048	72
60049	72
60050	72
60051	72
60052	72
60053	72
60054	72
60055	72
60056	72
60057	72
60058	72
60059	72
60060	72
60061	72
60062	72
60063	72
60064	72
60065	72
60066	72
60067	72
60068	72
60069	72
60070	72
60071	72
60072	72
60073	72
60074	72
60075	72
60076	72
60077	72
60078	72
60079	72
60080	72
60081	72
60082	72
60083	72
60084	72
60085	72
60086	72
60087	72
60088	72
60089	72
60090	72
60091	72
60092	72
60093	72
60094	72
60095	72
60096	72
60097	72
60098	72
60099	72
60100	72
60101	72
60102	72
60103	72
60104	72
60105	72
60106	72
60107	72
60108	72
60109	72
60110	72
60111	72
60112	72
60113	72
60114	72
60115	72
60116	72
60117	72
60118	72
60119	72
60120	72
60121	72
60122	72
60123	72
60124	72
60125	72
60126	72
60127	72
60128	72
60129	72
60130	72
60131	72
60132	72
60133	72
60134	72
60135	72
60136	72
60137	72
60138	72
60139	72
60140	72
60141	72
60142	72
60143	72
60144	72
60145	72
60146	72
60147	72
60148	72
60149	72
60150	72
60151	72
60152	72
60153	72
60154	72
60155	72
60156	72
60157	72
60158	72
60159	72
60160	72
60161	72
60162	72
60163	72
60164	72
60165	72
60166	72
60167	72
60168	72
60169	72
60170	72
60171	72
60172	72
60173	72
60174	72
60175	72
60176	72
60177	72
60178	72
60179	72
60180	72
60181	72
60182	72
60183	72
60184	72
60185	72
60186	72
60187	72
60188	72
60189	72
60190	72
60191	72
60192	72
60193	72
60194	72
60195	72
60196	72
60197	72
60198	72
60199	72
60200	72
60201	72
60202	72
60203	72
60204	72
60205	72
60206	72
60207	72
60208	72
60209	72
60210	72
60211	72
60212	72
60213	72
60214	72
60215	72
60216	72
60217	72
60218	72
60219	72
60220	72
60221	72
60222	72
60223	72
60224	72
60225	72
60226	72
60227	72
60228	72
60229	72
60230	72
60231	72
60232	72
60233	72
60234	72
60235	72
60236	72
60237	72
60238	72
60239	72
60240	72
60241	72
60242	72
60243	72
60244	72
60245	72
60246	72
60247	72
60248	72
60249	72
60250	72
60251	72
60252	72
60253	72
60254	72
60255	72
60256	72
60257	72
60258	72
60259	72
60260	72
60261	72
60262	72
60263	72
60264	72
60265	72
60266	72
60267	72
60268	72
60269	72
60270	72
60271	72
60272	72
60273	72
60274	72
60275	72
60276	72
60277	72
60278	72
60279	72
60280	72
60281	72
60282	72
60283	72
60284	72
60285	72
60286	72
60287	72
60288	72
60289	72
60290	72
60291	72
60292	72
60293	72
60294	72
60295	72
60296	72
60297	72
60298	72
60299	72
60300	72
60301	72
60302	72
60303	72
60304	72
60305	72
60306	72
60307	72
60308	72
60309	72
60310	72
60311	72
60312	72
60313	72
60314	72
60315	72
60316	72
60317	72
60318	72
60319	72
60320	72
60321	72
60322	72
60323	72
60324	72
60325	72
60326	72
60327	72
60328	72
60329	72
60330	72
60331	72
60332	72
60333	72
60334	72
60335	72
60336	72
60337	72
60338	72
60339	72
60340	72
60341	72
60342	72
60343	72
60344	72
60345	72
60346	72
60347	72
60348	72
60349	72
60350	72
60351	72
60352	72
60353	72
60354	72
60355	72
60356	72
60357	72
60358	72
60359	72
60360	72
60361	72
60362	72
60363	72
60364	72
60365	72
60366	72
60367	72
60368	72
60369	72
60370	72
60371	72
60372	72
60373	72
60374	72
60375	72
60376	72
60377	72
60378	72
60379	72
60380	72
60381	72
60382	72
60383	72
60384	72
60385	72
60386	72
60387	72
60388	72
60389	72
60390	72
60391	72
60392	72
60393	72
60394	72
60395	72
60396	72
60397	72
60398	72
60399	72
60400	72
60401	72
60402	72
60403	72
60404	72
60405	72
60406	72
60407	72
60408	72
60409	72
60410	72
60411	72
60412	72
60413	72
60414	72
60415	72
60416	72
60417	72
60418	72
60419	72
60420	72
60421	72
60422	72
60423	72
60424	72
60425	72
60426	72
60427	72
60428	72
60429	72
60430	72
60431	72
60432	72
60433	72
60434	72
60435	72
60436	72
60437	72
60438	72
60439	72
60440	72
60441	72
60442	72
60443	72
60444	72
60445	72
60446	72
60447	72
60448	72
60449	72
60450	72
60451	72
60452	72
60453	72
60454	72
60455	72
60456	72
60457	72
60458	72
60459	72
60460	72
60461	72
60462	72
60463	72
60464	72
60465	72
60466	72
60467	72
60468	72
60469	72
60470	72
60471	72
60472	72
60473	72
60474	72
60475	72
60476	72
60477	72
60478	72
60479	72
60480	72
60481	72
60482	72
60483	72
60484	72
60485	72
60486	72
60487	72
60488	72
60489	72
60490	72
60491	72
60492	72
60493	72
60494	72
60495	72
60496	72
60497	72
60498	72
60499	72
60500	72
60501	72
60502	72
60503	72
60504	72
60505	72
60506	72
60507	72
60508	72
60509	72
60510	72
60511	72
60512	72
60513	72
60514	72
60515	72
60516	72
60517	72
60518	72
60519	72
60520	72
60521	72
60522	72
60523	72
60524	72
60525	72
60526	72
60527	72
60528	72
60529	72
60530	72
60531	72
60532	72
60533	72
60534	72
60535	72
60536	72
60537	72
60538	72
60539	72
60540	72
60541	72
60542	72
60543	72
60544	72
60545	72
60546	72
60547	72
60548	72
60549	72
60550	72
60551	72
60552	72
60553	72
60554	72
60555	72
60556	72
60557	72
60558	72
60559	72
60560	72
60561	72
60562	72
60563	72
60564	72
60565	72
60566	72
60567	72
60568	72
60569	72
60570	72
60571	72
60572	72
60573	72
60574	72
60575	72
60576	72
60577	72
60578	72
60579	72
60580	72
60581	72
60582	72
60583	72
60584	72
60585	72
60586	72
60587	72
60588	72
60589	72
60590	72
60591	72
60592	72
60593	72
60594	72
60595	72
60596	72
60597	72
60598	72
60599	72
60600	72
60601	72
60602	72
60603	72
60604	72
60605	72
60606	72
60607	72
60608	72
60609	72
60610	72
60611	72
60612	72
60613	72
60614	72
60615	72
60616	72
60617	72
60618	72
60619	72
60620	72
60621	72
60622	72
60623	72
60624	72
60625	72
60626	72
60627	72
60628	72
60629	72
60630	72
60631	72
60632	72
60633	72
60634	72
60635	72
60636	72
60637	72
60638	72
60639	72
60640	72
60641	72
60642	72
60643	72
60644	72
60645	72
60646	72
60647	72
60648	72
60649	72
60650	72
60651	72
60652	72
60653	72
60654	72
60655	72
60656	72
60657	72
60658	72
60659	72
60660	72
60661	72
60662	72
60663	72
60664	72
60665	72
60666	72
60667	72
60668	72
60669	72
60670	72
60671	72
60672	72
60673	72
60674	72
60675	72
60676	72
60677	72
60678	72
60679	72
60680	72
60681	72
60682	72
60683	72
60684	72
60685	72
60686	72
60687	72
60688	72
60689	72
60690	72
60691	72
60692	72
60693	72
60694	72
60695	72
60696	72
60697	72
60698	72
60699	72
60700	72
60701	72
60702	72
60703	72
60704	72
60705	72
60706	72
60707	72
60708	72
60709	72
60710	72
60711	72
60712	72
60713	72
60714	72
60715	72
60716	72
60717	72
60718	72
60719	72
60720	72
60721	72
60722	72
60723	72
60724	72
60725	72
60726	72
60727	72
60728	72
60729	72
60730	72
60731	72
60732	72
60733	72
60734	72
60735	72
60736	72
60737	72
60738	72
60739	72
60740	72
60741	72
60742	72
60743	72
60744	72
60745	72
60746	72
60747	72
60748	72
60749	72
60750	72
60751	72
60752	72
60753	72
60754	72
60755	72
60756	72
60757	72
60758	72
60759	72
60760	72
60761	72
60762	72
60763	72
60764	72
60765	72
60766	72
60767	72
60768	72
60769	72
60770	72
60771	72
60772	72
60773	72
60774	72
60775	72
60776	72
60777	72
60778	72
60779	72
60780	72
60781	72
60782	72
60783	72
60784	72
60785	72
60786	72
60787	72
60788	72
60789	72
60790	72
60791	72
60792	72
60793	72
60794	72
60795	72
60796	72
60797	72
60798	72
60799	72
60800	72
60801	72
60802	72
60803	72
60804	72
60805	72
60806	72
60807	72
60808	72
60809	73
60810	73
60811	73
60812	73
60813	73
60814	73
60815	73
60816	73
60817	73
60818	73
60819	73
60820	73
60821	73
60822	73
60823	73
60824	73
60825	73
60826	73
60827	73
60828	73
60829	73
60830	73
60831	73
60832	73
60833	73
60834	73
60835	73
60836	73
60837	73
60838	73
60839	73
60840	73
60841	73
60842	73
60843	73
60844	73
60845	73
60846	73
60847	73
60848	73
60849	73
60850	73
60851	73
60852	73
60853	73
60854	73
60855	73
60856	73
60857	73
60858	73
60859	73
60860	73
60861	73
60862	73
60863	73
60864	73
60865	73
60866	73
60867	73
60868	73
60869	73
60870	73
60871	73
60872	73
60873	73
60874	73
60875	73
60876	73
60877	73
60878	73
60879	73
60880	73
60881	73
60882	73
60883	73
60884	73
60885	73
60886	73
60887	73
60888	73
60889	73
60890	73
60891	73
60892	73
60893	73
60894	73
60895	73
60896	73
60897	73
60898	73
60899	73
60900	73
60901	73
60902	73
60903	73
60904	73
60905	73
60906	73
60907	73
60908	73
60909	73
60910	73
60911	73
60912	73
60913	73
60914	73
60915	73
60916	73
60917	73
60918	73
60919	73
60920	73
60921	73
60922	73
60923	73
60924	73
60925	73
60926	73
60927	73
60928	73
60929	73
60930	73
60931	73
60932	73
60933	73
60934	73
60935	73
60936	73
60937	73
60938	73
60939	73
60940	73
60941	73
60942	73
60943	73
60944	73
60945	73
60946	73
60947	73
60948	73
60949	73
60950	73
60951	73
60952	73
60953	73
60954	73
60955	73
60956	73
60957	73
60958	73
60959	73
60960	73
60961	73
60962	73
60963	73
60964	73
60965	73
60966	73
60967	73
60968	73
60969	73
60970	73
60971	73
60972	73
60973	73
60974	73
60975	73
60976	73
60977	73
60978	73
60979	73
60980	73
60981	73
60982	73
60983	73
60984	73
60985	73
60986	73
60987	73
60988	73
60989	73
60990	73
60991	73
60992	73
60993	73
60994	73
60995	73
60996	73
60997	73
60998	73
60999	73
61000	73
61001	73
61002	73
61003	73
61004	73
61005	73
61006	73
61007	73
61008	73
61009	73
61010	73
61011	73
61012	73
61013	73
61014	73
61015	73
61016	73
61017	73
61018	73
61019	73
61020	73
61021	73
61022	73
61023	73
61024	73
61025	73
61026	73
61027	73
61028	73
61029	73
61030	73
61031	73
61032	73
61033	73
61034	73
61035	73
61036	73
61037	73
61038	73
61039	73
61040	73
61041	73
61042	73
61043	73
61044	73
61045	73
61046	73
61047	73
61048	73
61049	73
61050	73
61051	73
61052	73
61053	73
61054	73
61055	73
61056	73
61057	73
61058	73
61059	73
61060	73
61061	73
61062	73
61063	73
61064	73
61065	73
61066	73
61067	73
61068	73
61069	73
61070	73
61071	73
61072	73
61073	73
61074	73
61075	73
61076	73
61077	73
61078	73
61079	73
61080	73
61081	73
61082	73
61083	73
61084	73
61085	73
61086	73
61087	73
61088	73
61089	73
61090	73
61091	73
61092	73
61093	73
61094	73
61095	73
61096	73
61097	73
61098	73
61099	73
61100	73
61101	73
61102	73
61103	73
61104	73
61105	73
61106	73
61107	73
61108	73
61109	73
61110	73
61111	73
61112	73
61113	73
61114	73
61115	73
61116	73
61117	73
61118	73
61119	73
61120	73
61121	73
61122	73
61123	73
61124	73
61125	73
61126	73
61127	73
61128	73
61129	73
61130	73
61131	73
61132	73
61133	73
61134	73
61135	73
61136	73
61137	73
61138	73
61139	73
61140	73
61141	73
61142	73
61143	73
61144	73
61145	73
61146	73
61147	73
61148	73
61149	73
61150	73
61151	73
61152	73
61153	73
61154	73
61155	73
61156	73
61157	73
61158	73
61159	73
61160	73
61161	73
61162	73
61163	73
61164	73
61165	73
61166	73
61167	73
61168	73
61169	73
61170	73
61171	73
61172	73
61173	73
61174	73
61175	73
61176	73
61177	73
61178	73
61179	73
61180	73
61181	73
61182	73
61183	73
61184	73
61185	73
61186	73
61187	73
61188	73
61189	73
61190	73
61191	73
61192	73
61193	73
61194	73
61195	73
61196	73
61197	73
61198	73
61199	73
61200	73
61201	73
61202	73
61203	73
61204	73
61205	73
61206	73
61207	73
61208	73
61209	73
61210	73
61211	73
61212	73
61213	73
61214	73
61215	73
61216	73
61217	73
61218	73
61219	73
61220	73
61221	73
61222	73
61223	73
61224	73
61225	73
61226	73
61227	73
61228	73
61229	73
61230	73
61231	73
61232	73
61233	73
61234	73
61235	73
61236	73
61237	73
61238	73
61239	73
61240	73
61241	73
61242	73
61243	73
61244	73
61245	73
61246	73
61247	73
61248	73
61249	73
61250	73
61251	73
61252	73
61253	73
61254	73
61255	73
61256	73
61257	73
61258	73
61259	73
61260	73
61261	73
61262	73
61263	73
61264	73
61265	73
61266	73
61267	73
61268	73
61269	73
61270	73
61271	73
61272	73
61273	73
61274	73
61275	73
61276	73
61277	73
61278	73
61279	73
61280	73
61281	73
61282	73
61283	73
61284	73
61285	73
61286	73
61287	73
61288	73
61289	73
61290	73
61291	73
61292	73
61293	73
61294	73
61295	73
61296	73
61297	73
61298	73
61299	73
61300	73
61301	73
61302	73
61303	73
61304	73
61305	73
61306	73
61307	73
61308	73
61309	73
61310	73
61311	73
61312	73
61313	73
61314	73
61315	73
61316	73
61317	73
61318	73
61319	73
61320	73
61321	73
61322	73
61323	73
61324	73
61325	73
61326	73
61327	73
61328	73
61329	73
61330	73
61331	73
61332	73
61333	73
61334	73
61335	73
61336	73
61337	73
61338	73
61339	73
61340	73
61341	73
61342	73
61343	73
61344	73
61345	73
61346	73
61347	73
61348	73
61349	73
61350	73
61351	73
61352	73
61353	73
61354	73
61355	73
61356	73
61357	73
61358	73
61359	73
61360	73
61361	73
61362	73
61363	73
61364	73
61365	73
61366	73
61367	73
61368	73
61369	73
61370	73
61371	73
61372	73
61373	73
61374	73
61375	73
61376	73
61377	73
61378	73
61379	73
61380	73
61381	73
61382	73
61383	73
61384	73
61385	73
61386	73
61387	73
61388	73
61389	73
61390	73
61391	73
61392	73
61393	73
61394	73
61395	73
61396	73
61397	73
61398	73
61399	73
61400	73
61401	73
61402	73
61403	73
61404	73
61405	73
61406	73
61407	73
61408	73
61409	73
61410	73
61411	73
61412	73
61413	73
61414	73
61415	73
61416	73
61417	73
61418	73
61419	73
61420	73
61421	73
61422	73
61423	73
61424	73
61425	73
61426	73
61427	73
61428	73
61429	73
61430	73
61431	73
61432	73
61433	73
61434	73
61435	73
61436	73
61437	73
61438	73
61439	73
61440	73
61441	73
61442	73
61443	73
61444	73
61445	73
61446	73
61447	73
61448	73
61449	73
61450	73
61451	73
61452	73
61453	73
61454	73
61455	73
61456	73
61457	73
61458	73
61459	73
61460	73
61461	73
61462	73
61463	73
61464	73
61465	73
61466	73
61467	73
61468	73
61469	73
61470	73
61471	73
61472	73
61473	73
61474	73
61475	73
61476	73
61477	73
61478	73
61479	73
61480	73
61481	73
61482	73
61483	73
61484	73
61485	73
61486	73
61487	73
61488	73
61489	73
61490	73
61491	73
61492	73
61493	73
61494	73
61495	73
61496	73
61497	73
61498	73
61499	73
61500	73
61501	73
61502	73
61503	73
61504	73
61505	73
61506	73
61507	73
61508	73
61509	73
61510	73
61511	73
61512	73
61513	73
61514	73
61515	73
61516	73
61517	73
61518	73
61519	73
61520	73
61521	73
61522	73
61523	73
61524	73
61525	73
61526	73
61527	73
61528	73
61529	73
61530	73
61531	73
61532	73
61533	73
61534	73
61535	73
61536	73
61537	73
61538	73
61539	73
61540	73
61541	73
61542	73
61543	73
61544	73
61545	73
61546	73
61547	73
61548	73
61549	73
61550	73
61551	73
61552	73
61553	73
61554	73
61555	73
61556	73
61557	73
61558	73
61559	73
61560	73
61561	73
61562	73
61563	73
61564	73
61565	73
61566	73
61567	73
61568	73
61569	73
61570	73
61571	73
61572	73
61573	73
61574	73
61575	73
61576	73
61577	73
61578	73
61579	73
61580	73
61581	73
61582	73
61583	73
61584	73
61585	73
61586	73
61587	73
61588	73
61589	73
61590	73
61591	73
61592	73
61593	73
61594	73
61595	73
61596	73
61597	73
61598	73
61599	73
61600	73
61601	73
61602	73
61603	73
61604	73
61605	73
61606	73
61607	73
61608	73
61609	73
61610	73
61611	73
61612	73
61613	73
61614	73
61615	73
61616	73
61617	73
61618	73
61619	73
61620	73
61621	73
61622	73
61623	73
61624	73
61625	73
61626	73
61627	73
61628	73
61629	73
61630	73
61631	73
61632	73
61633	73
61634	73
61635	73
61636	73
61637	73
61638	73
61639	73
61640	73
61641	73
61642	74
61643	74
61644	74
61645	74
61646	74
61647	74
61648	74
61649	74
61650	74
61651	74
61652	74
61653	74
61654	74
61655	74
61656	74
61657	74
61658	74
61659	74
61660	74
61661	74
61662	74
61663	74
61664	74
61665	74
61666	74
61667	74
61668	74
61669	74
61670	74
61671	74
61672	74
61673	74
61674	74
61675	74
61676	74
61677	74
61678	74
61679	74
61680	74
61681	74
61682	74
61683	74
61684	74
61685	74
61686	74
61687	74
61688	74
61689	74
61690	74
61691	74
61692	74
61693	74
61694	74
61695	74
61696	74
61697	74
61698	74
61699	74
61700	74
61701	74
61702	74
61703	74
61704	74
61705	74
61706	74
61707	74
61708	74
61709	74
61710	74
61711	74
61712	74
61713	74
61714	74
61715	74
61716	74
61717	74
61718	74
61719	74
61720	74
61721	74
61722	74
61723	74
61724	74
61725	74
61726	74
61727	74
61728	74
61729	74
61730	74
61731	74
61732	74
61733	74
61734	74
61735	74
61736	74
61737	74
61738	74
61739	74
61740	74
61741	74
61742	74
61743	74
61744	74
61745	74
61746	74
61747	74
61748	74
61749	74
61750	74
61751	74
61752	74
61753	74
61754	74
61755	74
61756	74
61757	74
61758	74
61759	74
61760	74
61761	74
61762	74
61763	74
61764	74
61765	74
61766	74
61767	74
61768	74
61769	74
61770	74
61771	74
61772	74
61773	74
61774	74
61775	74
61776	74
61777	74
61778	74
61779	74
61780	74
61781	74
61782	74
61783	74
61784	74
61785	74
61786	74
61787	74
61788	74
61789	74
61790	74
61791	74
61792	74
61793	74
61794	74
61795	74
61796	74
61797	74
61798	74
61799	74
61800	74
61801	74
61802	74
61803	74
61804	74
61805	74
61806	74
61807	74
61808	74
61809	74
61810	74
61811	74
61812	74
61813	74
61814	74
61815	74
61816	74
61817	74
61818	74
61819	74
61820	74
61821	74
61822	74
61823	74
61824	74
61825	74
61826	74
61827	74
61828	74
61829	74
61830	74
61831	74
61832	74
61833	74
61834	74
61835	74
61836	74
61837	74
61838	74
61839	74
61840	74
61841	74
61842	74
61843	74
61844	74
61845	74
61846	74
61847	74
61848	74
61849	74
61850	74
61851	74
61852	74
61853	74
61854	74
61855	74
61856	74
61857	74
61858	74
61859	74
61860	74
61861	74
61862	74
61863	74
61864	74
61865	74
61866	74
61867	74
61868	74
61869	74
61870	74
61871	74
61872	74
61873	74
61874	74
61875	74
61876	74
61877	74
61878	74
61879	74
61880	74
61881	74
61882	74
61883	74
61884	74
61885	74
61886	74
61887	74
61888	74
61889	74
61890	74
61891	74
61892	74
61893	74
61894	74
61895	74
61896	74
61897	74
61898	74
61899	74
61900	74
61901	74
61902	74
61903	74
61904	74
61905	74
61906	74
61907	74
61908	74
61909	74
61910	74
61911	74
61912	74
61913	74
61914	74
61915	74
61916	74
61917	74
61918	74
61919	74
61920	74
61921	74
61922	74
61923	74
61924	74
61925	74
61926	74
61927	74
61928	74
61929	74
61930	74
61931	74
61932	74
61933	74
61934	74
61935	74
61936	74
61937	74
61938	74
61939	74
61940	74
61941	74
61942	74
61943	74
61944	74
61945	74
61946	74
61947	74
61948	74
61949	74
61950	74
61951	74
61952	74
61953	74
61954	74
61955	74
61956	74
61957	74
61958	74
61959	74
61960	74
61961	74
61962	74
61963	74
61964	74
61965	74
61966	74
61967	74
61968	74
61969	74
61970	74
61971	74
61972	74
61973	74
61974	74
61975	74
61976	74
61977	74
61978	74
61979	74
61980	74
61981	74
61982	74
61983	74
61984	74
61985	74
61986	74
61987	74
61988	74
61989	74
61990	74
61991	74
61992	74
61993	74
61994	74
61995	74
61996	74
61997	74
61998	74
61999	74
62000	74
62001	74
62002	74
62003	74
62004	74
62005	74
62006	74
62007	74
62008	74
62009	74
62010	74
62011	74
62012	74
62013	74
62014	74
62015	74
62016	74
62017	74
62018	74
62019	74
62020	74
62021	74
62022	74
62023	74
62024	74
62025	74
62026	74
62027	74
62028	74
62029	74
62030	74
62031	74
62032	74
62033	74
62034	74
62035	74
62036	74
62037	74
62038	74
62039	74
62040	74
62041	74
62042	74
62043	74
62044	74
62045	74
62046	74
62047	74
62048	74
62049	74
62050	74
62051	74
62052	74
62053	74
62054	74
62055	74
62056	74
62057	74
62058	74
62059	74
62060	74
62061	74
62062	74
62063	74
62064	74
62065	74
62066	74
62067	74
62068	74
62069	74
62070	74
62071	74
62072	74
62073	74
62074	74
62075	74
62076	74
62077	74
62078	74
62079	74
62080	74
62081	74
62082	74
62083	74
62084	74
62085	74
62086	74
62087	74
62088	74
62089	74
62090	74
62091	74
62092	74
62093	74
62094	74
62095	74
62096	74
62097	74
62098	74
62099	74
62100	74
62101	74
62102	74
62103	74
62104	74
62105	74
62106	74
62107	74
62108	74
62109	74
62110	74
62111	74
62112	74
62113	74
62114	74
62115	74
62116	74
62117	74
62118	74
62119	74
62120	74
62121	74
62122	74
62123	74
62124	74
62125	74
62126	74
62127	74
62128	74
62129	74
62130	74
62131	74
62132	74
62133	74
62134	74
62135	74
62136	74
62137	74
62138	74
62139	74
62140	74
62141	74
62142	74
62143	74
62144	74
62145	74
62146	74
62147	74
62148	74
62149	74
62150	74
62151	74
62152	74
62153	74
62154	74
62155	74
62156	74
62157	74
62158	74
62159	74
62160	74
62161	74
62162	74
62163	74
62164	74
62165	74
62166	74
62167	74
62168	74
62169	74
62170	74
62171	74
62172	74
62173	74
62174	74
62175	74
62176	74
62177	74
62178	74
62179	74
62180	74
62181	74
62182	74
62183	74
62184	74
62185	74
62186	74
62187	74
62188	74
62189	74
62190	74
62191	74
62192	74
62193	74
62194	74
62195	74
62196	74
62197	74
62198	74
62199	74
62200	74
62201	74
62202	74
62203	74
62204	74
62205	74
62206	74
62207	74
62208	74
62209	74
62210	74
62211	74
62212	74
62213	74
62214	74
62215	74
62216	74
62217	74
62218	74
62219	74
62220	74
62221	74
62222	74
62223	74
62224	74
62225	74
62226	74
62227	74
62228	74
62229	74
62230	74
62231	74
62232	74
62233	74
62234	74
62235	74
62236	74
62237	74
62238	74
62239	74
62240	74
62241	74
62242	74
62243	74
62244	74
62245	74
62246	74
62247	74
62248	74
62249	74
62250	74
62251	74
62252	74
62253	74
62254	74
62255	74
62256	74
62257	74
62258	74
62259	74
62260	74
62261	74
62262	74
62263	74
62264	74
62265	74
62266	74
62267	74
62268	74
62269	74
62270	74
62271	74
62272	74
62273	74
62274	74
62275	74
62276	74
62277	74
62278	74
62279	74
62280	74
62281	74
62282	74
62283	74
62284	74
62285	74
62286	74
62287	74
62288	74
62289	74
62290	74
62291	74
62292	74
62293	74
62294	74
62295	74
62296	74
62297	74
62298	74
62299	74
62300	74
62301	74
62302	74
62303	74
62304	74
62305	74
62306	74
62307	74
62308	74
62309	74
62310	74
62311	74
62312	74
62313	74
62314	74
62315	74
62316	74
62317	74
62318	74
62319	74
62320	74
62321	74
62322	74
62323	74
62324	74
62325	74
62326	74
62327	74
62328	74
62329	74
62330	74
62331	74
62332	74
62333	74
62334	74
62335	74
62336	74
62337	74
62338	74
62339	74
62340	74
62341	74
62342	74
62343	74
62344	74
62345	74
62346	74
62347	74
62348	74
62349	74
62350	74
62351	74
62352	74
62353	74
62354	74
62355	74
62356	74
62357	74
62358	74
62359	74
62360	74
62361	74
62362	74
62363	74
62364	74
62365	74
62366	74
62367	74
62368	74
62369	74
62370	74
62371	74
62372	74
62373	74
62374	74
62375	74
62376	74
62377	74
62378	74
62379	74
62380	74
62381	74
62382	74
62383	74
62384	74
62385	74
62386	74
62387	74
62388	74
62389	74
62390	74
62391	74
62392	74
62393	74
62394	74
62395	74
62396	74
62397	74
62398	74
62399	74
62400	74
62401	74
62402	74
62403	74
62404	74
62405	74
62406	74
62407	74
62408	74
62409	74
62410	74
62411	74
62412	74
62413	74
62414	74
62415	74
62416	74
62417	74
62418	74
62419	74
62420	74
62421	74
62422	74
62423	74
62424	74
62425	74
62426	74
62427	74
62428	74
62429	74
62430	74
62431	74
62432	74
62433	74
62434	74
62435	74
62436	74
62437	74
62438	74
62439	74
62440	74
62441	74
62442	74
62443	74
62444	74
62445	74
62446	74
62447	74
62448	74
62449	74
62450	74
62451	74
62452	74
62453	74
62454	74
62455	74
62456	74
62457	74
62458	74
62459	74
62460	74
62461	74
62462	74
62463	74
62464	74
62465	74
62466	74
62467	74
62468	74
62469	74
62470	74
62471	74
62472	74
62473	74
62474	74
62475	75
62476	75
62477	75
62478	75
62479	75
62480	75
62481	75
62482	75
62483	75
62484	75
62485	75
62486	75
62487	75
62488	75
62489	75
62490	75
62491	75
62492	75
62493	75
62494	75
62495	75
62496	75
62497	75
62498	75
62499	75
62500	75
62501	75
62502	75
62503	75
62504	75
62505	75
62506	75
62507	75
62508	75
62509	75
62510	75
62511	75
62512	75
62513	75
62514	75
62515	75
62516	75
62517	75
62518	75
62519	75
62520	75
62521	75
62522	75
62523	75
62524	75
62525	75
62526	75
62527	75
62528	75
62529	75
62530	75
62531	75
62532	75
62533	75
62534	75
62535	75
62536	75
62537	75
62538	75
62539	75
62540	75
62541	75
62542	75
62543	75
62544	75
62545	75
62546	75
62547	75
62548	75
62549	75
62550	75
62551	75
62552	75
62553	75
62554	75
62555	75
62556	75
62557	75
62558	75
62559	75
62560	75
62561	75
62562	75
62563	75
62564	75
62565	75
62566	75
62567	75
62568	75
62569	75
62570	75
62571	75
62572	75
62573	75
62574	75
62575	75
62576	75
62577	75
62578	75
62579	75
62580	75
62581	75
62582	75
62583	75
62584	75
62585	75
62586	75
62587	75
62588	75
62589	75
62590	75
62591	75
62592	75
62593	75
62594	75
62595	75
62596	75
62597	75
62598	75
62599	75
62600	75
62601	75
62602	75
62603	75
62604	75
62605	75
62606	75
62607	75
62608	75
62609	75
62610	75
62611	75
62612	75
62613	75
62614	75
62615	75
62616	75
62617	75
62618	75
62619	75
62620	75
62621	75
62622	75
62623	75
62624	75
62625	75
62626	75
62627	75
62628	75
62629	75
62630	75
62631	75
62632	75
62633	75
62634	75
62635	75
62636	75
62637	75
62638	75
62639	75
62640	75
62641	75
62642	75
62643	75
62644	75
62645	75
62646	75
62647	75
62648	75
62649	75
62650	75
62651	75
62652	75
62653	75
62654	75
62655	75
62656	75
62657	75
62658	75
62659	75
62660	75
62661	75
62662	75
62663	75
62664	75
62665	75
62666	75
62667	75
62668	75
62669	75
62670	75
62671	75
62672	75
62673	75
62674	75
62675	75
62676	75
62677	75
62678	75
62679	75
62680	75
62681	75
62682	75
62683	75
62684	75
62685	75
62686	75
62687	75
62688	75
62689	75
62690	75
62691	75
62692	75
62693	75
62694	75
62695	75
62696	75
62697	75
62698	75
62699	75
62700	75
62701	75
62702	75
62703	75
62704	75
62705	75
62706	75
62707	75
62708	75
62709	75
62710	75
62711	75
62712	75
62713	75
62714	75
62715	75
62716	75
62717	75
62718	75
62719	75
62720	75
62721	75
62722	75
62723	75
62724	75
62725	75
62726	75
62727	75
62728	75
62729	75
62730	75
62731	75
62732	75
62733	75
62734	75
62735	75
62736	75
62737	75
62738	75
62739	75
62740	75
62741	75
62742	75
62743	75
62744	75
62745	75
62746	75
62747	75
62748	75
62749	75
62750	75
62751	75
62752	75
62753	75
62754	75
62755	75
62756	75
62757	75
62758	75
62759	75
62760	75
62761	75
62762	75
62763	75
62764	75
62765	75
62766	75
62767	75
62768	75
62769	75
62770	75
62771	75
62772	75
62773	75
62774	75
62775	75
62776	75
62777	75
62778	75
62779	75
62780	75
62781	75
62782	75
62783	75
62784	75
62785	75
62786	75
62787	75
62788	75
62789	75
62790	75
62791	75
62792	75
62793	75
62794	75
62795	75
62796	75
62797	75
62798	75
62799	75
62800	75
62801	75
62802	75
62803	75
62804	75
62805	75
62806	75
62807	75
62808	75
62809	75
62810	75
62811	75
62812	75
62813	75
62814	75
62815	75
62816	75
62817	75
62818	75
62819	75
62820	75
62821	75
62822	75
62823	75
62824	75
62825	75
62826	75
62827	75
62828	75
62829	75
62830	75
62831	75
62832	75
62833	75
62834	75
62835	75
62836	75
62837	75
62838	75
62839	75
62840	75
62841	75
62842	75
62843	75
62844	75
62845	75
62846	75
62847	75
62848	75
62849	75
62850	75
62851	75
62852	75
62853	75
62854	75
62855	75
62856	75
62857	75
62858	75
62859	75
62860	75
62861	75
62862	75
62863	75
62864	75
62865	75
62866	75
62867	75
62868	75
62869	75
62870	75
62871	75
62872	75
62873	75
62874	75
62875	75
62876	75
62877	75
62878	75
62879	75
62880	75
62881	75
62882	75
62883	75
62884	75
62885	75
62886	75
62887	75
62888	75
62889	75
62890	75
62891	75
62892	75
62893	75
62894	75
62895	75
62896	75
62897	75
62898	75
62899	75
62900	75
62901	75
62902	75
62903	75
62904	75
62905	75
62906	75
62907	75
62908	75
62909	75
62910	75
62911	75
62912	75
62913	75
62914	75
62915	75
62916	75
62917	75
62918	75
62919	75
62920	75
62921	75
62922	75
62923	75
62924	75
62925	75
62926	75
62927	75
62928	75
62929	75
62930	75
62931	75
62932	75
62933	75
62934	75
62935	75
62936	75
62937	75
62938	75
62939	75
62940	75
62941	75
62942	75
62943	75
62944	75
62945	75
62946	75
62947	75
62948	75
62949	75
62950	75
62951	75
62952	75
62953	75
62954	75
62955	75
62956	75
62957	75
62958	75
62959	75
62960	75
62961	75
62962	75
62963	75
62964	75
62965	75
62966	75
62967	75
62968	75
62969	75
62970	75
62971	75
62972	75
62973	75
62974	75
62975	75
62976	75
62977	75
62978	75
62979	75
62980	75
62981	75
62982	75
62983	75
62984	75
62985	75
62986	75
62987	75
62988	75
62989	75
62990	75
62991	75
62992	75
62993	75
62994	75
62995	75
62996	75
62997	75
62998	75
62999	75
63000	75
63001	75
63002	75
63003	75
63004	75
63005	75
63006	75
63007	75
63008	75
63009	75
63010	75
63011	75
63012	75
63013	75
63014	75
63015	75
63016	75
63017	75
63018	75
63019	75
63020	75
63021	75
63022	75
63023	75
63024	75
63025	75
63026	75
63027	75
63028	75
63029	75
63030	75
63031	75
63032	75
63033	75
63034	75
63035	75
63036	75
63037	75
63038	75
63039	75
63040	75
63041	75
63042	75
63043	75
63044	75
63045	75
63046	75
63047	75
63048	75
63049	75
63050	75
63051	75
63052	75
63053	75
63054	75
63055	75
63056	75
63057	75
63058	75
63059	75
63060	75
63061	75
63062	75
63063	75
63064	75
63065	75
63066	75
63067	75
63068	75
63069	75
63070	75
63071	75
63072	75
63073	75
63074	75
63075	75
63076	75
63077	75
63078	75
63079	75
63080	75
63081	75
63082	75
63083	75
63084	75
63085	75
63086	75
63087	75
63088	75
63089	75
63090	75
63091	75
63092	75
63093	75
63094	75
63095	75
63096	75
63097	75
63098	75
63099	75
63100	75
63101	75
63102	75
63103	75
63104	75
63105	75
63106	75
63107	75
63108	75
63109	75
63110	75
63111	75
63112	75
63113	75
63114	75
63115	75
63116	75
63117	75
63118	75
63119	75
63120	75
63121	75
63122	75
63123	75
63124	75
63125	75
63126	75
63127	75
63128	75
63129	75
63130	75
63131	75
63132	75
63133	75
63134	75
63135	75
63136	75
63137	75
63138	75
63139	75
63140	75
63141	75
63142	75
63143	75
63144	75
63145	75
63146	75
63147	75
63148	75
63149	75
63150	75
63151	75
63152	75
63153	75
63154	75
63155	75
63156	75
63157	75
63158	75
63159	75
63160	75
63161	75
63162	75
63163	75
63164	75
63165	75
63166	75
63167	75
63168	75
63169	75
63170	75
63171	75
63172	75
63173	75
63174	75
63175	75
63176	75
63177	75
63178	75
63179	75
63180	75
63181	75
63182	75
63183	75
63184	75
63185	75
63186	75
63187	75
63188	75
63189	75
63190	75
63191	75
63192	75
63193	75
63194	75
63195	75
63196	75
63197	75
63198	75
63199	75
63200	75
63201	75
63202	75
63203	75
63204	75
63205	75
63206	75
63207	75
63208	75
63209	75
63210	75
63211	75
63212	75
63213	75
63214	75
63215	75
63216	75
63217	75
63218	75
63219	75
63220	75
63221	75
63222	75
63223	75
63224	75
63225	75
63226	75
63227	75
63228	75
63229	75
63230	75
63231	75
63232	75
63233	75
63234	75
63235	75
63236	75
63237	75
63238	75
63239	75
63240	75
63241	75
63242	75
63243	75
63244	75
63245	75
63246	75
63247	75
63248	75
63249	75
63250	75
63251	75
63252	75
63253	75
63254	75
63255	75
63256	75
63257	75
63258	75
63259	75
63260	75
63261	75
63262	75
63263	75
63264	75
63265	75
63266	75
63267	75
63268	75
63269	75
63270	75
63271	75
63272	75
63273	75
63274	75
63275	75
63276	75
63277	75
63278	75
63279	75
63280	75
63281	75
63282	75
63283	75
63284	75
63285	75
63286	75
63287	75
63288	75
63289	75
63290	75
63291	75
63292	75
63293	75
63294	75
63295	75
63296	75
63297	75
63298	75
63299	75
63300	75
63301	75
63302	75
63303	75
63304	75
63305	75
63306	75
63307	75
63308	76
63309	76
63310	76
63311	76
63312	76
63313	76
63314	76
63315	76
63316	76
63317	76
63318	76
63319	76
63320	76
63321	76
63322	76
63323	76
63324	76
63325	76
63326	76
63327	76
63328	76
63329	76
63330	76
63331	76
63332	76
63333	76
63334	76
63335	76
63336	76
63337	76
63338	76
63339	76
63340	76
63341	76
63342	76
63343	76
63344	76
63345	76
63346	76
63347	76
63348	76
63349	76
63350	76
63351	76
63352	76
63353	76
63354	76
63355	76
63356	76
63357	76
63358	76
63359	76
63360	76
63361	76
63362	76
63363	76
63364	76
63365	76
63366	76
63367	76
63368	76
63369	76
63370	76
63371	76
63372	76
63373	76
63374	76
63375	76
63376	76
63377	76
63378	76
63379	76
63380	76
63381	76
63382	76
63383	76
63384	76
63385	76
63386	76
63387	76
63388	76
63389	76
63390	76
63391	76
63392	76
63393	76
63394	76
63395	76
63396	76
63397	76
63398	76
63399	76
63400	76
63401	76
63402	76
63403	76
63404	76
63405	76
63406	76
63407	76
63408	76
63409	76
63410	76
63411	76
63412	76
63413	76
63414	76
63415	76
63416	76
63417	76
63418	76
63419	76
63420	76
63421	76
63422	76
63423	76
63424	76
63425	76
63426	76
63427	76
63428	76
63429	76
63430	76
63431	76
63432	76
63433	76
63434	76
63435	76
63436	76
63437	76
63438	76
63439	76
63440	76
63441	76
63442	76
63443	76
63444	76
63445	76
63446	76
63447	76
63448	76
63449	76
63450	76
63451	76
63452	76
63453	76
63454	76
63455	76
63456	76
63457	76
63458	76
63459	76
63460	76
63461	76
63462	76
63463	76
63464	76
63465	76
63466	76
63467	76
63468	76
63469	76
63470	76
63471	76
63472	76
63473	76
63474	76
63475	76
63476	76
63477	76
63478	76
63479	76
63480	76
63481	76
63482	76
63483	76
63484	76
63485	76
63486	76
63487	76
63488	76
63489	76
63490	76
63491	76
63492	76
63493	76
63494	76
63495	76
63496	76
63497	76
63498	76
63499	76
63500	76
63501	76
63502	76
63503	76
63504	76
63505	76
63506	76
63507	76
63508	76
63509	76
63510	76
63511	76
63512	76
63513	76
63514	76
63515	76
63516	76
63517	76
63518	76
63519	76
63520	76
63521	76
63522	76
63523	76
63524	76
63525	76
63526	76
63527	76
63528	76
63529	76
63530	76
63531	76
63532	76
63533	76
63534	76
63535	76
63536	76
63537	76
63538	76
63539	76
63540	76
63541	76
63542	76
63543	76
63544	76
63545	76
63546	76
63547	76
63548	76
63549	76
63550	76
63551	76
63552	76
63553	76
63554	76
63555	76
63556	76
63557	76
63558	76
63559	76
63560	76
63561	76
63562	76
63563	76
63564	76
63565	76
63566	76
63567	76
63568	76
63569	76
63570	76
63571	76
63572	76
63573	76
63574	76
63575	76
63576	76
63577	76
63578	76
63579	76
63580	76
63581	76
63582	76
63583	76
63584	76
63585	76
63586	76
63587	76
63588	76
63589	76
63590	76
63591	76
63592	76
63593	76
63594	76
63595	76
63596	76
63597	76
63598	76
63599	76
63600	76
63601	76
63602	76
63603	76
63604	76
63605	76
63606	76
63607	76
63608	76
63609	76
63610	76
63611	76
63612	76
63613	76
63614	76
63615	76
63616	76
63617	76
63618	76
63619	76
63620	76
63621	76
63622	76
63623	76
63624	76
63625	76
63626	76
63627	76
63628	76
63629	76
63630	76
63631	76
63632	76
63633	76
63634	76
63635	76
63636	76
63637	76
63638	76
63639	76
63640	76
63641	76
63642	76
63643	76
63644	76
63645	76
63646	76
63647	76
63648	76
63649	76
63650	76
63651	76
63652	76
63653	76
63654	76
63655	76
63656	76
63657	76
63658	76
63659	76
63660	76
63661	76
63662	76
63663	76
63664	76
63665	76
63666	76
63667	76
63668	76
63669	76
63670	76
63671	76
63672	76
63673	76
63674	76
63675	76
63676	76
63677	76
63678	76
63679	76
63680	76
63681	76
63682	76
63683	76
63684	76
63685	76
63686	76
63687	76
63688	76
63689	76
63690	76
63691	76
63692	76
63693	76
63694	76
63695	76
63696	76
63697	76
63698	76
63699	76
63700	76
63701	76
63702	76
63703	76
63704	76
63705	76
63706	76
63707	76
63708	76
63709	76
63710	76
63711	76
63712	76
63713	76
63714	76
63715	76
63716	76
63717	76
63718	76
63719	76
63720	76
63721	76
63722	76
63723	76
63724	76
63725	76
63726	76
63727	76
63728	76
63729	76
63730	76
63731	76
63732	76
63733	76
63734	76
63735	76
63736	76
63737	76
63738	76
63739	76
63740	76
63741	76
63742	76
63743	76
63744	76
63745	76
63746	76
63747	76
63748	76
63749	76
63750	76
63751	76
63752	76
63753	76
63754	76
63755	76
63756	76
63757	76
63758	76
63759	76
63760	76
63761	76
63762	76
63763	76
63764	76
63765	76
63766	76
63767	76
63768	76
63769	76
63770	76
63771	76
63772	76
63773	76
63774	76
63775	76
63776	76
63777	76
63778	76
63779	76
63780	76
63781	76
63782	76
63783	76
63784	76
63785	76
63786	76
63787	76
63788	76
63789	76
63790	76
63791	76
63792	76
63793	76
63794	76
63795	76
63796	76
63797	76
63798	76
63799	76
63800	76
63801	76
63802	76
63803	76
63804	76
63805	76
63806	76
63807	76
63808	76
63809	76
63810	76
63811	76
63812	76
63813	76
63814	76
63815	76
63816	76
63817	76
63818	76
63819	76
63820	76
63821	76
63822	76
63823	76
63824	76
63825	76
63826	76
63827	76
63828	76
63829	76
63830	76
63831	76
63832	76
63833	76
63834	76
63835	76
63836	76
63837	76
63838	76
63839	76
63840	76
63841	76
63842	76
63843	76
63844	76
63845	76
63846	76
63847	76
63848	76
63849	76
63850	76
63851	76
63852	76
63853	76
63854	76
63855	76
63856	76
63857	76
63858	76
63859	76
63860	76
63861	76
63862	76
63863	76
63864	76
63865	76
63866	76
63867	76
63868	76
63869	76
63870	76
63871	76
63872	76
63873	76
63874	76
63875	76
63876	76
63877	76
63878	76
63879	76
63880	76
63881	76
63882	76
63883	76
63884	76
63885	76
63886	76
63887	76
63888	76
63889	76
63890	76
63891	76
63892	76
63893	76
63894	76
63895	76
63896	76
63897	76
63898	76
63899	76
63900	76
63901	76
63902	76
63903	76
63904	76
63905	76
63906	76
63907	76
63908	76
63909	76
63910	76
63911	76
63912	76
63913	76
63914	76
63915	76
63916	76
63917	76
63918	76
63919	76
63920	76
63921	76
63922	76
63923	76
63924	76
63925	76
63926	76
63927	76
63928	76
63929	76
63930	76
63931	76
63932	76
63933	76
63934	76
63935	76
63936	76
63937	76
63938	76
63939	76
63940	76
63941	76
63942	76
63943	76
63944	76
63945	76
63946	76
63947	76
63948	76
63949	76
63950	76
63951	76
63952	76
63953	76
63954	76
63955	76
63956	76
63957	76
63958	76
63959	76
63960	76
63961	76
63962	76
63963	76
63964	76
63965	76
63966	76
63967	76
63968	76
63969	76
63970	76
63971	76
63972	76
63973	76
63974	76
63975	76
63976	76
63977	76
63978	76
63979	76
63980	76
63981	76
63982	76
63983	76
63984	76
63985	76
63986	76
63987	76
63988	76
63989	76
63990	76
63991	76
63992	76
63993	76
63994	76
63995	76
63996	76
63997	76
63998	76
63999	76
64000	76
64001	76
64002	76
64003	76
64004	76
64005	76
64006	76
64007	76
64008	76
64009	76
64010	76
64011	76
64012	76
64013	76
64014	76
64015	76
64016	76
64017	76
64018	76
64019	76
64020	76
64021	76
64022	76
64023	76
64024	76
64025	76
64026	76
64027	76
64028	76
64029	76
64030	76
64031	76
64032	76
64033	76
64034	76
64035	76
64036	76
64037	76
64038	76
64039	76
64040	76
64041	76
64042	76
64043	76
64044	76
64045	76
64046	76
64047	76
64048	76
64049	76
64050	76
64051	76
64052	76
64053	76
64054	76
64055	76
64056	76
64057	76
64058	76
64059	76
64060	76
64061	76
64062	76
64063	76
64064	76
64065	76
64066	76
64067	76
64068	76
64069	76
64070	76
64071	76
64072	76
64073	76
64074	76
64075	76
64076	76
64077	76
64078	76
64079	76
64080	76
64081	76
64082	76
64083	76
64084	76
64085	76
64086	76
64087	76
64088	76
64089	76
64090	76
64091	76
64092	76
64093	76
64094	76
64095	76
64096	76
64097	76
64098	76
64099	76
64100	76
64101	76
64102	76
64103	76
64104	76
64105	76
64106	76
64107	76
64108	76
64109	76
64110	76
64111	76
64112	76
64113	76
64114	76
64115	76
64116	76
64117	76
64118	76
64119	76
64120	76
64121	76
64122	76
64123	76
64124	76
64125	76
64126	76
64127	76
64128	76
64129	76
64130	76
64131	76
64132	76
64133	76
64134	76
64135	76
64136	76
64137	76
64138	76
64139	76
64140	76
64141	77
64142	77
64143	77
64144	77
64145	77
64146	77
64147	77
64148	77
64149	77
64150	77
64151	77
64152	77
64153	77
64154	77
64155	77
64156	77
64157	77
64158	77
64159	77
64160	77
64161	77
64162	77
64163	77
64164	77
64165	77
64166	77
64167	77
64168	77
64169	77
64170	77
64171	77
64172	77
64173	77
64174	77
64175	77
64176	77
64177	77
64178	77
64179	77
64180	77
64181	77
64182	77
64183	77
64184	77
64185	77
64186	77
64187	77
64188	77
64189	77
64190	77
64191	77
64192	77
64193	77
64194	77
64195	77
64196	77
64197	77
64198	77
64199	77
64200	77
64201	77
64202	77
64203	77
64204	77
64205	77
64206	77
64207	77
64208	77
64209	77
64210	77
64211	77
64212	77
64213	77
64214	77
64215	77
64216	77
64217	77
64218	77
64219	77
64220	77
64221	77
64222	77
64223	77
64224	77
64225	77
64226	77
64227	77
64228	77
64229	77
64230	77
64231	77
64232	77
64233	77
64234	77
64235	77
64236	77
64237	77
64238	77
64239	77
64240	77
64241	77
64242	77
64243	77
64244	77
64245	77
64246	77
64247	77
64248	77
64249	77
64250	77
64251	77
64252	77
64253	77
64254	77
64255	77
64256	77
64257	77
64258	77
64259	77
64260	77
64261	77
64262	77
64263	77
64264	77
64265	77
64266	77
64267	77
64268	77
64269	77
64270	77
64271	77
64272	77
64273	77
64274	77
64275	77
64276	77
64277	77
64278	77
64279	77
64280	77
64281	77
64282	77
64283	77
64284	77
64285	77
64286	77
64287	77
64288	77
64289	77
64290	77
64291	77
64292	77
64293	77
64294	77
64295	77
64296	77
64297	77
64298	77
64299	77
64300	77
64301	77
64302	77
64303	77
64304	77
64305	77
64306	77
64307	77
64308	77
64309	77
64310	77
64311	77
64312	77
64313	77
64314	77
64315	77
64316	77
64317	77
64318	77
64319	77
64320	77
64321	77
64322	77
64323	77
64324	77
64325	77
64326	77
64327	77
64328	77
64329	77
64330	77
64331	77
64332	77
64333	77
64334	77
64335	77
64336	77
64337	77
64338	77
64339	77
64340	77
64341	77
64342	77
64343	77
64344	77
64345	77
64346	77
64347	77
64348	77
64349	77
64350	77
64351	77
64352	77
64353	77
64354	77
64355	77
64356	77
64357	77
64358	77
64359	77
64360	77
64361	77
64362	77
64363	77
64364	77
64365	77
64366	77
64367	77
64368	77
64369	77
64370	77
64371	77
64372	77
64373	77
64374	77
64375	77
64376	77
64377	77
64378	77
64379	77
64380	77
64381	77
64382	77
64383	77
64384	77
64385	77
64386	77
64387	77
64388	77
64389	77
64390	77
64391	77
64392	77
64393	77
64394	77
64395	77
64396	77
64397	77
64398	77
64399	77
64400	77
64401	77
64402	77
64403	77
64404	77
64405	77
64406	77
64407	77
64408	77
64409	77
64410	77
64411	77
64412	77
64413	77
64414	77
64415	77
64416	77
64417	77
64418	77
64419	77
64420	77
64421	77
64422	77
64423	77
64424	77
64425	77
64426	77
64427	77
64428	77
64429	77
64430	77
64431	77
64432	77
64433	77
64434	77
64435	77
64436	77
64437	77
64438	77
64439	77
64440	77
64441	77
64442	77
64443	77
64444	77
64445	77
64446	77
64447	77
64448	77
64449	77
64450	77
64451	77
64452	77
64453	77
64454	77
64455	77
64456	77
64457	77
64458	77
64459	77
64460	77
64461	77
64462	77
64463	77
64464	77
64465	77
64466	77
64467	77
64468	77
64469	77
64470	77
64471	77
64472	77
64473	77
64474	77
64475	77
64476	77
64477	77
64478	77
64479	77
64480	77
64481	77
64482	77
64483	77
64484	77
64485	77
64486	77
64487	77
64488	77
64489	77
64490	77
64491	77
64492	77
64493	77
64494	77
64495	77
64496	77
64497	77
64498	77
64499	77
64500	77
64501	77
64502	77
64503	77
64504	77
64505	77
64506	77
64507	77
64508	77
64509	77
64510	77
64511	77
64512	77
64513	77
64514	77
64515	77
64516	77
64517	77
64518	77
64519	77
64520	77
64521	77
64522	77
64523	77
64524	77
64525	77
64526	77
64527	77
64528	77
64529	77
64530	77
64531	77
64532	77
64533	77
64534	77
64535	77
64536	77
64537	77
64538	77
64539	77
64540	77
64541	77
64542	77
64543	77
64544	77
64545	77
64546	77
64547	77
64548	77
64549	77
64550	77
64551	77
64552	77
64553	77
64554	77
64555	77
64556	77
64557	77
64558	77
64559	77
64560	77
64561	77
64562	77
64563	77
64564	77
64565	77
64566	77
64567	77
64568	77
64569	77
64570	77
64571	77
64572	77
64573	77
64574	77
64575	77
64576	77
64577	77
64578	77
64579	77
64580	77
64581	77
64582	77
64583	77
64584	77
64585	77
64586	77
64587	77
64588	77
64589	77
64590	77
64591	77
64592	77
64593	77
64594	77
64595	77
64596	77
64597	77
64598	77
64599	77
64600	77
64601	77
64602	77
64603	77
64604	77
64605	77
64606	77
64607	77
64608	77
64609	77
64610	77
64611	77
64612	77
64613	77
64614	77
64615	77
64616	77
64617	77
64618	77
64619	77
64620	77
64621	77
64622	77
64623	77
64624	77
64625	77
64626	77
64627	77
64628	77
64629	77
64630	77
64631	77
64632	77
64633	77
64634	77
64635	77
64636	77
64637	77
64638	77
64639	77
64640	77
64641	77
64642	77
64643	77
64644	77
64645	77
64646	77
64647	77
64648	77
64649	77
64650	77
64651	77
64652	77
64653	77
64654	77
64655	77
64656	77
64657	77
64658	77
64659	77
64660	77
64661	77
64662	77
64663	77
64664	77
64665	77
64666	77
64667	77
64668	77
64669	77
64670	77
64671	77
64672	77
64673	77
64674	77
64675	77
64676	77
64677	77
64678	77
64679	77
64680	77
64681	77
64682	77
64683	77
64684	77
64685	77
64686	77
64687	77
64688	77
64689	77
64690	77
64691	77
64692	77
64693	77
64694	77
64695	77
64696	77
64697	77
64698	77
64699	77
64700	77
64701	77
64702	77
64703	77
64704	77
64705	77
64706	77
64707	77
64708	77
64709	77
64710	77
64711	77
64712	77
64713	77
64714	77
64715	77
64716	77
64717	77
64718	77
64719	77
64720	77
64721	77
64722	77
64723	77
64724	77
64725	77
64726	77
64727	77
64728	77
64729	77
64730	77
64731	77
64732	77
64733	77
64734	77
64735	77
64736	77
64737	77
64738	77
64739	77
64740	77
64741	77
64742	77
64743	77
64744	77
64745	77
64746	77
64747	77
64748	77
64749	77
64750	77
64751	77
64752	77
64753	77
64754	77
64755	77
64756	77
64757	77
64758	77
64759	77
64760	77
64761	77
64762	77
64763	77
64764	77
64765	77
64766	77
64767	77
64768	77
64769	77
64770	77
64771	77
64772	77
64773	77
64774	77
64775	77
64776	77
64777	77
64778	77
64779	77
64780	77
64781	77
64782	77
64783	77
64784	77
64785	77
64786	77
64787	77
64788	77
64789	77
64790	77
64791	77
64792	77
64793	77
64794	77
64795	77
64796	77
64797	77
64798	77
64799	77
64800	77
64801	77
64802	77
64803	77
64804	77
64805	77
64806	77
64807	77
64808	77
64809	77
64810	77
64811	77
64812	77
64813	77
64814	77
64815	77
64816	77
64817	77
64818	77
64819	77
64820	77
64821	77
64822	77
64823	77
64824	77
64825	77
64826	77
64827	77
64828	77
64829	77
64830	77
64831	77
64832	77
64833	77
64834	77
64835	77
64836	77
64837	77
64838	77
64839	77
64840	77
64841	77
64842	77
64843	77
64844	77
64845	77
64846	77
64847	77
64848	77
64849	77
64850	77
64851	77
64852	77
64853	77
64854	77
64855	77
64856	77
64857	77
64858	77
64859	77
64860	77
64861	77
64862	77
64863	77
64864	77
64865	77
64866	77
64867	77
64868	77
64869	77
64870	77
64871	77
64872	77
64873	77
64874	77
64875	77
64876	77
64877	77
64878	77
64879	77
64880	77
64881	77
64882	77
64883	77
64884	77
64885	77
64886	77
64887	77
64888	77
64889	77
64890	77
64891	77
64892	77
64893	77
64894	77
64895	77
64896	77
64897	77
64898	77
64899	77
64900	77
64901	77
64902	77
64903	77
64904	77
64905	77
64906	77
64907	77
64908	77
64909	77
64910	77
64911	77
64912	77
64913	77
64914	77
64915	77
64916	77
64917	77
64918	77
64919	77
64920	77
64921	77
64922	77
64923	77
64924	77
64925	77
64926	77
64927	77
64928	77
64929	77
64930	77
64931	77
64932	77
64933	77
64934	77
64935	77
64936	77
64937	77
64938	77
64939	77
64940	77
64941	77
64942	77
64943	77
64944	77
64945	77
64946	77
64947	77
64948	77
64949	77
64950	77
64951	77
64952	77
64953	77
64954	77
64955	77
64956	77
64957	77
64958	77
64959	77
64960	77
64961	77
64962	77
64963	77
64964	77
64965	77
64966	77
64967	77
64968	77
64969	77
64970	77
64971	77
64972	77
64973	77
64974	78
64975	78
64976	78
64977	78
64978	78
64979	78
64980	78
64981	78
64982	78
64983	78
64984	78
64985	78
64986	78
64987	78
64988	78
64989	78
64990	78
64991	78
64992	78
64993	78
64994	78
64995	78
64996	78
64997	78
64998	78
64999	78
65000	78
65001	78
65002	78
65003	78
65004	78
65005	78
65006	78
65007	78
65008	78
65009	78
65010	78
65011	78
65012	78
65013	78
65014	78
65015	78
65016	78
65017	78
65018	78
65019	78
65020	78
65021	78
65022	78
65023	78
65024	78
65025	78
65026	78
65027	78
65028	78
65029	78
65030	78
65031	78
65032	78
65033	78
65034	78
65035	78
65036	78
65037	78
65038	78
65039	78
65040	78
65041	78
65042	78
65043	78
65044	78
65045	78
65046	78
65047	78
65048	78
65049	78
65050	78
65051	78
65052	78
65053	78
65054	78
65055	78
65056	78
65057	78
65058	78
65059	78
65060	78
65061	78
65062	78
65063	78
65064	78
65065	78
65066	78
65067	78
65068	78
65069	78
65070	78
65071	78
65072	78
65073	78
65074	78
65075	78
65076	78
65077	78
65078	78
65079	78
65080	78
65081	78
65082	78
65083	78
65084	78
65085	78
65086	78
65087	78
65088	78
65089	78
65090	78
65091	78
65092	78
65093	78
65094	78
65095	78
65096	78
65097	78
65098	78
65099	78
65100	78
65101	78
65102	78
65103	78
65104	78
65105	78
65106	78
65107	78
65108	78
65109	78
65110	78
65111	78
65112	78
65113	78
65114	78
65115	78
65116	78
65117	78
65118	78
65119	78
65120	78
65121	78
65122	78
65123	78
65124	78
65125	78
65126	78
65127	78
65128	78
65129	78
65130	78
65131	78
65132	78
65133	78
65134	78
65135	78
65136	78
65137	78
65138	78
65139	78
65140	78
65141	78
65142	78
65143	78
65144	78
65145	78
65146	78
65147	78
65148	78
65149	78
65150	78
65151	78
65152	78
65153	78
65154	78
65155	78
65156	78
65157	78
65158	78
65159	78
65160	78
65161	78
65162	78
65163	78
65164	78
65165	78
65166	78
65167	78
65168	78
65169	78
65170	78
65171	78
65172	78
65173	78
65174	78
65175	78
65176	78
65177	78
65178	78
65179	78
65180	78
65181	78
65182	78
65183	78
65184	78
65185	78
65186	78
65187	78
65188	78
65189	78
65190	78
65191	78
65192	78
65193	78
65194	78
65195	78
65196	78
65197	78
65198	78
65199	78
65200	78
65201	78
65202	78
65203	78
65204	78
65205	78
65206	78
65207	78
65208	78
65209	78
65210	78
65211	78
65212	78
65213	78
65214	78
65215	78
65216	78
65217	78
65218	78
65219	78
65220	78
65221	78
65222	78
65223	78
65224	78
65225	78
65226	78
65227	78
65228	78
65229	78
65230	78
65231	78
65232	78
65233	78
65234	78
65235	78
65236	78
65237	78
65238	78
65239	78
65240	78
65241	78
65242	78
65243	78
65244	78
65245	78
65246	78
65247	78
65248	78
65249	78
65250	78
65251	78
65252	78
65253	78
65254	78
65255	78
65256	78
65257	78
65258	78
65259	78
65260	78
65261	78
65262	78
65263	78
65264	78
65265	78
65266	78
65267	78
65268	78
65269	78
65270	78
65271	78
65272	78
65273	78
65274	78
65275	78
65276	78
65277	78
65278	78
65279	78
65280	78
65281	78
65282	78
65283	78
65284	78
65285	78
65286	78
65287	78
65288	78
65289	78
65290	78
65291	78
65292	78
65293	78
65294	78
65295	78
65296	78
65297	78
65298	78
65299	78
65300	78
65301	78
65302	78
65303	78
65304	78
65305	78
65306	78
65307	78
65308	78
65309	78
65310	78
65311	78
65312	78
65313	78
65314	78
65315	78
65316	78
65317	78
65318	78
65319	78
65320	78
65321	78
65322	78
65323	78
65324	78
65325	78
65326	78
65327	78
65328	78
65329	78
65330	78
65331	78
65332	78
65333	78
65334	78
65335	78
65336	78
65337	78
65338	78
65339	78
65340	78
65341	78
65342	78
65343	78
65344	78
65345	78
65346	78
65347	78
65348	78
65349	78
65350	78
65351	78
65352	78
65353	78
65354	78
65355	78
65356	78
65357	78
65358	78
65359	78
65360	78
65361	78
65362	78
65363	78
65364	78
65365	78
65366	78
65367	78
65368	78
65369	78
65370	78
65371	78
65372	78
65373	78
65374	78
65375	78
65376	78
65377	78
65378	78
65379	78
65380	78
65381	78
65382	78
65383	78
65384	78
65385	78
65386	78
65387	78
65388	78
65389	78
65390	78
65391	78
65392	78
65393	78
65394	78
65395	78
65396	78
65397	78
65398	78
65399	78
65400	78
65401	78
65402	78
65403	78
65404	78
65405	78
65406	78
65407	78
65408	78
65409	78
65410	78
65411	78
65412	78
65413	78
65414	78
65415	78
65416	78
65417	78
65418	78
65419	78
65420	78
65421	78
65422	78
65423	78
65424	78
65425	78
65426	78
65427	78
65428	78
65429	78
65430	78
65431	78
65432	78
65433	78
65434	78
65435	78
65436	78
65437	78
65438	78
65439	78
65440	78
65441	78
65442	78
65443	78
65444	78
65445	78
65446	78
65447	78
65448	78
65449	78
65450	78
65451	78
65452	78
65453	78
65454	78
65455	78
65456	78
65457	78
65458	78
65459	78
65460	78
65461	78
65462	78
65463	78
65464	78
65465	78
65466	78
65467	78
65468	78
65469	78
65470	78
65471	78
65472	78
65473	78
65474	78
65475	78
65476	78
65477	78
65478	78
65479	78
65480	78
65481	78
65482	78
65483	78
65484	78
65485	78
65486	78
65487	78
65488	78
65489	78
65490	78
65491	78
65492	78
65493	78
65494	78
65495	78
65496	78
65497	78
65498	78
65499	78
65500	78
65501	78
65502	78
65503	78
65504	78
65505	78
65506	78
65507	78
65508	78
65509	78
65510	78
65511	78
65512	78
65513	78
65514	78
65515	78
65516	78
65517	78
65518	78
65519	78
65520	78
65521	78
65522	78
65523	78
65524	78
65525	78
65526	78
65527	78
65528	78
65529	78
65530	78
65531	78
65532	78
65533	78
65534	78
65535	78
65536	78
65537	78
65538	78
65539	78
65540	78
65541	78
65542	78
65543	78
65544	78
65545	78
65546	78
65547	78
65548	78
65549	78
65550	78
65551	78
65552	78
65553	78
65554	78
65555	78
65556	78
65557	78
65558	78
65559	78
65560	78
65561	78
65562	78
65563	78
65564	78
65565	78
65566	78
65567	78
65568	78
65569	78
65570	78
65571	78
65572	78
65573	78
65574	78
65575	78
65576	78
65577	78
65578	78
65579	78
65580	78
65581	78
65582	78
65583	78
65584	78
65585	78
65586	78
65587	78
65588	78
65589	78
65590	78
65591	78
65592	78
65593	78
65594	78
65595	78
65596	78
65597	78
65598	78
65599	78
65600	78
65601	78
65602	78
65603	78
65604	78
65605	78
65606	78
65607	78
65608	78
65609	78
65610	78
65611	78
65612	78
65613	78
65614	78
65615	78
65616	78
65617	78
65618	78
65619	78
65620	78
65621	78
65622	78
65623	78
65624	78
65625	78
65626	78
65627	78
65628	78
65629	78
65630	78
65631	78
65632	78
65633	78
65634	78
65635	78
65636	78
65637	78
65638	78
65639	78
65640	78
65641	78
65642	78
65643	78
65644	78
65645	78
65646	78
65647	78
65648	78
65649	78
65650	78
65651	78
65652	78
65653	78
65654	78
65655	78
65656	78
65657	78
65658	78
65659	78
65660	78
65661	78
65662	78
65663	78
65664	78
65665	78
65666	78
65667	78
65668	78
65669	78
65670	78
65671	78
65672	78
65673	78
65674	78
65675	78
65676	78
65677	78
65678	78
65679	78
65680	78
65681	78
65682	78
65683	78
65684	78
65685	78
65686	78
65687	78
65688	78
65689	78
65690	78
65691	78
65692	78
65693	78
65694	78
65695	78
65696	78
65697	78
65698	78
65699	78
65700	78
65701	78
65702	78
65703	78
65704	78
65705	78
65706	78
65707	78
65708	78
65709	78
65710	78
65711	78
65712	78
65713	78
65714	78
65715	78
65716	78
65717	78
65718	78
65719	78
65720	78
65721	78
65722	78
65723	78
65724	78
65725	78
65726	78
65727	78
65728	78
65729	78
65730	78
65731	78
65732	78
65733	78
65734	78
65735	78
65736	78
65737	78
65738	78
65739	78
65740	78
65741	78
65742	78
65743	78
65744	78
65745	78
65746	78
65747	78
65748	78
65749	78
65750	78
65751	78
65752	78
65753	78
65754	78
65755	78
65756	78
65757	78
65758	78
65759	78
65760	78
65761	78
65762	78
65763	78
65764	78
65765	78
65766	78
65767	78
65768	78
65769	78
65770	78
65771	78
65772	78
65773	78
65774	78
65775	78
65776	78
65777	78
65778	78
65779	78
65780	78
65781	78
65782	78
65783	78
65784	78
65785	78
65786	78
65787	78
65788	78
65789	78
65790	78
65791	78
65792	78
65793	78
65794	78
65795	78
65796	78
65797	78
65798	78
65799	78
65800	78
65801	78
65802	78
65803	78
65804	78
65805	78
65806	78
65807	79
65808	79
65809	79
65810	79
65811	79
65812	79
65813	79
65814	79
65815	79
65816	79
65817	79
65818	79
65819	79
65820	79
65821	79
65822	79
65823	79
65824	79
65825	79
65826	79
65827	79
65828	79
65829	79
65830	79
65831	79
65832	79
65833	79
65834	79
65835	79
65836	79
65837	79
65838	79
65839	79
65840	79
65841	79
65842	79
65843	79
65844	79
65845	79
65846	79
65847	79
65848	79
65849	79
65850	79
65851	79
65852	79
65853	79
65854	79
65855	79
65856	79
65857	79
65858	79
65859	79
65860	79
65861	79
65862	79
65863	79
65864	79
65865	79
65866	79
65867	79
65868	79
65869	79
65870	79
65871	79
65872	79
65873	79
65874	79
65875	79
65876	79
65877	79
65878	79
65879	79
65880	79
65881	79
65882	79
65883	79
65884	79
65885	79
65886	79
65887	79
65888	79
65889	79
65890	79
65891	79
65892	79
65893	79
65894	79
65895	79
65896	79
65897	79
65898	79
65899	79
65900	79
65901	79
65902	79
65903	79
65904	79
65905	79
65906	79
65907	79
65908	79
65909	79
65910	79
65911	79
65912	79
65913	79
65914	79
65915	79
65916	79
65917	79
65918	79
65919	79
65920	79
65921	79
65922	79
65923	79
65924	79
65925	79
65926	79
65927	79
65928	79
65929	79
65930	79
65931	79
65932	79
65933	79
65934	79
65935	79
65936	79
65937	79
65938	79
65939	79
65940	79
65941	79
65942	79
65943	79
65944	79
65945	79
65946	79
65947	79
65948	79
65949	79
65950	79
65951	79
65952	79
65953	79
65954	79
65955	79
65956	79
65957	79
65958	79
65959	79
65960	79
65961	79
65962	79
65963	79
65964	79
65965	79
65966	79
65967	79
65968	79
65969	79
65970	79
65971	79
65972	79
65973	79
65974	79
65975	79
65976	79
65977	79
65978	79
65979	79
65980	79
65981	79
65982	79
65983	79
65984	79
65985	79
65986	79
65987	79
65988	79
65989	79
65990	79
65991	79
65992	79
65993	79
65994	79
65995	79
65996	79
65997	79
65998	79
65999	79
66000	79
66001	79
66002	79
66003	79
66004	79
66005	79
66006	79
66007	79
66008	79
66009	79
66010	79
66011	79
66012	79
66013	79
66014	79
66015	79
66016	79
66017	79
66018	79
66019	79
66020	79
66021	79
66022	79
66023	79
66024	79
66025	79
66026	79
66027	79
66028	79
66029	79
66030	79
66031	79
66032	79
66033	79
66034	79
66035	79
66036	79
66037	79
66038	79
66039	79
66040	79
66041	79
66042	79
66043	79
66044	79
66045	79
66046	79
66047	79
66048	79
66049	79
66050	79
66051	79
66052	79
66053	79
66054	79
66055	79
66056	79
66057	79
66058	79
66059	79
66060	79
66061	79
66062	79
66063	79
66064	79
66065	79
66066	79
66067	79
66068	79
66069	79
66070	79
66071	79
66072	79
66073	79
66074	79
66075	79
66076	79
66077	79
66078	79
66079	79
66080	79
66081	79
66082	79
66083	79
66084	79
66085	79
66086	79
66087	79
66088	79
66089	79
66090	79
66091	79
66092	79
66093	79
66094	79
66095	79
66096	79
66097	79
66098	79
66099	79
66100	79
66101	79
66102	79
66103	79
66104	79
66105	79
66106	79
66107	79
66108	79
66109	79
66110	79
66111	79
66112	79
66113	79
66114	79
66115	79
66116	79
66117	79
66118	79
66119	79
66120	79
66121	79
66122	79
66123	79
66124	79
66125	79
66126	79
66127	79
66128	79
66129	79
66130	79
66131	79
66132	79
66133	79
66134	79
66135	79
66136	79
66137	79
66138	79
66139	79
66140	79
66141	79
66142	79
66143	79
66144	79
66145	79
66146	79
66147	79
66148	79
66149	79
66150	79
66151	79
66152	79
66153	79
66154	79
66155	79
66156	79
66157	79
66158	79
66159	79
66160	79
66161	79
66162	79
66163	79
66164	79
66165	79
66166	79
66167	79
66168	79
66169	79
66170	79
66171	79
66172	79
66173	79
66174	79
66175	79
66176	79
66177	79
66178	79
66179	79
66180	79
66181	79
66182	79
66183	79
66184	79
66185	79
66186	79
66187	79
66188	79
66189	79
66190	79
66191	79
66192	79
66193	79
66194	79
66195	79
66196	79
66197	79
66198	79
66199	79
66200	79
66201	79
66202	79
66203	79
66204	79
66205	79
66206	79
66207	79
66208	79
66209	79
66210	79
66211	79
66212	79
66213	79
66214	79
66215	79
66216	79
66217	79
66218	79
66219	79
66220	79
66221	79
66222	79
66223	79
66224	79
66225	79
66226	79
66227	79
66228	79
66229	79
66230	79
66231	79
66232	79
66233	79
66234	79
66235	79
66236	79
66237	79
66238	79
66239	79
66240	79
66241	79
66242	79
66243	79
66244	79
66245	79
66246	79
66247	79
66248	79
66249	79
66250	79
66251	79
66252	79
66253	79
66254	79
66255	79
66256	79
66257	79
66258	79
66259	79
66260	79
66261	79
66262	79
66263	79
66264	79
66265	79
66266	79
66267	79
66268	79
66269	79
66270	79
66271	79
66272	79
66273	79
66274	79
66275	79
66276	79
66277	79
66278	79
66279	79
66280	79
66281	79
66282	79
66283	79
66284	79
66285	79
66286	79
66287	79
66288	79
66289	79
66290	79
66291	79
66292	79
66293	79
66294	79
66295	79
66296	79
66297	79
66298	79
66299	79
66300	79
66301	79
66302	79
66303	79
66304	79
66305	79
66306	79
66307	79
66308	79
66309	79
66310	79
66311	79
66312	79
66313	79
66314	79
66315	79
66316	79
66317	79
66318	79
66319	79
66320	79
66321	79
66322	79
66323	79
66324	79
66325	79
66326	79
66327	79
66328	79
66329	79
66330	79
66331	79
66332	79
66333	79
66334	79
66335	79
66336	79
66337	79
66338	79
66339	79
66340	79
66341	79
66342	79
66343	79
66344	79
66345	79
66346	79
66347	79
66348	79
66349	79
66350	79
66351	79
66352	79
66353	79
66354	79
66355	79
66356	79
66357	79
66358	79
66359	79
66360	79
66361	79
66362	79
66363	79
66364	79
66365	79
66366	79
66367	79
66368	79
66369	79
66370	79
66371	79
66372	79
66373	79
66374	79
66375	79
66376	79
66377	79
66378	79
66379	79
66380	79
66381	79
66382	79
66383	79
66384	79
66385	79
66386	79
66387	79
66388	79
66389	79
66390	79
66391	79
66392	79
66393	79
66394	79
66395	79
66396	79
66397	79
66398	79
66399	79
66400	79
66401	79
66402	79
66403	79
66404	79
66405	79
66406	79
66407	79
66408	79
66409	79
66410	79
66411	79
66412	79
66413	79
66414	79
66415	79
66416	79
66417	79
66418	79
66419	79
66420	79
66421	79
66422	79
66423	79
66424	79
66425	79
66426	79
66427	79
66428	79
66429	79
66430	79
66431	79
66432	79
66433	79
66434	79
66435	79
66436	79
66437	79
66438	79
66439	79
66440	79
66441	79
66442	79
66443	79
66444	79
66445	79
66446	79
66447	79
66448	79
66449	79
66450	79
66451	79
66452	79
66453	79
66454	79
66455	79
66456	79
66457	79
66458	79
66459	79
66460	79
66461	79
66462	79
66463	79
66464	79
66465	79
66466	79
66467	79
66468	79
66469	79
66470	79
66471	79
66472	79
66473	79
66474	79
66475	79
66476	79
66477	79
66478	79
66479	79
66480	79
66481	79
66482	79
66483	79
66484	79
66485	79
66486	79
66487	79
66488	79
66489	79
66490	79
66491	79
66492	79
66493	79
66494	79
66495	79
66496	79
66497	79
66498	79
66499	79
66500	79
66501	79
66502	79
66503	79
66504	79
66505	79
66506	79
66507	79
66508	79
66509	79
66510	79
66511	79
66512	79
66513	79
66514	79
66515	79
66516	79
66517	79
66518	79
66519	79
66520	79
66521	79
66522	79
66523	79
66524	79
66525	79
66526	79
66527	79
66528	79
66529	79
66530	79
66531	79
66532	79
66533	79
66534	79
66535	79
66536	79
66537	79
66538	79
66539	79
66540	79
66541	79
66542	79
66543	79
66544	79
66545	79
66546	79
66547	79
66548	79
66549	79
66550	79
66551	79
66552	79
66553	79
66554	79
66555	79
66556	79
66557	79
66558	79
66559	79
66560	79
66561	79
66562	79
66563	79
66564	79
66565	79
66566	79
66567	79
66568	79
66569	79
66570	79
66571	79
66572	79
66573	79
66574	79
66575	79
66576	79
66577	79
66578	79
66579	79
66580	79
66581	79
66582	79
66583	79
66584	79
66585	79
66586	79
66587	79
66588	79
66589	79
66590	79
66591	79
66592	79
66593	79
66594	79
66595	79
66596	79
66597	79
66598	79
66599	79
66600	79
66601	79
66602	79
66603	79
66604	79
66605	79
66606	79
66607	79
66608	79
66609	79
66610	79
66611	79
66612	79
66613	79
66614	79
66615	79
66616	79
66617	79
66618	79
66619	79
66620	79
66621	79
66622	79
66623	79
66624	79
66625	79
66626	79
66627	79
66628	79
66629	79
66630	79
66631	79
66632	79
66633	79
66634	79
66635	79
66636	79
66637	79
66638	79
66639	79
66640	80
66641	80
66642	80
66643	80
66644	80
66645	80
66646	80
66647	80
66648	80
66649	80
66650	80
66651	80
66652	80
66653	80
66654	80
66655	80
66656	80
66657	80
66658	80
66659	80
66660	80
66661	80
66662	80
66663	80
66664	80
66665	80
66666	80
66667	80
66668	80
66669	80
66670	80
66671	80
66672	80
66673	80
66674	80
66675	80
66676	80
66677	80
66678	80
66679	80
66680	80
66681	80
66682	80
66683	80
66684	80
66685	80
66686	80
66687	80
66688	80
66689	80
66690	80
66691	80
66692	80
66693	80
66694	80
66695	80
66696	80
66697	80
66698	80
66699	80
66700	80
66701	80
66702	80
66703	80
66704	80
66705	80
66706	80
66707	80
66708	80
66709	80
66710	80
66711	80
66712	80
66713	80
66714	80
66715	80
66716	80
66717	80
66718	80
66719	80
66720	80
66721	80
66722	80
66723	80
66724	80
66725	80
66726	80
66727	80
66728	80
66729	80
66730	80
66731	80
66732	80
66733	80
66734	80
66735	80
66736	80
66737	80
66738	80
66739	80
66740	80
66741	80
66742	80
66743	80
66744	80
66745	80
66746	80
66747	80
66748	80
66749	80
66750	80
66751	80
66752	80
66753	80
66754	80
66755	80
66756	80
66757	80
66758	80
66759	80
66760	80
66761	80
66762	80
66763	80
66764	80
66765	80
66766	80
66767	80
66768	80
66769	80
66770	80
66771	80
66772	80
66773	80
66774	80
66775	80
66776	80
66777	80
66778	80
66779	80
66780	80
66781	80
66782	80
66783	80
66784	80
66785	80
66786	80
66787	80
66788	80
66789	80
66790	80
66791	80
66792	80
66793	80
66794	80
66795	80
66796	80
66797	80
66798	80
66799	80
66800	80
66801	80
66802	80
66803	80
66804	80
66805	80
66806	80
66807	80
66808	80
66809	80
66810	80
66811	80
66812	80
66813	80
66814	80
66815	80
66816	80
66817	80
66818	80
66819	80
66820	80
66821	80
66822	80
66823	80
66824	80
66825	80
66826	80
66827	80
66828	80
66829	80
66830	80
66831	80
66832	80
66833	80
66834	80
66835	80
66836	80
66837	80
66838	80
66839	80
66840	80
66841	80
66842	80
66843	80
66844	80
66845	80
66846	80
66847	80
66848	80
66849	80
66850	80
66851	80
66852	80
66853	80
66854	80
66855	80
66856	80
66857	80
66858	80
66859	80
66860	80
66861	80
66862	80
66863	80
66864	80
66865	80
66866	80
66867	80
66868	80
66869	80
66870	80
66871	80
66872	80
66873	80
66874	80
66875	80
66876	80
66877	80
66878	80
66879	80
66880	80
66881	80
66882	80
66883	80
66884	80
66885	80
66886	80
66887	80
66888	80
66889	80
66890	80
66891	80
66892	80
66893	80
66894	80
66895	80
66896	80
66897	80
66898	80
66899	80
66900	80
66901	80
66902	80
66903	80
66904	80
66905	80
66906	80
66907	80
66908	80
66909	80
66910	80
66911	80
66912	80
66913	80
66914	80
66915	80
66916	80
66917	80
66918	80
66919	80
66920	80
66921	80
66922	80
66923	80
66924	80
66925	80
66926	80
66927	80
66928	80
66929	80
66930	80
66931	80
66932	80
66933	80
66934	80
66935	80
66936	80
66937	80
66938	80
66939	80
66940	80
66941	80
66942	80
66943	80
66944	80
66945	80
66946	80
66947	80
66948	80
66949	80
66950	80
66951	80
66952	80
66953	80
66954	80
66955	80
66956	80
66957	80
66958	80
66959	80
66960	80
66961	80
66962	80
66963	80
66964	80
66965	80
66966	80
66967	80
66968	80
66969	80
66970	80
66971	80
66972	80
66973	80
66974	80
66975	80
66976	80
66977	80
66978	80
66979	80
66980	80
66981	80
66982	80
66983	80
66984	80
66985	80
66986	80
66987	80
66988	80
66989	80
66990	80
66991	80
66992	80
66993	80
66994	80
66995	80
66996	80
66997	80
66998	80
66999	80
67000	80
67001	80
67002	80
67003	80
67004	80
67005	80
67006	80
67007	80
67008	80
67009	80
67010	80
67011	80
67012	80
67013	80
67014	80
67015	80
67016	80
67017	80
67018	80
67019	80
67020	80
67021	80
67022	80
67023	80
67024	80
67025	80
67026	80
67027	80
67028	80
67029	80
67030	80
67031	80
67032	80
67033	80
67034	80
67035	80
67036	80
67037	80
67038	80
67039	80
67040	80
67041	80
67042	80
67043	80
67044	80
67045	80
67046	80
67047	80
67048	80
67049	80
67050	80
67051	80
67052	80
67053	80
67054	80
67055	80
67056	80
67057	80
67058	80
67059	80
67060	80
67061	80
67062	80
67063	80
67064	80
67065	80
67066	80
67067	80
67068	80
67069	80
67070	80
67071	80
67072	80
67073	80
67074	80
67075	80
67076	80
67077	80
67078	80
67079	80
67080	80
67081	80
67082	80
67083	80
67084	80
67085	80
67086	80
67087	80
67088	80
67089	80
67090	80
67091	80
67092	80
67093	80
67094	80
67095	80
67096	80
67097	80
67098	80
67099	80
67100	80
67101	80
67102	80
67103	80
67104	80
67105	80
67106	80
67107	80
67108	80
67109	80
67110	80
67111	80
67112	80
67113	80
67114	80
67115	80
67116	80
67117	80
67118	80
67119	80
67120	80
67121	80
67122	80
67123	80
67124	80
67125	80
67126	80
67127	80
67128	80
67129	80
67130	80
67131	80
67132	80
67133	80
67134	80
67135	80
67136	80
67137	80
67138	80
67139	80
67140	80
67141	80
67142	80
67143	80
67144	80
67145	80
67146	80
67147	80
67148	80
67149	80
67150	80
67151	80
67152	80
67153	80
67154	80
67155	80
67156	80
67157	80
67158	80
67159	80
67160	80
67161	80
67162	80
67163	80
67164	80
67165	80
67166	80
67167	80
67168	80
67169	80
67170	80
67171	80
67172	80
67173	80
67174	80
67175	80
67176	80
67177	80
67178	80
67179	80
67180	80
67181	80
67182	80
67183	80
67184	80
67185	80
67186	80
67187	80
67188	80
67189	80
67190	80
67191	80
67192	80
67193	80
67194	80
67195	80
67196	80
67197	80
67198	80
67199	80
67200	80
67201	80
67202	80
67203	80
67204	80
67205	80
67206	80
67207	80
67208	80
67209	80
67210	80
67211	80
67212	80
67213	80
67214	80
67215	80
67216	80
67217	80
67218	80
67219	80
67220	80
67221	80
67222	80
67223	80
67224	80
67225	80
67226	80
67227	80
67228	80
67229	80
67230	80
67231	80
67232	80
67233	80
67234	80
67235	80
67236	80
67237	80
67238	80
67239	80
67240	80
67241	80
67242	80
67243	80
67244	80
67245	80
67246	80
67247	80
67248	80
67249	80
67250	80
67251	80
67252	80
67253	80
67254	80
67255	80
67256	80
67257	80
67258	80
67259	80
67260	80
67261	80
67262	80
67263	80
67264	80
67265	80
67266	80
67267	80
67268	80
67269	80
67270	80
67271	80
67272	80
67273	80
67274	80
67275	80
67276	80
67277	80
67278	80
67279	80
67280	80
67281	80
67282	80
67283	80
67284	80
67285	80
67286	80
67287	80
67288	80
67289	80
67290	80
67291	80
67292	80
67293	80
67294	80
67295	80
67296	80
67297	80
67298	80
67299	80
67300	80
67301	80
67302	80
67303	80
67304	80
67305	80
67306	80
67307	80
67308	80
67309	80
67310	80
67311	80
67312	80
67313	80
67314	80
67315	80
67316	80
67317	80
67318	80
67319	80
67320	80
67321	80
67322	80
67323	80
67324	80
67325	80
67326	80
67327	80
67328	80
67329	80
67330	80
67331	80
67332	80
67333	80
67334	80
67335	80
67336	80
67337	80
67338	80
67339	80
67340	80
67341	80
67342	80
67343	80
67344	80
67345	80
67346	80
67347	80
67348	80
67349	80
67350	80
67351	80
67352	80
67353	80
67354	80
67355	80
67356	80
67357	80
67358	80
67359	80
67360	80
67361	80
67362	80
67363	80
67364	80
67365	80
67366	80
67367	80
67368	80
67369	80
67370	80
67371	80
67372	80
67373	80
67374	80
67375	80
67376	80
67377	80
67378	80
67379	80
67380	80
67381	80
67382	80
67383	80
67384	80
67385	80
67386	80
67387	80
67388	80
67389	80
67390	80
67391	80
67392	80
67393	80
67394	80
67395	80
67396	80
67397	80
67398	80
67399	80
67400	80
67401	80
67402	80
67403	80
67404	80
67405	80
67406	80
67407	80
67408	80
67409	80
67410	80
67411	80
67412	80
67413	80
67414	80
67415	80
67416	80
67417	80
67418	80
67419	80
67420	80
67421	80
67422	80
67423	80
67424	80
67425	80
67426	80
67427	80
67428	80
67429	80
67430	80
67431	80
67432	80
67433	80
67434	80
67435	80
67436	80
67437	80
67438	80
67439	80
67440	80
67441	80
67442	80
67443	80
67444	80
67445	80
67446	80
67447	80
67448	80
67449	80
67450	80
67451	80
67452	80
67453	80
67454	80
67455	80
67456	80
67457	80
67458	80
67459	80
67460	80
67461	80
67462	80
67463	80
67464	80
67465	80
67466	80
67467	80
67468	80
67469	80
67470	80
67471	80
67472	80
67473	81
67474	81
67475	81
67476	81
67477	81
67478	81
67479	81
67480	81
67481	81
67482	81
67483	81
67484	81
67485	81
67486	81
67487	81
67488	81
67489	81
67490	81
67491	81
67492	81
67493	81
67494	81
67495	81
67496	81
67497	81
67498	81
67499	81
67500	81
67501	81
67502	81
67503	81
67504	81
67505	81
67506	81
67507	81
67508	81
67509	81
67510	81
67511	81
67512	81
67513	81
67514	81
67515	81
67516	81
67517	81
67518	81
67519	81
67520	81
67521	81
67522	81
67523	81
67524	81
67525	81
67526	81
67527	81
67528	81
67529	81
67530	81
67531	81
67532	81
67533	81
67534	81
67535	81
67536	81
67537	81
67538	81
67539	81
67540	81
67541	81
67542	81
67543	81
67544	81
67545	81
67546	81
67547	81
67548	81
67549	81
67550	81
67551	81
67552	81
67553	81
67554	81
67555	81
67556	81
67557	81
67558	81
67559	81
67560	81
67561	81
67562	81
67563	81
67564	81
67565	81
67566	81
67567	81
67568	81
67569	81
67570	81
67571	81
67572	81
67573	81
67574	81
67575	81
67576	81
67577	81
67578	81
67579	81
67580	81
67581	81
67582	81
67583	81
67584	81
67585	81
67586	81
67587	81
67588	81
67589	81
67590	81
67591	81
67592	81
67593	81
67594	81
67595	81
67596	81
67597	81
67598	81
67599	81
67600	81
67601	81
67602	81
67603	81
67604	81
67605	81
67606	81
67607	81
67608	81
67609	81
67610	81
67611	81
67612	81
67613	81
67614	81
67615	81
67616	81
67617	81
67618	81
67619	81
67620	81
67621	81
67622	81
67623	81
67624	81
67625	81
67626	81
67627	81
67628	81
67629	81
67630	81
67631	81
67632	81
67633	81
67634	81
67635	81
67636	81
67637	81
67638	81
67639	81
67640	81
67641	81
67642	81
67643	81
67644	81
67645	81
67646	81
67647	81
67648	81
67649	81
67650	81
67651	81
67652	81
67653	81
67654	81
67655	81
67656	81
67657	81
67658	81
67659	81
67660	81
67661	81
67662	81
67663	81
67664	81
67665	81
67666	81
67667	81
67668	81
67669	81
67670	81
67671	81
67672	81
67673	81
67674	81
67675	81
67676	81
67677	81
67678	81
67679	81
67680	81
67681	81
67682	81
67683	81
67684	81
67685	81
67686	81
67687	81
67688	81
67689	81
67690	81
67691	81
67692	81
67693	81
67694	81
67695	81
67696	81
67697	81
67698	81
67699	81
67700	81
67701	81
67702	81
67703	81
67704	81
67705	81
67706	81
67707	81
67708	81
67709	81
67710	81
67711	81
67712	81
67713	81
67714	81
67715	81
67716	81
67717	81
67718	81
67719	81
67720	81
67721	81
67722	81
67723	81
67724	81
67725	81
67726	81
67727	81
67728	81
67729	81
67730	81
67731	81
67732	81
67733	81
67734	81
67735	81
67736	81
67737	81
67738	81
67739	81
67740	81
67741	81
67742	81
67743	81
67744	81
67745	81
67746	81
67747	81
67748	81
67749	81
67750	81
67751	81
67752	81
67753	81
67754	81
67755	81
67756	81
67757	81
67758	81
67759	81
67760	81
67761	81
67762	81
67763	81
67764	81
67765	81
67766	81
67767	81
67768	81
67769	81
67770	81
67771	81
67772	81
67773	81
67774	81
67775	81
67776	81
67777	81
67778	81
67779	81
67780	81
67781	81
67782	81
67783	81
67784	81
67785	81
67786	81
67787	81
67788	81
67789	81
67790	81
67791	81
67792	81
67793	81
67794	81
67795	81
67796	81
67797	81
67798	81
67799	81
67800	81
67801	81
67802	81
67803	81
67804	81
67805	81
67806	81
67807	81
67808	81
67809	81
67810	81
67811	81
67812	81
67813	81
67814	81
67815	81
67816	81
67817	81
67818	81
67819	81
67820	81
67821	81
67822	81
67823	81
67824	81
67825	81
67826	81
67827	81
67828	81
67829	81
67830	81
67831	81
67832	81
67833	81
67834	81
67835	81
67836	81
67837	81
67838	81
67839	81
67840	81
67841	81
67842	81
67843	81
67844	81
67845	81
67846	81
67847	81
67848	81
67849	81
67850	81
67851	81
67852	81
67853	81
67854	81
67855	81
67856	81
67857	81
67858	81
67859	81
67860	81
67861	81
67862	81
67863	81
67864	81
67865	81
67866	81
67867	81
67868	81
67869	81
67870	81
67871	81
67872	81
67873	81
67874	81
67875	81
67876	81
67877	81
67878	81
67879	81
67880	81
67881	81
67882	81
67883	81
67884	81
67885	81
67886	81
67887	81
67888	81
67889	81
67890	81
67891	81
67892	81
67893	81
67894	81
67895	81
67896	81
67897	81
67898	81
67899	81
67900	81
67901	81
67902	81
67903	81
67904	81
67905	81
67906	81
67907	81
67908	81
67909	81
67910	81
67911	81
67912	81
67913	81
67914	81
67915	81
67916	81
67917	81
67918	81
67919	81
67920	81
67921	81
67922	81
67923	81
67924	81
67925	81
67926	81
67927	81
67928	81
67929	81
67930	81
67931	81
67932	81
67933	81
67934	81
67935	81
67936	81
67937	81
67938	81
67939	81
67940	81
67941	81
67942	81
67943	81
67944	81
67945	81
67946	81
67947	81
67948	81
67949	81
67950	81
67951	81
67952	81
67953	81
67954	81
67955	81
67956	81
67957	81
67958	81
67959	81
67960	81
67961	81
67962	81
67963	81
67964	81
67965	81
67966	81
67967	81
67968	81
67969	81
67970	81
67971	81
67972	81
67973	81
67974	81
67975	81
67976	81
67977	81
67978	81
67979	81
67980	81
67981	81
67982	81
67983	81
67984	81
67985	81
67986	81
67987	81
67988	81
67989	81
67990	81
67991	81
67992	81
67993	81
67994	81
67995	81
67996	81
67997	81
67998	81
67999	81
68000	81
68001	81
68002	81
68003	81
68004	81
68005	81
68006	81
68007	81
68008	81
68009	81
68010	81
68011	81
68012	81
68013	81
68014	81
68015	81
68016	81
68017	81
68018	81
68019	81
68020	81
68021	81
68022	81
68023	81
68024	81
68025	81
68026	81
68027	81
68028	81
68029	81
68030	81
68031	81
68032	81
68033	81
68034	81
68035	81
68036	81
68037	81
68038	81
68039	81
68040	81
68041	81
68042	81
68043	81
68044	81
68045	81
68046	81
68047	81
68048	81
68049	81
68050	81
68051	81
68052	81
68053	81
68054	81
68055	81
68056	81
68057	81
68058	81
68059	81
68060	81
68061	81
68062	81
68063	81
68064	81
68065	81
68066	81
68067	81
68068	81
68069	81
68070	81
68071	81
68072	81
68073	81
68074	81
68075	81
68076	81
68077	81
68078	81
68079	81
68080	81
68081	81
68082	81
68083	81
68084	81
68085	81
68086	81
68087	81
68088	81
68089	81
68090	81
68091	81
68092	81
68093	81
68094	81
68095	81
68096	81
68097	81
68098	81
68099	81
68100	81
68101	81
68102	81
68103	81
68104	81
68105	81
68106	81
68107	81
68108	81
68109	81
68110	81
68111	81
68112	81
68113	81
68114	81
68115	81
68116	81
68117	81
68118	81
68119	81
68120	81
68121	81
68122	81
68123	81
68124	81
68125	81
68126	81
68127	81
68128	81
68129	81
68130	81
68131	81
68132	81
68133	81
68134	81
68135	81
68136	81
68137	81
68138	81
68139	81
68140	81
68141	81
68142	81
68143	81
68144	81
68145	81
68146	81
68147	81
68148	81
68149	81
68150	81
68151	81
68152	81
68153	81
68154	81
68155	81
68156	81
68157	81
68158	81
68159	81
68160	81
68161	81
68162	81
68163	81
68164	81
68165	81
68166	81
68167	81
68168	81
68169	81
68170	81
68171	81
68172	81
68173	81
68174	81
68175	81
68176	81
68177	81
68178	81
68179	81
68180	81
68181	81
68182	81
68183	81
68184	81
68185	81
68186	81
68187	81
68188	81
68189	81
68190	81
68191	81
68192	81
68193	81
68194	81
68195	81
68196	81
68197	81
68198	81
68199	81
68200	81
68201	81
68202	81
68203	81
68204	81
68205	81
68206	81
68207	81
68208	81
68209	81
68210	81
68211	81
68212	81
68213	81
68214	81
68215	81
68216	81
68217	81
68218	81
68219	81
68220	81
68221	81
68222	81
68223	81
68224	81
68225	81
68226	81
68227	81
68228	81
68229	81
68230	81
68231	81
68232	81
68233	81
68234	81
68235	81
68236	81
68237	81
68238	81
68239	81
68240	81
68241	81
68242	81
68243	81
68244	81
68245	81
68246	81
68247	81
68248	81
68249	81
68250	81
68251	81
68252	81
68253	81
68254	81
68255	81
68256	81
68257	81
68258	81
68259	81
68260	81
68261	81
68262	81
68263	81
68264	81
68265	81
68266	81
68267	81
68268	81
68269	81
68270	81
68271	81
68272	81
68273	81
68274	81
68275	81
68276	81
68277	81
68278	81
68279	81
68280	81
68281	81
68282	81
68283	81
68284	81
68285	81
68286	81
68287	81
68288	81
68289	81
68290	81
68291	81
68292	81
68293	81
68294	81
68295	81
68296	81
68297	81
68298	81
68299	81
68300	81
68301	81
68302	81
68303	81
68304	81
68305	81
68306	82
68307	82
68308	82
68309	82
68310	82
68311	82
68312	82
68313	82
68314	82
68315	82
68316	82
68317	82
68318	82
68319	82
68320	82
68321	82
68322	82
68323	82
68324	82
68325	82
68326	82
68327	82
68328	82
68329	82
68330	82
68331	82
68332	82
68333	82
68334	82
68335	82
68336	82
68337	82
68338	82
68339	82
68340	82
68341	82
68342	82
68343	82
68344	82
68345	82
68346	82
68347	82
68348	82
68349	82
68350	82
68351	82
68352	82
68353	82
68354	82
68355	82
68356	82
68357	82
68358	82
68359	82
68360	82
68361	82
68362	82
68363	82
68364	82
68365	82
68366	82
68367	82
68368	82
68369	82
68370	82
68371	82
68372	82
68373	82
68374	82
68375	82
68376	82
68377	82
68378	82
68379	82
68380	82
68381	82
68382	82
68383	82
68384	82
68385	82
68386	82
68387	82
68388	82
68389	82
68390	82
68391	82
68392	82
68393	82
68394	82
68395	82
68396	82
68397	82
68398	82
68399	82
68400	82
68401	82
68402	82
68403	82
68404	82
68405	82
68406	82
68407	82
68408	82
68409	82
68410	82
68411	82
68412	82
68413	82
68414	82
68415	82
68416	82
68417	82
68418	82
68419	82
68420	82
68421	82
68422	82
68423	82
68424	82
68425	82
68426	82
68427	82
68428	82
68429	82
68430	82
68431	82
68432	82
68433	82
68434	82
68435	82
68436	82
68437	82
68438	82
68439	82
68440	82
68441	82
68442	82
68443	82
68444	82
68445	82
68446	82
68447	82
68448	82
68449	82
68450	82
68451	82
68452	82
68453	82
68454	82
68455	82
68456	82
68457	82
68458	82
68459	82
68460	82
68461	82
68462	82
68463	82
68464	82
68465	82
68466	82
68467	82
68468	82
68469	82
68470	82
68471	82
68472	82
68473	82
68474	82
68475	82
68476	82
68477	82
68478	82
68479	82
68480	82
68481	82
68482	82
68483	82
68484	82
68485	82
68486	82
68487	82
68488	82
68489	82
68490	82
68491	82
68492	82
68493	82
68494	82
68495	82
68496	82
68497	82
68498	82
68499	82
68500	82
68501	82
68502	82
68503	82
68504	82
68505	82
68506	82
68507	82
68508	82
68509	82
68510	82
68511	82
68512	82
68513	82
68514	82
68515	82
68516	82
68517	82
68518	82
68519	82
68520	82
68521	82
68522	82
68523	82
68524	82
68525	82
68526	82
68527	82
68528	82
68529	82
68530	82
68531	82
68532	82
68533	82
68534	82
68535	82
68536	82
68537	82
68538	82
68539	82
68540	82
68541	82
68542	82
68543	82
68544	82
68545	82
68546	82
68547	82
68548	82
68549	82
68550	82
68551	82
68552	82
68553	82
68554	82
68555	82
68556	82
68557	82
68558	82
68559	82
68560	82
68561	82
68562	82
68563	82
68564	82
68565	82
68566	82
68567	82
68568	82
68569	82
68570	82
68571	82
68572	82
68573	82
68574	82
68575	82
68576	82
68577	82
68578	82
68579	82
68580	82
68581	82
68582	82
68583	82
68584	82
68585	82
68586	82
68587	82
68588	82
68589	82
68590	82
68591	82
68592	82
68593	82
68594	82
68595	82
68596	82
68597	82
68598	82
68599	82
68600	82
68601	82
68602	82
68603	82
68604	82
68605	82
68606	82
68607	82
68608	82
68609	82
68610	82
68611	82
68612	82
68613	82
68614	82
68615	82
68616	82
68617	82
68618	82
68619	82
68620	82
68621	82
68622	82
68623	82
68624	82
68625	82
68626	82
68627	82
68628	82
68629	82
68630	82
68631	82
68632	82
68633	82
68634	82
68635	82
68636	82
68637	82
68638	82
68639	82
68640	82
68641	82
68642	82
68643	82
68644	82
68645	82
68646	82
68647	82
68648	82
68649	82
68650	82
68651	82
68652	82
68653	82
68654	82
68655	82
68656	82
68657	82
68658	82
68659	82
68660	82
68661	82
68662	82
68663	82
68664	82
68665	82
68666	82
68667	82
68668	82
68669	82
68670	82
68671	82
68672	82
68673	82
68674	82
68675	82
68676	82
68677	82
68678	82
68679	82
68680	82
68681	82
68682	82
68683	82
68684	82
68685	82
68686	82
68687	82
68688	82
68689	82
68690	82
68691	82
68692	82
68693	82
68694	82
68695	82
68696	82
68697	82
68698	82
68699	82
68700	82
68701	82
68702	82
68703	82
68704	82
68705	82
68706	82
68707	82
68708	82
68709	82
68710	82
68711	82
68712	82
68713	82
68714	82
68715	82
68716	82
68717	82
68718	82
68719	82
68720	82
68721	82
68722	82
68723	82
68724	82
68725	82
68726	82
68727	82
68728	82
68729	82
68730	82
68731	82
68732	82
68733	82
68734	82
68735	82
68736	82
68737	82
68738	82
68739	82
68740	82
68741	82
68742	82
68743	82
68744	82
68745	82
68746	82
68747	82
68748	82
68749	82
68750	82
68751	82
68752	82
68753	82
68754	82
68755	82
68756	82
68757	82
68758	82
68759	82
68760	82
68761	82
68762	82
68763	82
68764	82
68765	82
68766	82
68767	82
68768	82
68769	82
68770	82
68771	82
68772	82
68773	82
68774	82
68775	82
68776	82
68777	82
68778	82
68779	82
68780	82
68781	82
68782	82
68783	82
68784	82
68785	82
68786	82
68787	82
68788	82
68789	82
68790	82
68791	82
68792	82
68793	82
68794	82
68795	82
68796	82
68797	82
68798	82
68799	82
68800	82
68801	82
68802	82
68803	82
68804	82
68805	82
68806	82
68807	82
68808	82
68809	82
68810	82
68811	82
68812	82
68813	82
68814	82
68815	82
68816	82
68817	82
68818	82
68819	82
68820	82
68821	82
68822	82
68823	82
68824	82
68825	82
68826	82
68827	82
68828	82
68829	82
68830	82
68831	82
68832	82
68833	82
68834	82
68835	82
68836	82
68837	82
68838	82
68839	82
68840	82
68841	82
68842	82
68843	82
68844	82
68845	82
68846	82
68847	82
68848	82
68849	82
68850	82
68851	82
68852	82
68853	82
68854	82
68855	82
68856	82
68857	82
68858	82
68859	82
68860	82
68861	82
68862	82
68863	82
68864	82
68865	82
68866	82
68867	82
68868	82
68869	82
68870	82
68871	82
68872	82
68873	82
68874	82
68875	82
68876	82
68877	82
68878	82
68879	82
68880	82
68881	82
68882	82
68883	82
68884	82
68885	82
68886	82
68887	82
68888	82
68889	82
68890	82
68891	82
68892	82
68893	82
68894	82
68895	82
68896	82
68897	82
68898	82
68899	82
68900	82
68901	82
68902	82
68903	82
68904	82
68905	82
68906	82
68907	82
68908	82
68909	82
68910	82
68911	82
68912	82
68913	82
68914	82
68915	82
68916	82
68917	82
68918	82
68919	82
68920	82
68921	82
68922	82
68923	82
68924	82
68925	82
68926	82
68927	82
68928	82
68929	82
68930	82
68931	82
68932	82
68933	82
68934	82
68935	82
68936	82
68937	82
68938	82
68939	82
68940	82
68941	82
68942	82
68943	82
68944	82
68945	82
68946	82
68947	82
68948	82
68949	82
68950	82
68951	82
68952	82
68953	82
68954	82
68955	82
68956	82
68957	82
68958	82
68959	82
68960	82
68961	82
68962	82
68963	82
68964	82
68965	82
68966	82
68967	82
68968	82
68969	82
68970	82
68971	82
68972	82
68973	82
68974	82
68975	82
68976	82
68977	82
68978	82
68979	82
68980	82
68981	82
68982	82
68983	82
68984	82
68985	82
68986	82
68987	82
68988	82
68989	82
68990	82
68991	82
68992	82
68993	82
68994	82
68995	82
68996	82
68997	82
68998	82
68999	82
69000	82
69001	82
69002	82
69003	82
69004	82
69005	82
69006	82
69007	82
69008	82
69009	82
69010	82
69011	82
69012	82
69013	82
69014	82
69015	82
69016	82
69017	82
69018	82
69019	82
69020	82
69021	82
69022	82
69023	82
69024	82
69025	82
69026	82
69027	82
69028	82
69029	82
69030	82
69031	82
69032	82
69033	82
69034	82
69035	82
69036	82
69037	82
69038	82
69039	82
69040	82
69041	82
69042	82
69043	82
69044	82
69045	82
69046	82
69047	82
69048	82
69049	82
69050	82
69051	82
69052	82
69053	82
69054	82
69055	82
69056	82
69057	82
69058	82
69059	82
69060	82
69061	82
69062	82
69063	82
69064	82
69065	82
69066	82
69067	82
69068	82
69069	82
69070	82
69071	82
69072	82
69073	82
69074	82
69075	82
69076	82
69077	82
69078	82
69079	82
69080	82
69081	82
69082	82
69083	82
69084	82
69085	82
69086	82
69087	82
69088	82
69089	82
69090	82
69091	82
69092	82
69093	82
69094	82
69095	82
69096	82
69097	82
69098	82
69099	82
69100	82
69101	82
69102	82
69103	82
69104	82
69105	82
69106	82
69107	82
69108	82
69109	82
69110	82
69111	82
69112	82
69113	82
69114	82
69115	82
69116	82
69117	82
69118	82
69119	82
69120	82
69121	82
69122	82
69123	82
69124	82
69125	82
69126	82
69127	82
69128	82
69129	82
69130	82
69131	82
69132	82
69133	82
69134	82
69135	82
69136	82
69137	82
69138	82
69139	83
69140	83
69141	83
69142	83
69143	83
69144	83
69145	83
69146	83
69147	83
69148	83
69149	83
69150	83
69151	83
69152	83
69153	83
69154	83
69155	83
69156	83
69157	83
69158	83
69159	83
69160	83
69161	83
69162	83
69163	83
69164	83
69165	83
69166	83
69167	83
69168	83
69169	83
69170	83
69171	83
69172	83
69173	83
69174	83
69175	83
69176	83
69177	83
69178	83
69179	83
69180	83
69181	83
69182	83
69183	83
69184	83
69185	83
69186	83
69187	83
69188	83
69189	83
69190	83
69191	83
69192	83
69193	83
69194	83
69195	83
69196	83
69197	83
69198	83
69199	83
69200	83
69201	83
69202	83
69203	83
69204	83
69205	83
69206	83
69207	83
69208	83
69209	83
69210	83
69211	83
69212	83
69213	83
69214	83
69215	83
69216	83
69217	83
69218	83
69219	83
69220	83
69221	83
69222	83
69223	83
69224	83
69225	83
69226	83
69227	83
69228	83
69229	83
69230	83
69231	83
69232	83
69233	83
69234	83
69235	83
69236	83
69237	83
69238	83
69239	83
69240	83
69241	83
69242	83
69243	83
69244	83
69245	83
69246	83
69247	83
69248	83
69249	83
69250	83
69251	83
69252	83
69253	83
69254	83
69255	83
69256	83
69257	83
69258	83
69259	83
69260	83
69261	83
69262	83
69263	83
69264	83
69265	83
69266	83
69267	83
69268	83
69269	83
69270	83
69271	83
69272	83
69273	83
69274	83
69275	83
69276	83
69277	83
69278	83
69279	83
69280	83
69281	83
69282	83
69283	83
69284	83
69285	83
69286	83
69287	83
69288	83
69289	83
69290	83
69291	83
69292	83
69293	83
69294	83
69295	83
69296	83
69297	83
69298	83
69299	83
69300	83
69301	83
69302	83
69303	83
69304	83
69305	83
69306	83
69307	83
69308	83
69309	83
69310	83
69311	83
69312	83
69313	83
69314	83
69315	83
69316	83
69317	83
69318	83
69319	83
69320	83
69321	83
69322	83
69323	83
69324	83
69325	83
69326	83
69327	83
69328	83
69329	83
69330	83
69331	83
69332	83
69333	83
69334	83
69335	83
69336	83
69337	83
69338	83
69339	83
69340	83
69341	83
69342	83
69343	83
69344	83
69345	83
69346	83
69347	83
69348	83
69349	83
69350	83
69351	83
69352	83
69353	83
69354	83
69355	83
69356	83
69357	83
69358	83
69359	83
69360	83
69361	83
69362	83
69363	83
69364	83
69365	83
69366	83
69367	83
69368	83
69369	83
69370	83
69371	83
69372	83
69373	83
69374	83
69375	83
69376	83
69377	83
69378	83
69379	83
69380	83
69381	83
69382	83
69383	83
69384	83
69385	83
69386	83
69387	83
69388	83
69389	83
69390	83
69391	83
69392	83
69393	83
69394	83
69395	83
69396	83
69397	83
69398	83
69399	83
69400	83
69401	83
69402	83
69403	83
69404	83
69405	83
69406	83
69407	83
69408	83
69409	83
69410	83
69411	83
69412	83
69413	83
69414	83
69415	83
69416	83
69417	83
69418	83
69419	83
69420	83
69421	83
69422	83
69423	83
69424	83
69425	83
69426	83
69427	83
69428	83
69429	83
69430	83
69431	83
69432	83
69433	83
69434	83
69435	83
69436	83
69437	83
69438	83
69439	83
69440	83
69441	83
69442	83
69443	83
69444	83
69445	83
69446	83
69447	83
69448	83
69449	83
69450	83
69451	83
69452	83
69453	83
69454	83
69455	83
69456	83
69457	83
69458	83
69459	83
69460	83
69461	83
69462	83
69463	83
69464	83
69465	83
69466	83
69467	83
69468	83
69469	83
69470	83
69471	83
69472	83
69473	83
69474	83
69475	83
69476	83
69477	83
69478	83
69479	83
69480	83
69481	83
69482	83
69483	83
69484	83
69485	83
69486	83
69487	83
69488	83
69489	83
69490	83
69491	83
69492	83
69493	83
69494	83
69495	83
69496	83
69497	83
69498	83
69499	83
69500	83
69501	83
69502	83
69503	83
69504	83
69505	83
69506	83
69507	83
69508	83
69509	83
69510	83
69511	83
69512	83
69513	83
69514	83
69515	83
69516	83
69517	83
69518	83
69519	83
69520	83
69521	83
69522	83
69523	83
69524	83
69525	83
69526	83
69527	83
69528	83
69529	83
69530	83
69531	83
69532	83
69533	83
69534	83
69535	83
69536	83
69537	83
69538	83
69539	83
69540	83
69541	83
69542	83
69543	83
69544	83
69545	83
69546	83
69547	83
69548	83
69549	83
69550	83
69551	83
69552	83
69553	83
69554	83
69555	83
69556	83
69557	83
69558	83
69559	83
69560	83
69561	83
69562	83
69563	83
69564	83
69565	83
69566	83
69567	83
69568	83
69569	83
69570	83
69571	83
69572	83
69573	83
69574	83
69575	83
69576	83
69577	83
69578	83
69579	83
69580	83
69581	83
69582	83
69583	83
69584	83
69585	83
69586	83
69587	83
69588	83
69589	83
69590	83
69591	83
69592	83
69593	83
69594	83
69595	83
69596	83
69597	83
69598	83
69599	83
69600	83
69601	83
69602	83
69603	83
69604	83
69605	83
69606	83
69607	83
69608	83
69609	83
69610	83
69611	83
69612	83
69613	83
69614	83
69615	83
69616	83
69617	83
69618	83
69619	83
69620	83
69621	83
69622	83
69623	83
69624	83
69625	83
69626	83
69627	83
69628	83
69629	83
69630	83
69631	83
69632	83
69633	83
69634	83
69635	83
69636	83
69637	83
69638	83
69639	83
69640	83
69641	83
69642	83
69643	83
69644	83
69645	83
69646	83
69647	83
69648	83
69649	83
69650	83
69651	83
69652	83
69653	83
69654	83
69655	83
69656	83
69657	83
69658	83
69659	83
69660	83
69661	83
69662	83
69663	83
69664	83
69665	83
69666	83
69667	83
69668	83
69669	83
69670	83
69671	83
69672	83
69673	83
69674	83
69675	83
69676	83
69677	83
69678	83
69679	83
69680	83
69681	83
69682	83
69683	83
69684	83
69685	83
69686	83
69687	83
69688	83
69689	83
69690	83
69691	83
69692	83
69693	83
69694	83
69695	83
69696	83
69697	83
69698	83
69699	83
69700	83
69701	83
69702	83
69703	83
69704	83
69705	83
69706	83
69707	83
69708	83
69709	83
69710	83
69711	83
69712	83
69713	83
69714	83
69715	83
69716	83
69717	83
69718	83
69719	83
69720	83
69721	83
69722	83
69723	83
69724	83
69725	83
69726	83
69727	83
69728	83
69729	83
69730	83
69731	83
69732	83
69733	83
69734	83
69735	83
69736	83
69737	83
69738	83
69739	83
69740	83
69741	83
69742	83
69743	83
69744	83
69745	83
69746	83
69747	83
69748	83
69749	83
69750	83
69751	83
69752	83
69753	83
69754	83
69755	83
69756	83
69757	83
69758	83
69759	83
69760	83
69761	83
69762	83
69763	83
69764	83
69765	83
69766	83
69767	83
69768	83
69769	83
69770	83
69771	83
69772	83
69773	83
69774	83
69775	83
69776	83
69777	83
69778	83
69779	83
69780	83
69781	83
69782	83
69783	83
69784	83
69785	83
69786	83
69787	83
69788	83
69789	83
69790	83
69791	83
69792	83
69793	83
69794	83
69795	83
69796	83
69797	83
69798	83
69799	83
69800	83
69801	83
69802	83
69803	83
69804	83
69805	83
69806	83
69807	83
69808	83
69809	83
69810	83
69811	83
69812	83
69813	83
69814	83
69815	83
69816	83
69817	83
69818	83
69819	83
69820	83
69821	83
69822	83
69823	83
69824	83
69825	83
69826	83
69827	83
69828	83
69829	83
69830	83
69831	83
69832	83
69833	83
69834	83
69835	83
69836	83
69837	83
69838	83
69839	83
69840	83
69841	83
69842	83
69843	83
69844	83
69845	83
69846	83
69847	83
69848	83
69849	83
69850	83
69851	83
69852	83
69853	83
69854	83
69855	83
69856	83
69857	83
69858	83
69859	83
69860	83
69861	83
69862	83
69863	83
69864	83
69865	83
69866	83
69867	83
69868	83
69869	83
69870	83
69871	83
69872	83
69873	83
69874	83
69875	83
69876	83
69877	83
69878	83
69879	83
69880	83
69881	83
69882	83
69883	83
69884	83
69885	83
69886	83
69887	83
69888	83
69889	83
69890	83
69891	83
69892	83
69893	83
69894	83
69895	83
69896	83
69897	83
69898	83
69899	83
69900	83
69901	83
69902	83
69903	83
69904	83
69905	83
69906	83
69907	83
69908	83
69909	83
69910	83
69911	83
69912	83
69913	83
69914	83
69915	83
69916	83
69917	83
69918	83
69919	83
69920	83
69921	83
69922	83
69923	83
69924	83
69925	83
69926	83
69927	83
69928	83
69929	83
69930	83
69931	83
69932	83
69933	83
69934	83
69935	83
69936	83
69937	83
69938	83
69939	83
69940	83
69941	83
69942	83
69943	83
69944	83
69945	83
69946	83
69947	83
69948	83
69949	83
69950	83
69951	83
69952	83
69953	83
69954	83
69955	83
69956	83
69957	83
69958	83
69959	83
69960	83
69961	83
69962	83
69963	83
69964	83
69965	83
69966	83
69967	83
69968	83
69969	83
69970	83
69971	83
69972	84
69973	84
69974	84
69975	84
69976	84
69977	84
69978	84
69979	84
69980	84
69981	84
69982	84
69983	84
69984	84
69985	84
69986	84
69987	84
69988	84
69989	84
69990	84
69991	84
69992	84
69993	84
69994	84
69995	84
69996	84
69997	84
69998	84
69999	84
70000	84
70001	84
70002	84
70003	84
70004	84
70005	84
70006	84
70007	84
70008	84
70009	84
70010	84
70011	84
70012	84
70013	84
70014	84
70015	84
70016	84
70017	84
70018	84
70019	84
70020	84
70021	84
70022	84
70023	84
70024	84
70025	84
70026	84
70027	84
70028	84
70029	84
70030	84
70031	84
70032	84
70033	84
70034	84
70035	84
70036	84
70037	84
70038	84
70039	84
70040	84
70041	84
70042	84
70043	84
70044	84
70045	84
70046	84
70047	84
70048	84
70049	84
70050	84
70051	84
70052	84
70053	84
70054	84
70055	84
70056	84
70057	84
70058	84
70059	84
70060	84
70061	84
70062	84
70063	84
70064	84
70065	84
70066	84
70067	84
70068	84
70069	84
70070	84
70071	84
70072	84
70073	84
70074	84
70075	84
70076	84
70077	84
70078	84
70079	84
70080	84
70081	84
70082	84
70083	84
70084	84
70085	84
70086	84
70087	84
70088	84
70089	84
70090	84
70091	84
70092	84
70093	84
70094	84
70095	84
70096	84
70097	84
70098	84
70099	84
70100	84
70101	84
70102	84
70103	84
70104	84
70105	84
70106	84
70107	84
70108	84
70109	84
70110	84
70111	84
70112	84
70113	84
70114	84
70115	84
70116	84
70117	84
70118	84
70119	84
70120	84
70121	84
70122	84
70123	84
70124	84
70125	84
70126	84
70127	84
70128	84
70129	84
70130	84
70131	84
70132	84
70133	84
70134	84
70135	84
70136	84
70137	84
70138	84
70139	84
70140	84
70141	84
70142	84
70143	84
70144	84
70145	84
70146	84
70147	84
70148	84
70149	84
70150	84
70151	84
70152	84
70153	84
70154	84
70155	84
70156	84
70157	84
70158	84
70159	84
70160	84
70161	84
70162	84
70163	84
70164	84
70165	84
70166	84
70167	84
70168	84
70169	84
70170	84
70171	84
70172	84
70173	84
70174	84
70175	84
70176	84
70177	84
70178	84
70179	84
70180	84
70181	84
70182	84
70183	84
70184	84
70185	84
70186	84
70187	84
70188	84
70189	84
70190	84
70191	84
70192	84
70193	84
70194	84
70195	84
70196	84
70197	84
70198	84
70199	84
70200	84
70201	84
70202	84
70203	84
70204	84
70205	84
70206	84
70207	84
70208	84
70209	84
70210	84
70211	84
70212	84
70213	84
70214	84
70215	84
70216	84
70217	84
70218	84
70219	84
70220	84
70221	84
70222	84
70223	84
70224	84
70225	84
70226	84
70227	84
70228	84
70229	84
70230	84
70231	84
70232	84
70233	84
70234	84
70235	84
70236	84
70237	84
70238	84
70239	84
70240	84
70241	84
70242	84
70243	84
70244	84
70245	84
70246	84
70247	84
70248	84
70249	84
70250	84
70251	84
70252	84
70253	84
70254	84
70255	84
70256	84
70257	84
70258	84
70259	84
70260	84
70261	84
70262	84
70263	84
70264	84
70265	84
70266	84
70267	84
70268	84
70269	84
70270	84
70271	84
70272	84
70273	84
70274	84
70275	84
70276	84
70277	84
70278	84
70279	84
70280	84
70281	84
70282	84
70283	84
70284	84
70285	84
70286	84
70287	84
70288	84
70289	84
70290	84
70291	84
70292	84
70293	84
70294	84
70295	84
70296	84
70297	84
70298	84
70299	84
70300	84
70301	84
70302	84
70303	84
70304	84
70305	84
70306	84
70307	84
70308	84
70309	84
70310	84
70311	84
70312	84
70313	84
70314	84
70315	84
70316	84
70317	84
70318	84
70319	84
70320	84
70321	84
70322	84
70323	84
70324	84
70325	84
70326	84
70327	84
70328	84
70329	84
70330	84
70331	84
70332	84
70333	84
70334	84
70335	84
70336	84
70337	84
70338	84
70339	84
70340	84
70341	84
70342	84
70343	84
70344	84
70345	84
70346	84
70347	84
70348	84
70349	84
70350	84
70351	84
70352	84
70353	84
70354	84
70355	84
70356	84
70357	84
70358	84
70359	84
70360	84
70361	84
70362	84
70363	84
70364	84
70365	84
70366	84
70367	84
70368	84
70369	84
70370	84
70371	84
70372	84
70373	84
70374	84
70375	84
70376	84
70377	84
70378	84
70379	84
70380	84
70381	84
70382	84
70383	84
70384	84
70385	84
70386	84
70387	84
70388	84
70389	84
70390	84
70391	84
70392	84
70393	84
70394	84
70395	84
70396	84
70397	84
70398	84
70399	84
70400	84
70401	84
70402	84
70403	84
70404	84
70405	84
70406	84
70407	84
70408	84
70409	84
70410	84
70411	84
70412	84
70413	84
70414	84
70415	84
70416	84
70417	84
70418	84
70419	84
70420	84
70421	84
70422	84
70423	84
70424	84
70425	84
70426	84
70427	84
70428	84
70429	84
70430	84
70431	84
70432	84
70433	84
70434	84
70435	84
70436	84
70437	84
70438	84
70439	84
70440	84
70441	84
70442	84
70443	84
70444	84
70445	84
70446	84
70447	84
70448	84
70449	84
70450	84
70451	84
70452	84
70453	84
70454	84
70455	84
70456	84
70457	84
70458	84
70459	84
70460	84
70461	84
70462	84
70463	84
70464	84
70465	84
70466	84
70467	84
70468	84
70469	84
70470	84
70471	84
70472	84
70473	84
70474	84
70475	84
70476	84
70477	84
70478	84
70479	84
70480	84
70481	84
70482	84
70483	84
70484	84
70485	84
70486	84
70487	84
70488	84
70489	84
70490	84
70491	84
70492	84
70493	84
70494	84
70495	84
70496	84
70497	84
70498	84
70499	84
70500	84
70501	84
70502	84
70503	84
70504	84
70505	84
70506	84
70507	84
70508	84
70509	84
70510	84
70511	84
70512	84
70513	84
70514	84
70515	84
70516	84
70517	84
70518	84
70519	84
70520	84
70521	84
70522	84
70523	84
70524	84
70525	84
70526	84
70527	84
70528	84
70529	84
70530	84
70531	84
70532	84
70533	84
70534	84
70535	84
70536	84
70537	84
70538	84
70539	84
70540	84
70541	84
70542	84
70543	84
70544	84
70545	84
70546	84
70547	84
70548	84
70549	84
70550	84
70551	84
70552	84
70553	84
70554	84
70555	84
70556	84
70557	84
70558	84
70559	84
70560	84
70561	84
70562	84
70563	84
70564	84
70565	84
70566	84
70567	84
70568	84
70569	84
70570	84
70571	84
70572	84
70573	84
70574	84
70575	84
70576	84
70577	84
70578	84
70579	84
70580	84
70581	84
70582	84
70583	84
70584	84
70585	84
70586	84
70587	84
70588	84
70589	84
70590	84
70591	84
70592	84
70593	84
70594	84
70595	84
70596	84
70597	84
70598	84
70599	84
70600	84
70601	84
70602	84
70603	84
70604	84
70605	84
70606	84
70607	84
70608	84
70609	84
70610	84
70611	84
70612	84
70613	84
70614	84
70615	84
70616	84
70617	84
70618	84
70619	84
70620	84
70621	84
70622	84
70623	84
70624	84
70625	84
70626	84
70627	84
70628	84
70629	84
70630	84
70631	84
70632	84
70633	84
70634	84
70635	84
70636	84
70637	84
70638	84
70639	84
70640	84
70641	84
70642	84
70643	84
70644	84
70645	84
70646	84
70647	84
70648	84
70649	84
70650	84
70651	84
70652	84
70653	84
70654	84
70655	84
70656	84
70657	84
70658	84
70659	84
70660	84
70661	84
70662	84
70663	84
70664	84
70665	84
70666	84
70667	84
70668	84
70669	84
70670	84
70671	84
70672	84
70673	84
70674	84
70675	84
70676	84
70677	84
70678	84
70679	84
70680	84
70681	84
70682	84
70683	84
70684	84
70685	84
70686	84
70687	84
70688	84
70689	84
70690	84
70691	84
70692	84
70693	84
70694	84
70695	84
70696	84
70697	84
70698	84
70699	84
70700	84
70701	84
70702	84
70703	84
70704	84
70705	84
70706	84
70707	84
70708	84
70709	84
70710	84
70711	84
70712	84
70713	84
70714	84
70715	84
70716	84
70717	84
70718	84
70719	84
70720	84
70721	84
70722	84
70723	84
70724	84
70725	84
70726	84
70727	84
70728	84
70729	84
70730	84
70731	84
70732	84
70733	84
70734	84
70735	84
70736	84
70737	84
70738	84
70739	84
70740	84
70741	84
70742	84
70743	84
70744	84
70745	84
70746	84
70747	84
70748	84
70749	84
70750	84
70751	84
70752	84
70753	84
70754	84
70755	84
70756	84
70757	84
70758	84
70759	84
70760	84
70761	84
70762	84
70763	84
70764	84
70765	84
70766	84
70767	84
70768	84
70769	84
70770	84
70771	84
70772	84
70773	84
70774	84
70775	84
70776	84
70777	84
70778	84
70779	84
70780	84
70781	84
70782	84
70783	84
70784	84
70785	84
70786	84
70787	84
70788	84
70789	84
70790	84
70791	84
70792	84
70793	84
70794	84
70795	84
70796	84
70797	84
70798	84
70799	84
70800	84
70801	84
70802	84
70803	84
70804	84
70805	85
70806	85
70807	85
70808	85
70809	85
70810	85
70811	85
70812	85
70813	85
70814	85
70815	85
70816	85
70817	85
70818	85
70819	85
70820	85
70821	85
70822	85
70823	85
70824	85
70825	85
70826	85
70827	85
70828	85
70829	85
70830	85
70831	85
70832	85
70833	85
70834	85
70835	85
70836	85
70837	85
70838	85
70839	85
70840	85
70841	85
70842	85
70843	85
70844	85
70845	85
70846	85
70847	85
70848	85
70849	85
70850	85
70851	85
70852	85
70853	85
70854	85
70855	85
70856	85
70857	85
70858	85
70859	85
70860	85
70861	85
70862	85
70863	85
70864	85
70865	85
70866	85
70867	85
70868	85
70869	85
70870	85
70871	85
70872	85
70873	85
70874	85
70875	85
70876	85
70877	85
70878	85
70879	85
70880	85
70881	85
70882	85
70883	85
70884	85
70885	85
70886	85
70887	85
70888	85
70889	85
70890	85
70891	85
70892	85
70893	85
70894	85
70895	85
70896	85
70897	85
70898	85
70899	85
70900	85
70901	85
70902	85
70903	85
70904	85
70905	85
70906	85
70907	85
70908	85
70909	85
70910	85
70911	85
70912	85
70913	85
70914	85
70915	85
70916	85
70917	85
70918	85
70919	85
70920	85
70921	85
70922	85
70923	85
70924	85
70925	85
70926	85
70927	85
70928	85
70929	85
70930	85
70931	85
70932	85
70933	85
70934	85
70935	85
70936	85
70937	85
70938	85
70939	85
70940	85
70941	85
70942	85
70943	85
70944	85
70945	85
70946	85
70947	85
70948	85
70949	85
70950	85
70951	85
70952	85
70953	85
70954	85
70955	85
70956	85
70957	85
70958	85
70959	85
70960	85
70961	85
70962	85
70963	85
70964	85
70965	85
70966	85
70967	85
70968	85
70969	85
70970	85
70971	85
70972	85
70973	85
70974	85
70975	85
70976	85
70977	85
70978	85
70979	85
70980	85
70981	85
70982	85
70983	85
70984	85
70985	85
70986	85
70987	85
70988	85
70989	85
70990	85
70991	85
70992	85
70993	85
70994	85
70995	85
70996	85
70997	85
70998	85
70999	85
71000	85
71001	85
71002	85
71003	85
71004	85
71005	85
71006	85
71007	85
71008	85
71009	85
71010	85
71011	85
71012	85
71013	85
71014	85
71015	85
71016	85
71017	85
71018	85
71019	85
71020	85
71021	85
71022	85
71023	85
71024	85
71025	85
71026	85
71027	85
71028	85
71029	85
71030	85
71031	85
71032	85
71033	85
71034	85
71035	85
71036	85
71037	85
71038	85
71039	85
71040	85
71041	85
71042	85
71043	85
71044	85
71045	85
71046	85
71047	85
71048	85
71049	85
71050	85
71051	85
71052	85
71053	85
71054	85
71055	85
71056	85
71057	85
71058	85
71059	85
71060	85
71061	85
71062	85
71063	85
71064	85
71065	85
71066	85
71067	85
71068	85
71069	85
71070	85
71071	85
71072	85
71073	85
71074	85
71075	85
71076	85
71077	85
71078	85
71079	85
71080	85
71081	85
71082	85
71083	85
71084	85
71085	85
71086	85
71087	85
71088	85
71089	85
71090	85
71091	85
71092	85
71093	85
71094	85
71095	85
71096	85
71097	85
71098	85
71099	85
71100	85
71101	85
71102	85
71103	85
71104	85
71105	85
71106	85
71107	85
71108	85
71109	85
71110	85
71111	85
71112	85
71113	85
71114	85
71115	85
71116	85
71117	85
71118	85
71119	85
71120	85
71121	85
71122	85
71123	85
71124	85
71125	85
71126	85
71127	85
71128	85
71129	85
71130	85
71131	85
71132	85
71133	85
71134	85
71135	85
71136	85
71137	85
71138	85
71139	85
71140	85
71141	85
71142	85
71143	85
71144	85
71145	85
71146	85
71147	85
71148	85
71149	85
71150	85
71151	85
71152	85
71153	85
71154	85
71155	85
71156	85
71157	85
71158	85
71159	85
71160	85
71161	85
71162	85
71163	85
71164	85
71165	85
71166	85
71167	85
71168	85
71169	85
71170	85
71171	85
71172	85
71173	85
71174	85
71175	85
71176	85
71177	85
71178	85
71179	85
71180	85
71181	85
71182	85
71183	85
71184	85
71185	85
71186	85
71187	85
71188	85
71189	85
71190	85
71191	85
71192	85
71193	85
71194	85
71195	85
71196	85
71197	85
71198	85
71199	85
71200	85
71201	85
71202	85
71203	85
71204	85
71205	85
71206	85
71207	85
71208	85
71209	85
71210	85
71211	85
71212	85
71213	85
71214	85
71215	85
71216	85
71217	85
71218	85
71219	85
71220	85
71221	85
71222	85
71223	85
71224	85
71225	85
71226	85
71227	85
71228	85
71229	85
71230	85
71231	85
71232	85
71233	85
71234	85
71235	85
71236	85
71237	85
71238	85
71239	85
71240	85
71241	85
71242	85
71243	85
71244	85
71245	85
71246	85
71247	85
71248	85
71249	85
71250	85
71251	85
71252	85
71253	85
71254	85
71255	85
71256	85
71257	85
71258	85
71259	85
71260	85
71261	85
71262	85
71263	85
71264	85
71265	85
71266	85
71267	85
71268	85
71269	85
71270	85
71271	85
71272	85
71273	85
71274	85
71275	85
71276	85
71277	85
71278	85
71279	85
71280	85
71281	85
71282	85
71283	85
71284	85
71285	85
71286	85
71287	85
71288	85
71289	85
71290	85
71291	85
71292	85
71293	85
71294	85
71295	85
71296	85
71297	85
71298	85
71299	85
71300	85
71301	85
71302	85
71303	85
71304	85
71305	85
71306	85
71307	85
71308	85
71309	85
71310	85
71311	85
71312	85
71313	85
71314	85
71315	85
71316	85
71317	85
71318	85
71319	85
71320	85
71321	85
71322	85
71323	85
71324	85
71325	85
71326	85
71327	85
71328	85
71329	85
71330	85
71331	85
71332	85
71333	85
71334	85
71335	85
71336	85
71337	85
71338	85
71339	85
71340	85
71341	85
71342	85
71343	85
71344	85
71345	85
71346	85
71347	85
71348	85
71349	85
71350	85
71351	85
71352	85
71353	85
71354	85
71355	85
71356	85
71357	85
71358	85
71359	85
71360	85
71361	85
71362	85
71363	85
71364	85
71365	85
71366	85
71367	85
71368	85
71369	85
71370	85
71371	85
71372	85
71373	85
71374	85
71375	85
71376	85
71377	85
71378	85
71379	85
71380	85
71381	85
71382	85
71383	85
71384	85
71385	85
71386	85
71387	85
71388	85
71389	85
71390	85
71391	85
71392	85
71393	85
71394	85
71395	85
71396	85
71397	85
71398	85
71399	85
71400	85
71401	85
71402	85
71403	85
71404	85
71405	85
71406	85
71407	85
71408	85
71409	85
71410	85
71411	85
71412	85
71413	85
71414	85
71415	85
71416	85
71417	85
71418	85
71419	85
71420	85
71421	85
71422	85
71423	85
71424	85
71425	85
71426	85
71427	85
71428	85
71429	85
71430	85
71431	85
71432	85
71433	85
71434	85
71435	85
71436	85
71437	85
71438	85
71439	85
71440	85
71441	85
71442	85
71443	85
71444	85
71445	85
71446	85
71447	85
71448	85
71449	85
71450	85
71451	85
71452	85
71453	85
71454	85
71455	85
71456	85
71457	85
71458	85
71459	85
71460	85
71461	85
71462	85
71463	85
71464	85
71465	85
71466	85
71467	85
71468	85
71469	85
71470	85
71471	85
71472	85
71473	85
71474	85
71475	85
71476	85
71477	85
71478	85
71479	85
71480	85
71481	85
71482	85
71483	85
71484	85
71485	85
71486	85
71487	85
71488	85
71489	85
71490	85
71491	85
71492	85
71493	85
71494	85
71495	85
71496	85
71497	85
71498	85
71499	85
71500	85
71501	85
71502	85
71503	85
71504	85
71505	85
71506	85
71507	85
71508	85
71509	85
71510	85
71511	85
71512	85
71513	85
71514	85
71515	85
71516	85
71517	85
71518	85
71519	85
71520	85
71521	85
71522	85
71523	85
71524	85
71525	85
71526	85
71527	85
71528	85
71529	85
71530	85
71531	85
71532	85
71533	85
71534	85
71535	85
71536	85
71537	85
71538	85
71539	85
71540	85
71541	85
71542	85
71543	85
71544	85
71545	85
71546	85
71547	85
71548	85
71549	85
71550	85
71551	85
71552	85
71553	85
71554	85
71555	85
71556	85
71557	85
71558	85
71559	85
71560	85
71561	85
71562	85
71563	85
71564	85
71565	85
71566	85
71567	85
71568	85
71569	85
71570	85
71571	85
71572	85
71573	85
71574	85
71575	85
71576	85
71577	85
71578	85
71579	85
71580	85
71581	85
71582	85
71583	85
71584	85
71585	85
71586	85
71587	85
71588	85
71589	85
71590	85
71591	85
71592	85
71593	85
71594	85
71595	85
71596	85
71597	85
71598	85
71599	85
71600	85
71601	85
71602	85
71603	85
71604	85
71605	85
71606	85
71607	85
71608	85
71609	85
71610	85
71611	85
71612	85
71613	85
71614	85
71615	85
71616	85
71617	85
71618	85
71619	85
71620	85
71621	85
71622	85
71623	85
71624	85
71625	85
71626	85
71627	85
71628	85
71629	85
71630	85
71631	85
71632	85
71633	85
71634	85
71635	85
71636	85
71637	85
71638	86
71639	86
71640	86
71641	86
71642	86
71643	86
71644	86
71645	86
71646	86
71647	86
71648	86
71649	86
71650	86
71651	86
71652	86
71653	86
71654	86
71655	86
71656	86
71657	86
71658	86
71659	86
71660	86
71661	86
71662	86
71663	86
71664	86
71665	86
71666	86
71667	86
71668	86
71669	86
71670	86
71671	86
71672	86
71673	86
71674	86
71675	86
71676	86
71677	86
71678	86
71679	86
71680	86
71681	86
71682	86
71683	86
71684	86
71685	86
71686	86
71687	86
71688	86
71689	86
71690	86
71691	86
71692	86
71693	86
71694	86
71695	86
71696	86
71697	86
71698	86
71699	86
71700	86
71701	86
71702	86
71703	86
71704	86
71705	86
71706	86
71707	86
71708	86
71709	86
71710	86
71711	86
71712	86
71713	86
71714	86
71715	86
71716	86
71717	86
71718	86
71719	86
71720	86
71721	86
71722	86
71723	86
71724	86
71725	86
71726	86
71727	86
71728	86
71729	86
71730	86
71731	86
71732	86
71733	86
71734	86
71735	86
71736	86
71737	86
71738	86
71739	86
71740	86
71741	86
71742	86
71743	86
71744	86
71745	86
71746	86
71747	86
71748	86
71749	86
71750	86
71751	86
71752	86
71753	86
71754	86
71755	86
71756	86
71757	86
71758	86
71759	86
71760	86
71761	86
71762	86
71763	86
71764	86
71765	86
71766	86
71767	86
71768	86
71769	86
71770	86
71771	86
71772	86
71773	86
71774	86
71775	86
71776	86
71777	86
71778	86
71779	86
71780	86
71781	86
71782	86
71783	86
71784	86
71785	86
71786	86
71787	86
71788	86
71789	86
71790	86
71791	86
71792	86
71793	86
71794	86
71795	86
71796	86
71797	86
71798	86
71799	86
71800	86
71801	86
71802	86
71803	86
71804	86
71805	86
71806	86
71807	86
71808	86
71809	86
71810	86
71811	86
71812	86
71813	86
71814	86
71815	86
71816	86
71817	86
71818	86
71819	86
71820	86
71821	86
71822	86
71823	86
71824	86
71825	86
71826	86
71827	86
71828	86
71829	86
71830	86
71831	86
71832	86
71833	86
71834	86
71835	86
71836	86
71837	86
71838	86
71839	86
71840	86
71841	86
71842	86
71843	86
71844	86
71845	86
71846	86
71847	86
71848	86
71849	86
71850	86
71851	86
71852	86
71853	86
71854	86
71855	86
71856	86
71857	86
71858	86
71859	86
71860	86
71861	86
71862	86
71863	86
71864	86
71865	86
71866	86
71867	86
71868	86
71869	86
71870	86
71871	86
71872	86
71873	86
71874	86
71875	86
71876	86
71877	86
71878	86
71879	86
71880	86
71881	86
71882	86
71883	86
71884	86
71885	86
71886	86
71887	86
71888	86
71889	86
71890	86
71891	86
71892	86
71893	86
71894	86
71895	86
71896	86
71897	86
71898	86
71899	86
71900	86
71901	86
71902	86
71903	86
71904	86
71905	86
71906	86
71907	86
71908	86
71909	86
71910	86
71911	86
71912	86
71913	86
71914	86
71915	86
71916	86
71917	86
71918	86
71919	86
71920	86
71921	86
71922	86
71923	86
71924	86
71925	86
71926	86
71927	86
71928	86
71929	86
71930	86
71931	86
71932	86
71933	86
71934	86
71935	86
71936	86
71937	86
71938	86
71939	86
71940	86
71941	86
71942	86
71943	86
71944	86
71945	86
71946	86
71947	86
71948	86
71949	86
71950	86
71951	86
71952	86
71953	86
71954	86
71955	86
71956	86
71957	86
71958	86
71959	86
71960	86
71961	86
71962	86
71963	86
71964	86
71965	86
71966	86
71967	86
71968	86
71969	86
71970	86
71971	86
71972	86
71973	86
71974	86
71975	86
71976	86
71977	86
71978	86
71979	86
71980	86
71981	86
71982	86
71983	86
71984	86
71985	86
71986	86
71987	86
71988	86
71989	86
71990	86
71991	86
71992	86
71993	86
71994	86
71995	86
71996	86
71997	86
71998	86
71999	86
72000	86
72001	86
72002	86
72003	86
72004	86
72005	86
72006	86
72007	86
72008	86
72009	86
72010	86
72011	86
72012	86
72013	86
72014	86
72015	86
72016	86
72017	86
72018	86
72019	86
72020	86
72021	86
72022	86
72023	86
72024	86
72025	86
72026	86
72027	86
72028	86
72029	86
72030	86
72031	86
72032	86
72033	86
72034	86
72035	86
72036	86
72037	86
72038	86
72039	86
72040	86
72041	86
72042	86
72043	86
72044	86
72045	86
72046	86
72047	86
72048	86
72049	86
72050	86
72051	86
72052	86
72053	86
72054	86
72055	86
72056	86
72057	86
72058	86
72059	86
72060	86
72061	86
72062	86
72063	86
72064	86
72065	86
72066	86
72067	86
72068	86
72069	86
72070	86
72071	86
72072	86
72073	86
72074	86
72075	86
72076	86
72077	86
72078	86
72079	86
72080	86
72081	86
72082	86
72083	86
72084	86
72085	86
72086	86
72087	86
72088	86
72089	86
72090	86
72091	86
72092	86
72093	86
72094	86
72095	86
72096	86
72097	86
72098	86
72099	86
72100	86
72101	86
72102	86
72103	86
72104	86
72105	86
72106	86
72107	86
72108	86
72109	86
72110	86
72111	86
72112	86
72113	86
72114	86
72115	86
72116	86
72117	86
72118	86
72119	86
72120	86
72121	86
72122	86
72123	86
72124	86
72125	86
72126	86
72127	86
72128	86
72129	86
72130	86
72131	86
72132	86
72133	86
72134	86
72135	86
72136	86
72137	86
72138	86
72139	86
72140	86
72141	86
72142	86
72143	86
72144	86
72145	86
72146	86
72147	86
72148	86
72149	86
72150	86
72151	86
72152	86
72153	86
72154	86
72155	86
72156	86
72157	86
72158	86
72159	86
72160	86
72161	86
72162	86
72163	86
72164	86
72165	86
72166	86
72167	86
72168	86
72169	86
72170	86
72171	86
72172	86
72173	86
72174	86
72175	86
72176	86
72177	86
72178	86
72179	86
72180	86
72181	86
72182	86
72183	86
72184	86
72185	86
72186	86
72187	86
72188	86
72189	86
72190	86
72191	86
72192	86
72193	86
72194	86
72195	86
72196	86
72197	86
72198	86
72199	86
72200	86
72201	86
72202	86
72203	86
72204	86
72205	86
72206	86
72207	86
72208	86
72209	86
72210	86
72211	86
72212	86
72213	86
72214	86
72215	86
72216	86
72217	86
72218	86
72219	86
72220	86
72221	86
72222	86
72223	86
72224	86
72225	86
72226	86
72227	86
72228	86
72229	86
72230	86
72231	86
72232	86
72233	86
72234	86
72235	86
72236	86
72237	86
72238	86
72239	86
72240	86
72241	86
72242	86
72243	86
72244	86
72245	86
72246	86
72247	86
72248	86
72249	86
72250	86
72251	86
72252	86
72253	86
72254	86
72255	86
72256	86
72257	86
72258	86
72259	86
72260	86
72261	86
72262	86
72263	86
72264	86
72265	86
72266	86
72267	86
72268	86
72269	86
72270	86
72271	86
72272	86
72273	86
72274	86
72275	86
72276	86
72277	86
72278	86
72279	86
72280	86
72281	86
72282	86
72283	86
72284	86
72285	86
72286	86
72287	86
72288	86
72289	86
72290	86
72291	86
72292	86
72293	86
72294	86
72295	86
72296	86
72297	86
72298	86
72299	86
72300	86
72301	86
72302	86
72303	86
72304	86
72305	86
72306	86
72307	86
72308	86
72309	86
72310	86
72311	86
72312	86
72313	86
72314	86
72315	86
72316	86
72317	86
72318	86
72319	86
72320	86
72321	86
72322	86
72323	86
72324	86
72325	86
72326	86
72327	86
72328	86
72329	86
72330	86
72331	86
72332	86
72333	86
72334	86
72335	86
72336	86
72337	86
72338	86
72339	86
72340	86
72341	86
72342	86
72343	86
72344	86
72345	86
72346	86
72347	86
72348	86
72349	86
72350	86
72351	86
72352	86
72353	86
72354	86
72355	86
72356	86
72357	86
72358	86
72359	86
72360	86
72361	86
72362	86
72363	86
72364	86
72365	86
72366	86
72367	86
72368	86
72369	86
72370	86
72371	86
72372	86
72373	86
72374	86
72375	86
72376	86
72377	86
72378	86
72379	86
72380	86
72381	86
72382	86
72383	86
72384	86
72385	86
72386	86
72387	86
72388	86
72389	86
72390	86
72391	86
72392	86
72393	86
72394	86
72395	86
72396	86
72397	86
72398	86
72399	86
72400	86
72401	86
72402	86
72403	86
72404	86
72405	86
72406	86
72407	86
72408	86
72409	86
72410	86
72411	86
72412	86
72413	86
72414	86
72415	86
72416	86
72417	86
72418	86
72419	86
72420	86
72421	86
72422	86
72423	86
72424	86
72425	86
72426	86
72427	86
72428	86
72429	86
72430	86
72431	86
72432	86
72433	86
72434	86
72435	86
72436	86
72437	86
72438	86
72439	86
72440	86
72441	86
72442	86
72443	86
72444	86
72445	86
72446	86
72447	86
72448	86
72449	86
72450	86
72451	86
72452	86
72453	86
72454	86
72455	86
72456	86
72457	86
72458	86
72459	86
72460	86
72461	86
72462	86
72463	86
72464	86
72465	86
72466	86
72467	86
72468	86
72469	86
72470	86
72471	87
72472	87
72473	87
72474	87
72475	87
72476	87
72477	87
72478	87
72479	87
72480	87
72481	87
72482	87
72483	87
72484	87
72485	87
72486	87
72487	87
72488	87
72489	87
72490	87
72491	87
72492	87
72493	87
72494	87
72495	87
72496	87
72497	87
72498	87
72499	87
72500	87
72501	87
72502	87
72503	87
72504	87
72505	87
72506	87
72507	87
72508	87
72509	87
72510	87
72511	87
72512	87
72513	87
72514	87
72515	87
72516	87
72517	87
72518	87
72519	87
72520	87
72521	87
72522	87
72523	87
72524	87
72525	87
72526	87
72527	87
72528	87
72529	87
72530	87
72531	87
72532	87
72533	87
72534	87
72535	87
72536	87
72537	87
72538	87
72539	87
72540	87
72541	87
72542	87
72543	87
72544	87
72545	87
72546	87
72547	87
72548	87
72549	87
72550	87
72551	87
72552	87
72553	87
72554	87
72555	87
72556	87
72557	87
72558	87
72559	87
72560	87
72561	87
72562	87
72563	87
72564	87
72565	87
72566	87
72567	87
72568	87
72569	87
72570	87
72571	87
72572	87
72573	87
72574	87
72575	87
72576	87
72577	87
72578	87
72579	87
72580	87
72581	87
72582	87
72583	87
72584	87
72585	87
72586	87
72587	87
72588	87
72589	87
72590	87
72591	87
72592	87
72593	87
72594	87
72595	87
72596	87
72597	87
72598	87
72599	87
72600	87
72601	87
72602	87
72603	87
72604	87
72605	87
72606	87
72607	87
72608	87
72609	87
72610	87
72611	87
72612	87
72613	87
72614	87
72615	87
72616	87
72617	87
72618	87
72619	87
72620	87
72621	87
72622	87
72623	87
72624	87
72625	87
72626	87
72627	87
72628	87
72629	87
72630	87
72631	87
72632	87
72633	87
72634	87
72635	87
72636	87
72637	87
72638	87
72639	87
72640	87
72641	87
72642	87
72643	87
72644	87
72645	87
72646	87
72647	87
72648	87
72649	87
72650	87
72651	87
72652	87
72653	87
72654	87
72655	87
72656	87
72657	87
72658	87
72659	87
72660	87
72661	87
72662	87
72663	87
72664	87
72665	87
72666	87
72667	87
72668	87
72669	87
72670	87
72671	87
72672	87
72673	87
72674	87
72675	87
72676	87
72677	87
72678	87
72679	87
72680	87
72681	87
72682	87
72683	87
72684	87
72685	87
72686	87
72687	87
72688	87
72689	87
72690	87
72691	87
72692	87
72693	87
72694	87
72695	87
72696	87
72697	87
72698	87
72699	87
72700	87
72701	87
72702	87
72703	87
72704	87
72705	87
72706	87
72707	87
72708	87
72709	87
72710	87
72711	87
72712	87
72713	87
72714	87
72715	87
72716	87
72717	87
72718	87
72719	87
72720	87
72721	87
72722	87
72723	87
72724	87
72725	87
72726	87
72727	87
72728	87
72729	87
72730	87
72731	87
72732	87
72733	87
72734	87
72735	87
72736	87
72737	87
72738	87
72739	87
72740	87
72741	87
72742	87
72743	87
72744	87
72745	87
72746	87
72747	87
72748	87
72749	87
72750	87
72751	87
72752	87
72753	87
72754	87
72755	87
72756	87
72757	87
72758	87
72759	87
72760	87
72761	87
72762	87
72763	87
72764	87
72765	87
72766	87
72767	87
72768	87
72769	87
72770	87
72771	87
72772	87
72773	87
72774	87
72775	87
72776	87
72777	87
72778	87
72779	87
72780	87
72781	87
72782	87
72783	87
72784	87
72785	87
72786	87
72787	87
72788	87
72789	87
72790	87
72791	87
72792	87
72793	87
72794	87
72795	87
72796	87
72797	87
72798	87
72799	87
72800	87
72801	87
72802	87
72803	87
72804	87
72805	87
72806	87
72807	87
72808	87
72809	87
72810	87
72811	87
72812	87
72813	87
72814	87
72815	87
72816	87
72817	87
72818	87
72819	87
72820	87
72821	87
72822	87
72823	87
72824	87
72825	87
72826	87
72827	87
72828	87
72829	87
72830	87
72831	87
72832	87
72833	87
72834	87
72835	87
72836	87
72837	87
72838	87
72839	87
72840	87
72841	87
72842	87
72843	87
72844	87
72845	87
72846	87
72847	87
72848	87
72849	87
72850	87
72851	87
72852	87
72853	87
72854	87
72855	87
72856	87
72857	87
72858	87
72859	87
72860	87
72861	87
72862	87
72863	87
72864	87
72865	87
72866	87
72867	87
72868	87
72869	87
72870	87
72871	87
72872	87
72873	87
72874	87
72875	87
72876	87
72877	87
72878	87
72879	87
72880	87
72881	87
72882	87
72883	87
72884	87
72885	87
72886	87
72887	87
72888	87
72889	87
72890	87
72891	87
72892	87
72893	87
72894	87
72895	87
72896	87
72897	87
72898	87
72899	87
72900	87
72901	87
72902	87
72903	87
72904	87
72905	87
72906	87
72907	87
72908	87
72909	87
72910	87
72911	87
72912	87
72913	87
72914	87
72915	87
72916	87
72917	87
72918	87
72919	87
72920	87
72921	87
72922	87
72923	87
72924	87
72925	87
72926	87
72927	87
72928	87
72929	87
72930	87
72931	87
72932	87
72933	87
72934	87
72935	87
72936	87
72937	87
72938	87
72939	87
72940	87
72941	87
72942	87
72943	87
72944	87
72945	87
72946	87
72947	87
72948	87
72949	87
72950	87
72951	87
72952	87
72953	87
72954	87
72955	87
72956	87
72957	87
72958	87
72959	87
72960	87
72961	87
72962	87
72963	87
72964	87
72965	87
72966	87
72967	87
72968	87
72969	87
72970	87
72971	87
72972	87
72973	87
72974	87
72975	87
72976	87
72977	87
72978	87
72979	87
72980	87
72981	87
72982	87
72983	87
72984	87
72985	87
72986	87
72987	87
72988	87
72989	87
72990	87
72991	87
72992	87
72993	87
72994	87
72995	87
72996	87
72997	87
72998	87
72999	87
73000	87
73001	87
73002	87
73003	87
73004	87
73005	87
73006	87
73007	87
73008	87
73009	87
73010	87
73011	87
73012	87
73013	87
73014	87
73015	87
73016	87
73017	87
73018	87
73019	87
73020	87
73021	87
73022	87
73023	87
73024	87
73025	87
73026	87
73027	87
73028	87
73029	87
73030	87
73031	87
73032	87
73033	87
73034	87
73035	87
73036	87
73037	87
73038	87
73039	87
73040	87
73041	87
73042	87
73043	87
73044	87
73045	87
73046	87
73047	87
73048	87
73049	87
73050	87
73051	87
73052	87
73053	87
73054	87
73055	87
73056	87
73057	87
73058	87
73059	87
73060	87
73061	87
73062	87
73063	87
73064	87
73065	87
73066	87
73067	87
73068	87
73069	87
73070	87
73071	87
73072	87
73073	87
73074	87
73075	87
73076	87
73077	87
73078	87
73079	87
73080	87
73081	87
73082	87
73083	87
73084	87
73085	87
73086	87
73087	87
73088	87
73089	87
73090	87
73091	87
73092	87
73093	87
73094	87
73095	87
73096	87
73097	87
73098	87
73099	87
73100	87
73101	87
73102	87
73103	87
73104	87
73105	87
73106	87
73107	87
73108	87
73109	87
73110	87
73111	87
73112	87
73113	87
73114	87
73115	87
73116	87
73117	87
73118	87
73119	87
73120	87
73121	87
73122	87
73123	87
73124	87
73125	87
73126	87
73127	87
73128	87
73129	87
73130	87
73131	87
73132	87
73133	87
73134	87
73135	87
73136	87
73137	87
73138	87
73139	87
73140	87
73141	87
73142	87
73143	87
73144	87
73145	87
73146	87
73147	87
73148	87
73149	87
73150	87
73151	87
73152	87
73153	87
73154	87
73155	87
73156	87
73157	87
73158	87
73159	87
73160	87
73161	87
73162	87
73163	87
73164	87
73165	87
73166	87
73167	87
73168	87
73169	87
73170	87
73171	87
73172	87
73173	87
73174	87
73175	87
73176	87
73177	87
73178	87
73179	87
73180	87
73181	87
73182	87
73183	87
73184	87
73185	87
73186	87
73187	87
73188	87
73189	87
73190	87
73191	87
73192	87
73193	87
73194	87
73195	87
73196	87
73197	87
73198	87
73199	87
73200	87
73201	87
73202	87
73203	87
73204	87
73205	87
73206	87
73207	87
73208	87
73209	87
73210	87
73211	87
73212	87
73213	87
73214	87
73215	87
73216	87
73217	87
73218	87
73219	87
73220	87
73221	87
73222	87
73223	87
73224	87
73225	87
73226	87
73227	87
73228	87
73229	87
73230	87
73231	87
73232	87
73233	87
73234	87
73235	87
73236	87
73237	87
73238	87
73239	87
73240	87
73241	87
73242	87
73243	87
73244	87
73245	87
73246	87
73247	87
73248	87
73249	87
73250	87
73251	87
73252	87
73253	87
73254	87
73255	87
73256	87
73257	87
73258	87
73259	87
73260	87
73261	87
73262	87
73263	87
73264	87
73265	87
73266	87
73267	87
73268	87
73269	87
73270	87
73271	87
73272	87
73273	87
73274	87
73275	87
73276	87
73277	87
73278	87
73279	87
73280	87
73281	87
73282	87
73283	87
73284	87
73285	87
73286	87
73287	87
73288	87
73289	87
73290	87
73291	87
73292	87
73293	87
73294	87
73295	87
73296	87
73297	87
73298	87
73299	87
73300	87
73301	87
73302	87
73303	87
73304	88
73305	88
73306	88
73307	88
73308	88
73309	88
73310	88
73311	88
73312	88
73313	88
73314	88
73315	88
73316	88
73317	88
73318	88
73319	88
73320	88
73321	88
73322	88
73323	88
73324	88
73325	88
73326	88
73327	88
73328	88
73329	88
73330	88
73331	88
73332	88
73333	88
73334	88
73335	88
73336	88
73337	88
73338	88
73339	88
73340	88
73341	88
73342	88
73343	88
73344	88
73345	88
73346	88
73347	88
73348	88
73349	88
73350	88
73351	88
73352	88
73353	88
73354	88
73355	88
73356	88
73357	88
73358	88
73359	88
73360	88
73361	88
73362	88
73363	88
73364	88
73365	88
73366	88
73367	88
73368	88
73369	88
73370	88
73371	88
73372	88
73373	88
73374	88
73375	88
73376	88
73377	88
73378	88
73379	88
73380	88
73381	88
73382	88
73383	88
73384	88
73385	88
73386	88
73387	88
73388	88
73389	88
73390	88
73391	88
73392	88
73393	88
73394	88
73395	88
73396	88
73397	88
73398	88
73399	88
73400	88
73401	88
73402	88
73403	88
73404	88
73405	88
73406	88
73407	88
73408	88
73409	88
73410	88
73411	88
73412	88
73413	88
73414	88
73415	88
73416	88
73417	88
73418	88
73419	88
73420	88
73421	88
73422	88
73423	88
73424	88
73425	88
73426	88
73427	88
73428	88
73429	88
73430	88
73431	88
73432	88
73433	88
73434	88
73435	88
73436	88
73437	88
73438	88
73439	88
73440	88
73441	88
73442	88
73443	88
73444	88
73445	88
73446	88
73447	88
73448	88
73449	88
73450	88
73451	88
73452	88
73453	88
73454	88
73455	88
73456	88
73457	88
73458	88
73459	88
73460	88
73461	88
73462	88
73463	88
73464	88
73465	88
73466	88
73467	88
73468	88
73469	88
73470	88
73471	88
73472	88
73473	88
73474	88
73475	88
73476	88
73477	88
73478	88
73479	88
73480	88
73481	88
73482	88
73483	88
73484	88
73485	88
73486	88
73487	88
73488	88
73489	88
73490	88
73491	88
73492	88
73493	88
73494	88
73495	88
73496	88
73497	88
73498	88
73499	88
73500	88
73501	88
73502	88
73503	88
73504	88
73505	88
73506	88
73507	88
73508	88
73509	88
73510	88
73511	88
73512	88
73513	88
73514	88
73515	88
73516	88
73517	88
73518	88
73519	88
73520	88
73521	88
73522	88
73523	88
73524	88
73525	88
73526	88
73527	88
73528	88
73529	88
73530	88
73531	88
73532	88
73533	88
73534	88
73535	88
73536	88
73537	88
73538	88
73539	88
73540	88
73541	88
73542	88
73543	88
73544	88
73545	88
73546	88
73547	88
73548	88
73549	88
73550	88
73551	88
73552	88
73553	88
73554	88
73555	88
73556	88
73557	88
73558	88
73559	88
73560	88
73561	88
73562	88
73563	88
73564	88
73565	88
73566	88
73567	88
73568	88
73569	88
73570	88
73571	88
73572	88
73573	88
73574	88
73575	88
73576	88
73577	88
73578	88
73579	88
73580	88
73581	88
73582	88
73583	88
73584	88
73585	88
73586	88
73587	88
73588	88
73589	88
73590	88
73591	88
73592	88
73593	88
73594	88
73595	88
73596	88
73597	88
73598	88
73599	88
73600	88
73601	88
73602	88
73603	88
73604	88
73605	88
73606	88
73607	88
73608	88
73609	88
73610	88
73611	88
73612	88
73613	88
73614	88
73615	88
73616	88
73617	88
73618	88
73619	88
73620	88
73621	88
73622	88
73623	88
73624	88
73625	88
73626	88
73627	88
73628	88
73629	88
73630	88
73631	88
73632	88
73633	88
73634	88
73635	88
73636	88
73637	88
73638	88
73639	88
73640	88
73641	88
73642	88
73643	88
73644	88
73645	88
73646	88
73647	88
73648	88
73649	88
73650	88
73651	88
73652	88
73653	88
73654	88
73655	88
73656	88
73657	88
73658	88
73659	88
73660	88
73661	88
73662	88
73663	88
73664	88
73665	88
73666	88
73667	88
73668	88
73669	88
73670	88
73671	88
73672	88
73673	88
73674	88
73675	88
73676	88
73677	88
73678	88
73679	88
73680	88
73681	88
73682	88
73683	88
73684	88
73685	88
73686	88
73687	88
73688	88
73689	88
73690	88
73691	88
73692	88
73693	88
73694	88
73695	88
73696	88
73697	88
73698	88
73699	88
73700	88
73701	88
73702	88
73703	88
73704	88
73705	88
73706	88
73707	88
73708	88
73709	88
73710	88
73711	88
73712	88
73713	88
73714	88
73715	88
73716	88
73717	88
73718	88
73719	88
73720	88
73721	88
73722	88
73723	88
73724	88
73725	88
73726	88
73727	88
73728	88
73729	88
73730	88
73731	88
73732	88
73733	88
73734	88
73735	88
73736	88
73737	88
73738	88
73739	88
73740	88
73741	88
73742	88
73743	88
73744	88
73745	88
73746	88
73747	88
73748	88
73749	88
73750	88
73751	88
73752	88
73753	88
73754	88
73755	88
73756	88
73757	88
73758	88
73759	88
73760	88
73761	88
73762	88
73763	88
73764	88
73765	88
73766	88
73767	88
73768	88
73769	88
73770	88
73771	88
73772	88
73773	88
73774	88
73775	88
73776	88
73777	88
73778	88
73779	88
73780	88
73781	88
73782	88
73783	88
73784	88
73785	88
73786	88
73787	88
73788	88
73789	88
73790	88
73791	88
73792	88
73793	88
73794	88
73795	88
73796	88
73797	88
73798	88
73799	88
73800	88
73801	88
73802	88
73803	88
73804	88
73805	88
73806	88
73807	88
73808	88
73809	88
73810	88
73811	88
73812	88
73813	88
73814	88
73815	88
73816	88
73817	88
73818	88
73819	88
73820	88
73821	88
73822	88
73823	88
73824	88
73825	88
73826	88
73827	88
73828	88
73829	88
73830	88
73831	88
73832	88
73833	88
73834	88
73835	88
73836	88
73837	88
73838	88
73839	88
73840	88
73841	88
73842	88
73843	88
73844	88
73845	88
73846	88
73847	88
73848	88
73849	88
73850	88
73851	88
73852	88
73853	88
73854	88
73855	88
73856	88
73857	88
73858	88
73859	88
73860	88
73861	88
73862	88
73863	88
73864	88
73865	88
73866	88
73867	88
73868	88
73869	88
73870	88
73871	88
73872	88
73873	88
73874	88
73875	88
73876	88
73877	88
73878	88
73879	88
73880	88
73881	88
73882	88
73883	88
73884	88
73885	88
73886	88
73887	88
73888	88
73889	88
73890	88
73891	88
73892	88
73893	88
73894	88
73895	88
73896	88
73897	88
73898	88
73899	88
73900	88
73901	88
73902	88
73903	88
73904	88
73905	88
73906	88
73907	88
73908	88
73909	88
73910	88
73911	88
73912	88
73913	88
73914	88
73915	88
73916	88
73917	88
73918	88
73919	88
73920	88
73921	88
73922	88
73923	88
73924	88
73925	88
73926	88
73927	88
73928	88
73929	88
73930	88
73931	88
73932	88
73933	88
73934	88
73935	88
73936	88
73937	88
73938	88
73939	88
73940	88
73941	88
73942	88
73943	88
73944	88
73945	88
73946	88
73947	88
73948	88
73949	88
73950	88
73951	88
73952	88
73953	88
73954	88
73955	88
73956	88
73957	88
73958	88
73959	88
73960	88
73961	88
73962	88
73963	88
73964	88
73965	88
73966	88
73967	88
73968	88
73969	88
73970	88
73971	88
73972	88
73973	88
73974	88
73975	88
73976	88
73977	88
73978	88
73979	88
73980	88
73981	88
73982	88
73983	88
73984	88
73985	88
73986	88
73987	88
73988	88
73989	88
73990	88
73991	88
73992	88
73993	88
73994	88
73995	88
73996	88
73997	88
73998	88
73999	88
74000	88
74001	88
74002	88
74003	88
74004	88
74005	88
74006	88
74007	88
74008	88
74009	88
74010	88
74011	88
74012	88
74013	88
74014	88
74015	88
74016	88
74017	88
74018	88
74019	88
74020	88
74021	88
74022	88
74023	88
74024	88
74025	88
74026	88
74027	88
74028	88
74029	88
74030	88
74031	88
74032	88
74033	88
74034	88
74035	88
74036	88
74037	88
74038	88
74039	88
74040	88
74041	88
74042	88
74043	88
74044	88
74045	88
74046	88
74047	88
74048	88
74049	88
74050	88
74051	88
74052	88
74053	88
74054	88
74055	88
74056	88
74057	88
74058	88
74059	88
74060	88
74061	88
74062	88
74063	88
74064	88
74065	88
74066	88
74067	88
74068	88
74069	88
74070	88
74071	88
74072	88
74073	88
74074	88
74075	88
74076	88
74077	88
74078	88
74079	88
74080	88
74081	88
74082	88
74083	88
74084	88
74085	88
74086	88
74087	88
74088	88
74089	88
74090	88
74091	88
74092	88
74093	88
74094	88
74095	88
74096	88
74097	88
74098	88
74099	88
74100	88
74101	88
74102	88
74103	88
74104	88
74105	88
74106	88
74107	88
74108	88
74109	88
74110	88
74111	88
74112	88
74113	88
74114	88
74115	88
74116	88
74117	88
74118	88
74119	88
74120	88
74121	88
74122	88
74123	88
74124	88
74125	88
74126	88
74127	88
74128	88
74129	88
74130	88
74131	88
74132	88
74133	88
74134	88
74135	88
74136	88
74137	89
74138	89
74139	89
74140	89
74141	89
74142	89
74143	89
74144	89
74145	89
74146	89
74147	89
74148	89
74149	89
74150	89
74151	89
74152	89
74153	89
74154	89
74155	89
74156	89
74157	89
74158	89
74159	89
74160	89
74161	89
74162	89
74163	89
74164	89
74165	89
74166	89
74167	89
74168	89
74169	89
74170	89
74171	89
74172	89
74173	89
74174	89
74175	89
74176	89
74177	89
74178	89
74179	89
74180	89
74181	89
74182	89
74183	89
74184	89
74185	89
74186	89
74187	89
74188	89
74189	89
74190	89
74191	89
74192	89
74193	89
74194	89
74195	89
74196	89
74197	89
74198	89
74199	89
74200	89
74201	89
74202	89
74203	89
74204	89
74205	89
74206	89
74207	89
74208	89
74209	89
74210	89
74211	89
74212	89
74213	89
74214	89
74215	89
74216	89
74217	89
74218	89
74219	89
74220	89
74221	89
74222	89
74223	89
74224	89
74225	89
74226	89
74227	89
74228	89
74229	89
74230	89
74231	89
74232	89
74233	89
74234	89
74235	89
74236	89
74237	89
74238	89
74239	89
74240	89
74241	89
74242	89
74243	89
74244	89
74245	89
74246	89
74247	89
74248	89
74249	89
74250	89
74251	89
74252	89
74253	89
74254	89
74255	89
74256	89
74257	89
74258	89
74259	89
74260	89
74261	89
74262	89
74263	89
74264	89
74265	89
74266	89
74267	89
74268	89
74269	89
74270	89
74271	89
74272	89
74273	89
74274	89
74275	89
74276	89
74277	89
74278	89
74279	89
74280	89
74281	89
74282	89
74283	89
74284	89
74285	89
74286	89
74287	89
74288	89
74289	89
74290	89
74291	89
74292	89
74293	89
74294	89
74295	89
74296	89
74297	89
74298	89
74299	89
74300	89
74301	89
74302	89
74303	89
74304	89
74305	89
74306	89
74307	89
74308	89
74309	89
74310	89
74311	89
74312	89
74313	89
74314	89
74315	89
74316	89
74317	89
74318	89
74319	89
74320	89
74321	89
74322	89
74323	89
74324	89
74325	89
74326	89
74327	89
74328	89
74329	89
74330	89
74331	89
74332	89
74333	89
74334	89
74335	89
74336	89
74337	89
74338	89
74339	89
74340	89
74341	89
74342	89
74343	89
74344	89
74345	89
74346	89
74347	89
74348	89
74349	89
74350	89
74351	89
74352	89
74353	89
74354	89
74355	89
74356	89
74357	89
74358	89
74359	89
74360	89
74361	89
74362	89
74363	89
74364	89
74365	89
74366	89
74367	89
74368	89
74369	89
74370	89
74371	89
74372	89
74373	89
74374	89
74375	89
74376	89
74377	89
74378	89
74379	89
74380	89
74381	89
74382	89
74383	89
74384	89
74385	89
74386	89
74387	89
74388	89
74389	89
74390	89
74391	89
74392	89
74393	89
74394	89
74395	89
74396	89
74397	89
74398	89
74399	89
74400	89
74401	89
74402	89
74403	89
74404	89
74405	89
74406	89
74407	89
74408	89
74409	89
74410	89
74411	89
74412	89
74413	89
74414	89
74415	89
74416	89
74417	89
74418	89
74419	89
74420	89
74421	89
74422	89
74423	89
74424	89
74425	89
74426	89
74427	89
74428	89
74429	89
74430	89
74431	89
74432	89
74433	89
74434	89
74435	89
74436	89
74437	89
74438	89
74439	89
74440	89
74441	89
74442	89
74443	89
74444	89
74445	89
74446	89
74447	89
74448	89
74449	89
74450	89
74451	89
74452	89
74453	89
74454	89
74455	89
74456	89
74457	89
74458	89
74459	89
74460	89
74461	89
74462	89
74463	89
74464	89
74465	89
74466	89
74467	89
74468	89
74469	89
74470	89
74471	89
74472	89
74473	89
74474	89
74475	89
74476	89
74477	89
74478	89
74479	89
74480	89
74481	89
74482	89
74483	89
74484	89
74485	89
74486	89
74487	89
74488	89
74489	89
74490	89
74491	89
74492	89
74493	89
74494	89
74495	89
74496	89
74497	89
74498	89
74499	89
74500	89
74501	89
74502	89
74503	89
74504	89
74505	89
74506	89
74507	89
74508	89
74509	89
74510	89
74511	89
74512	89
74513	89
74514	89
74515	89
74516	89
74517	89
74518	89
74519	89
74520	89
74521	89
74522	89
74523	89
74524	89
74525	89
74526	89
74527	89
74528	89
74529	89
74530	89
74531	89
74532	89
74533	89
74534	89
74535	89
74536	89
74537	89
74538	89
74539	89
74540	89
74541	89
74542	89
74543	89
74544	89
74545	89
74546	89
74547	89
74548	89
74549	89
74550	89
74551	89
74552	89
74553	89
74554	89
74555	89
74556	89
74557	89
74558	89
74559	89
74560	89
74561	89
74562	89
74563	89
74564	89
74565	89
74566	89
74567	89
74568	89
74569	89
74570	89
74571	89
74572	89
74573	89
74574	89
74575	89
74576	89
74577	89
74578	89
74579	89
74580	89
74581	89
74582	89
74583	89
74584	89
74585	89
74586	89
74587	89
74588	89
74589	89
74590	89
74591	89
74592	89
74593	89
74594	89
74595	89
74596	89
74597	89
74598	89
74599	89
74600	89
74601	89
74602	89
74603	89
74604	89
74605	89
74606	89
74607	89
74608	89
74609	89
74610	89
74611	89
74612	89
74613	89
74614	89
74615	89
74616	89
74617	89
74618	89
74619	89
74620	89
74621	89
74622	89
74623	89
74624	89
74625	89
74626	89
74627	89
74628	89
74629	89
74630	89
74631	89
74632	89
74633	89
74634	89
74635	89
74636	89
74637	89
74638	89
74639	89
74640	89
74641	89
74642	89
74643	89
74644	89
74645	89
74646	89
74647	89
74648	89
74649	89
74650	89
74651	89
74652	89
74653	89
74654	89
74655	89
74656	89
74657	89
74658	89
74659	89
74660	89
74661	89
74662	89
74663	89
74664	89
74665	89
74666	89
74667	89
74668	89
74669	89
74670	89
74671	89
74672	89
74673	89
74674	89
74675	89
74676	89
74677	89
74678	89
74679	89
74680	89
74681	89
74682	89
74683	89
74684	89
74685	89
74686	89
74687	89
74688	89
74689	89
74690	89
74691	89
74692	89
74693	89
74694	89
74695	89
74696	89
74697	89
74698	89
74699	89
74700	89
74701	89
74702	89
74703	89
74704	89
74705	89
74706	89
74707	89
74708	89
74709	89
74710	89
74711	89
74712	89
74713	89
74714	89
74715	89
74716	89
74717	89
74718	89
74719	89
74720	89
74721	89
74722	89
74723	89
74724	89
74725	89
74726	89
74727	89
74728	89
74729	89
74730	89
74731	89
74732	89
74733	89
74734	89
74735	89
74736	89
74737	89
74738	89
74739	89
74740	89
74741	89
74742	89
74743	89
74744	89
74745	89
74746	89
74747	89
74748	89
74749	89
74750	89
74751	89
74752	89
74753	89
74754	89
74755	89
74756	89
74757	89
74758	89
74759	89
74760	89
74761	89
74762	89
74763	89
74764	89
74765	89
74766	89
74767	89
74768	89
74769	89
74770	89
74771	89
74772	89
74773	89
74774	89
74775	89
74776	89
74777	89
74778	89
74779	89
74780	89
74781	89
74782	89
74783	89
74784	89
74785	89
74786	89
74787	89
74788	89
74789	89
74790	89
74791	89
74792	89
74793	89
74794	89
74795	89
74796	89
74797	89
74798	89
74799	89
74800	89
74801	89
74802	89
74803	89
74804	89
74805	89
74806	89
74807	89
74808	89
74809	89
74810	89
74811	89
74812	89
74813	89
74814	89
74815	89
74816	89
74817	89
74818	89
74819	89
74820	89
74821	89
74822	89
74823	89
74824	89
74825	89
74826	89
74827	89
74828	89
74829	89
74830	89
74831	89
74832	89
74833	89
74834	89
74835	89
74836	89
74837	89
74838	89
74839	89
74840	89
74841	89
74842	89
74843	89
74844	89
74845	89
74846	89
74847	89
74848	89
74849	89
74850	89
74851	89
74852	89
74853	89
74854	89
74855	89
74856	89
74857	89
74858	89
74859	89
74860	89
74861	89
74862	89
74863	89
74864	89
74865	89
74866	89
74867	89
74868	89
74869	89
74870	89
74871	89
74872	89
74873	89
74874	89
74875	89
74876	89
74877	89
74878	89
74879	89
74880	89
74881	89
74882	89
74883	89
74884	89
74885	89
74886	89
74887	89
74888	89
74889	89
74890	89
74891	89
74892	89
74893	89
74894	89
74895	89
74896	89
74897	89
74898	89
74899	89
74900	89
74901	89
74902	89
74903	89
74904	89
74905	89
74906	89
74907	89
74908	89
74909	89
74910	89
74911	89
74912	89
74913	89
74914	89
74915	89
74916	89
74917	89
74918	89
74919	89
74920	89
74921	89
74922	89
74923	89
74924	89
74925	89
74926	89
74927	89
74928	89
74929	89
74930	89
74931	89
74932	89
74933	89
74934	89
74935	89
74936	89
74937	89
74938	89
74939	89
74940	89
74941	89
74942	89
74943	89
74944	89
74945	89
74946	89
74947	89
74948	89
74949	89
74950	89
74951	89
74952	89
74953	89
74954	89
74955	89
74956	89
74957	89
74958	89
74959	89
74960	89
74961	89
74962	89
74963	89
74964	89
74965	89
74966	89
74967	89
74968	89
74969	89
74970	90
74971	90
74972	90
74973	90
74974	90
74975	90
74976	90
74977	90
74978	90
74979	90
74980	90
74981	90
74982	90
74983	90
74984	90
74985	90
74986	90
74987	90
74988	90
74989	90
74990	90
74991	90
74992	90
74993	90
74994	90
74995	90
74996	90
74997	90
74998	90
74999	90
75000	90
75001	90
75002	90
75003	90
75004	90
75005	90
75006	90
75007	90
75008	90
75009	90
75010	90
75011	90
75012	90
75013	90
75014	90
75015	90
75016	90
75017	90
75018	90
75019	90
75020	90
75021	90
75022	90
75023	90
75024	90
75025	90
75026	90
75027	90
75028	90
75029	90
75030	90
75031	90
75032	90
75033	90
75034	90
75035	90
75036	90
75037	90
75038	90
75039	90
75040	90
75041	90
75042	90
75043	90
75044	90
75045	90
75046	90
75047	90
75048	90
75049	90
75050	90
75051	90
75052	90
75053	90
75054	90
75055	90
75056	90
75057	90
75058	90
75059	90
75060	90
75061	90
75062	90
75063	90
75064	90
75065	90
75066	90
75067	90
75068	90
75069	90
75070	90
75071	90
75072	90
75073	90
75074	90
75075	90
75076	90
75077	90
75078	90
75079	90
75080	90
75081	90
75082	90
75083	90
75084	90
75085	90
75086	90
75087	90
75088	90
75089	90
75090	90
75091	90
75092	90
75093	90
75094	90
75095	90
75096	90
75097	90
75098	90
75099	90
75100	90
75101	90
75102	90
75103	90
75104	90
75105	90
75106	90
75107	90
75108	90
75109	90
75110	90
75111	90
75112	90
75113	90
75114	90
75115	90
75116	90
75117	90
75118	90
75119	90
75120	90
75121	90
75122	90
75123	90
75124	90
75125	90
75126	90
75127	90
75128	90
75129	90
75130	90
75131	90
75132	90
75133	90
75134	90
75135	90
75136	90
75137	90
75138	90
75139	90
75140	90
75141	90
75142	90
75143	90
75144	90
75145	90
75146	90
75147	90
75148	90
75149	90
75150	90
75151	90
75152	90
75153	90
75154	90
75155	90
75156	90
75157	90
75158	90
75159	90
75160	90
75161	90
75162	90
75163	90
75164	90
75165	90
75166	90
75167	90
75168	90
75169	90
75170	90
75171	90
75172	90
75173	90
75174	90
75175	90
75176	90
75177	90
75178	90
75179	90
75180	90
75181	90
75182	90
75183	90
75184	90
75185	90
75186	90
75187	90
75188	90
75189	90
75190	90
75191	90
75192	90
75193	90
75194	90
75195	90
75196	90
75197	90
75198	90
75199	90
75200	90
75201	90
75202	90
75203	90
75204	90
75205	90
75206	90
75207	90
75208	90
75209	90
75210	90
75211	90
75212	90
75213	90
75214	90
75215	90
75216	90
75217	90
75218	90
75219	90
75220	90
75221	90
75222	90
75223	90
75224	90
75225	90
75226	90
75227	90
75228	90
75229	90
75230	90
75231	90
75232	90
75233	90
75234	90
75235	90
75236	90
75237	90
75238	90
75239	90
75240	90
75241	90
75242	90
75243	90
75244	90
75245	90
75246	90
75247	90
75248	90
75249	90
75250	90
75251	90
75252	90
75253	90
75254	90
75255	90
75256	90
75257	90
75258	90
75259	90
75260	90
75261	90
75262	90
75263	90
75264	90
75265	90
75266	90
75267	90
75268	90
75269	90
75270	90
75271	90
75272	90
75273	90
75274	90
75275	90
75276	90
75277	90
75278	90
75279	90
75280	90
75281	90
75282	90
75283	90
75284	90
75285	90
75286	90
75287	90
75288	90
75289	90
75290	90
75291	90
75292	90
75293	90
75294	90
75295	90
75296	90
75297	90
75298	90
75299	90
75300	90
75301	90
75302	90
75303	90
75304	90
75305	90
75306	90
75307	90
75308	90
75309	90
75310	90
75311	90
75312	90
75313	90
75314	90
75315	90
75316	90
75317	90
75318	90
75319	90
75320	90
75321	90
75322	90
75323	90
75324	90
75325	90
75326	90
75327	90
75328	90
75329	90
75330	90
75331	90
75332	90
75333	90
75334	90
75335	90
75336	90
75337	90
75338	90
75339	90
75340	90
75341	90
75342	90
75343	90
75344	90
75345	90
75346	90
75347	90
75348	90
75349	90
75350	90
75351	90
75352	90
75353	90
75354	90
75355	90
75356	90
75357	90
75358	90
75359	90
75360	90
75361	90
75362	90
75363	90
75364	90
75365	90
75366	90
75367	90
75368	90
75369	90
75370	90
75371	90
75372	90
75373	90
75374	90
75375	90
75376	90
75377	90
75378	90
75379	90
75380	90
75381	90
75382	90
75383	90
75384	90
75385	90
75386	90
75387	90
75388	90
75389	90
75390	90
75391	90
75392	90
75393	90
75394	90
75395	90
75396	90
75397	90
75398	90
75399	90
75400	90
75401	90
75402	90
75403	90
75404	90
75405	90
75406	90
75407	90
75408	90
75409	90
75410	90
75411	90
75412	90
75413	90
75414	90
75415	90
75416	90
75417	90
75418	90
75419	90
75420	90
75421	90
75422	90
75423	90
75424	90
75425	90
75426	90
75427	90
75428	90
75429	90
75430	90
75431	90
75432	90
75433	90
75434	90
75435	90
75436	90
75437	90
75438	90
75439	90
75440	90
75441	90
75442	90
75443	90
75444	90
75445	90
75446	90
75447	90
75448	90
75449	90
75450	90
75451	90
75452	90
75453	90
75454	90
75455	90
75456	90
75457	90
75458	90
75459	90
75460	90
75461	90
75462	90
75463	90
75464	90
75465	90
75466	90
75467	90
75468	90
75469	90
75470	90
75471	90
75472	90
75473	90
75474	90
75475	90
75476	90
75477	90
75478	90
75479	90
75480	90
75481	90
75482	90
75483	90
75484	90
75485	90
75486	90
75487	90
75488	90
75489	90
75490	90
75491	90
75492	90
75493	90
75494	90
75495	90
75496	90
75497	90
75498	90
75499	90
75500	90
75501	90
75502	90
75503	90
75504	90
75505	90
75506	90
75507	90
75508	90
75509	90
75510	90
75511	90
75512	90
75513	90
75514	90
75515	90
75516	90
75517	90
75518	90
75519	90
75520	90
75521	90
75522	90
75523	90
75524	90
75525	90
75526	90
75527	90
75528	90
75529	90
75530	90
75531	90
75532	90
75533	90
75534	90
75535	90
75536	90
75537	90
75538	90
75539	90
75540	90
75541	90
75542	90
75543	90
75544	90
75545	90
75546	90
75547	90
75548	90
75549	90
75550	90
75551	90
75552	90
75553	90
75554	90
75555	90
75556	90
75557	90
75558	90
75559	90
75560	90
75561	90
75562	90
75563	90
75564	90
75565	90
75566	90
75567	90
75568	90
75569	90
75570	90
75571	90
75572	90
75573	90
75574	90
75575	90
75576	90
75577	90
75578	90
75579	90
75580	90
75581	90
75582	90
75583	90
75584	90
75585	90
75586	90
75587	90
75588	90
75589	90
75590	90
75591	90
75592	90
75593	90
75594	90
75595	90
75596	90
75597	90
75598	90
75599	90
75600	90
75601	90
75602	90
75603	90
75604	90
75605	90
75606	90
75607	90
75608	90
75609	90
75610	90
75611	90
75612	90
75613	90
75614	90
75615	90
75616	90
75617	90
75618	90
75619	90
75620	90
75621	90
75622	90
75623	90
75624	90
75625	90
75626	90
75627	90
75628	90
75629	90
75630	90
75631	90
75632	90
75633	90
75634	90
75635	90
75636	90
75637	90
75638	90
75639	90
75640	90
75641	90
75642	90
75643	90
75644	90
75645	90
75646	90
75647	90
75648	90
75649	90
75650	90
75651	90
75652	90
75653	90
75654	90
75655	90
75656	90
75657	90
75658	90
75659	90
75660	90
75661	90
75662	90
75663	90
75664	90
75665	90
75666	90
75667	90
75668	90
75669	90
75670	90
75671	90
75672	90
75673	90
75674	90
75675	90
75676	90
75677	90
75678	90
75679	90
75680	90
75681	90
75682	90
75683	90
75684	90
75685	90
75686	90
75687	90
75688	90
75689	90
75690	90
75691	90
75692	90
75693	90
75694	90
75695	90
75696	90
75697	90
75698	90
75699	90
75700	90
75701	90
75702	90
75703	90
75704	90
75705	90
75706	90
75707	90
75708	90
75709	90
75710	90
75711	90
75712	90
75713	90
75714	90
75715	90
75716	90
75717	90
75718	90
75719	90
75720	90
75721	90
75722	90
75723	90
75724	90
75725	90
75726	90
75727	90
75728	90
75729	90
75730	90
75731	90
75732	90
75733	90
75734	90
75735	90
75736	90
75737	90
75738	90
75739	90
75740	90
75741	90
75742	90
75743	90
75744	90
75745	90
75746	90
75747	90
75748	90
75749	90
75750	90
75751	90
75752	90
75753	90
75754	90
75755	90
75756	90
75757	90
75758	90
75759	90
75760	90
75761	90
75762	90
75763	90
75764	90
75765	90
75766	90
75767	90
75768	90
75769	90
75770	90
75771	90
75772	90
75773	90
75774	90
75775	90
75776	90
75777	90
75778	90
75779	90
75780	90
75781	90
75782	90
75783	90
75784	90
75785	90
75786	90
75787	90
75788	90
75789	90
75790	90
75791	90
75792	90
75793	90
75794	90
75795	90
75796	90
75797	90
75798	90
75799	90
75800	90
75801	90
75802	90
75803	91
75804	91
75805	91
75806	91
75807	91
75808	91
75809	91
75810	91
75811	91
75812	91
75813	91
75814	91
75815	91
75816	91
75817	91
75818	91
75819	91
75820	91
75821	91
75822	91
75823	91
75824	91
75825	91
75826	91
75827	91
75828	91
75829	91
75830	91
75831	91
75832	91
75833	91
75834	91
75835	91
75836	91
75837	91
75838	91
75839	91
75840	91
75841	91
75842	91
75843	91
75844	91
75845	91
75846	91
75847	91
75848	91
75849	91
75850	91
75851	91
75852	91
75853	91
75854	91
75855	91
75856	91
75857	91
75858	91
75859	91
75860	91
75861	91
75862	91
75863	91
75864	91
75865	91
75866	91
75867	91
75868	91
75869	91
75870	91
75871	91
75872	91
75873	91
75874	91
75875	91
75876	91
75877	91
75878	91
75879	91
75880	91
75881	91
75882	91
75883	91
75884	91
75885	91
75886	91
75887	91
75888	91
75889	91
75890	91
75891	91
75892	91
75893	91
75894	91
75895	91
75896	91
75897	91
75898	91
75899	91
75900	91
75901	91
75902	91
75903	91
75904	91
75905	91
75906	91
75907	91
75908	91
75909	91
75910	91
75911	91
75912	91
75913	91
75914	91
75915	91
75916	91
75917	91
75918	91
75919	91
75920	91
75921	91
75922	91
75923	91
75924	91
75925	91
75926	91
75927	91
75928	91
75929	91
75930	91
75931	91
75932	91
75933	91
75934	91
75935	91
75936	91
75937	91
75938	91
75939	91
75940	91
75941	91
75942	91
75943	91
75944	91
75945	91
75946	91
75947	91
75948	91
75949	91
75950	91
75951	91
75952	91
75953	91
75954	91
75955	91
75956	91
75957	91
75958	91
75959	91
75960	91
75961	91
75962	91
75963	91
75964	91
75965	91
75966	91
75967	91
75968	91
75969	91
75970	91
75971	91
75972	91
75973	91
75974	91
75975	91
75976	91
75977	91
75978	91
75979	91
75980	91
75981	91
75982	91
75983	91
75984	91
75985	91
75986	91
75987	91
75988	91
75989	91
75990	91
75991	91
75992	91
75993	91
75994	91
75995	91
75996	91
75997	91
75998	91
75999	91
76000	91
76001	91
76002	91
76003	91
76004	91
76005	91
76006	91
76007	91
76008	91
76009	91
76010	91
76011	91
76012	91
76013	91
76014	91
76015	91
76016	91
76017	91
76018	91
76019	91
76020	91
76021	91
76022	91
76023	91
76024	91
76025	91
76026	91
76027	91
76028	91
76029	91
76030	91
76031	91
76032	91
76033	91
76034	91
76035	91
76036	91
76037	91
76038	91
76039	91
76040	91
76041	91
76042	91
76043	91
76044	91
76045	91
76046	91
76047	91
76048	91
76049	91
76050	91
76051	91
76052	91
76053	91
76054	91
76055	91
76056	91
76057	91
76058	91
76059	91
76060	91
76061	91
76062	91
76063	91
76064	91
76065	91
76066	91
76067	91
76068	91
76069	91
76070	91
76071	91
76072	91
76073	91
76074	91
76075	91
76076	91
76077	91
76078	91
76079	91
76080	91
76081	91
76082	91
76083	91
76084	91
76085	91
76086	91
76087	91
76088	91
76089	91
76090	91
76091	91
76092	91
76093	91
76094	91
76095	91
76096	91
76097	91
76098	91
76099	91
76100	91
76101	91
76102	91
76103	91
76104	91
76105	91
76106	91
76107	91
76108	91
76109	91
76110	91
76111	91
76112	91
76113	91
76114	91
76115	91
76116	91
76117	91
76118	91
76119	91
76120	91
76121	91
76122	91
76123	91
76124	91
76125	91
76126	91
76127	91
76128	91
76129	91
76130	91
76131	91
76132	91
76133	91
76134	91
76135	91
76136	91
76137	91
76138	91
76139	91
76140	91
76141	91
76142	91
76143	91
76144	91
76145	91
76146	91
76147	91
76148	91
76149	91
76150	91
76151	91
76152	91
76153	91
76154	91
76155	91
76156	91
76157	91
76158	91
76159	91
76160	91
76161	91
76162	91
76163	91
76164	91
76165	91
76166	91
76167	91
76168	91
76169	91
76170	91
76171	91
76172	91
76173	91
76174	91
76175	91
76176	91
76177	91
76178	91
76179	91
76180	91
76181	91
76182	91
76183	91
76184	91
76185	91
76186	91
76187	91
76188	91
76189	91
76190	91
76191	91
76192	91
76193	91
76194	91
76195	91
76196	91
76197	91
76198	91
76199	91
76200	91
76201	91
76202	91
76203	91
76204	91
76205	91
76206	91
76207	91
76208	91
76209	91
76210	91
76211	91
76212	91
76213	91
76214	91
76215	91
76216	91
76217	91
76218	91
76219	91
76220	91
76221	91
76222	91
76223	91
76224	91
76225	91
76226	91
76227	91
76228	91
76229	91
76230	91
76231	91
76232	91
76233	91
76234	91
76235	91
76236	91
76237	91
76238	91
76239	91
76240	91
76241	91
76242	91
76243	91
76244	91
76245	91
76246	91
76247	91
76248	91
76249	91
76250	91
76251	91
76252	91
76253	91
76254	91
76255	91
76256	91
76257	91
76258	91
76259	91
76260	91
76261	91
76262	91
76263	91
76264	91
76265	91
76266	91
76267	91
76268	91
76269	91
76270	91
76271	91
76272	91
76273	91
76274	91
76275	91
76276	91
76277	91
76278	91
76279	91
76280	91
76281	91
76282	91
76283	91
76284	91
76285	91
76286	91
76287	91
76288	91
76289	91
76290	91
76291	91
76292	91
76293	91
76294	91
76295	91
76296	91
76297	91
76298	91
76299	91
76300	91
76301	91
76302	91
76303	91
76304	91
76305	91
76306	91
76307	91
76308	91
76309	91
76310	91
76311	91
76312	91
76313	91
76314	91
76315	91
76316	91
76317	91
76318	91
76319	91
76320	91
76321	91
76322	91
76323	91
76324	91
76325	91
76326	91
76327	91
76328	91
76329	91
76330	91
76331	91
76332	91
76333	91
76334	91
76335	91
76336	91
76337	91
76338	91
76339	91
76340	91
76341	91
76342	91
76343	91
76344	91
76345	91
76346	91
76347	91
76348	91
76349	91
76350	91
76351	91
76352	91
76353	91
76354	91
76355	91
76356	91
76357	91
76358	91
76359	91
76360	91
76361	91
76362	91
76363	91
76364	91
76365	91
76366	91
76367	91
76368	91
76369	91
76370	91
76371	91
76372	91
76373	91
76374	91
76375	91
76376	91
76377	91
76378	91
76379	91
76380	91
76381	91
76382	91
76383	91
76384	91
76385	91
76386	91
76387	91
76388	91
76389	91
76390	91
76391	91
76392	91
76393	91
76394	91
76395	91
76396	91
76397	91
76398	91
76399	91
76400	91
76401	91
76402	91
76403	91
76404	91
76405	91
76406	91
76407	91
76408	91
76409	91
76410	91
76411	91
76412	91
76413	91
76414	91
76415	91
76416	91
76417	91
76418	91
76419	91
76420	91
76421	91
76422	91
76423	91
76424	91
76425	91
76426	91
76427	91
76428	91
76429	91
76430	91
76431	91
76432	91
76433	91
76434	91
76435	91
76436	91
76437	91
76438	91
76439	91
76440	91
76441	91
76442	91
76443	91
76444	91
76445	91
76446	91
76447	91
76448	91
76449	91
76450	91
76451	91
76452	91
76453	91
76454	91
76455	91
76456	91
76457	91
76458	91
76459	91
76460	91
76461	91
76462	91
76463	91
76464	91
76465	91
76466	91
76467	91
76468	91
76469	91
76470	91
76471	91
76472	91
76473	91
76474	91
76475	91
76476	91
76477	91
76478	91
76479	91
76480	91
76481	91
76482	91
76483	91
76484	91
76485	91
76486	91
76487	91
76488	91
76489	91
76490	91
76491	91
76492	91
76493	91
76494	91
76495	91
76496	91
76497	91
76498	91
76499	91
76500	91
76501	91
76502	91
76503	91
76504	91
76505	91
76506	91
76507	91
76508	91
76509	91
76510	91
76511	91
76512	91
76513	91
76514	91
76515	91
76516	91
76517	91
76518	91
76519	91
76520	91
76521	91
76522	91
76523	91
76524	91
76525	91
76526	91
76527	91
76528	91
76529	91
76530	91
76531	91
76532	91
76533	91
76534	91
76535	91
76536	91
76537	91
76538	91
76539	91
76540	91
76541	91
76542	91
76543	91
76544	91
76545	91
76546	91
76547	91
76548	91
76549	91
76550	91
76551	91
76552	91
76553	91
76554	91
76555	91
76556	91
76557	91
76558	91
76559	91
76560	91
76561	91
76562	91
76563	91
76564	91
76565	91
76566	91
76567	91
76568	91
76569	91
76570	91
76571	91
76572	91
76573	91
76574	91
76575	91
76576	91
76577	91
76578	91
76579	91
76580	91
76581	91
76582	91
76583	91
76584	91
76585	91
76586	91
76587	91
76588	91
76589	91
76590	91
76591	91
76592	91
76593	91
76594	91
76595	91
76596	91
76597	91
76598	91
76599	91
76600	91
76601	91
76602	91
76603	91
76604	91
76605	91
76606	91
76607	91
76608	91
76609	91
76610	91
76611	91
76612	91
76613	91
76614	91
76615	91
76616	91
76617	91
76618	91
76619	91
76620	91
76621	91
76622	91
76623	91
76624	91
76625	91
76626	91
76627	91
76628	91
76629	91
76630	91
76631	91
76632	91
76633	91
76634	91
76635	91
76636	92
76637	92
76638	92
76639	92
76640	92
76641	92
76642	92
76643	92
76644	92
76645	92
76646	92
76647	92
76648	92
76649	92
76650	92
76651	92
76652	92
76653	92
76654	92
76655	92
76656	92
76657	92
76658	92
76659	92
76660	92
76661	92
76662	92
76663	92
76664	92
76665	92
76666	92
76667	92
76668	92
76669	92
76670	92
76671	92
76672	92
76673	92
76674	92
76675	92
76676	92
76677	92
76678	92
76679	92
76680	92
76681	92
76682	92
76683	92
76684	92
76685	92
76686	92
76687	92
76688	92
76689	92
76690	92
76691	92
76692	92
76693	92
76694	92
76695	92
76696	92
76697	92
76698	92
76699	92
76700	92
76701	92
76702	92
76703	92
76704	92
76705	92
76706	92
76707	92
76708	92
76709	92
76710	92
76711	92
76712	92
76713	92
76714	92
76715	92
76716	92
76717	92
76718	92
76719	92
76720	92
76721	92
76722	92
76723	92
76724	92
76725	92
76726	92
76727	92
76728	92
76729	92
76730	92
76731	92
76732	92
76733	92
76734	92
76735	92
76736	92
76737	92
76738	92
76739	92
76740	92
76741	92
76742	92
76743	92
76744	92
76745	92
76746	92
76747	92
76748	92
76749	92
76750	92
76751	92
76752	92
76753	92
76754	92
76755	92
76756	92
76757	92
76758	92
76759	92
76760	92
76761	92
76762	92
76763	92
76764	92
76765	92
76766	92
76767	92
76768	92
76769	92
76770	92
76771	92
76772	92
76773	92
76774	92
76775	92
76776	92
76777	92
76778	92
76779	92
76780	92
76781	92
76782	92
76783	92
76784	92
76785	92
76786	92
76787	92
76788	92
76789	92
76790	92
76791	92
76792	92
76793	92
76794	92
76795	92
76796	92
76797	92
76798	92
76799	92
76800	92
76801	92
76802	92
76803	92
76804	92
76805	92
76806	92
76807	92
76808	92
76809	92
76810	92
76811	92
76812	92
76813	92
76814	92
76815	92
76816	92
76817	92
76818	92
76819	92
76820	92
76821	92
76822	92
76823	92
76824	92
76825	92
76826	92
76827	92
76828	92
76829	92
76830	92
76831	92
76832	92
76833	92
76834	92
76835	92
76836	92
76837	92
76838	92
76839	92
76840	92
76841	92
76842	92
76843	92
76844	92
76845	92
76846	92
76847	92
76848	92
76849	92
76850	92
76851	92
76852	92
76853	92
76854	92
76855	92
76856	92
76857	92
76858	92
76859	92
76860	92
76861	92
76862	92
76863	92
76864	92
76865	92
76866	92
76867	92
76868	92
76869	92
76870	92
76871	92
76872	92
76873	92
76874	92
76875	92
76876	92
76877	92
76878	92
76879	92
76880	92
76881	92
76882	92
76883	92
76884	92
76885	92
76886	92
76887	92
76888	92
76889	92
76890	92
76891	92
76892	92
76893	92
76894	92
76895	92
76896	92
76897	92
76898	92
76899	92
76900	92
76901	92
76902	92
76903	92
76904	92
76905	92
76906	92
76907	92
76908	92
76909	92
76910	92
76911	92
76912	92
76913	92
76914	92
76915	92
76916	92
76917	92
76918	92
76919	92
76920	92
76921	92
76922	92
76923	92
76924	92
76925	92
76926	92
76927	92
76928	92
76929	92
76930	92
76931	92
76932	92
76933	92
76934	92
76935	92
76936	92
76937	92
76938	92
76939	92
76940	92
76941	92
76942	92
76943	92
76944	92
76945	92
76946	92
76947	92
76948	92
76949	92
76950	92
76951	92
76952	92
76953	92
76954	92
76955	92
76956	92
76957	92
76958	92
76959	92
76960	92
76961	92
76962	92
76963	92
76964	92
76965	92
76966	92
76967	92
76968	92
76969	92
76970	92
76971	92
76972	92
76973	92
76974	92
76975	92
76976	92
76977	92
76978	92
76979	92
76980	92
76981	92
76982	92
76983	92
76984	92
76985	92
76986	92
76987	92
76988	92
76989	92
76990	92
76991	92
76992	92
76993	92
76994	92
76995	92
76996	92
76997	92
76998	92
76999	92
77000	92
77001	92
77002	92
77003	92
77004	92
77005	92
77006	92
77007	92
77008	92
77009	92
77010	92
77011	92
77012	92
77013	92
77014	92
77015	92
77016	92
77017	92
77018	92
77019	92
77020	92
77021	92
77022	92
77023	92
77024	92
77025	92
77026	92
77027	92
77028	92
77029	92
77030	92
77031	92
77032	92
77033	92
77034	92
77035	92
77036	92
77037	92
77038	92
77039	92
77040	92
77041	92
77042	92
77043	92
77044	92
77045	92
77046	92
77047	92
77048	92
77049	92
77050	92
77051	92
77052	92
77053	92
77054	92
77055	92
77056	92
77057	92
77058	92
77059	92
77060	92
77061	92
77062	92
77063	92
77064	92
77065	92
77066	92
77067	92
77068	92
77069	92
77070	92
77071	92
77072	92
77073	92
77074	92
77075	92
77076	92
77077	92
77078	92
77079	92
77080	92
77081	92
77082	92
77083	92
77084	92
77085	92
77086	92
77087	92
77088	92
77089	92
77090	92
77091	92
77092	92
77093	92
77094	92
77095	92
77096	92
77097	92
77098	92
77099	92
77100	92
77101	92
77102	92
77103	92
77104	92
77105	92
77106	92
77107	92
77108	92
77109	92
77110	92
77111	92
77112	92
77113	92
77114	92
77115	92
77116	92
77117	92
77118	92
77119	92
77120	92
77121	92
77122	92
77123	92
77124	92
77125	92
77126	92
77127	92
77128	92
77129	92
77130	92
77131	92
77132	92
77133	92
77134	92
77135	92
77136	92
77137	92
77138	92
77139	92
77140	92
77141	92
77142	92
77143	92
77144	92
77145	92
77146	92
77147	92
77148	92
77149	92
77150	92
77151	92
77152	92
77153	92
77154	92
77155	92
77156	92
77157	92
77158	92
77159	92
77160	92
77161	92
77162	92
77163	92
77164	92
77165	92
77166	92
77167	92
77168	92
77169	92
77170	92
77171	92
77172	92
77173	92
77174	92
77175	92
77176	92
77177	92
77178	92
77179	92
77180	92
77181	92
77182	92
77183	92
77184	92
77185	92
77186	92
77187	92
77188	92
77189	92
77190	92
77191	92
77192	92
77193	92
77194	92
77195	92
77196	92
77197	92
77198	92
77199	92
77200	92
77201	92
77202	92
77203	92
77204	92
77205	92
77206	92
77207	92
77208	92
77209	92
77210	92
77211	92
77212	92
77213	92
77214	92
77215	92
77216	92
77217	92
77218	92
77219	92
77220	92
77221	92
77222	92
77223	92
77224	92
77225	92
77226	92
77227	92
77228	92
77229	92
77230	92
77231	92
77232	92
77233	92
77234	92
77235	92
77236	92
77237	92
77238	92
77239	92
77240	92
77241	92
77242	92
77243	92
77244	92
77245	92
77246	92
77247	92
77248	92
77249	92
77250	92
77251	92
77252	92
77253	92
77254	92
77255	92
77256	92
77257	92
77258	92
77259	92
77260	92
77261	92
77262	92
77263	92
77264	92
77265	92
77266	92
77267	92
77268	92
77269	92
77270	92
77271	92
77272	92
77273	92
77274	92
77275	92
77276	92
77277	92
77278	92
77279	92
77280	92
77281	92
77282	92
77283	92
77284	92
77285	92
77286	92
77287	92
77288	92
77289	92
77290	92
77291	92
77292	92
77293	92
77294	92
77295	92
77296	92
77297	92
77298	92
77299	92
77300	92
77301	92
77302	92
77303	92
77304	92
77305	92
77306	92
77307	92
77308	92
77309	92
77310	92
77311	92
77312	92
77313	92
77314	92
77315	92
77316	92
77317	92
77318	92
77319	92
77320	92
77321	92
77322	92
77323	92
77324	92
77325	92
77326	92
77327	92
77328	92
77329	92
77330	92
77331	92
77332	92
77333	92
77334	92
77335	92
77336	92
77337	92
77338	92
77339	92
77340	92
77341	92
77342	92
77343	92
77344	92
77345	92
77346	92
77347	92
77348	92
77349	92
77350	92
77351	92
77352	92
77353	92
77354	92
77355	92
77356	92
77357	92
77358	92
77359	92
77360	92
77361	92
77362	92
77363	92
77364	92
77365	92
77366	92
77367	92
77368	92
77369	92
77370	92
77371	92
77372	92
77373	92
77374	92
77375	92
77376	92
77377	92
77378	92
77379	92
77380	92
77381	92
77382	92
77383	92
77384	92
77385	92
77386	92
77387	92
77388	92
77389	92
77390	92
77391	92
77392	92
77393	92
77394	92
77395	92
77396	92
77397	92
77398	92
77399	92
77400	92
77401	92
77402	92
77403	92
77404	92
77405	92
77406	92
77407	92
77408	92
77409	92
77410	92
77411	92
77412	92
77413	92
77414	92
77415	92
77416	92
77417	92
77418	92
77419	92
77420	92
77421	92
77422	92
77423	92
77424	92
77425	92
77426	92
77427	92
77428	92
77429	92
77430	92
77431	92
77432	92
77433	92
77434	92
77435	92
77436	92
77437	92
77438	92
77439	92
77440	92
77441	92
77442	92
77443	92
77444	92
77445	92
77446	92
77447	92
77448	92
77449	92
77450	92
77451	92
77452	92
77453	92
77454	92
77455	92
77456	92
77457	92
77458	92
77459	92
77460	92
77461	92
77462	92
77463	92
77464	92
77465	92
77466	92
77467	92
77468	92
77469	93
77470	93
77471	93
77472	93
77473	93
77474	93
77475	93
77476	93
77477	93
77478	93
77479	93
77480	93
77481	93
77482	93
77483	93
77484	93
77485	93
77486	93
77487	93
77488	93
77489	93
77490	93
77491	93
77492	93
77493	93
77494	93
77495	93
77496	93
77497	93
77498	93
77499	93
77500	93
77501	93
77502	93
77503	93
77504	93
77505	93
77506	93
77507	93
77508	93
77509	93
77510	93
77511	93
77512	93
77513	93
77514	93
77515	93
77516	93
77517	93
77518	93
77519	93
77520	93
77521	93
77522	93
77523	93
77524	93
77525	93
77526	93
77527	93
77528	93
77529	93
77530	93
77531	93
77532	93
77533	93
77534	93
77535	93
77536	93
77537	93
77538	93
77539	93
77540	93
77541	93
77542	93
77543	93
77544	93
77545	93
77546	93
77547	93
77548	93
77549	93
77550	93
77551	93
77552	93
77553	93
77554	93
77555	93
77556	93
77557	93
77558	93
77559	93
77560	93
77561	93
77562	93
77563	93
77564	93
77565	93
77566	93
77567	93
77568	93
77569	93
77570	93
77571	93
77572	93
77573	93
77574	93
77575	93
77576	93
77577	93
77578	93
77579	93
77580	93
77581	93
77582	93
77583	93
77584	93
77585	93
77586	93
77587	93
77588	93
77589	93
77590	93
77591	93
77592	93
77593	93
77594	93
77595	93
77596	93
77597	93
77598	93
77599	93
77600	93
77601	93
77602	93
77603	93
77604	93
77605	93
77606	93
77607	93
77608	93
77609	93
77610	93
77611	93
77612	93
77613	93
77614	93
77615	93
77616	93
77617	93
77618	93
77619	93
77620	93
77621	93
77622	93
77623	93
77624	93
77625	93
77626	93
77627	93
77628	93
77629	93
77630	93
77631	93
77632	93
77633	93
77634	93
77635	93
77636	93
77637	93
77638	93
77639	93
77640	93
77641	93
77642	93
77643	93
77644	93
77645	93
77646	93
77647	93
77648	93
77649	93
77650	93
77651	93
77652	93
77653	93
77654	93
77655	93
77656	93
77657	93
77658	93
77659	93
77660	93
77661	93
77662	93
77663	93
77664	93
77665	93
77666	93
77667	93
77668	93
77669	93
77670	93
77671	93
77672	93
77673	93
77674	93
77675	93
77676	93
77677	93
77678	93
77679	93
77680	93
77681	93
77682	93
77683	93
77684	93
77685	93
77686	93
77687	93
77688	93
77689	93
77690	93
77691	93
77692	93
77693	93
77694	93
77695	93
77696	93
77697	93
77698	93
77699	93
77700	93
77701	93
77702	93
77703	93
77704	93
77705	93
77706	93
77707	93
77708	93
77709	93
77710	93
77711	93
77712	93
77713	93
77714	93
77715	93
77716	93
77717	93
77718	93
77719	93
77720	93
77721	93
77722	93
77723	93
77724	93
77725	93
77726	93
77727	93
77728	93
77729	93
77730	93
77731	93
77732	93
77733	93
77734	93
77735	93
77736	93
77737	93
77738	93
77739	93
77740	93
77741	93
77742	93
77743	93
77744	93
77745	93
77746	93
77747	93
77748	93
77749	93
77750	93
77751	93
77752	93
77753	93
77754	93
77755	93
77756	93
77757	93
77758	93
77759	93
77760	93
77761	93
77762	93
77763	93
77764	93
77765	93
77766	93
77767	93
77768	93
77769	93
77770	93
77771	93
77772	93
77773	93
77774	93
77775	93
77776	93
77777	93
77778	93
77779	93
77780	93
77781	93
77782	93
77783	93
77784	93
77785	93
77786	93
77787	93
77788	93
77789	93
77790	93
77791	93
77792	93
77793	93
77794	93
77795	93
77796	93
77797	93
77798	93
77799	93
77800	93
77801	93
77802	93
77803	93
77804	93
77805	93
77806	93
77807	93
77808	93
77809	93
77810	93
77811	93
77812	93
77813	93
77814	93
77815	93
77816	93
77817	93
77818	93
77819	93
77820	93
77821	93
77822	93
77823	93
77824	93
77825	93
77826	93
77827	93
77828	93
77829	93
77830	93
77831	93
77832	93
77833	93
77834	93
77835	93
77836	93
77837	93
77838	93
77839	93
77840	93
77841	93
77842	93
77843	93
77844	93
77845	93
77846	93
77847	93
77848	93
77849	93
77850	93
77851	93
77852	93
77853	93
77854	93
77855	93
77856	93
77857	93
77858	93
77859	93
77860	93
77861	93
77862	93
77863	93
77864	93
77865	93
77866	93
77867	93
77868	93
77869	93
77870	93
77871	93
77872	93
77873	93
77874	93
77875	93
77876	93
77877	93
77878	93
77879	93
77880	93
77881	93
77882	93
77883	93
77884	93
77885	93
77886	93
77887	93
77888	93
77889	93
77890	93
77891	93
77892	93
77893	93
77894	93
77895	93
77896	93
77897	93
77898	93
77899	93
77900	93
77901	93
77902	93
77903	93
77904	93
77905	93
77906	93
77907	93
77908	93
77909	93
77910	93
77911	93
77912	93
77913	93
77914	93
77915	93
77916	93
77917	93
77918	93
77919	93
77920	93
77921	93
77922	93
77923	93
77924	93
77925	93
77926	93
77927	93
77928	93
77929	93
77930	93
77931	93
77932	93
77933	93
77934	93
77935	93
77936	93
77937	93
77938	93
77939	93
77940	93
77941	93
77942	93
77943	93
77944	93
77945	93
77946	93
77947	93
77948	93
77949	93
77950	93
77951	93
77952	93
77953	93
77954	93
77955	93
77956	93
77957	93
77958	93
77959	93
77960	93
77961	93
77962	93
77963	93
77964	93
77965	93
77966	93
77967	93
77968	93
77969	93
77970	93
77971	93
77972	93
77973	93
77974	93
77975	93
77976	93
77977	93
77978	93
77979	93
77980	93
77981	93
77982	93
77983	93
77984	93
77985	93
77986	93
77987	93
77988	93
77989	93
77990	93
77991	93
77992	93
77993	93
77994	93
77995	93
77996	93
77997	93
77998	93
77999	93
78000	93
78001	93
78002	93
78003	93
78004	93
78005	93
78006	93
78007	93
78008	93
78009	93
78010	93
78011	93
78012	93
78013	93
78014	93
78015	93
78016	93
78017	93
78018	93
78019	93
78020	93
78021	93
78022	93
78023	93
78024	93
78025	93
78026	93
78027	93
78028	93
78029	93
78030	93
78031	93
78032	93
78033	93
78034	93
78035	93
78036	93
78037	93
78038	93
78039	93
78040	93
78041	93
78042	93
78043	93
78044	93
78045	93
78046	93
78047	93
78048	93
78049	93
78050	93
78051	93
78052	93
78053	93
78054	93
78055	93
78056	93
78057	93
78058	93
78059	93
78060	93
78061	93
78062	93
78063	93
78064	93
78065	93
78066	93
78067	93
78068	93
78069	93
78070	93
78071	93
78072	93
78073	93
78074	93
78075	93
78076	93
78077	93
78078	93
78079	93
78080	93
78081	93
78082	93
78083	93
78084	93
78085	93
78086	93
78087	93
78088	93
78089	93
78090	93
78091	93
78092	93
78093	93
78094	93
78095	93
78096	93
78097	93
78098	93
78099	93
78100	93
78101	93
78102	93
78103	93
78104	93
78105	93
78106	93
78107	93
78108	93
78109	93
78110	93
78111	93
78112	93
78113	93
78114	93
78115	93
78116	93
78117	93
78118	93
78119	93
78120	93
78121	93
78122	93
78123	93
78124	93
78125	93
78126	93
78127	93
78128	93
78129	93
78130	93
78131	93
78132	93
78133	93
78134	93
78135	93
78136	93
78137	93
78138	93
78139	93
78140	93
78141	93
78142	93
78143	93
78144	93
78145	93
78146	93
78147	93
78148	93
78149	93
78150	93
78151	93
78152	93
78153	93
78154	93
78155	93
78156	93
78157	93
78158	93
78159	93
78160	93
78161	93
78162	93
78163	93
78164	93
78165	93
78166	93
78167	93
78168	93
78169	93
78170	93
78171	93
78172	93
78173	93
78174	93
78175	93
78176	93
78177	93
78178	93
78179	93
78180	93
78181	93
78182	93
78183	93
78184	93
78185	93
78186	93
78187	93
78188	93
78189	93
78190	93
78191	93
78192	93
78193	93
78194	93
78195	93
78196	93
78197	93
78198	93
78199	93
78200	93
78201	93
78202	93
78203	93
78204	93
78205	93
78206	93
78207	93
78208	93
78209	93
78210	93
78211	93
78212	93
78213	93
78214	93
78215	93
78216	93
78217	93
78218	93
78219	93
78220	93
78221	93
78222	93
78223	93
78224	93
78225	93
78226	93
78227	93
78228	93
78229	93
78230	93
78231	93
78232	93
78233	93
78234	93
78235	93
78236	93
78237	93
78238	93
78239	93
78240	93
78241	93
78242	93
78243	93
78244	93
78245	93
78246	93
78247	93
78248	93
78249	93
78250	93
78251	93
78252	93
78253	93
78254	93
78255	93
78256	93
78257	93
78258	93
78259	93
78260	93
78261	93
78262	93
78263	93
78264	93
78265	93
78266	93
78267	93
78268	93
78269	93
78270	93
78271	93
78272	93
78273	93
78274	93
78275	93
78276	93
78277	93
78278	93
78279	93
78280	93
78281	93
78282	93
78283	93
78284	93
78285	93
78286	93
78287	93
78288	93
78289	93
78290	93
78291	93
78292	93
78293	93
78294	93
78295	93
78296	93
78297	93
78298	93
78299	93
78300	93
78301	93
78302	94
78303	94
78304	94
78305	94
78306	94
78307	94
78308	94
78309	94
78310	94
78311	94
78312	94
78313	94
78314	94
78315	94
78316	94
78317	94
78318	94
78319	94
78320	94
78321	94
78322	94
78323	94
78324	94
78325	94
78326	94
78327	94
78328	94
78329	94
78330	94
78331	94
78332	94
78333	94
78334	94
78335	94
78336	94
78337	94
78338	94
78339	94
78340	94
78341	94
78342	94
78343	94
78344	94
78345	94
78346	94
78347	94
78348	94
78349	94
78350	94
78351	94
78352	94
78353	94
78354	94
78355	94
78356	94
78357	94
78358	94
78359	94
78360	94
78361	94
78362	94
78363	94
78364	94
78365	94
78366	94
78367	94
78368	94
78369	94
78370	94
78371	94
78372	94
78373	94
78374	94
78375	94
78376	94
78377	94
78378	94
78379	94
78380	94
78381	94
78382	94
78383	94
78384	94
78385	94
78386	94
78387	94
78388	94
78389	94
78390	94
78391	94
78392	94
78393	94
78394	94
78395	94
78396	94
78397	94
78398	94
78399	94
78400	94
78401	94
78402	94
78403	94
78404	94
78405	94
78406	94
78407	94
78408	94
78409	94
78410	94
78411	94
78412	94
78413	94
78414	94
78415	94
78416	94
78417	94
78418	94
78419	94
78420	94
78421	94
78422	94
78423	94
78424	94
78425	94
78426	94
78427	94
78428	94
78429	94
78430	94
78431	94
78432	94
78433	94
78434	94
78435	94
78436	94
78437	94
78438	94
78439	94
78440	94
78441	94
78442	94
78443	94
78444	94
78445	94
78446	94
78447	94
78448	94
78449	94
78450	94
78451	94
78452	94
78453	94
78454	94
78455	94
78456	94
78457	94
78458	94
78459	94
78460	94
78461	94
78462	94
78463	94
78464	94
78465	94
78466	94
78467	94
78468	94
78469	94
78470	94
78471	94
78472	94
78473	94
78474	94
78475	94
78476	94
78477	94
78478	94
78479	94
78480	94
78481	94
78482	94
78483	94
78484	94
78485	94
78486	94
78487	94
78488	94
78489	94
78490	94
78491	94
78492	94
78493	94
78494	94
78495	94
78496	94
78497	94
78498	94
78499	94
78500	94
78501	94
78502	94
78503	94
78504	94
78505	94
78506	94
78507	94
78508	94
78509	94
78510	94
78511	94
78512	94
78513	94
78514	94
78515	94
78516	94
78517	94
78518	94
78519	94
78520	94
78521	94
78522	94
78523	94
78524	94
78525	94
78526	94
78527	94
78528	94
78529	94
78530	94
78531	94
78532	94
78533	94
78534	94
78535	94
78536	94
78537	94
78538	94
78539	94
78540	94
78541	94
78542	94
78543	94
78544	94
78545	94
78546	94
78547	94
78548	94
78549	94
78550	94
78551	94
78552	94
78553	94
78554	94
78555	94
78556	94
78557	94
78558	94
78559	94
78560	94
78561	94
78562	94
78563	94
78564	94
78565	94
78566	94
78567	94
78568	94
78569	94
78570	94
78571	94
78572	94
78573	94
78574	94
78575	94
78576	94
78577	94
78578	94
78579	94
78580	94
78581	94
78582	94
78583	94
78584	94
78585	94
78586	94
78587	94
78588	94
78589	94
78590	94
78591	94
78592	94
78593	94
78594	94
78595	94
78596	94
78597	94
78598	94
78599	94
78600	94
78601	94
78602	94
78603	94
78604	94
78605	94
78606	94
78607	94
78608	94
78609	94
78610	94
78611	94
78612	94
78613	94
78614	94
78615	94
78616	94
78617	94
78618	94
78619	94
78620	94
78621	94
78622	94
78623	94
78624	94
78625	94
78626	94
78627	94
78628	94
78629	94
78630	94
78631	94
78632	94
78633	94
78634	94
78635	94
78636	94
78637	94
78638	94
78639	94
78640	94
78641	94
78642	94
78643	94
78644	94
78645	94
78646	94
78647	94
78648	94
78649	94
78650	94
78651	94
78652	94
78653	94
78654	94
78655	94
78656	94
78657	94
78658	94
78659	94
78660	94
78661	94
78662	94
78663	94
78664	94
78665	94
78666	94
78667	94
78668	94
78669	94
78670	94
78671	94
78672	94
78673	94
78674	94
78675	94
78676	94
78677	94
78678	94
78679	94
78680	94
78681	94
78682	94
78683	94
78684	94
78685	94
78686	94
78687	94
78688	94
78689	94
78690	94
78691	94
78692	94
78693	94
78694	94
78695	94
78696	94
78697	94
78698	94
78699	94
78700	94
78701	94
78702	94
78703	94
78704	94
78705	94
78706	94
78707	94
78708	94
78709	94
78710	94
78711	94
78712	94
78713	94
78714	94
78715	94
78716	94
78717	94
78718	94
78719	94
78720	94
78721	94
78722	94
78723	94
78724	94
78725	94
78726	94
78727	94
78728	94
78729	94
78730	94
78731	94
78732	94
78733	94
78734	94
78735	94
78736	94
78737	94
78738	94
78739	94
78740	94
78741	94
78742	94
78743	94
78744	94
78745	94
78746	94
78747	94
78748	94
78749	94
78750	94
78751	94
78752	94
78753	94
78754	94
78755	94
78756	94
78757	94
78758	94
78759	94
78760	94
78761	94
78762	94
78763	94
78764	94
78765	94
78766	94
78767	94
78768	94
78769	94
78770	94
78771	94
78772	94
78773	94
78774	94
78775	94
78776	94
78777	94
78778	94
78779	94
78780	94
78781	94
78782	94
78783	94
78784	94
78785	94
78786	94
78787	94
78788	94
78789	94
78790	94
78791	94
78792	94
78793	94
78794	94
78795	94
78796	94
78797	94
78798	94
78799	94
78800	94
78801	94
78802	94
78803	94
78804	94
78805	94
78806	94
78807	94
78808	94
78809	94
78810	94
78811	94
78812	94
78813	94
78814	94
78815	94
78816	94
78817	94
78818	94
78819	94
78820	94
78821	94
78822	94
78823	94
78824	94
78825	94
78826	94
78827	94
78828	94
78829	94
78830	94
78831	94
78832	94
78833	94
78834	94
78835	94
78836	94
78837	94
78838	94
78839	94
78840	94
78841	94
78842	94
78843	94
78844	94
78845	94
78846	94
78847	94
78848	94
78849	94
78850	94
78851	94
78852	94
78853	94
78854	94
78855	94
78856	94
78857	94
78858	94
78859	94
78860	94
78861	94
78862	94
78863	94
78864	94
78865	94
78866	94
78867	94
78868	94
78869	94
78870	94
78871	94
78872	94
78873	94
78874	94
78875	94
78876	94
78877	94
78878	94
78879	94
78880	94
78881	94
78882	94
78883	94
78884	94
78885	94
78886	94
78887	94
78888	94
78889	94
78890	94
78891	94
78892	94
78893	94
78894	94
78895	94
78896	94
78897	94
78898	94
78899	94
78900	94
78901	94
78902	94
78903	94
78904	94
78905	94
78906	94
78907	94
78908	94
78909	94
78910	94
78911	94
78912	94
78913	94
78914	94
78915	94
78916	94
78917	94
78918	94
78919	94
78920	94
78921	94
78922	94
78923	94
78924	94
78925	94
78926	94
78927	94
78928	94
78929	94
78930	94
78931	94
78932	94
78933	94
78934	94
78935	94
78936	94
78937	94
78938	94
78939	94
78940	94
78941	94
78942	94
78943	94
78944	94
78945	94
78946	94
78947	94
78948	94
78949	94
78950	94
78951	94
78952	94
78953	94
78954	94
78955	94
78956	94
78957	94
78958	94
78959	94
78960	94
78961	94
78962	94
78963	94
78964	94
78965	94
78966	94
78967	94
78968	94
78969	94
78970	94
78971	94
78972	94
78973	94
78974	94
78975	94
78976	94
78977	94
78978	94
78979	94
78980	94
78981	94
78982	94
78983	94
78984	94
78985	94
78986	94
78987	94
78988	94
78989	94
78990	94
78991	94
78992	94
78993	94
78994	94
78995	94
78996	94
78997	94
78998	94
78999	94
79000	94
79001	94
79002	94
79003	94
79004	94
79005	94
79006	94
79007	94
79008	94
79009	94
79010	94
79011	94
79012	94
79013	94
79014	94
79015	94
79016	94
79017	94
79018	94
79019	94
79020	94
79021	94
79022	94
79023	94
79024	94
79025	94
79026	94
79027	94
79028	94
79029	94
79030	94
79031	94
79032	94
79033	94
79034	94
79035	94
79036	94
79037	94
79038	94
79039	94
79040	94
79041	94
79042	94
79043	94
79044	94
79045	94
79046	94
79047	94
79048	94
79049	94
79050	94
79051	94
79052	94
79053	94
79054	94
79055	94
79056	94
79057	94
79058	94
79059	94
79060	94
79061	94
79062	94
79063	94
79064	94
79065	94
79066	94
79067	94
79068	94
79069	94
79070	94
79071	94
79072	94
79073	94
79074	94
79075	94
79076	94
79077	94
79078	94
79079	94
79080	94
79081	94
79082	94
79083	94
79084	94
79085	94
79086	94
79087	94
79088	94
79089	94
79090	94
79091	94
79092	94
79093	94
79094	94
79095	94
79096	94
79097	94
79098	94
79099	94
79100	94
79101	94
79102	94
79103	94
79104	94
79105	94
79106	94
79107	94
79108	94
79109	94
79110	94
79111	94
79112	94
79113	94
79114	94
79115	94
79116	94
79117	94
79118	94
79119	94
79120	94
79121	94
79122	94
79123	94
79124	94
79125	94
79126	94
79127	94
79128	94
79129	94
79130	94
79131	94
79132	94
79133	94
79134	94
79135	95
79136	95
79137	95
79138	95
79139	95
79140	95
79141	95
79142	95
79143	95
79144	95
79145	95
79146	95
79147	95
79148	95
79149	95
79150	95
79151	95
79152	95
79153	95
79154	95
79155	95
79156	95
79157	95
79158	95
79159	95
79160	95
79161	95
79162	95
79163	95
79164	95
79165	95
79166	95
79167	95
79168	95
79169	95
79170	95
79171	95
79172	95
79173	95
79174	95
79175	95
79176	95
79177	95
79178	95
79179	95
79180	95
79181	95
79182	95
79183	95
79184	95
79185	95
79186	95
79187	95
79188	95
79189	95
79190	95
79191	95
79192	95
79193	95
79194	95
79195	95
79196	95
79197	95
79198	95
79199	95
79200	95
79201	95
79202	95
79203	95
79204	95
79205	95
79206	95
79207	95
79208	95
79209	95
79210	95
79211	95
79212	95
79213	95
79214	95
79215	95
79216	95
79217	95
79218	95
79219	95
79220	95
79221	95
79222	95
79223	95
79224	95
79225	95
79226	95
79227	95
79228	95
79229	95
79230	95
79231	95
79232	95
79233	95
79234	95
79235	95
79236	95
79237	95
79238	95
79239	95
79240	95
79241	95
79242	95
79243	95
79244	95
79245	95
79246	95
79247	95
79248	95
79249	95
79250	95
79251	95
79252	95
79253	95
79254	95
79255	95
79256	95
79257	95
79258	95
79259	95
79260	95
79261	95
79262	95
79263	95
79264	95
79265	95
79266	95
79267	95
79268	95
79269	95
79270	95
79271	95
79272	95
79273	95
79274	95
79275	95
79276	95
79277	95
79278	95
79279	95
79280	95
79281	95
79282	95
79283	95
79284	95
79285	95
79286	95
79287	95
79288	95
79289	95
79290	95
79291	95
79292	95
79293	95
79294	95
79295	95
79296	95
79297	95
79298	95
79299	95
79300	95
79301	95
79302	95
79303	95
79304	95
79305	95
79306	95
79307	95
79308	95
79309	95
79310	95
79311	95
79312	95
79313	95
79314	95
79315	95
79316	95
79317	95
79318	95
79319	95
79320	95
79321	95
79322	95
79323	95
79324	95
79325	95
79326	95
79327	95
79328	95
79329	95
79330	95
79331	95
79332	95
79333	95
79334	95
79335	95
79336	95
79337	95
79338	95
79339	95
79340	95
79341	95
79342	95
79343	95
79344	95
79345	95
79346	95
79347	95
79348	95
79349	95
79350	95
79351	95
79352	95
79353	95
79354	95
79355	95
79356	95
79357	95
79358	95
79359	95
79360	95
79361	95
79362	95
79363	95
79364	95
79365	95
79366	95
79367	95
79368	95
79369	95
79370	95
79371	95
79372	95
79373	95
79374	95
79375	95
79376	95
79377	95
79378	95
79379	95
79380	95
79381	95
79382	95
79383	95
79384	95
79385	95
79386	95
79387	95
79388	95
79389	95
79390	95
79391	95
79392	95
79393	95
79394	95
79395	95
79396	95
79397	95
79398	95
79399	95
79400	95
79401	95
79402	95
79403	95
79404	95
79405	95
79406	95
79407	95
79408	95
79409	95
79410	95
79411	95
79412	95
79413	95
79414	95
79415	95
79416	95
79417	95
79418	95
79419	95
79420	95
79421	95
79422	95
79423	95
79424	95
79425	95
79426	95
79427	95
79428	95
79429	95
79430	95
79431	95
79432	95
79433	95
79434	95
79435	95
79436	95
79437	95
79438	95
79439	95
79440	95
79441	95
79442	95
79443	95
79444	95
79445	95
79446	95
79447	95
79448	95
79449	95
79450	95
79451	95
79452	95
79453	95
79454	95
79455	95
79456	95
79457	95
79458	95
79459	95
79460	95
79461	95
79462	95
79463	95
79464	95
79465	95
79466	95
79467	95
79468	95
79469	95
79470	95
79471	95
79472	95
79473	95
79474	95
79475	95
79476	95
79477	95
79478	95
79479	95
79480	95
79481	95
79482	95
79483	95
79484	95
79485	95
79486	95
79487	95
79488	95
79489	95
79490	95
79491	95
79492	95
79493	95
79494	95
79495	95
79496	95
79497	95
79498	95
79499	95
79500	95
79501	95
79502	95
79503	95
79504	95
79505	95
79506	95
79507	95
79508	95
79509	95
79510	95
79511	95
79512	95
79513	95
79514	95
79515	95
79516	95
79517	95
79518	95
79519	95
79520	95
79521	95
79522	95
79523	95
79524	95
79525	95
79526	95
79527	95
79528	95
79529	95
79530	95
79531	95
79532	95
79533	95
79534	95
79535	95
79536	95
79537	95
79538	95
79539	95
79540	95
79541	95
79542	95
79543	95
79544	95
79545	95
79546	95
79547	95
79548	95
79549	95
79550	95
79551	95
79552	95
79553	95
79554	95
79555	95
79556	95
79557	95
79558	95
79559	95
79560	95
79561	95
79562	95
79563	95
79564	95
79565	95
79566	95
79567	95
79568	95
79569	95
79570	95
79571	95
79572	95
79573	95
79574	95
79575	95
79576	95
79577	95
79578	95
79579	95
79580	95
79581	95
79582	95
79583	95
79584	95
79585	95
79586	95
79587	95
79588	95
79589	95
79590	95
79591	95
79592	95
79593	95
79594	95
79595	95
79596	95
79597	95
79598	95
79599	95
79600	95
79601	95
79602	95
79603	95
79604	95
79605	95
79606	95
79607	95
79608	95
79609	95
79610	95
79611	95
79612	95
79613	95
79614	95
79615	95
79616	95
79617	95
79618	95
79619	95
79620	95
79621	95
79622	95
79623	95
79624	95
79625	95
79626	95
79627	95
79628	95
79629	95
79630	95
79631	95
79632	95
79633	95
79634	95
79635	95
79636	95
79637	95
79638	95
79639	95
79640	95
79641	95
79642	95
79643	95
79644	95
79645	95
79646	95
79647	95
79648	95
79649	95
79650	95
79651	95
79652	95
79653	95
79654	95
79655	95
79656	95
79657	95
79658	95
79659	95
79660	95
79661	95
79662	95
79663	95
79664	95
79665	95
79666	95
79667	95
79668	95
79669	95
79670	95
79671	95
79672	95
79673	95
79674	95
79675	95
79676	95
79677	95
79678	95
79679	95
79680	95
79681	95
79682	95
79683	95
79684	95
79685	95
79686	95
79687	95
79688	95
79689	95
79690	95
79691	95
79692	95
79693	95
79694	95
79695	95
79696	95
79697	95
79698	95
79699	95
79700	95
79701	95
79702	95
79703	95
79704	95
79705	95
79706	95
79707	95
79708	95
79709	95
79710	95
79711	95
79712	95
79713	95
79714	95
79715	95
79716	95
79717	95
79718	95
79719	95
79720	95
79721	95
79722	95
79723	95
79724	95
79725	95
79726	95
79727	95
79728	95
79729	95
79730	95
79731	95
79732	95
79733	95
79734	95
79735	95
79736	95
79737	95
79738	95
79739	95
79740	95
79741	95
79742	95
79743	95
79744	95
79745	95
79746	95
79747	95
79748	95
79749	95
79750	95
79751	95
79752	95
79753	95
79754	95
79755	95
79756	95
79757	95
79758	95
79759	95
79760	95
79761	95
79762	95
79763	95
79764	95
79765	95
79766	95
79767	95
79768	95
79769	95
79770	95
79771	95
79772	95
79773	95
79774	95
79775	95
79776	95
79777	95
79778	95
79779	95
79780	95
79781	95
79782	95
79783	95
79784	95
79785	95
79786	95
79787	95
79788	95
79789	95
79790	95
79791	95
79792	95
79793	95
79794	95
79795	95
79796	95
79797	95
79798	95
79799	95
79800	95
79801	95
79802	95
79803	95
79804	95
79805	95
79806	95
79807	95
79808	95
79809	95
79810	95
79811	95
79812	95
79813	95
79814	95
79815	95
79816	95
79817	95
79818	95
79819	95
79820	95
79821	95
79822	95
79823	95
79824	95
79825	95
79826	95
79827	95
79828	95
79829	95
79830	95
79831	95
79832	95
79833	95
79834	95
79835	95
79836	95
79837	95
79838	95
79839	95
79840	95
79841	95
79842	95
79843	95
79844	95
79845	95
79846	95
79847	95
79848	95
79849	95
79850	95
79851	95
79852	95
79853	95
79854	95
79855	95
79856	95
79857	95
79858	95
79859	95
79860	95
79861	95
79862	95
79863	95
79864	95
79865	95
79866	95
79867	95
79868	95
79869	95
79870	95
79871	95
79872	95
79873	95
79874	95
79875	95
79876	95
79877	95
79878	95
79879	95
79880	95
79881	95
79882	95
79883	95
79884	95
79885	95
79886	95
79887	95
79888	95
79889	95
79890	95
79891	95
79892	95
79893	95
79894	95
79895	95
79896	95
79897	95
79898	95
79899	95
79900	95
79901	95
79902	95
79903	95
79904	95
79905	95
79906	95
79907	95
79908	95
79909	95
79910	95
79911	95
79912	95
79913	95
79914	95
79915	95
79916	95
79917	95
79918	95
79919	95
79920	95
79921	95
79922	95
79923	95
79924	95
79925	95
79926	95
79927	95
79928	95
79929	95
79930	95
79931	95
79932	95
79933	95
79934	95
79935	95
79936	95
79937	95
79938	95
79939	95
79940	95
79941	95
79942	95
79943	95
79944	95
79945	95
79946	95
79947	95
79948	95
79949	95
79950	95
79951	95
79952	95
79953	95
79954	95
79955	95
79956	95
79957	95
79958	95
79959	95
79960	95
79961	95
79962	95
79963	95
79964	95
79965	95
79966	95
79967	95
79968	96
79969	96
79970	96
79971	96
79972	96
79973	96
79974	96
79975	96
79976	96
79977	96
79978	96
79979	96
79980	96
79981	96
79982	96
79983	96
79984	96
79985	96
79986	96
79987	96
79988	96
79989	96
79990	96
79991	96
79992	96
79993	96
79994	96
79995	96
79996	96
79997	96
79998	96
79999	96
80000	96
80001	96
80002	96
80003	96
80004	96
80005	96
80006	96
80007	96
80008	96
80009	96
80010	96
80011	96
80012	96
80013	96
80014	96
80015	96
80016	96
80017	96
80018	96
80019	96
80020	96
80021	96
80022	96
80023	96
80024	96
80025	96
80026	96
80027	96
80028	96
80029	96
80030	96
80031	96
80032	96
80033	96
80034	96
80035	96
80036	96
80037	96
80038	96
80039	96
80040	96
80041	96
80042	96
80043	96
80044	96
80045	96
80046	96
80047	96
80048	96
80049	96
80050	96
80051	96
80052	96
80053	96
80054	96
80055	96
80056	96
80057	96
80058	96
80059	96
80060	96
80061	96
80062	96
80063	96
80064	96
80065	96
80066	96
80067	96
80068	96
80069	96
80070	96
80071	96
80072	96
80073	96
80074	96
80075	96
80076	96
80077	96
80078	96
80079	96
80080	96
80081	96
80082	96
80083	96
80084	96
80085	96
80086	96
80087	96
80088	96
80089	96
80090	96
80091	96
80092	96
80093	96
80094	96
80095	96
80096	96
80097	96
80098	96
80099	96
80100	96
80101	96
80102	96
80103	96
80104	96
80105	96
80106	96
80107	96
80108	96
80109	96
80110	96
80111	96
80112	96
80113	96
80114	96
80115	96
80116	96
80117	96
80118	96
80119	96
80120	96
80121	96
80122	96
80123	96
80124	96
80125	96
80126	96
80127	96
80128	96
80129	96
80130	96
80131	96
80132	96
80133	96
80134	96
80135	96
80136	96
80137	96
80138	96
80139	96
80140	96
80141	96
80142	96
80143	96
80144	96
80145	96
80146	96
80147	96
80148	96
80149	96
80150	96
80151	96
80152	96
80153	96
80154	96
80155	96
80156	96
80157	96
80158	96
80159	96
80160	96
80161	96
80162	96
80163	96
80164	96
80165	96
80166	96
80167	96
80168	96
80169	96
80170	96
80171	96
80172	96
80173	96
80174	96
80175	96
80176	96
80177	96
80178	96
80179	96
80180	96
80181	96
80182	96
80183	96
80184	96
80185	96
80186	96
80187	96
80188	96
80189	96
80190	96
80191	96
80192	96
80193	96
80194	96
80195	96
80196	96
80197	96
80198	96
80199	96
80200	96
80201	96
80202	96
80203	96
80204	96
80205	96
80206	96
80207	96
80208	96
80209	96
80210	96
80211	96
80212	96
80213	96
80214	96
80215	96
80216	96
80217	96
80218	96
80219	96
80220	96
80221	96
80222	96
80223	96
80224	96
80225	96
80226	96
80227	96
80228	96
80229	96
80230	96
80231	96
80232	96
80233	96
80234	96
80235	96
80236	96
80237	96
80238	96
80239	96
80240	96
80241	96
80242	96
80243	96
80244	96
80245	96
80246	96
80247	96
80248	96
80249	96
80250	96
80251	96
80252	96
80253	96
80254	96
80255	96
80256	96
80257	96
80258	96
80259	96
80260	96
80261	96
80262	96
80263	96
80264	96
80265	96
80266	96
80267	96
80268	96
80269	96
80270	96
80271	96
80272	96
80273	96
80274	96
80275	96
80276	96
80277	96
80278	96
80279	96
80280	96
80281	96
80282	96
80283	96
80284	96
80285	96
80286	96
80287	96
80288	96
80289	96
80290	96
80291	96
80292	96
80293	96
80294	96
80295	96
80296	96
80297	96
80298	96
80299	96
80300	96
80301	96
80302	96
80303	96
80304	96
80305	96
80306	96
80307	96
80308	96
80309	96
80310	96
80311	96
80312	96
80313	96
80314	96
80315	96
80316	96
80317	96
80318	96
80319	96
80320	96
80321	96
80322	96
80323	96
80324	96
80325	96
80326	96
80327	96
80328	96
80329	96
80330	96
80331	96
80332	96
80333	96
80334	96
80335	96
80336	96
80337	96
80338	96
80339	96
80340	96
80341	96
80342	96
80343	96
80344	96
80345	96
80346	96
80347	96
80348	96
80349	96
80350	96
80351	96
80352	96
80353	96
80354	96
80355	96
80356	96
80357	96
80358	96
80359	96
80360	96
80361	96
80362	96
80363	96
80364	96
80365	96
80366	96
80367	96
80368	96
80369	96
80370	96
80371	96
80372	96
80373	96
80374	96
80375	96
80376	96
80377	96
80378	96
80379	96
80380	96
80381	96
80382	96
80383	96
80384	96
80385	96
80386	96
80387	96
80388	96
80389	96
80390	96
80391	96
80392	96
80393	96
80394	96
80395	96
80396	96
80397	96
80398	96
80399	96
80400	96
80401	96
80402	96
80403	96
80404	96
80405	96
80406	96
80407	96
80408	96
80409	96
80410	96
80411	96
80412	96
80413	96
80414	96
80415	96
80416	96
80417	96
80418	96
80419	96
80420	96
80421	96
80422	96
80423	96
80424	96
80425	96
80426	96
80427	96
80428	96
80429	96
80430	96
80431	96
80432	96
80433	96
80434	96
80435	96
80436	96
80437	96
80438	96
80439	96
80440	96
80441	96
80442	96
80443	96
80444	96
80445	96
80446	96
80447	96
80448	96
80449	96
80450	96
80451	96
80452	96
80453	96
80454	96
80455	96
80456	96
80457	96
80458	96
80459	96
80460	96
80461	96
80462	96
80463	96
80464	96
80465	96
80466	96
80467	96
80468	96
80469	96
80470	96
80471	96
80472	96
80473	96
80474	96
80475	96
80476	96
80477	96
80478	96
80479	96
80480	96
80481	96
80482	96
80483	96
80484	96
80485	96
80486	96
80487	96
80488	96
80489	96
80490	96
80491	96
80492	96
80493	96
80494	96
80495	96
80496	96
80497	96
80498	96
80499	96
80500	96
80501	96
80502	96
80503	96
80504	96
80505	96
80506	96
80507	96
80508	96
80509	96
80510	96
80511	96
80512	96
80513	96
80514	96
80515	96
80516	96
80517	96
80518	96
80519	96
80520	96
80521	96
80522	96
80523	96
80524	96
80525	96
80526	96
80527	96
80528	96
80529	96
80530	96
80531	96
80532	96
80533	96
80534	96
80535	96
80536	96
80537	96
80538	96
80539	96
80540	96
80541	96
80542	96
80543	96
80544	96
80545	96
80546	96
80547	96
80548	96
80549	96
80550	96
80551	96
80552	96
80553	96
80554	96
80555	96
80556	96
80557	96
80558	96
80559	96
80560	96
80561	96
80562	96
80563	96
80564	96
80565	96
80566	96
80567	96
80568	96
80569	96
80570	96
80571	96
80572	96
80573	96
80574	96
80575	96
80576	96
80577	96
80578	96
80579	96
80580	96
80581	96
80582	96
80583	96
80584	96
80585	96
80586	96
80587	96
80588	96
80589	96
80590	96
80591	96
80592	96
80593	96
80594	96
80595	96
80596	96
80597	96
80598	96
80599	96
80600	96
80601	96
80602	96
80603	96
80604	96
80605	96
80606	96
80607	96
80608	96
80609	96
80610	96
80611	96
80612	96
80613	96
80614	96
80615	96
80616	96
80617	96
80618	96
80619	96
80620	96
80621	96
80622	96
80623	96
80624	96
80625	96
80626	96
80627	96
80628	96
80629	96
80630	96
80631	96
80632	96
80633	96
80634	96
80635	96
80636	96
80637	96
80638	96
80639	96
80640	96
80641	96
80642	96
80643	96
80644	96
80645	96
80646	96
80647	96
80648	96
80649	96
80650	96
80651	96
80652	96
80653	96
80654	96
80655	96
80656	96
80657	96
80658	96
80659	96
80660	96
80661	96
80662	96
80663	96
80664	96
80665	96
80666	96
80667	96
80668	96
80669	96
80670	96
80671	96
80672	96
80673	96
80674	96
80675	96
80676	96
80677	96
80678	96
80679	96
80680	96
80681	96
80682	96
80683	96
80684	96
80685	96
80686	96
80687	96
80688	96
80689	96
80690	96
80691	96
80692	96
80693	96
80694	96
80695	96
80696	96
80697	96
80698	96
80699	96
80700	96
80701	96
80702	96
80703	96
80704	96
80705	96
80706	96
80707	96
80708	96
80709	96
80710	96
80711	96
80712	96
80713	96
80714	96
80715	96
80716	96
80717	96
80718	96
80719	96
80720	96
80721	96
80722	96
80723	96
80724	96
80725	96
80726	96
80727	96
80728	96
80729	96
80730	96
80731	96
80732	96
80733	96
80734	96
80735	96
80736	96
80737	96
80738	96
80739	96
80740	96
80741	96
80742	96
80743	96
80744	96
80745	96
80746	96
80747	96
80748	96
80749	96
80750	96
80751	96
80752	96
80753	96
80754	96
80755	96
80756	96
80757	96
80758	96
80759	96
80760	96
80761	96
80762	96
80763	96
80764	96
80765	96
80766	96
80767	96
80768	96
80769	96
80770	96
80771	96
80772	96
80773	96
80774	96
80775	96
80776	96
80777	96
80778	96
80779	96
80780	96
80781	96
80782	96
80783	96
80784	96
80785	96
80786	96
80787	96
80788	96
80789	96
80790	96
80791	96
80792	96
80793	96
80794	96
80795	96
80796	96
80797	96
80798	96
80799	96
80800	96
80801	97
80802	97
80803	97
80804	97
80805	97
80806	97
80807	97
80808	97
80809	97
80810	97
80811	97
80812	97
80813	97
80814	97
80815	97
80816	97
80817	97
80818	97
80819	97
80820	97
80821	97
80822	97
80823	97
80824	97
80825	97
80826	97
80827	97
80828	97
80829	97
80830	97
80831	97
80832	97
80833	97
80834	97
80835	97
80836	97
80837	97
80838	97
80839	97
80840	97
80841	97
80842	97
80843	97
80844	97
80845	97
80846	97
80847	97
80848	97
80849	97
80850	97
80851	97
80852	97
80853	97
80854	97
80855	97
80856	97
80857	97
80858	97
80859	97
80860	97
80861	97
80862	97
80863	97
80864	97
80865	97
80866	97
80867	97
80868	97
80869	97
80870	97
80871	97
80872	97
80873	97
80874	97
80875	97
80876	97
80877	97
80878	97
80879	97
80880	97
80881	97
80882	97
80883	97
80884	97
80885	97
80886	97
80887	97
80888	97
80889	97
80890	97
80891	97
80892	97
80893	97
80894	97
80895	97
80896	97
80897	97
80898	97
80899	97
80900	97
80901	97
80902	97
80903	97
80904	97
80905	97
80906	97
80907	97
80908	97
80909	97
80910	97
80911	97
80912	97
80913	97
80914	97
80915	97
80916	97
80917	97
80918	97
80919	97
80920	97
80921	97
80922	97
80923	97
80924	97
80925	97
80926	97
80927	97
80928	97
80929	97
80930	97
80931	97
80932	97
80933	97
80934	97
80935	97
80936	97
80937	97
80938	97
80939	97
80940	97
80941	97
80942	97
80943	97
80944	97
80945	97
80946	97
80947	97
80948	97
80949	97
80950	97
80951	97
80952	97
80953	97
80954	97
80955	97
80956	97
80957	97
80958	97
80959	97
80960	97
80961	97
80962	97
80963	97
80964	97
80965	97
80966	97
80967	97
80968	97
80969	97
80970	97
80971	97
80972	97
80973	97
80974	97
80975	97
80976	97
80977	97
80978	97
80979	97
80980	97
80981	97
80982	97
80983	97
80984	97
80985	97
80986	97
80987	97
80988	97
80989	97
80990	97
80991	97
80992	97
80993	97
80994	97
80995	97
80996	97
80997	97
80998	97
80999	97
81000	97
81001	97
81002	97
81003	97
81004	97
81005	97
81006	97
81007	97
81008	97
81009	97
81010	97
81011	97
81012	97
81013	97
81014	97
81015	97
81016	97
81017	97
81018	97
81019	97
81020	97
81021	97
81022	97
81023	97
81024	97
81025	97
81026	97
81027	97
81028	97
81029	97
81030	97
81031	97
81032	97
81033	97
81034	97
81035	97
81036	97
81037	97
81038	97
81039	97
81040	97
81041	97
81042	97
81043	97
81044	97
81045	97
81046	97
81047	97
81048	97
81049	97
81050	97
81051	97
81052	97
81053	97
81054	97
81055	97
81056	97
81057	97
81058	97
81059	97
81060	97
81061	97
81062	97
81063	97
81064	97
81065	97
81066	97
81067	97
81068	97
81069	97
81070	97
81071	97
81072	97
81073	97
81074	97
81075	97
81076	97
81077	97
81078	97
81079	97
81080	97
81081	97
81082	97
81083	97
81084	97
81085	97
81086	97
81087	97
81088	97
81089	97
81090	97
81091	97
81092	97
81093	97
81094	97
81095	97
81096	97
81097	97
81098	97
81099	97
81100	97
81101	97
81102	97
81103	97
81104	97
81105	97
81106	97
81107	97
81108	97
81109	97
81110	97
81111	97
81112	97
81113	97
81114	97
81115	97
81116	97
81117	97
81118	97
81119	97
81120	97
81121	97
81122	97
81123	97
81124	97
81125	97
81126	97
81127	97
81128	97
81129	97
81130	97
81131	97
81132	97
81133	97
81134	97
81135	97
81136	97
81137	97
81138	97
81139	97
81140	97
81141	97
81142	97
81143	97
81144	97
81145	97
81146	97
81147	97
81148	97
81149	97
81150	97
81151	97
81152	97
81153	97
81154	97
81155	97
81156	97
81157	97
81158	97
81159	97
81160	97
81161	97
81162	97
81163	97
81164	97
81165	97
81166	97
81167	97
81168	97
81169	97
81170	97
81171	97
81172	97
81173	97
81174	97
81175	97
81176	97
81177	97
81178	97
81179	97
81180	97
81181	97
81182	97
81183	97
81184	97
81185	97
81186	97
81187	97
81188	97
81189	97
81190	97
81191	97
81192	97
81193	97
81194	97
81195	97
81196	97
81197	97
81198	97
81199	97
81200	97
81201	97
81202	97
81203	97
81204	97
81205	97
81206	97
81207	97
81208	97
81209	97
81210	97
81211	97
81212	97
81213	97
81214	97
81215	97
81216	97
81217	97
81218	97
81219	97
81220	97
81221	97
81222	97
81223	97
81224	97
81225	97
81226	97
81227	97
81228	97
81229	97
81230	97
81231	97
81232	97
81233	97
81234	97
81235	97
81236	97
81237	97
81238	97
81239	97
81240	97
81241	97
81242	97
81243	97
81244	97
81245	97
81246	97
81247	97
81248	97
81249	97
81250	97
81251	97
81252	97
81253	97
81254	97
81255	97
81256	97
81257	97
81258	97
81259	97
81260	97
81261	97
81262	97
81263	97
81264	97
81265	97
81266	97
81267	97
81268	97
81269	97
81270	97
81271	97
81272	97
81273	97
81274	97
81275	97
81276	97
81277	97
81278	97
81279	97
81280	97
81281	97
81282	97
81283	97
81284	97
81285	97
81286	97
81287	97
81288	97
81289	97
81290	97
81291	97
81292	97
81293	97
81294	97
81295	97
81296	97
81297	97
81298	97
81299	97
81300	97
81301	97
81302	97
81303	97
81304	97
81305	97
81306	97
81307	97
81308	97
81309	97
81310	97
81311	97
81312	97
81313	97
81314	97
81315	97
81316	97
81317	97
81318	97
81319	97
81320	97
81321	97
81322	97
81323	97
81324	97
81325	97
81326	97
81327	97
81328	97
81329	97
81330	97
81331	97
81332	97
81333	97
81334	97
81335	97
81336	97
81337	97
81338	97
81339	97
81340	97
81341	97
81342	97
81343	97
81344	97
81345	97
81346	97
81347	97
81348	97
81349	97
81350	97
81351	97
81352	97
81353	97
81354	97
81355	97
81356	97
81357	97
81358	97
81359	97
81360	97
81361	97
81362	97
81363	97
81364	97
81365	97
81366	97
81367	97
81368	97
81369	97
81370	97
81371	97
81372	97
81373	97
81374	97
81375	97
81376	97
81377	97
81378	97
81379	97
81380	97
81381	97
81382	97
81383	97
81384	97
81385	97
81386	97
81387	97
81388	97
81389	97
81390	97
81391	97
81392	97
81393	97
81394	97
81395	97
81396	97
81397	97
81398	97
81399	97
81400	97
81401	97
81402	97
81403	97
81404	97
81405	97
81406	97
81407	97
81408	97
81409	97
81410	97
81411	97
81412	97
81413	97
81414	97
81415	97
81416	97
81417	97
81418	97
81419	97
81420	97
81421	97
81422	97
81423	97
81424	97
81425	97
81426	97
81427	97
81428	97
81429	97
81430	97
81431	97
81432	97
81433	97
81434	97
81435	97
81436	97
81437	97
81438	97
81439	97
81440	97
81441	97
81442	97
81443	97
81444	97
81445	97
81446	97
81447	97
81448	97
81449	97
81450	97
81451	97
81452	97
81453	97
81454	97
81455	97
81456	97
81457	97
81458	97
81459	97
81460	97
81461	97
81462	97
81463	97
81464	97
81465	97
81466	97
81467	97
81468	97
81469	97
81470	97
81471	97
81472	97
81473	97
81474	97
81475	97
81476	97
81477	97
81478	97
81479	97
81480	97
81481	97
81482	97
81483	97
81484	97
81485	97
81486	97
81487	97
81488	97
81489	97
81490	97
81491	97
81492	97
81493	97
81494	97
81495	97
81496	97
81497	97
81498	97
81499	97
81500	97
81501	97
81502	97
81503	97
81504	97
81505	97
81506	97
81507	97
81508	97
81509	97
81510	97
81511	97
81512	97
81513	97
81514	97
81515	97
81516	97
81517	97
81518	97
81519	97
81520	97
81521	97
81522	97
81523	97
81524	97
81525	97
81526	97
81527	97
81528	97
81529	97
81530	97
81531	97
81532	97
81533	97
81534	97
81535	97
81536	97
81537	97
81538	97
81539	97
81540	97
81541	97
81542	97
81543	97
81544	97
81545	97
81546	97
81547	97
81548	97
81549	97
81550	97
81551	97
81552	97
81553	97
81554	97
81555	97
81556	97
81557	97
81558	97
81559	97
81560	97
81561	97
81562	97
81563	97
81564	97
81565	97
81566	97
81567	97
81568	97
81569	97
81570	97
81571	97
81572	97
81573	97
81574	97
81575	97
81576	97
81577	97
81578	97
81579	97
81580	97
81581	97
81582	97
81583	97
81584	97
81585	97
81586	97
81587	97
81588	97
81589	97
81590	97
81591	97
81592	97
81593	97
81594	97
81595	97
81596	97
81597	97
81598	97
81599	97
81600	97
81601	97
81602	97
81603	97
81604	97
81605	97
81606	97
81607	97
81608	97
81609	97
81610	97
81611	97
81612	97
81613	97
81614	97
81615	97
81616	97
81617	97
81618	97
81619	97
81620	97
81621	97
81622	97
81623	97
81624	97
81625	97
81626	97
81627	97
81628	97
81629	97
81630	97
81631	97
81632	97
81633	97
81634	98
81635	98
81636	98
81637	98
81638	98
81639	98
81640	98
81641	98
81642	98
81643	98
81644	98
81645	98
81646	98
81647	98
81648	98
81649	98
81650	98
81651	98
81652	98
81653	98
81654	98
81655	98
81656	98
81657	98
81658	98
81659	98
81660	98
81661	98
81662	98
81663	98
81664	98
81665	98
81666	98
81667	98
81668	98
81669	98
81670	98
81671	98
81672	98
81673	98
81674	98
81675	98
81676	98
81677	98
81678	98
81679	98
81680	98
81681	98
81682	98
81683	98
81684	98
81685	98
81686	98
81687	98
81688	98
81689	98
81690	98
81691	98
81692	98
81693	98
81694	98
81695	98
81696	98
81697	98
81698	98
81699	98
81700	98
81701	98
81702	98
81703	98
81704	98
81705	98
81706	98
81707	98
81708	98
81709	98
81710	98
81711	98
81712	98
81713	98
81714	98
81715	98
81716	98
81717	98
81718	98
81719	98
81720	98
81721	98
81722	98
81723	98
81724	98
81725	98
81726	98
81727	98
81728	98
81729	98
81730	98
81731	98
81732	98
81733	98
81734	98
81735	98
81736	98
81737	98
81738	98
81739	98
81740	98
81741	98
81742	98
81743	98
81744	98
81745	98
81746	98
81747	98
81748	98
81749	98
81750	98
81751	98
81752	98
81753	98
81754	98
81755	98
81756	98
81757	98
81758	98
81759	98
81760	98
81761	98
81762	98
81763	98
81764	98
81765	98
81766	98
81767	98
81768	98
81769	98
81770	98
81771	98
81772	98
81773	98
81774	98
81775	98
81776	98
81777	98
81778	98
81779	98
81780	98
81781	98
81782	98
81783	98
81784	98
81785	98
81786	98
81787	98
81788	98
81789	98
81790	98
81791	98
81792	98
81793	98
81794	98
81795	98
81796	98
81797	98
81798	98
81799	98
81800	98
81801	98
81802	98
81803	98
81804	98
81805	98
81806	98
81807	98
81808	98
81809	98
81810	98
81811	98
81812	98
81813	98
81814	98
81815	98
81816	98
81817	98
81818	98
81819	98
81820	98
81821	98
81822	98
81823	98
81824	98
81825	98
81826	98
81827	98
81828	98
81829	98
81830	98
81831	98
81832	98
81833	98
81834	98
81835	98
81836	98
81837	98
81838	98
81839	98
81840	98
81841	98
81842	98
81843	98
81844	98
81845	98
81846	98
81847	98
81848	98
81849	98
81850	98
81851	98
81852	98
81853	98
81854	98
81855	98
81856	98
81857	98
81858	98
81859	98
81860	98
81861	98
81862	98
81863	98
81864	98
81865	98
81866	98
81867	98
81868	98
81869	98
81870	98
81871	98
81872	98
81873	98
81874	98
81875	98
81876	98
81877	98
81878	98
81879	98
81880	98
81881	98
81882	98
81883	98
81884	98
81885	98
81886	98
81887	98
81888	98
81889	98
81890	98
81891	98
81892	98
81893	98
81894	98
81895	98
81896	98
81897	98
81898	98
81899	98
81900	98
81901	98
81902	98
81903	98
81904	98
81905	98
81906	98
81907	98
81908	98
81909	98
81910	98
81911	98
81912	98
81913	98
81914	98
81915	98
81916	98
81917	98
81918	98
81919	98
81920	98
81921	98
81922	98
81923	98
81924	98
81925	98
81926	98
81927	98
81928	98
81929	98
81930	98
81931	98
81932	98
81933	98
81934	98
81935	98
81936	98
81937	98
81938	98
81939	98
81940	98
81941	98
81942	98
81943	98
81944	98
81945	98
81946	98
81947	98
81948	98
81949	98
81950	98
81951	98
81952	98
81953	98
81954	98
81955	98
81956	98
81957	98
81958	98
81959	98
81960	98
81961	98
81962	98
81963	98
81964	98
81965	98
81966	98
81967	98
81968	98
81969	98
81970	98
81971	98
81972	98
81973	98
81974	98
81975	98
81976	98
81977	98
81978	98
81979	98
81980	98
81981	98
81982	98
81983	98
81984	98
81985	98
81986	98
81987	98
81988	98
81989	98
81990	98
81991	98
81992	98
81993	98
81994	98
81995	98
81996	98
81997	98
81998	98
81999	98
82000	98
82001	98
82002	98
82003	98
82004	98
82005	98
82006	98
82007	98
82008	98
82009	98
82010	98
82011	98
82012	98
82013	98
82014	98
82015	98
82016	98
82017	98
82018	98
82019	98
82020	98
82021	98
82022	98
82023	98
82024	98
82025	98
82026	98
82027	98
82028	98
82029	98
82030	98
82031	98
82032	98
82033	98
82034	98
82035	98
82036	98
82037	98
82038	98
82039	98
82040	98
82041	98
82042	98
82043	98
82044	98
82045	98
82046	98
82047	98
82048	98
82049	98
82050	98
82051	98
82052	98
82053	98
82054	98
82055	98
82056	98
82057	98
82058	98
82059	98
82060	98
82061	98
82062	98
82063	98
82064	98
82065	98
82066	98
82067	98
82068	98
82069	98
82070	98
82071	98
82072	98
82073	98
82074	98
82075	98
82076	98
82077	98
82078	98
82079	98
82080	98
82081	98
82082	98
82083	98
82084	98
82085	98
82086	98
82087	98
82088	98
82089	98
82090	98
82091	98
82092	98
82093	98
82094	98
82095	98
82096	98
82097	98
82098	98
82099	98
82100	98
82101	98
82102	98
82103	98
82104	98
82105	98
82106	98
82107	98
82108	98
82109	98
82110	98
82111	98
82112	98
82113	98
82114	98
82115	98
82116	98
82117	98
82118	98
82119	98
82120	98
82121	98
82122	98
82123	98
82124	98
82125	98
82126	98
82127	98
82128	98
82129	98
82130	98
82131	98
82132	98
82133	98
82134	98
82135	98
82136	98
82137	98
82138	98
82139	98
82140	98
82141	98
82142	98
82143	98
82144	98
82145	98
82146	98
82147	98
82148	98
82149	98
82150	98
82151	98
82152	98
82153	98
82154	98
82155	98
82156	98
82157	98
82158	98
82159	98
82160	98
82161	98
82162	98
82163	98
82164	98
82165	98
82166	98
82167	98
82168	98
82169	98
82170	98
82171	98
82172	98
82173	98
82174	98
82175	98
82176	98
82177	98
82178	98
82179	98
82180	98
82181	98
82182	98
82183	98
82184	98
82185	98
82186	98
82187	98
82188	98
82189	98
82190	98
82191	98
82192	98
82193	98
82194	98
82195	98
82196	98
82197	98
82198	98
82199	98
82200	98
82201	98
82202	98
82203	98
82204	98
82205	98
82206	98
82207	98
82208	98
82209	98
82210	98
82211	98
82212	98
82213	98
82214	98
82215	98
82216	98
82217	98
82218	98
82219	98
82220	98
82221	98
82222	98
82223	98
82224	98
82225	98
82226	98
82227	98
82228	98
82229	98
82230	98
82231	98
82232	98
82233	98
82234	98
82235	98
82236	98
82237	98
82238	98
82239	98
82240	98
82241	98
82242	98
82243	98
82244	98
82245	98
82246	98
82247	98
82248	98
82249	98
82250	98
82251	98
82252	98
82253	98
82254	98
82255	98
82256	98
82257	98
82258	98
82259	98
82260	98
82261	98
82262	98
82263	98
82264	98
82265	98
82266	98
82267	98
82268	98
82269	98
82270	98
82271	98
82272	98
82273	98
82274	98
82275	98
82276	98
82277	98
82278	98
82279	98
82280	98
82281	98
82282	98
82283	98
82284	98
82285	98
82286	98
82287	98
82288	98
82289	98
82290	98
82291	98
82292	98
82293	98
82294	98
82295	98
82296	98
82297	98
82298	98
82299	98
82300	98
82301	98
82302	98
82303	98
82304	98
82305	98
82306	98
82307	98
82308	98
82309	98
82310	98
82311	98
82312	98
82313	98
82314	98
82315	98
82316	98
82317	98
82318	98
82319	98
82320	98
82321	98
82322	98
82323	98
82324	98
82325	98
82326	98
82327	98
82328	98
82329	98
82330	98
82331	98
82332	98
82333	98
82334	98
82335	98
82336	98
82337	98
82338	98
82339	98
82340	98
82341	98
82342	98
82343	98
82344	98
82345	98
82346	98
82347	98
82348	98
82349	98
82350	98
82351	98
82352	98
82353	98
82354	98
82355	98
82356	98
82357	98
82358	98
82359	98
82360	98
82361	98
82362	98
82363	98
82364	98
82365	98
82366	98
82367	98
82368	98
82369	98
82370	98
82371	98
82372	98
82373	98
82374	98
82375	98
82376	98
82377	98
82378	98
82379	98
82380	98
82381	98
82382	98
82383	98
82384	98
82385	98
82386	98
82387	98
82388	98
82389	98
82390	98
82391	98
82392	98
82393	98
82394	98
82395	98
82396	98
82397	98
82398	98
82399	98
82400	98
82401	98
82402	98
82403	98
82404	98
82405	98
82406	98
82407	98
82408	98
82409	98
82410	98
82411	98
82412	98
82413	98
82414	98
82415	98
82416	98
82417	98
82418	98
82419	98
82420	98
82421	98
82422	98
82423	98
82424	98
82425	98
82426	98
82427	98
82428	98
82429	98
82430	98
82431	98
82432	98
82433	98
82434	98
82435	98
82436	98
82437	98
82438	98
82439	98
82440	98
82441	98
82442	98
82443	98
82444	98
82445	98
82446	98
82447	98
82448	98
82449	98
82450	98
82451	98
82452	98
82453	98
82454	98
82455	98
82456	98
82457	98
82458	98
82459	98
82460	98
82461	98
82462	98
82463	98
82464	98
82465	98
82466	98
82467	99
82468	99
82469	99
82470	99
82471	99
82472	99
82473	99
82474	99
82475	99
82476	99
82477	99
82478	99
82479	99
82480	99
82481	99
82482	99
82483	99
82484	99
82485	99
82486	99
82487	99
82488	99
82489	99
82490	99
82491	99
82492	99
82493	99
82494	99
82495	99
82496	99
82497	99
82498	99
82499	99
82500	99
82501	99
82502	99
82503	99
82504	99
82505	99
82506	99
82507	99
82508	99
82509	99
82510	99
82511	99
82512	99
82513	99
82514	99
82515	99
82516	99
82517	99
82518	99
82519	99
82520	99
82521	99
82522	99
82523	99
82524	99
82525	99
82526	99
82527	99
82528	99
82529	99
82530	99
82531	99
82532	99
82533	99
82534	99
82535	99
82536	99
82537	99
82538	99
82539	99
82540	99
82541	99
82542	99
82543	99
82544	99
82545	99
82546	99
82547	99
82548	99
82549	99
82550	99
82551	99
82552	99
82553	99
82554	99
82555	99
82556	99
82557	99
82558	99
82559	99
82560	99
82561	99
82562	99
82563	99
82564	99
82565	99
82566	99
82567	99
82568	99
82569	99
82570	99
82571	99
82572	99
82573	99
82574	99
82575	99
82576	99
82577	99
82578	99
82579	99
82580	99
82581	99
82582	99
82583	99
82584	99
82585	99
82586	99
82587	99
82588	99
82589	99
82590	99
82591	99
82592	99
82593	99
82594	99
82595	99
82596	99
82597	99
82598	99
82599	99
82600	99
82601	99
82602	99
82603	99
82604	99
82605	99
82606	99
82607	99
82608	99
82609	99
82610	99
82611	99
82612	99
82613	99
82614	99
82615	99
82616	99
82617	99
82618	99
82619	99
82620	99
82621	99
82622	99
82623	99
82624	99
82625	99
82626	99
82627	99
82628	99
82629	99
82630	99
82631	99
82632	99
82633	99
82634	99
82635	99
82636	99
82637	99
82638	99
82639	99
82640	99
82641	99
82642	99
82643	99
82644	99
82645	99
82646	99
82647	99
82648	99
82649	99
82650	99
82651	99
82652	99
82653	99
82654	99
82655	99
82656	99
82657	99
82658	99
82659	99
82660	99
82661	99
82662	99
82663	99
82664	99
82665	99
82666	99
82667	99
82668	99
82669	99
82670	99
82671	99
82672	99
82673	99
82674	99
82675	99
82676	99
82677	99
82678	99
82679	99
82680	99
82681	99
82682	99
82683	99
82684	99
82685	99
82686	99
82687	99
82688	99
82689	99
82690	99
82691	99
82692	99
82693	99
82694	99
82695	99
82696	99
82697	99
82698	99
82699	99
82700	99
82701	99
82702	99
82703	99
82704	99
82705	99
82706	99
82707	99
82708	99
82709	99
82710	99
82711	99
82712	99
82713	99
82714	99
82715	99
82716	99
82717	99
82718	99
82719	99
82720	99
82721	99
82722	99
82723	99
82724	99
82725	99
82726	99
82727	99
82728	99
82729	99
82730	99
82731	99
82732	99
82733	99
82734	99
82735	99
82736	99
82737	99
82738	99
82739	99
82740	99
82741	99
82742	99
82743	99
82744	99
82745	99
82746	99
82747	99
82748	99
82749	99
82750	99
82751	99
82752	99
82753	99
82754	99
82755	99
82756	99
82757	99
82758	99
82759	99
82760	99
82761	99
82762	99
82763	99
82764	99
82765	99
82766	99
82767	99
82768	99
82769	99
82770	99
82771	99
82772	99
82773	99
82774	99
82775	99
82776	99
82777	99
82778	99
82779	99
82780	99
82781	99
82782	99
82783	99
82784	99
82785	99
82786	99
82787	99
82788	99
82789	99
82790	99
82791	99
82792	99
82793	99
82794	99
82795	99
82796	99
82797	99
82798	99
82799	99
82800	99
82801	99
82802	99
82803	99
82804	99
82805	99
82806	99
82807	99
82808	99
82809	99
82810	99
82811	99
82812	99
82813	99
82814	99
82815	99
82816	99
82817	99
82818	99
82819	99
82820	99
82821	99
82822	99
82823	99
82824	99
82825	99
82826	99
82827	99
82828	99
82829	99
82830	99
82831	99
82832	99
82833	99
82834	99
82835	99
82836	99
82837	99
82838	99
82839	99
82840	99
82841	99
82842	99
82843	99
82844	99
82845	99
82846	99
82847	99
82848	99
82849	99
82850	99
82851	99
82852	99
82853	99
82854	99
82855	99
82856	99
82857	99
82858	99
82859	99
82860	99
82861	99
82862	99
82863	99
82864	99
82865	99
82866	99
82867	99
82868	99
82869	99
82870	99
82871	99
82872	99
82873	99
82874	99
82875	99
82876	99
82877	99
82878	99
82879	99
82880	99
82881	99
82882	99
82883	99
82884	99
82885	99
82886	99
82887	99
82888	99
82889	99
82890	99
82891	99
82892	99
82893	99
82894	99
82895	99
82896	99
82897	99
82898	99
82899	99
82900	99
82901	99
82902	99
82903	99
82904	99
82905	99
82906	99
82907	99
82908	99
82909	99
82910	99
82911	99
82912	99
82913	99
82914	99
82915	99
82916	99
82917	99
82918	99
82919	99
82920	99
82921	99
82922	99
82923	99
82924	99
82925	99
82926	99
82927	99
82928	99
82929	99
82930	99
82931	99
82932	99
82933	99
82934	99
82935	99
82936	99
82937	99
82938	99
82939	99
82940	99
82941	99
82942	99
82943	99
82944	99
82945	99
82946	99
82947	99
82948	99
82949	99
82950	99
82951	99
82952	99
82953	99
82954	99
82955	99
82956	99
82957	99
82958	99
82959	99
82960	99
82961	99
82962	99
82963	99
82964	99
82965	99
82966	99
82967	99
82968	99
82969	99
82970	99
82971	99
82972	99
82973	99
82974	99
82975	99
82976	99
82977	99
82978	99
82979	99
82980	99
82981	99
82982	99
82983	99
82984	99
82985	99
82986	99
82987	99
82988	99
82989	99
82990	99
82991	99
82992	99
82993	99
82994	99
82995	99
82996	99
82997	99
82998	99
82999	99
83000	99
83001	99
83002	99
83003	99
83004	99
83005	99
83006	99
83007	99
83008	99
83009	99
83010	99
83011	99
83012	99
83013	99
83014	99
83015	99
83016	99
83017	99
83018	99
83019	99
83020	99
83021	99
83022	99
83023	99
83024	99
83025	99
83026	99
83027	99
83028	99
83029	99
83030	99
83031	99
83032	99
83033	99
83034	99
83035	99
83036	99
83037	99
83038	99
83039	99
83040	99
83041	99
83042	99
83043	99
83044	99
83045	99
83046	99
83047	99
83048	99
83049	99
83050	99
83051	99
83052	99
83053	99
83054	99
83055	99
83056	99
83057	99
83058	99
83059	99
83060	99
83061	99
83062	99
83063	99
83064	99
83065	99
83066	99
83067	99
83068	99
83069	99
83070	99
83071	99
83072	99
83073	99
83074	99
83075	99
83076	99
83077	99
83078	99
83079	99
83080	99
83081	99
83082	99
83083	99
83084	99
83085	99
83086	99
83087	99
83088	99
83089	99
83090	99
83091	99
83092	99
83093	99
83094	99
83095	99
83096	99
83097	99
83098	99
83099	99
83100	99
83101	99
83102	99
83103	99
83104	99
83105	99
83106	99
83107	99
83108	99
83109	99
83110	99
83111	99
83112	99
83113	99
83114	99
83115	99
83116	99
83117	99
83118	99
83119	99
83120	99
83121	99
83122	99
83123	99
83124	99
83125	99
83126	99
83127	99
83128	99
83129	99
83130	99
83131	99
83132	99
83133	99
83134	99
83135	99
83136	99
83137	99
83138	99
83139	99
83140	99
83141	99
83142	99
83143	99
83144	99
83145	99
83146	99
83147	99
83148	99
83149	99
83150	99
83151	99
83152	99
83153	99
83154	99
83155	99
83156	99
83157	99
83158	99
83159	99
83160	99
83161	99
83162	99
83163	99
83164	99
83165	99
83166	99
83167	99
83168	99
83169	99
83170	99
83171	99
83172	99
83173	99
83174	99
83175	99
83176	99
83177	99
83178	99
83179	99
83180	99
83181	99
83182	99
83183	99
83184	99
83185	99
83186	99
83187	99
83188	99
83189	99
83190	99
83191	99
83192	99
83193	99
83194	99
83195	99
83196	99
83197	99
83198	99
83199	99
83200	99
83201	99
83202	99
83203	99
83204	99
83205	99
83206	99
83207	99
83208	99
83209	99
83210	99
83211	99
83212	99
83213	99
83214	99
83215	99
83216	99
83217	99
83218	99
83219	99
83220	99
83221	99
83222	99
83223	99
83224	99
83225	99
83226	99
83227	99
83228	99
83229	99
83230	99
83231	99
83232	99
83233	99
83234	99
83235	99
83236	99
83237	99
83238	99
83239	99
83240	99
83241	99
83242	99
83243	99
83244	99
83245	99
83246	99
83247	99
83248	99
83249	99
83250	99
83251	99
83252	99
83253	99
83254	99
83255	99
83256	99
83257	99
83258	99
83259	99
83260	99
83261	99
83262	99
83263	99
83264	99
83265	99
83266	99
83267	99
83268	99
83269	99
83270	99
83271	99
83272	99
83273	99
83274	99
83275	99
83276	99
83277	99
83278	99
83279	99
83280	99
83281	99
83282	99
83283	99
83284	99
83285	99
83286	99
83287	99
83288	99
83289	99
83290	99
83291	99
83292	99
83293	99
83294	99
83295	99
83296	99
83297	99
83298	99
83299	99
83300	100
83301	100
83302	100
83303	100
83304	100
83305	100
83306	100
83307	100
83308	100
83309	100
83310	100
83311	100
83312	100
83313	100
83314	100
83315	100
83316	100
83317	100
83318	100
83319	100
83320	100
83321	100
83322	100
83323	100
83324	100
83325	100
83326	100
83327	100
83328	100
83329	100
83330	100
83331	100
83332	100
83333	100
83334	100
83335	100
83336	100
83337	100
83338	100
83339	100
83340	100
83341	100
83342	100
83343	100
83344	100
83345	100
83346	100
83347	100
83348	100
83349	100
83350	100
83351	100
83352	100
83353	100
83354	100
83355	100
83356	100
83357	100
83358	100
83359	100
83360	100
83361	100
83362	100
83363	100
83364	100
83365	100
83366	100
83367	100
83368	100
83369	100
83370	100
83371	100
83372	100
83373	100
83374	100
83375	100
83376	100
83377	100
83378	100
83379	100
83380	100
83381	100
83382	100
83383	100
83384	100
83385	100
83386	100
83387	100
83388	100
83389	100
83390	100
83391	100
83392	100
83393	100
83394	100
83395	100
83396	100
83397	100
83398	100
83399	100
83400	100
83401	100
83402	100
83403	100
83404	100
83405	100
83406	100
83407	100
83408	100
83409	100
83410	100
83411	100
83412	100
83413	100
83414	100
83415	100
83416	100
83417	100
83418	100
83419	100
83420	100
83421	100
83422	100
83423	100
83424	100
83425	100
83426	100
83427	100
83428	100
83429	100
83430	100
83431	100
83432	100
83433	100
83434	100
83435	100
83436	100
83437	100
83438	100
83439	100
83440	100
83441	100
83442	100
83443	100
83444	100
83445	100
83446	100
83447	100
83448	100
83449	100
83450	100
83451	100
83452	100
83453	100
83454	100
83455	100
83456	100
83457	100
83458	100
83459	100
83460	100
83461	100
83462	100
83463	100
83464	100
83465	100
83466	100
83467	100
83468	100
83469	100
83470	100
83471	100
83472	100
83473	100
83474	100
83475	100
83476	100
83477	100
83478	100
83479	100
83480	100
83481	100
83482	100
83483	100
83484	100
83485	100
83486	100
83487	100
83488	100
83489	100
83490	100
83491	100
83492	100
83493	100
83494	100
83495	100
83496	100
83497	100
83498	100
83499	100
83500	100
83501	100
83502	100
83503	100
83504	100
83505	100
83506	100
83507	100
83508	100
83509	100
83510	100
83511	100
83512	100
83513	100
83514	100
83515	100
83516	100
83517	100
83518	100
83519	100
83520	100
83521	100
83522	100
83523	100
83524	100
83525	100
83526	100
83527	100
83528	100
83529	100
83530	100
83531	100
83532	100
83533	100
83534	100
83535	100
83536	100
83537	100
83538	100
83539	100
83540	100
83541	100
83542	100
83543	100
83544	100
83545	100
83546	100
83547	100
83548	100
83549	100
83550	100
83551	100
83552	100
83553	100
83554	100
83555	100
83556	100
83557	100
83558	100
83559	100
83560	100
83561	100
83562	100
83563	100
83564	100
83565	100
83566	100
83567	100
83568	100
83569	100
83570	100
83571	100
83572	100
83573	100
83574	100
83575	100
83576	100
83577	100
83578	100
83579	100
83580	100
83581	100
83582	100
83583	100
83584	100
83585	100
83586	100
83587	100
83588	100
83589	100
83590	100
83591	100
83592	100
83593	100
83594	100
83595	100
83596	100
83597	100
83598	100
83599	100
83600	100
83601	100
83602	100
83603	100
83604	100
83605	100
83606	100
83607	100
83608	100
83609	100
83610	100
83611	100
83612	100
83613	100
83614	100
83615	100
83616	100
83617	100
83618	100
83619	100
83620	100
83621	100
83622	100
83623	100
83624	100
83625	100
83626	100
83627	100
83628	100
83629	100
83630	100
83631	100
83632	100
83633	100
83634	100
83635	100
83636	100
83637	100
83638	100
83639	100
83640	100
83641	100
83642	100
83643	100
83644	100
83645	100
83646	100
83647	100
83648	100
83649	100
83650	100
83651	100
83652	100
83653	100
83654	100
83655	100
83656	100
83657	100
83658	100
83659	100
83660	100
83661	100
83662	100
83663	100
83664	100
83665	100
83666	100
83667	100
83668	100
83669	100
83670	100
83671	100
83672	100
83673	100
83674	100
83675	100
83676	100
83677	100
83678	100
83679	100
83680	100
83681	100
83682	100
83683	100
83684	100
83685	100
83686	100
83687	100
83688	100
83689	100
83690	100
83691	100
83692	100
83693	100
83694	100
83695	100
83696	100
83697	100
83698	100
83699	100
83700	100
83701	100
83702	100
83703	100
83704	100
83705	100
83706	100
83707	100
83708	100
83709	100
83710	100
83711	100
83712	100
83713	100
83714	100
83715	100
83716	100
83717	100
83718	100
83719	100
83720	100
83721	100
83722	100
83723	100
83724	100
83725	100
83726	100
83727	100
83728	100
83729	100
83730	100
83731	100
83732	100
83733	100
83734	100
83735	100
83736	100
83737	100
83738	100
83739	100
83740	100
83741	100
83742	100
83743	100
83744	100
83745	100
83746	100
83747	100
83748	100
83749	100
83750	100
83751	100
83752	100
83753	100
83754	100
83755	100
83756	100
83757	100
83758	100
83759	100
83760	100
83761	100
83762	100
83763	100
83764	100
83765	100
83766	100
83767	100
83768	100
83769	100
83770	100
83771	100
83772	100
83773	100
83774	100
83775	100
83776	100
83777	100
83778	100
83779	100
83780	100
83781	100
83782	100
83783	100
83784	100
83785	100
83786	100
83787	100
83788	100
83789	100
83790	100
83791	100
83792	100
83793	100
83794	100
83795	100
83796	100
83797	100
83798	100
83799	100
83800	100
83801	100
83802	100
83803	100
83804	100
83805	100
83806	100
83807	100
83808	100
83809	100
83810	100
83811	100
83812	100
83813	100
83814	100
83815	100
83816	100
83817	100
83818	100
83819	100
83820	100
83821	100
83822	100
83823	100
83824	100
83825	100
83826	100
83827	100
83828	100
83829	100
83830	100
83831	100
83832	100
83833	100
83834	100
83835	100
83836	100
83837	100
83838	100
83839	100
83840	100
83841	100
83842	100
83843	100
83844	100
83845	100
83846	100
83847	100
83848	100
83849	100
83850	100
83851	100
83852	100
83853	100
83854	100
83855	100
83856	100
83857	100
83858	100
83859	100
83860	100
83861	100
83862	100
83863	100
83864	100
83865	100
83866	100
83867	100
83868	100
83869	100
83870	100
83871	100
83872	100
83873	100
83874	100
83875	100
83876	100
83877	100
83878	100
83879	100
83880	100
83881	100
83882	100
83883	100
83884	100
83885	100
83886	100
83887	100
83888	100
83889	100
83890	100
83891	100
83892	100
83893	100
83894	100
83895	100
83896	100
83897	100
83898	100
83899	100
83900	100
83901	100
83902	100
83903	100
83904	100
83905	100
83906	100
83907	100
83908	100
83909	100
83910	100
83911	100
83912	100
83913	100
83914	100
83915	100
83916	100
83917	100
83918	100
83919	100
83920	100
83921	100
83922	100
83923	100
83924	100
83925	100
83926	100
83927	100
83928	100
83929	100
83930	100
83931	100
83932	100
83933	100
83934	100
83935	100
83936	100
83937	100
83938	100
83939	100
83940	100
83941	100
83942	100
83943	100
83944	100
83945	100
83946	100
83947	100
83948	100
83949	100
83950	100
83951	100
83952	100
83953	100
83954	100
83955	100
83956	100
83957	100
83958	100
83959	100
83960	100
83961	100
83962	100
83963	100
83964	100
83965	100
83966	100
83967	100
83968	100
83969	100
83970	100
83971	100
83972	100
83973	100
83974	100
83975	100
83976	100
83977	100
83978	100
83979	100
83980	100
83981	100
83982	100
83983	100
83984	100
83985	100
83986	100
83987	100
83988	100
83989	100
83990	100
83991	100
83992	100
83993	100
83994	100
83995	100
83996	100
83997	100
83998	100
83999	100
84000	100
84001	100
84002	100
84003	100
84004	100
84005	100
84006	100
84007	100
84008	100
84009	100
84010	100
84011	100
84012	100
84013	100
84014	100
84015	100
84016	100
84017	100
84018	100
84019	100
84020	100
84021	100
84022	100
84023	100
84024	100
84025	100
84026	100
84027	100
84028	100
84029	100
84030	100
84031	100
84032	100
84033	100
84034	100
84035	100
84036	100
84037	100
84038	100
84039	100
84040	100
84041	100
84042	100
84043	100
84044	100
84045	100
84046	100
84047	100
84048	100
84049	100
84050	100
84051	100
84052	100
84053	100
84054	100
84055	100
84056	100
84057	100
84058	100
84059	100
84060	100
84061	100
84062	100
84063	100
84064	100
84065	100
84066	100
84067	100
84068	100
84069	100
84070	100
84071	100
84072	100
84073	100
84074	100
84075	100
84076	100
84077	100
84078	100
84079	100
84080	100
84081	100
84082	100
84083	100
84084	100
84085	100
84086	100
84087	100
84088	100
84089	100
84090	100
84091	100
84092	100
84093	100
84094	100
84095	100
84096	100
84097	100
84098	100
84099	100
84100	100
84101	100
84102	100
84103	100
84104	100
84105	100
84106	100
84107	100
84108	100
84109	100
84110	100
84111	100
84112	100
84113	100
84114	100
84115	100
84116	100
84117	100
84118	100
84119	100
84120	100
84121	100
84122	100
84123	100
84124	100
84125	100
84126	100
84127	100
84128	100
84129	100
84130	100
84131	100
84132	100
84133	101
84134	101
84135	101
84136	101
84137	101
84138	101
84139	101
84140	101
84141	101
84142	101
84143	101
84144	101
84145	101
84146	101
84147	101
84148	101
84149	101
84150	101
84151	101
84152	101
84153	101
84154	101
84155	101
84156	101
84157	101
84158	101
84159	101
84160	101
84161	101
84162	101
84163	101
84164	101
84165	101
84166	101
84167	101
84168	101
84169	101
84170	101
84171	101
84172	101
84173	101
84174	101
84175	101
84176	101
84177	101
84178	101
84179	101
84180	101
84181	101
84182	101
84183	101
84184	101
84185	101
84186	101
84187	101
84188	101
84189	101
84190	101
84191	101
84192	101
84193	101
84194	101
84195	101
84196	101
84197	101
84198	101
84199	101
84200	101
84201	101
84202	101
84203	101
84204	101
84205	101
84206	101
84207	101
84208	101
84209	101
84210	101
84211	101
84212	101
84213	101
84214	101
84215	101
84216	101
84217	101
84218	101
84219	101
84220	101
84221	101
84222	101
84223	101
84224	101
84225	101
84226	101
84227	101
84228	101
84229	101
84230	101
84231	101
84232	101
84233	101
84234	101
84235	101
84236	101
84237	101
84238	101
84239	101
84240	101
84241	101
84242	101
84243	101
84244	101
84245	101
84246	101
84247	101
84248	101
84249	101
84250	101
84251	101
84252	101
84253	101
84254	101
84255	101
84256	101
84257	101
84258	101
84259	101
84260	101
84261	101
84262	101
84263	101
84264	101
84265	101
84266	101
84267	101
84268	101
84269	101
84270	101
84271	101
84272	101
84273	101
84274	101
84275	101
84276	101
84277	101
84278	101
84279	101
84280	101
84281	101
84282	101
84283	101
84284	101
84285	101
84286	101
84287	101
84288	101
84289	101
84290	101
84291	101
84292	101
84293	101
84294	101
84295	101
84296	101
84297	101
84298	101
84299	101
84300	101
84301	101
84302	101
84303	101
84304	101
84305	101
84306	101
84307	101
84308	101
84309	101
84310	101
84311	101
84312	101
84313	101
84314	101
84315	101
84316	101
84317	101
84318	101
84319	101
84320	101
84321	101
84322	101
84323	101
84324	101
84325	101
84326	101
84327	101
84328	101
84329	101
84330	101
84331	101
84332	101
84333	101
84334	101
84335	101
84336	101
84337	101
84338	101
84339	101
84340	101
84341	101
84342	101
84343	101
84344	101
84345	101
84346	101
84347	101
84348	101
84349	101
84350	101
84351	101
84352	101
84353	101
84354	101
84355	101
84356	101
84357	101
84358	101
84359	101
84360	101
84361	101
84362	101
84363	101
84364	101
84365	101
84366	101
84367	101
84368	101
84369	101
84370	101
84371	101
84372	101
84373	101
84374	101
84375	101
84376	101
84377	101
84378	101
84379	101
84380	101
84381	101
84382	101
84383	101
84384	101
84385	101
84386	101
84387	101
84388	101
84389	101
84390	101
84391	101
84392	101
84393	101
84394	101
84395	101
84396	101
84397	101
84398	101
84399	101
84400	101
84401	101
84402	101
84403	101
84404	101
84405	101
84406	101
84407	101
84408	101
84409	101
84410	101
84411	101
84412	101
84413	101
84414	101
84415	101
84416	101
84417	101
84418	101
84419	101
84420	101
84421	101
84422	101
84423	101
84424	101
84425	101
84426	101
84427	101
84428	101
84429	101
84430	101
84431	101
84432	101
84433	101
84434	101
84435	101
84436	101
84437	101
84438	101
84439	101
84440	101
84441	101
84442	101
84443	101
84444	101
84445	101
84446	101
84447	101
84448	101
84449	101
84450	101
84451	101
84452	101
84453	101
84454	101
84455	101
84456	101
84457	101
84458	101
84459	101
84460	101
84461	101
84462	101
84463	101
84464	101
84465	101
84466	101
84467	101
84468	101
84469	101
84470	101
84471	101
84472	101
84473	101
84474	101
84475	101
84476	101
84477	101
84478	101
84479	101
84480	101
84481	101
84482	101
84483	101
84484	101
84485	101
84486	101
84487	101
84488	101
84489	101
84490	101
84491	101
84492	101
84493	101
84494	101
84495	101
84496	101
84497	101
84498	101
84499	101
84500	101
84501	101
84502	101
84503	101
84504	101
84505	101
84506	101
84507	101
84508	101
84509	101
84510	101
84511	101
84512	101
84513	101
84514	101
84515	101
84516	101
84517	101
84518	101
84519	101
84520	101
84521	101
84522	101
84523	101
84524	101
84525	101
84526	101
84527	101
84528	101
84529	101
84530	101
84531	101
84532	101
84533	101
84534	101
84535	101
84536	101
84537	101
84538	101
84539	101
84540	101
84541	101
84542	101
84543	101
84544	101
84545	101
84546	101
84547	101
84548	101
84549	101
84550	101
84551	101
84552	101
84553	101
84554	101
84555	101
84556	101
84557	101
84558	101
84559	101
84560	101
84561	101
84562	101
84563	101
84564	101
84565	101
84566	101
84567	101
84568	101
84569	101
84570	101
84571	101
84572	101
84573	101
84574	101
84575	101
84576	101
84577	101
84578	101
84579	101
84580	101
84581	101
84582	101
84583	101
84584	101
84585	101
84586	101
84587	101
84588	101
84589	101
84590	101
84591	101
84592	101
84593	101
84594	101
84595	101
84596	101
84597	101
84598	101
84599	101
84600	101
84601	101
84602	101
84603	101
84604	101
84605	101
84606	101
84607	101
84608	101
84609	101
84610	101
84611	101
84612	101
84613	101
84614	101
84615	101
84616	101
84617	101
84618	101
84619	101
84620	101
84621	101
84622	101
84623	101
84624	101
84625	101
84626	101
84627	101
84628	101
84629	101
84630	101
84631	101
84632	101
84633	101
84634	101
84635	101
84636	101
84637	101
84638	101
84639	101
84640	101
84641	101
84642	101
84643	101
84644	101
84645	101
84646	101
84647	101
84648	101
84649	101
84650	101
84651	101
84652	101
84653	101
84654	101
84655	101
84656	101
84657	101
84658	101
84659	101
84660	101
84661	101
84662	101
84663	101
84664	101
84665	101
84666	101
84667	101
84668	101
84669	101
84670	101
84671	101
84672	101
84673	101
84674	101
84675	101
84676	101
84677	101
84678	101
84679	101
84680	101
84681	101
84682	101
84683	101
84684	101
84685	101
84686	101
84687	101
84688	101
84689	101
84690	101
84691	101
84692	101
84693	101
84694	101
84695	101
84696	101
84697	101
84698	101
84699	101
84700	101
84701	101
84702	101
84703	101
84704	101
84705	101
84706	101
84707	101
84708	101
84709	101
84710	101
84711	101
84712	101
84713	101
84714	101
84715	101
84716	101
84717	101
84718	101
84719	101
84720	101
84721	101
84722	101
84723	101
84724	101
84725	101
84726	101
84727	101
84728	101
84729	101
84730	101
84731	101
84732	101
84733	101
84734	101
84735	101
84736	101
84737	101
84738	101
84739	101
84740	101
84741	101
84742	101
84743	101
84744	101
84745	101
84746	101
84747	101
84748	101
84749	101
84750	101
84751	101
84752	101
84753	101
84754	101
84755	101
84756	101
84757	101
84758	101
84759	101
84760	101
84761	101
84762	101
84763	101
84764	101
84765	101
84766	101
84767	101
84768	101
84769	101
84770	101
84771	101
84772	101
84773	101
84774	101
84775	101
84776	101
84777	101
84778	101
84779	101
84780	101
84781	101
84782	101
84783	101
84784	101
84785	101
84786	101
84787	101
84788	101
84789	101
84790	101
84791	101
84792	101
84793	101
84794	101
84795	101
84796	101
84797	101
84798	101
84799	101
84800	101
84801	101
84802	101
84803	101
84804	101
84805	101
84806	101
84807	101
84808	101
84809	101
84810	101
84811	101
84812	101
84813	101
84814	101
84815	101
84816	101
84817	101
84818	101
84819	101
84820	101
84821	101
84822	101
84823	101
84824	101
84825	101
84826	101
84827	101
84828	101
84829	101
84830	101
84831	101
84832	101
84833	101
84834	101
84835	101
84836	101
84837	101
84838	101
84839	101
84840	101
84841	101
84842	101
84843	101
84844	101
84845	101
84846	101
84847	101
84848	101
84849	101
84850	101
84851	101
84852	101
84853	101
84854	101
84855	101
84856	101
84857	101
84858	101
84859	101
84860	101
84861	101
84862	101
84863	101
84864	101
84865	101
84866	101
84867	101
84868	101
84869	101
84870	101
84871	101
84872	101
84873	101
84874	101
84875	101
84876	101
84877	101
84878	101
84879	101
84880	101
84881	101
84882	101
84883	101
84884	101
84885	101
84886	101
84887	101
84888	101
84889	101
84890	101
84891	101
84892	101
84893	101
84894	101
84895	101
84896	101
84897	101
84898	101
84899	101
84900	101
84901	101
84902	101
84903	101
84904	101
84905	101
84906	101
84907	101
84908	101
84909	101
84910	101
84911	101
84912	101
84913	101
84914	101
84915	101
84916	101
84917	101
84918	101
84919	101
84920	101
84921	101
84922	101
84923	101
84924	101
84925	101
84926	101
84927	101
84928	101
84929	101
84930	101
84931	101
84932	101
84933	101
84934	101
84935	101
84936	101
84937	101
84938	101
84939	101
84940	101
84941	101
84942	101
84943	101
84944	101
84945	101
84946	101
84947	101
84948	101
84949	101
84950	101
84951	101
84952	101
84953	101
84954	101
84955	101
84956	101
84957	101
84958	101
84959	101
84960	101
84961	101
84962	101
84963	101
84964	101
84965	101
84966	102
84967	102
84968	102
84969	102
84970	102
84971	102
84972	102
84973	102
84974	102
84975	102
84976	102
84977	102
84978	102
84979	102
84980	102
84981	102
84982	102
84983	102
84984	102
84985	102
84986	102
84987	102
84988	102
84989	102
84990	102
84991	102
84992	102
84993	102
84994	102
84995	102
84996	102
84997	102
84998	102
84999	102
85000	102
85001	102
85002	102
85003	102
85004	102
85005	102
85006	102
85007	102
85008	102
85009	102
85010	102
85011	102
85012	102
85013	102
85014	102
85015	102
85016	102
85017	102
85018	102
85019	102
85020	102
85021	102
85022	102
85023	102
85024	102
85025	102
85026	102
85027	102
85028	102
85029	102
85030	102
85031	102
85032	102
85033	102
85034	102
85035	102
85036	102
85037	102
85038	102
85039	102
85040	102
85041	102
85042	102
85043	102
85044	102
85045	102
85046	102
85047	102
85048	102
85049	102
85050	102
85051	102
85052	102
85053	102
85054	102
85055	102
85056	102
85057	102
85058	102
85059	102
85060	102
85061	102
85062	102
85063	102
85064	102
85065	102
85066	102
85067	102
85068	102
85069	102
85070	102
85071	102
85072	102
85073	102
85074	102
85075	102
85076	102
85077	102
85078	102
85079	102
85080	102
85081	102
85082	102
85083	102
85084	102
85085	102
85086	102
85087	102
85088	102
85089	102
85090	102
85091	102
85092	102
85093	102
85094	102
85095	102
85096	102
85097	102
85098	102
85099	102
85100	102
85101	102
85102	102
85103	102
85104	102
85105	102
85106	102
85107	102
85108	102
85109	102
85110	102
85111	102
85112	102
85113	102
85114	102
85115	102
85116	102
85117	102
85118	102
85119	102
85120	102
85121	102
85122	102
85123	102
85124	102
85125	102
85126	102
85127	102
85128	102
85129	102
85130	102
85131	102
85132	102
85133	102
85134	102
85135	102
85136	102
85137	102
85138	102
85139	102
85140	102
85141	102
85142	102
85143	102
85144	102
85145	102
85146	102
85147	102
85148	102
85149	102
85150	102
85151	102
85152	102
85153	102
85154	102
85155	102
85156	102
85157	102
85158	102
85159	102
85160	102
85161	102
85162	102
85163	102
85164	102
85165	102
85166	102
85167	102
85168	102
85169	102
85170	102
85171	102
85172	102
85173	102
85174	102
85175	102
85176	102
85177	102
85178	102
85179	102
85180	102
85181	102
85182	102
85183	102
85184	102
85185	102
85186	102
85187	102
85188	102
85189	102
85190	102
85191	102
85192	102
85193	102
85194	102
85195	102
85196	102
85197	102
85198	102
85199	102
85200	102
85201	102
85202	102
85203	102
85204	102
85205	102
85206	102
85207	102
85208	102
85209	102
85210	102
85211	102
85212	102
85213	102
85214	102
85215	102
85216	102
85217	102
85218	102
85219	102
85220	102
85221	102
85222	102
85223	102
85224	102
85225	102
85226	102
85227	102
85228	102
85229	102
85230	102
85231	102
85232	102
85233	102
85234	102
85235	102
85236	102
85237	102
85238	102
85239	102
85240	102
85241	102
85242	102
85243	102
85244	102
85245	102
85246	102
85247	102
85248	102
85249	102
85250	102
85251	102
85252	102
85253	102
85254	102
85255	102
85256	102
85257	102
85258	102
85259	102
85260	102
85261	102
85262	102
85263	102
85264	102
85265	102
85266	102
85267	102
85268	102
85269	102
85270	102
85271	102
85272	102
85273	102
85274	102
85275	102
85276	102
85277	102
85278	102
85279	102
85280	102
85281	102
85282	102
85283	102
85284	102
85285	102
85286	102
85287	102
85288	102
85289	102
85290	102
85291	102
85292	102
85293	102
85294	102
85295	102
85296	102
85297	102
85298	102
85299	102
85300	102
85301	102
85302	102
85303	102
85304	102
85305	102
85306	102
85307	102
85308	102
85309	102
85310	102
85311	102
85312	102
85313	102
85314	102
85315	102
85316	102
85317	102
85318	102
85319	102
85320	102
85321	102
85322	102
85323	102
85324	102
85325	102
85326	102
85327	102
85328	102
85329	102
85330	102
85331	102
85332	102
85333	102
85334	102
85335	102
85336	102
85337	102
85338	102
85339	102
85340	102
85341	102
85342	102
85343	102
85344	102
85345	102
85346	102
85347	102
85348	102
85349	102
85350	102
85351	102
85352	102
85353	102
85354	102
85355	102
85356	102
85357	102
85358	102
85359	102
85360	102
85361	102
85362	102
85363	102
85364	102
85365	102
85366	102
85367	102
85368	102
85369	102
85370	102
85371	102
85372	102
85373	102
85374	102
85375	102
85376	102
85377	102
85378	102
85379	102
85380	102
85381	102
85382	102
85383	102
85384	102
85385	102
85386	102
85387	102
85388	102
85389	102
85390	102
85391	102
85392	102
85393	102
85394	102
85395	102
85396	102
85397	102
85398	102
85399	102
85400	102
85401	102
85402	102
85403	102
85404	102
85405	102
85406	102
85407	102
85408	102
85409	102
85410	102
85411	102
85412	102
85413	102
85414	102
85415	102
85416	102
85417	102
85418	102
85419	102
85420	102
85421	102
85422	102
85423	102
85424	102
85425	102
85426	102
85427	102
85428	102
85429	102
85430	102
85431	102
85432	102
85433	102
85434	102
85435	102
85436	102
85437	102
85438	102
85439	102
85440	102
85441	102
85442	102
85443	102
85444	102
85445	102
85446	102
85447	102
85448	102
85449	102
85450	102
85451	102
85452	102
85453	102
85454	102
85455	102
85456	102
85457	102
85458	102
85459	102
85460	102
85461	102
85462	102
85463	102
85464	102
85465	102
85466	102
85467	102
85468	102
85469	102
85470	102
85471	102
85472	102
85473	102
85474	102
85475	102
85476	102
85477	102
85478	102
85479	102
85480	102
85481	102
85482	102
85483	102
85484	102
85485	102
85486	102
85487	102
85488	102
85489	102
85490	102
85491	102
85492	102
85493	102
85494	102
85495	102
85496	102
85497	102
85498	102
85499	102
85500	102
85501	102
85502	102
85503	102
85504	102
85505	102
85506	102
85507	102
85508	102
85509	102
85510	102
85511	102
85512	102
85513	102
85514	102
85515	102
85516	102
85517	102
85518	102
85519	102
85520	102
85521	102
85522	102
85523	102
85524	102
85525	102
85526	102
85527	102
85528	102
85529	102
85530	102
85531	102
85532	102
85533	102
85534	102
85535	102
85536	102
85537	102
85538	102
85539	102
85540	102
85541	102
85542	102
85543	102
85544	102
85545	102
85546	102
85547	102
85548	102
85549	102
85550	102
85551	102
85552	102
85553	102
85554	102
85555	102
85556	102
85557	102
85558	102
85559	102
85560	102
85561	102
85562	102
85563	102
85564	102
85565	102
85566	102
85567	102
85568	102
85569	102
85570	102
85571	102
85572	102
85573	102
85574	102
85575	102
85576	102
85577	102
85578	102
85579	102
85580	102
85581	102
85582	102
85583	102
85584	102
85585	102
85586	102
85587	102
85588	102
85589	102
85590	102
85591	102
85592	102
85593	102
85594	102
85595	102
85596	102
85597	102
85598	102
85599	102
85600	102
85601	102
85602	102
85603	102
85604	102
85605	102
85606	102
85607	102
85608	102
85609	102
85610	102
85611	102
85612	102
85613	102
85614	102
85615	102
85616	102
85617	102
85618	102
85619	102
85620	102
85621	102
85622	102
85623	102
85624	102
85625	102
85626	102
85627	102
85628	102
85629	102
85630	102
85631	102
85632	102
85633	102
85634	102
85635	102
85636	102
85637	102
85638	102
85639	102
85640	102
85641	102
85642	102
85643	102
85644	102
85645	102
85646	102
85647	102
85648	102
85649	102
85650	102
85651	102
85652	102
85653	102
85654	102
85655	102
85656	102
85657	102
85658	102
85659	102
85660	102
85661	102
85662	102
85663	102
85664	102
85665	102
85666	102
85667	102
85668	102
85669	102
85670	102
85671	102
85672	102
85673	102
85674	102
85675	102
85676	102
85677	102
85678	102
85679	102
85680	102
85681	102
85682	102
85683	102
85684	102
85685	102
85686	102
85687	102
85688	102
85689	102
85690	102
85691	102
85692	102
85693	102
85694	102
85695	102
85696	102
85697	102
85698	102
85699	102
85700	102
85701	102
85702	102
85703	102
85704	102
85705	102
85706	102
85707	102
85708	102
85709	102
85710	102
85711	102
85712	102
85713	102
85714	102
85715	102
85716	102
85717	102
85718	102
85719	102
85720	102
85721	102
85722	102
85723	102
85724	102
85725	102
85726	102
85727	102
85728	102
85729	102
85730	102
85731	102
85732	102
85733	102
85734	102
85735	102
85736	102
85737	102
85738	102
85739	102
85740	102
85741	102
85742	102
85743	102
85744	102
85745	102
85746	102
85747	102
85748	102
85749	102
85750	102
85751	102
85752	102
85753	102
85754	102
85755	102
85756	102
85757	102
85758	102
85759	102
85760	102
85761	102
85762	102
85763	102
85764	102
85765	102
85766	102
85767	102
85768	102
85769	102
85770	102
85771	102
85772	102
85773	102
85774	102
85775	102
85776	102
85777	102
85778	102
85779	102
85780	102
85781	102
85782	102
85783	102
85784	102
85785	102
85786	102
85787	102
85788	102
85789	102
85790	102
85791	102
85792	102
85793	102
85794	102
85795	102
85796	102
85797	102
85798	102
85799	103
85800	103
85801	103
85802	103
85803	103
85804	103
85805	103
85806	103
85807	103
85808	103
85809	103
85810	103
85811	103
85812	103
85813	103
85814	103
85815	103
85816	103
85817	103
85818	103
85819	103
85820	103
85821	103
85822	103
85823	103
85824	103
85825	103
85826	103
85827	103
85828	103
85829	103
85830	103
85831	103
85832	103
85833	103
85834	103
85835	103
85836	103
85837	103
85838	103
85839	103
85840	103
85841	103
85842	103
85843	103
85844	103
85845	103
85846	103
85847	103
85848	103
85849	103
85850	103
85851	103
85852	103
85853	103
85854	103
85855	103
85856	103
85857	103
85858	103
85859	103
85860	103
85861	103
85862	103
85863	103
85864	103
85865	103
85866	103
85867	103
85868	103
85869	103
85870	103
85871	103
85872	103
85873	103
85874	103
85875	103
85876	103
85877	103
85878	103
85879	103
85880	103
85881	103
85882	103
85883	103
85884	103
85885	103
85886	103
85887	103
85888	103
85889	103
85890	103
85891	103
85892	103
85893	103
85894	103
85895	103
85896	103
85897	103
85898	103
85899	103
85900	103
85901	103
85902	103
85903	103
85904	103
85905	103
85906	103
85907	103
85908	103
85909	103
85910	103
85911	103
85912	103
85913	103
85914	103
85915	103
85916	103
85917	103
85918	103
85919	103
85920	103
85921	103
85922	103
85923	103
85924	103
85925	103
85926	103
85927	103
85928	103
85929	103
85930	103
85931	103
85932	103
85933	103
85934	103
85935	103
85936	103
85937	103
85938	103
85939	103
85940	103
85941	103
85942	103
85943	103
85944	103
85945	103
85946	103
85947	103
85948	103
85949	103
85950	103
85951	103
85952	103
85953	103
85954	103
85955	103
85956	103
85957	103
85958	103
85959	103
85960	103
85961	103
85962	103
85963	103
85964	103
85965	103
85966	103
85967	103
85968	103
85969	103
85970	103
85971	103
85972	103
85973	103
85974	103
85975	103
85976	103
85977	103
85978	103
85979	103
85980	103
85981	103
85982	103
85983	103
85984	103
85985	103
85986	103
85987	103
85988	103
85989	103
85990	103
85991	103
85992	103
85993	103
85994	103
85995	103
85996	103
85997	103
85998	103
85999	103
86000	103
86001	103
86002	103
86003	103
86004	103
86005	103
86006	103
86007	103
86008	103
86009	103
86010	103
86011	103
86012	103
86013	103
86014	103
86015	103
86016	103
86017	103
86018	103
86019	103
86020	103
86021	103
86022	103
86023	103
86024	103
86025	103
86026	103
86027	103
86028	103
86029	103
86030	103
86031	103
86032	103
86033	103
86034	103
86035	103
86036	103
86037	103
86038	103
86039	103
86040	103
86041	103
86042	103
86043	103
86044	103
86045	103
86046	103
86047	103
86048	103
86049	103
86050	103
86051	103
86052	103
86053	103
86054	103
86055	103
86056	103
86057	103
86058	103
86059	103
86060	103
86061	103
86062	103
86063	103
86064	103
86065	103
86066	103
86067	103
86068	103
86069	103
86070	103
86071	103
86072	103
86073	103
86074	103
86075	103
86076	103
86077	103
86078	103
86079	103
86080	103
86081	103
86082	103
86083	103
86084	103
86085	103
86086	103
86087	103
86088	103
86089	103
86090	103
86091	103
86092	103
86093	103
86094	103
86095	103
86096	103
86097	103
86098	103
86099	103
86100	103
86101	103
86102	103
86103	103
86104	103
86105	103
86106	103
86107	103
86108	103
86109	103
86110	103
86111	103
86112	103
86113	103
86114	103
86115	103
86116	103
86117	103
86118	103
86119	103
86120	103
86121	103
86122	103
86123	103
86124	103
86125	103
86126	103
86127	103
86128	103
86129	103
86130	103
86131	103
86132	103
86133	103
86134	103
86135	103
86136	103
86137	103
86138	103
86139	103
86140	103
86141	103
86142	103
86143	103
86144	103
86145	103
86146	103
86147	103
86148	103
86149	103
86150	103
86151	103
86152	103
86153	103
86154	103
86155	103
86156	103
86157	103
86158	103
86159	103
86160	103
86161	103
86162	103
86163	103
86164	103
86165	103
86166	103
86167	103
86168	103
86169	103
86170	103
86171	103
86172	103
86173	103
86174	103
86175	103
86176	103
86177	103
86178	103
86179	103
86180	103
86181	103
86182	103
86183	103
86184	103
86185	103
86186	103
86187	103
86188	103
86189	103
86190	103
86191	103
86192	103
86193	103
86194	103
86195	103
86196	103
86197	103
86198	103
86199	103
86200	103
86201	103
86202	103
86203	103
86204	103
86205	103
86206	103
86207	103
86208	103
86209	103
86210	103
86211	103
86212	103
86213	103
86214	103
86215	103
86216	103
86217	103
86218	103
86219	103
86220	103
86221	103
86222	103
86223	103
86224	103
86225	103
86226	103
86227	103
86228	103
86229	103
86230	103
86231	103
86232	103
86233	103
86234	103
86235	103
86236	103
86237	103
86238	103
86239	103
86240	103
86241	103
86242	103
86243	103
86244	103
86245	103
86246	103
86247	103
86248	103
86249	103
86250	103
86251	103
86252	103
86253	103
86254	103
86255	103
86256	103
86257	103
86258	103
86259	103
86260	103
86261	103
86262	103
86263	103
86264	103
86265	103
86266	103
86267	103
86268	103
86269	103
86270	103
86271	103
86272	103
86273	103
86274	103
86275	103
86276	103
86277	103
86278	103
86279	103
86280	103
86281	103
86282	103
86283	103
86284	103
86285	103
86286	103
86287	103
86288	103
86289	103
86290	103
86291	103
86292	103
86293	103
86294	103
86295	103
86296	103
86297	103
86298	103
86299	103
86300	103
86301	103
86302	103
86303	103
86304	103
86305	103
86306	103
86307	103
86308	103
86309	103
86310	103
86311	103
86312	103
86313	103
86314	103
86315	103
86316	103
86317	103
86318	103
86319	103
86320	103
86321	103
86322	103
86323	103
86324	103
86325	103
86326	103
86327	103
86328	103
86329	103
86330	103
86331	103
86332	103
86333	103
86334	103
86335	103
86336	103
86337	103
86338	103
86339	103
86340	103
86341	103
86342	103
86343	103
86344	103
86345	103
86346	103
86347	103
86348	103
86349	103
86350	103
86351	103
86352	103
86353	103
86354	103
86355	103
86356	103
86357	103
86358	103
86359	103
86360	103
86361	103
86362	103
86363	103
86364	103
86365	103
86366	103
86367	103
86368	103
86369	103
86370	103
86371	103
86372	103
86373	103
86374	103
86375	103
86376	103
86377	103
86378	103
86379	103
86380	103
86381	103
86382	103
86383	103
86384	103
86385	103
86386	103
86387	103
86388	103
86389	103
86390	103
86391	103
86392	103
86393	103
86394	103
86395	103
86396	103
86397	103
86398	103
86399	103
86400	103
86401	103
86402	103
86403	103
86404	103
86405	103
86406	103
86407	103
86408	103
86409	103
86410	103
86411	103
86412	103
86413	103
86414	103
86415	103
86416	103
86417	103
86418	103
86419	103
86420	103
86421	103
86422	103
86423	103
86424	103
86425	103
86426	103
86427	103
86428	103
86429	103
86430	103
86431	103
86432	103
86433	103
86434	103
86435	103
86436	103
86437	103
86438	103
86439	103
86440	103
86441	103
86442	103
86443	103
86444	103
86445	103
86446	103
86447	103
86448	103
86449	103
86450	103
86451	103
86452	103
86453	103
86454	103
86455	103
86456	103
86457	103
86458	103
86459	103
86460	103
86461	103
86462	103
86463	103
86464	103
86465	103
86466	103
86467	103
86468	103
86469	103
86470	103
86471	103
86472	103
86473	103
86474	103
86475	103
86476	103
86477	103
86478	103
86479	103
86480	103
86481	103
86482	103
86483	103
86484	103
86485	103
86486	103
86487	103
86488	103
86489	103
86490	103
86491	103
86492	103
86493	103
86494	103
86495	103
86496	103
86497	103
86498	103
86499	103
86500	103
86501	103
86502	103
86503	103
86504	103
86505	103
86506	103
86507	103
86508	103
86509	103
86510	103
86511	103
86512	103
86513	103
86514	103
86515	103
86516	103
86517	103
86518	103
86519	103
86520	103
86521	103
86522	103
86523	103
86524	103
86525	103
86526	103
86527	103
86528	103
86529	103
86530	103
86531	103
86532	103
86533	103
86534	103
86535	103
86536	103
86537	103
86538	103
86539	103
86540	103
86541	103
86542	103
86543	103
86544	103
86545	103
86546	103
86547	103
86548	103
86549	103
86550	103
86551	103
86552	103
86553	103
86554	103
86555	103
86556	103
86557	103
86558	103
86559	103
86560	103
86561	103
86562	103
86563	103
86564	103
86565	103
86566	103
86567	103
86568	103
86569	103
86570	103
86571	103
86572	103
86573	103
86574	103
86575	103
86576	103
86577	103
86578	103
86579	103
86580	103
86581	103
86582	103
86583	103
86584	103
86585	103
86586	103
86587	103
86588	103
86589	103
86590	103
86591	103
86592	103
86593	103
86594	103
86595	103
86596	103
86597	103
86598	103
86599	103
86600	103
86601	103
86602	103
86603	103
86604	103
86605	103
86606	103
86607	103
86608	103
86609	103
86610	103
86611	103
86612	103
86613	103
86614	103
86615	103
86616	103
86617	103
86618	103
86619	103
86620	103
86621	103
86622	103
86623	103
86624	103
86625	103
86626	103
86627	103
86628	103
86629	103
86630	103
86631	103
86632	104
86633	104
86634	104
86635	104
86636	104
86637	104
86638	104
86639	104
86640	104
86641	104
86642	104
86643	104
86644	104
86645	104
86646	104
86647	104
86648	104
86649	104
86650	104
86651	104
86652	104
86653	104
86654	104
86655	104
86656	104
86657	104
86658	104
86659	104
86660	104
86661	104
86662	104
86663	104
86664	104
86665	104
86666	104
86667	104
86668	104
86669	104
86670	104
86671	104
86672	104
86673	104
86674	104
86675	104
86676	104
86677	104
86678	104
86679	104
86680	104
86681	104
86682	104
86683	104
86684	104
86685	104
86686	104
86687	104
86688	104
86689	104
86690	104
86691	104
86692	104
86693	104
86694	104
86695	104
86696	104
86697	104
86698	104
86699	104
86700	104
86701	104
86702	104
86703	104
86704	104
86705	104
86706	104
86707	104
86708	104
86709	104
86710	104
86711	104
86712	104
86713	104
86714	104
86715	104
86716	104
86717	104
86718	104
86719	104
86720	104
86721	104
86722	104
86723	104
86724	104
86725	104
86726	104
86727	104
86728	104
86729	104
86730	104
86731	104
86732	104
86733	104
86734	104
86735	104
86736	104
86737	104
86738	104
86739	104
86740	104
86741	104
86742	104
86743	104
86744	104
86745	104
86746	104
86747	104
86748	104
86749	104
86750	104
86751	104
86752	104
86753	104
86754	104
86755	104
86756	104
86757	104
86758	104
86759	104
86760	104
86761	104
86762	104
86763	104
86764	104
86765	104
86766	104
86767	104
86768	104
86769	104
86770	104
86771	104
86772	104
86773	104
86774	104
86775	104
86776	104
86777	104
86778	104
86779	104
86780	104
86781	104
86782	104
86783	104
86784	104
86785	104
86786	104
86787	104
86788	104
86789	104
86790	104
86791	104
86792	104
86793	104
86794	104
86795	104
86796	104
86797	104
86798	104
86799	104
86800	104
86801	104
86802	104
86803	104
86804	104
86805	104
86806	104
86807	104
86808	104
86809	104
86810	104
86811	104
86812	104
86813	104
86814	104
86815	104
86816	104
86817	104
86818	104
86819	104
86820	104
86821	104
86822	104
86823	104
86824	104
86825	104
86826	104
86827	104
86828	104
86829	104
86830	104
86831	104
86832	104
86833	104
86834	104
86835	104
86836	104
86837	104
86838	104
86839	104
86840	104
86841	104
86842	104
86843	104
86844	104
86845	104
86846	104
86847	104
86848	104
86849	104
86850	104
86851	104
86852	104
86853	104
86854	104
86855	104
86856	104
86857	104
86858	104
86859	104
86860	104
86861	104
86862	104
86863	104
86864	104
86865	104
86866	104
86867	104
86868	104
86869	104
86870	104
86871	104
86872	104
86873	104
86874	104
86875	104
86876	104
86877	104
86878	104
86879	104
86880	104
86881	104
86882	104
86883	104
86884	104
86885	104
86886	104
86887	104
86888	104
86889	104
86890	104
86891	104
86892	104
86893	104
86894	104
86895	104
86896	104
86897	104
86898	104
86899	104
86900	104
86901	104
86902	104
86903	104
86904	104
86905	104
86906	104
86907	104
86908	104
86909	104
86910	104
86911	104
86912	104
86913	104
86914	104
86915	104
86916	104
86917	104
86918	104
86919	104
86920	104
86921	104
86922	104
86923	104
86924	104
86925	104
86926	104
86927	104
86928	104
86929	104
86930	104
86931	104
86932	104
86933	104
86934	104
86935	104
86936	104
86937	104
86938	104
86939	104
86940	104
86941	104
86942	104
86943	104
86944	104
86945	104
86946	104
86947	104
86948	104
86949	104
86950	104
86951	104
86952	104
86953	104
86954	104
86955	104
86956	104
86957	104
86958	104
86959	104
86960	104
86961	104
86962	104
86963	104
86964	104
86965	104
86966	104
86967	104
86968	104
86969	104
86970	104
86971	104
86972	104
86973	104
86974	104
86975	104
86976	104
86977	104
86978	104
86979	104
86980	104
86981	104
86982	104
86983	104
86984	104
86985	104
86986	104
86987	104
86988	104
86989	104
86990	104
86991	104
86992	104
86993	104
86994	104
86995	104
86996	104
86997	104
86998	104
86999	104
87000	104
87001	104
87002	104
87003	104
87004	104
87005	104
87006	104
87007	104
87008	104
87009	104
87010	104
87011	104
87012	104
87013	104
87014	104
87015	104
87016	104
87017	104
87018	104
87019	104
87020	104
87021	104
87022	104
87023	104
87024	104
87025	104
87026	104
87027	104
87028	104
87029	104
87030	104
87031	104
87032	104
87033	104
87034	104
87035	104
87036	104
87037	104
87038	104
87039	104
87040	104
87041	104
87042	104
87043	104
87044	104
87045	104
87046	104
87047	104
87048	104
87049	104
87050	104
87051	104
87052	104
87053	104
87054	104
87055	104
87056	104
87057	104
87058	104
87059	104
87060	104
87061	104
87062	104
87063	104
87064	104
87065	104
87066	104
87067	104
87068	104
87069	104
87070	104
87071	104
87072	104
87073	104
87074	104
87075	104
87076	104
87077	104
87078	104
87079	104
87080	104
87081	104
87082	104
87083	104
87084	104
87085	104
87086	104
87087	104
87088	104
87089	104
87090	104
87091	104
87092	104
87093	104
87094	104
87095	104
87096	104
87097	104
87098	104
87099	104
87100	104
87101	104
87102	104
87103	104
87104	104
87105	104
87106	104
87107	104
87108	104
87109	104
87110	104
87111	104
87112	104
87113	104
87114	104
87115	104
87116	104
87117	104
87118	104
87119	104
87120	104
87121	104
87122	104
87123	104
87124	104
87125	104
87126	104
87127	104
87128	104
87129	104
87130	104
87131	104
87132	104
87133	104
87134	104
87135	104
87136	104
87137	104
87138	104
87139	104
87140	104
87141	104
87142	104
87143	104
87144	104
87145	104
87146	104
87147	104
87148	104
87149	104
87150	104
87151	104
87152	104
87153	104
87154	104
87155	104
87156	104
87157	104
87158	104
87159	104
87160	104
87161	104
87162	104
87163	104
87164	104
87165	104
87166	104
87167	104
87168	104
87169	104
87170	104
87171	104
87172	104
87173	104
87174	104
87175	104
87176	104
87177	104
87178	104
87179	104
87180	104
87181	104
87182	104
87183	104
87184	104
87185	104
87186	104
87187	104
87188	104
87189	104
87190	104
87191	104
87192	104
87193	104
87194	104
87195	104
87196	104
87197	104
87198	104
87199	104
87200	104
87201	104
87202	104
87203	104
87204	104
87205	104
87206	104
87207	104
87208	104
87209	104
87210	104
87211	104
87212	104
87213	104
87214	104
87215	104
87216	104
87217	104
87218	104
87219	104
87220	104
87221	104
87222	104
87223	104
87224	104
87225	104
87226	104
87227	104
87228	104
87229	104
87230	104
87231	104
87232	104
87233	104
87234	104
87235	104
87236	104
87237	104
87238	104
87239	104
87240	104
87241	104
87242	104
87243	104
87244	104
87245	104
87246	104
87247	104
87248	104
87249	104
87250	104
87251	104
87252	104
87253	104
87254	104
87255	104
87256	104
87257	104
87258	104
87259	104
87260	104
87261	104
87262	104
87263	104
87264	104
87265	104
87266	104
87267	104
87268	104
87269	104
87270	104
87271	104
87272	104
87273	104
87274	104
87275	104
87276	104
87277	104
87278	104
87279	104
87280	104
87281	104
87282	104
87283	104
87284	104
87285	104
87286	104
87287	104
87288	104
87289	104
87290	104
87291	104
87292	104
87293	104
87294	104
87295	104
87296	104
87297	104
87298	104
87299	104
87300	104
87301	104
87302	104
87303	104
87304	104
87305	104
87306	104
87307	104
87308	104
87309	104
87310	104
87311	104
87312	104
87313	104
87314	104
87315	104
87316	104
87317	104
87318	104
87319	104
87320	104
87321	104
87322	104
87323	104
87324	104
87325	104
87326	104
87327	104
87328	104
87329	104
87330	104
87331	104
87332	104
87333	104
87334	104
87335	104
87336	104
87337	104
87338	104
87339	104
87340	104
87341	104
87342	104
87343	104
87344	104
87345	104
87346	104
87347	104
87348	104
87349	104
87350	104
87351	104
87352	104
87353	104
87354	104
87355	104
87356	104
87357	104
87358	104
87359	104
87360	104
87361	104
87362	104
87363	104
87364	104
87365	104
87366	104
87367	104
87368	104
87369	104
87370	104
87371	104
87372	104
87373	104
87374	104
87375	104
87376	104
87377	104
87378	104
87379	104
87380	104
87381	104
87382	104
87383	104
87384	104
87385	104
87386	104
87387	104
87388	104
87389	104
87390	104
87391	104
87392	104
87393	104
87394	104
87395	104
87396	104
87397	104
87398	104
87399	104
87400	104
87401	104
87402	104
87403	104
87404	104
87405	104
87406	104
87407	104
87408	104
87409	104
87410	104
87411	104
87412	104
87413	104
87414	104
87415	104
87416	104
87417	104
87418	104
87419	104
87420	104
87421	104
87422	104
87423	104
87424	104
87425	104
87426	104
87427	104
87428	104
87429	104
87430	104
87431	104
87432	104
87433	104
87434	104
87435	104
87436	104
87437	104
87438	104
87439	104
87440	104
87441	104
87442	104
87443	104
87444	104
87445	104
87446	104
87447	104
87448	104
87449	104
87450	104
87451	104
87452	104
87453	104
87454	104
87455	104
87456	104
87457	104
87458	104
87459	104
87460	104
87461	104
87462	104
87463	104
87464	104
87465	105
87466	105
87467	105
87468	105
87469	105
87470	105
87471	105
87472	105
87473	105
87474	105
87475	105
87476	105
87477	105
87478	105
87479	105
87480	105
87481	105
87482	105
87483	105
87484	105
87485	105
87486	105
87487	105
87488	105
87489	105
87490	105
87491	105
87492	105
87493	105
87494	105
87495	105
87496	105
87497	105
87498	105
87499	105
87500	105
87501	105
87502	105
87503	105
87504	105
87505	105
87506	105
87507	105
87508	105
87509	105
87510	105
87511	105
87512	105
87513	105
87514	105
87515	105
87516	105
87517	105
87518	105
87519	105
87520	105
87521	105
87522	105
87523	105
87524	105
87525	105
87526	105
87527	105
87528	105
87529	105
87530	105
87531	105
87532	105
87533	105
87534	105
87535	105
87536	105
87537	105
87538	105
87539	105
87540	105
87541	105
87542	105
87543	105
87544	105
87545	105
87546	105
87547	105
87548	105
87549	105
87550	105
87551	105
87552	105
87553	105
87554	105
87555	105
87556	105
87557	105
87558	105
87559	105
87560	105
87561	105
87562	105
87563	105
87564	105
87565	105
87566	105
87567	105
87568	105
87569	105
87570	105
87571	105
87572	105
87573	105
87574	105
87575	105
87576	105
87577	105
87578	105
87579	105
87580	105
87581	105
87582	105
87583	105
87584	105
87585	105
87586	105
87587	105
87588	105
87589	105
87590	105
87591	105
87592	105
87593	105
87594	105
87595	105
87596	105
87597	105
87598	105
87599	105
87600	105
87601	105
87602	105
87603	105
87604	105
87605	105
87606	105
87607	105
87608	105
87609	105
87610	105
87611	105
87612	105
87613	105
87614	105
87615	105
87616	105
87617	105
87618	105
87619	105
87620	105
87621	105
87622	105
87623	105
87624	105
87625	105
87626	105
87627	105
87628	105
87629	105
87630	105
87631	105
87632	105
87633	105
87634	105
87635	105
87636	105
87637	105
87638	105
87639	105
87640	105
87641	105
87642	105
87643	105
87644	105
87645	105
87646	105
87647	105
87648	105
87649	105
87650	105
87651	105
87652	105
87653	105
87654	105
87655	105
87656	105
87657	105
87658	105
87659	105
87660	105
87661	105
87662	105
87663	105
87664	105
87665	105
87666	105
87667	105
87668	105
87669	105
87670	105
87671	105
87672	105
87673	105
87674	105
87675	105
87676	105
87677	105
87678	105
87679	105
87680	105
87681	105
87682	105
87683	105
87684	105
87685	105
87686	105
87687	105
87688	105
87689	105
87690	105
87691	105
87692	105
87693	105
87694	105
87695	105
87696	105
87697	105
87698	105
87699	105
87700	105
87701	105
87702	105
87703	105
87704	105
87705	105
87706	105
87707	105
87708	105
87709	105
87710	105
87711	105
87712	105
87713	105
87714	105
87715	105
87716	105
87717	105
87718	105
87719	105
87720	105
87721	105
87722	105
87723	105
87724	105
87725	105
87726	105
87727	105
87728	105
87729	105
87730	105
87731	105
87732	105
87733	105
87734	105
87735	105
87736	105
87737	105
87738	105
87739	105
87740	105
87741	105
87742	105
87743	105
87744	105
87745	105
87746	105
87747	105
87748	105
87749	105
87750	105
87751	105
87752	105
87753	105
87754	105
87755	105
87756	105
87757	105
87758	105
87759	105
87760	105
87761	105
87762	105
87763	105
87764	105
87765	105
87766	105
87767	105
87768	105
87769	105
87770	105
87771	105
87772	105
87773	105
87774	105
87775	105
87776	105
87777	105
87778	105
87779	105
87780	105
87781	105
87782	105
87783	105
87784	105
87785	105
87786	105
87787	105
87788	105
87789	105
87790	105
87791	105
87792	105
87793	105
87794	105
87795	105
87796	105
87797	105
87798	105
87799	105
87800	105
87801	105
87802	105
87803	105
87804	105
87805	105
87806	105
87807	105
87808	105
87809	105
87810	105
87811	105
87812	105
87813	105
87814	105
87815	105
87816	105
87817	105
87818	105
87819	105
87820	105
87821	105
87822	105
87823	105
87824	105
87825	105
87826	105
87827	105
87828	105
87829	105
87830	105
87831	105
87832	105
87833	105
87834	105
87835	105
87836	105
87837	105
87838	105
87839	105
87840	105
87841	105
87842	105
87843	105
87844	105
87845	105
87846	105
87847	105
87848	105
87849	105
87850	105
87851	105
87852	105
87853	105
87854	105
87855	105
87856	105
87857	105
87858	105
87859	105
87860	105
87861	105
87862	105
87863	105
87864	105
87865	105
87866	105
87867	105
87868	105
87869	105
87870	105
87871	105
87872	105
87873	105
87874	105
87875	105
87876	105
87877	105
87878	105
87879	105
87880	105
87881	105
87882	105
87883	105
87884	105
87885	105
87886	105
87887	105
87888	105
87889	105
87890	105
87891	105
87892	105
87893	105
87894	105
87895	105
87896	105
87897	105
87898	105
87899	105
87900	105
87901	105
87902	105
87903	105
87904	105
87905	105
87906	105
87907	105
87908	105
87909	105
87910	105
87911	105
87912	105
87913	105
87914	105
87915	105
87916	105
87917	105
87918	105
87919	105
87920	105
87921	105
87922	105
87923	105
87924	105
87925	105
87926	105
87927	105
87928	105
87929	105
87930	105
87931	105
87932	105
87933	105
87934	105
87935	105
87936	105
87937	105
87938	105
87939	105
87940	105
87941	105
87942	105
87943	105
87944	105
87945	105
87946	105
87947	105
87948	105
87949	105
87950	105
87951	105
87952	105
87953	105
87954	105
87955	105
87956	105
87957	105
87958	105
87959	105
87960	105
87961	105
87962	105
87963	105
87964	105
87965	105
87966	105
87967	105
87968	105
87969	105
87970	105
87971	105
87972	105
87973	105
87974	105
87975	105
87976	105
87977	105
87978	105
87979	105
87980	105
87981	105
87982	105
87983	105
87984	105
87985	105
87986	105
87987	105
87988	105
87989	105
87990	105
87991	105
87992	105
87993	105
87994	105
87995	105
87996	105
87997	105
87998	105
87999	105
88000	105
88001	105
88002	105
88003	105
88004	105
88005	105
88006	105
88007	105
88008	105
88009	105
88010	105
88011	105
88012	105
88013	105
88014	105
88015	105
88016	105
88017	105
88018	105
88019	105
88020	105
88021	105
88022	105
88023	105
88024	105
88025	105
88026	105
88027	105
88028	105
88029	105
88030	105
88031	105
88032	105
88033	105
88034	105
88035	105
88036	105
88037	105
88038	105
88039	105
88040	105
88041	105
88042	105
88043	105
88044	105
88045	105
88046	105
88047	105
88048	105
88049	105
88050	105
88051	105
88052	105
88053	105
88054	105
88055	105
88056	105
88057	105
88058	105
88059	105
88060	105
88061	105
88062	105
88063	105
88064	105
88065	105
88066	105
88067	105
88068	105
88069	105
88070	105
88071	105
88072	105
88073	105
88074	105
88075	105
88076	105
88077	105
88078	105
88079	105
88080	105
88081	105
88082	105
88083	105
88084	105
88085	105
88086	105
88087	105
88088	105
88089	105
88090	105
88091	105
88092	105
88093	105
88094	105
88095	105
88096	105
88097	105
88098	105
88099	105
88100	105
88101	105
88102	105
88103	105
88104	105
88105	105
88106	105
88107	105
88108	105
88109	105
88110	105
88111	105
88112	105
88113	105
88114	105
88115	105
88116	105
88117	105
88118	105
88119	105
88120	105
88121	105
88122	105
88123	105
88124	105
88125	105
88126	105
88127	105
88128	105
88129	105
88130	105
88131	105
88132	105
88133	105
88134	105
88135	105
88136	105
88137	105
88138	105
88139	105
88140	105
88141	105
88142	105
88143	105
88144	105
88145	105
88146	105
88147	105
88148	105
88149	105
88150	105
88151	105
88152	105
88153	105
88154	105
88155	105
88156	105
88157	105
88158	105
88159	105
88160	105
88161	105
88162	105
88163	105
88164	105
88165	105
88166	105
88167	105
88168	105
88169	105
88170	105
88171	105
88172	105
88173	105
88174	105
88175	105
88176	105
88177	105
88178	105
88179	105
88180	105
88181	105
88182	105
88183	105
88184	105
88185	105
88186	105
88187	105
88188	105
88189	105
88190	105
88191	105
88192	105
88193	105
88194	105
88195	105
88196	105
88197	105
88198	105
88199	105
88200	105
88201	105
88202	105
88203	105
88204	105
88205	105
88206	105
88207	105
88208	105
88209	105
88210	105
88211	105
88212	105
88213	105
88214	105
88215	105
88216	105
88217	105
88218	105
88219	105
88220	105
88221	105
88222	105
88223	105
88224	105
88225	105
88226	105
88227	105
88228	105
88229	105
88230	105
88231	105
88232	105
88233	105
88234	105
88235	105
88236	105
88237	105
88238	105
88239	105
88240	105
88241	105
88242	105
88243	105
88244	105
88245	105
88246	105
88247	105
88248	105
88249	105
88250	105
88251	105
88252	105
88253	105
88254	105
88255	105
88256	105
88257	105
88258	105
88259	105
88260	105
88261	105
88262	105
88263	105
88264	105
88265	105
88266	105
88267	105
88268	105
88269	105
88270	105
88271	105
88272	105
88273	105
88274	105
88275	105
88276	105
88277	105
88278	105
88279	105
88280	105
88281	105
88282	105
88283	105
88284	105
88285	105
88286	105
88287	105
88288	105
88289	105
88290	105
88291	105
88292	105
88293	105
88294	105
88295	105
88296	105
88297	105
88298	106
88299	106
88300	106
88301	106
88302	106
88303	106
88304	106
88305	106
88306	106
88307	106
88308	106
88309	106
88310	106
88311	106
88312	106
88313	106
88314	106
88315	106
88316	106
88317	106
88318	106
88319	106
88320	106
88321	106
88322	106
88323	106
88324	106
88325	106
88326	106
88327	106
88328	106
88329	106
88330	106
88331	106
88332	106
88333	106
88334	106
88335	106
88336	106
88337	106
88338	106
88339	106
88340	106
88341	106
88342	106
88343	106
88344	106
88345	106
88346	106
88347	106
88348	106
88349	106
88350	106
88351	106
88352	106
88353	106
88354	106
88355	106
88356	106
88357	106
88358	106
88359	106
88360	106
88361	106
88362	106
88363	106
88364	106
88365	106
88366	106
88367	106
88368	106
88369	106
88370	106
88371	106
88372	106
88373	106
88374	106
88375	106
88376	106
88377	106
88378	106
88379	106
88380	106
88381	106
88382	106
88383	106
88384	106
88385	106
88386	106
88387	106
88388	106
88389	106
88390	106
88391	106
88392	106
88393	106
88394	106
88395	106
88396	106
88397	106
88398	106
88399	106
88400	106
88401	106
88402	106
88403	106
88404	106
88405	106
88406	106
88407	106
88408	106
88409	106
88410	106
88411	106
88412	106
88413	106
88414	106
88415	106
88416	106
88417	106
88418	106
88419	106
88420	106
88421	106
88422	106
88423	106
88424	106
88425	106
88426	106
88427	106
88428	106
88429	106
88430	106
88431	106
88432	106
88433	106
88434	106
88435	106
88436	106
88437	106
88438	106
88439	106
88440	106
88441	106
88442	106
88443	106
88444	106
88445	106
88446	106
88447	106
88448	106
88449	106
88450	106
88451	106
88452	106
88453	106
88454	106
88455	106
88456	106
88457	106
88458	106
88459	106
88460	106
88461	106
88462	106
88463	106
88464	106
88465	106
88466	106
88467	106
88468	106
88469	106
88470	106
88471	106
88472	106
88473	106
88474	106
88475	106
88476	106
88477	106
88478	106
88479	106
88480	106
88481	106
88482	106
88483	106
88484	106
88485	106
88486	106
88487	106
88488	106
88489	106
88490	106
88491	106
88492	106
88493	106
88494	106
88495	106
88496	106
88497	106
88498	106
88499	106
88500	106
88501	106
88502	106
88503	106
88504	106
88505	106
88506	106
88507	106
88508	106
88509	106
88510	106
88511	106
88512	106
88513	106
88514	106
88515	106
88516	106
88517	106
88518	106
88519	106
88520	106
88521	106
88522	106
88523	106
88524	106
88525	106
88526	106
88527	106
88528	106
88529	106
88530	106
88531	106
88532	106
88533	106
88534	106
88535	106
88536	106
88537	106
88538	106
88539	106
88540	106
88541	106
88542	106
88543	106
88544	106
88545	106
88546	106
88547	106
88548	106
88549	106
88550	106
88551	106
88552	106
88553	106
88554	106
88555	106
88556	106
88557	106
88558	106
88559	106
88560	106
88561	106
88562	106
88563	106
88564	106
88565	106
88566	106
88567	106
88568	106
88569	106
88570	106
88571	106
88572	106
88573	106
88574	106
88575	106
88576	106
88577	106
88578	106
88579	106
88580	106
88581	106
88582	106
88583	106
88584	106
88585	106
88586	106
88587	106
88588	106
88589	106
88590	106
88591	106
88592	106
88593	106
88594	106
88595	106
88596	106
88597	106
88598	106
88599	106
88600	106
88601	106
88602	106
88603	106
88604	106
88605	106
88606	106
88607	106
88608	106
88609	106
88610	106
88611	106
88612	106
88613	106
88614	106
88615	106
88616	106
88617	106
88618	106
88619	106
88620	106
88621	106
88622	106
88623	106
88624	106
88625	106
88626	106
88627	106
88628	106
88629	106
88630	106
88631	106
88632	106
88633	106
88634	106
88635	106
88636	106
88637	106
88638	106
88639	106
88640	106
88641	106
88642	106
88643	106
88644	106
88645	106
88646	106
88647	106
88648	106
88649	106
88650	106
88651	106
88652	106
88653	106
88654	106
88655	106
88656	106
88657	106
88658	106
88659	106
88660	106
88661	106
88662	106
88663	106
88664	106
88665	106
88666	106
88667	106
88668	106
88669	106
88670	106
88671	106
88672	106
88673	106
88674	106
88675	106
88676	106
88677	106
88678	106
88679	106
88680	106
88681	106
88682	106
88683	106
88684	106
88685	106
88686	106
88687	106
88688	106
88689	106
88690	106
88691	106
88692	106
88693	106
88694	106
88695	106
88696	106
88697	106
88698	106
88699	106
88700	106
88701	106
88702	106
88703	106
88704	106
88705	106
88706	106
88707	106
88708	106
88709	106
88710	106
88711	106
88712	106
88713	106
88714	106
88715	106
88716	106
88717	106
88718	106
88719	106
88720	106
88721	106
88722	106
88723	106
88724	106
88725	106
88726	106
88727	106
88728	106
88729	106
88730	106
88731	106
88732	106
88733	106
88734	106
88735	106
88736	106
88737	106
88738	106
88739	106
88740	106
88741	106
88742	106
88743	106
88744	106
88745	106
88746	106
88747	106
88748	106
88749	106
88750	106
88751	106
88752	106
88753	106
88754	106
88755	106
88756	106
88757	106
88758	106
88759	106
88760	106
88761	106
88762	106
88763	106
88764	106
88765	106
88766	106
88767	106
88768	106
88769	106
88770	106
88771	106
88772	106
88773	106
88774	106
88775	106
88776	106
88777	106
88778	106
88779	106
88780	106
88781	106
88782	106
88783	106
88784	106
88785	106
88786	106
88787	106
88788	106
88789	106
88790	106
88791	106
88792	106
88793	106
88794	106
88795	106
88796	106
88797	106
88798	106
88799	106
88800	106
88801	106
88802	106
88803	106
88804	106
88805	106
88806	106
88807	106
88808	106
88809	106
88810	106
88811	106
88812	106
88813	106
88814	106
88815	106
88816	106
88817	106
88818	106
88819	106
88820	106
88821	106
88822	106
88823	106
88824	106
88825	106
88826	106
88827	106
88828	106
88829	106
88830	106
88831	106
88832	106
88833	106
88834	106
88835	106
88836	106
88837	106
88838	106
88839	106
88840	106
88841	106
88842	106
88843	106
88844	106
88845	106
88846	106
88847	106
88848	106
88849	106
88850	106
88851	106
88852	106
88853	106
88854	106
88855	106
88856	106
88857	106
88858	106
88859	106
88860	106
88861	106
88862	106
88863	106
88864	106
88865	106
88866	106
88867	106
88868	106
88869	106
88870	106
88871	106
88872	106
88873	106
88874	106
88875	106
88876	106
88877	106
88878	106
88879	106
88880	106
88881	106
88882	106
88883	106
88884	106
88885	106
88886	106
88887	106
88888	106
88889	106
88890	106
88891	106
88892	106
88893	106
88894	106
88895	106
88896	106
88897	106
88898	106
88899	106
88900	106
88901	106
88902	106
88903	106
88904	106
88905	106
88906	106
88907	106
88908	106
88909	106
88910	106
88911	106
88912	106
88913	106
88914	106
88915	106
88916	106
88917	106
88918	106
88919	106
88920	106
88921	106
88922	106
88923	106
88924	106
88925	106
88926	106
88927	106
88928	106
88929	106
88930	106
88931	106
88932	106
88933	106
88934	106
88935	106
88936	106
88937	106
88938	106
88939	106
88940	106
88941	106
88942	106
88943	106
88944	106
88945	106
88946	106
88947	106
88948	106
88949	106
88950	106
88951	106
88952	106
88953	106
88954	106
88955	106
88956	106
88957	106
88958	106
88959	106
88960	106
88961	106
88962	106
88963	106
88964	106
88965	106
88966	106
88967	106
88968	106
88969	106
88970	106
88971	106
88972	106
88973	106
88974	106
88975	106
88976	106
88977	106
88978	106
88979	106
88980	106
88981	106
88982	106
88983	106
88984	106
88985	106
88986	106
88987	106
88988	106
88989	106
88990	106
88991	106
88992	106
88993	106
88994	106
88995	106
88996	106
88997	106
88998	106
88999	106
89000	106
89001	106
89002	106
89003	106
89004	106
89005	106
89006	106
89007	106
89008	106
89009	106
89010	106
89011	106
89012	106
89013	106
89014	106
89015	106
89016	106
89017	106
89018	106
89019	106
89020	106
89021	106
89022	106
89023	106
89024	106
89025	106
89026	106
89027	106
89028	106
89029	106
89030	106
89031	106
89032	106
89033	106
89034	106
89035	106
89036	106
89037	106
89038	106
89039	106
89040	106
89041	106
89042	106
89043	106
89044	106
89045	106
89046	106
89047	106
89048	106
89049	106
89050	106
89051	106
89052	106
89053	106
89054	106
89055	106
89056	106
89057	106
89058	106
89059	106
89060	106
89061	106
89062	106
89063	106
89064	106
89065	106
89066	106
89067	106
89068	106
89069	106
89070	106
89071	106
89072	106
89073	106
89074	106
89075	106
89076	106
89077	106
89078	106
89079	106
89080	106
89081	106
89082	106
89083	106
89084	106
89085	106
89086	106
89087	106
89088	106
89089	106
89090	106
89091	106
89092	106
89093	106
89094	106
89095	106
89096	106
89097	106
89098	106
89099	106
89100	106
89101	106
89102	106
89103	106
89104	106
89105	106
89106	106
89107	106
89108	106
89109	106
89110	106
89111	106
89112	106
89113	106
89114	106
89115	106
89116	106
89117	106
89118	106
89119	106
89120	106
89121	106
89122	106
89123	106
89124	106
89125	106
89126	106
89127	106
89128	106
89129	106
89130	106
89131	107
89132	107
89133	107
89134	107
89135	107
89136	107
89137	107
89138	107
89139	107
89140	107
89141	107
89142	107
89143	107
89144	107
89145	107
89146	107
89147	107
89148	107
89149	107
89150	107
89151	107
89152	107
89153	107
89154	107
89155	107
89156	107
89157	107
89158	107
89159	107
89160	107
89161	107
89162	107
89163	107
89164	107
89165	107
89166	107
89167	107
89168	107
89169	107
89170	107
89171	107
89172	107
89173	107
89174	107
89175	107
89176	107
89177	107
89178	107
89179	107
89180	107
89181	107
89182	107
89183	107
89184	107
89185	107
89186	107
89187	107
89188	107
89189	107
89190	107
89191	107
89192	107
89193	107
89194	107
89195	107
89196	107
89197	107
89198	107
89199	107
89200	107
89201	107
89202	107
89203	107
89204	107
89205	107
89206	107
89207	107
89208	107
89209	107
89210	107
89211	107
89212	107
89213	107
89214	107
89215	107
89216	107
89217	107
89218	107
89219	107
89220	107
89221	107
89222	107
89223	107
89224	107
89225	107
89226	107
89227	107
89228	107
89229	107
89230	107
89231	107
89232	107
89233	107
89234	107
89235	107
89236	107
89237	107
89238	107
89239	107
89240	107
89241	107
89242	107
89243	107
89244	107
89245	107
89246	107
89247	107
89248	107
89249	107
89250	107
89251	107
89252	107
89253	107
89254	107
89255	107
89256	107
89257	107
89258	107
89259	107
89260	107
89261	107
89262	107
89263	107
89264	107
89265	107
89266	107
89267	107
89268	107
89269	107
89270	107
89271	107
89272	107
89273	107
89274	107
89275	107
89276	107
89277	107
89278	107
89279	107
89280	107
89281	107
89282	107
89283	107
89284	107
89285	107
89286	107
89287	107
89288	107
89289	107
89290	107
89291	107
89292	107
89293	107
89294	107
89295	107
89296	107
89297	107
89298	107
89299	107
89300	107
89301	107
89302	107
89303	107
89304	107
89305	107
89306	107
89307	107
89308	107
89309	107
89310	107
89311	107
89312	107
89313	107
89314	107
89315	107
89316	107
89317	107
89318	107
89319	107
89320	107
89321	107
89322	107
89323	107
89324	107
89325	107
89326	107
89327	107
89328	107
89329	107
89330	107
89331	107
89332	107
89333	107
89334	107
89335	107
89336	107
89337	107
89338	107
89339	107
89340	107
89341	107
89342	107
89343	107
89344	107
89345	107
89346	107
89347	107
89348	107
89349	107
89350	107
89351	107
89352	107
89353	107
89354	107
89355	107
89356	107
89357	107
89358	107
89359	107
89360	107
89361	107
89362	107
89363	107
89364	107
89365	107
89366	107
89367	107
89368	107
89369	107
89370	107
89371	107
89372	107
89373	107
89374	107
89375	107
89376	107
89377	107
89378	107
89379	107
89380	107
89381	107
89382	107
89383	107
89384	107
89385	107
89386	107
89387	107
89388	107
89389	107
89390	107
89391	107
89392	107
89393	107
89394	107
89395	107
89396	107
89397	107
89398	107
89399	107
89400	107
89401	107
89402	107
89403	107
89404	107
89405	107
89406	107
89407	107
89408	107
89409	107
89410	107
89411	107
89412	107
89413	107
89414	107
89415	107
89416	107
89417	107
89418	107
89419	107
89420	107
89421	107
89422	107
89423	107
89424	107
89425	107
89426	107
89427	107
89428	107
89429	107
89430	107
89431	107
89432	107
89433	107
89434	107
89435	107
89436	107
89437	107
89438	107
89439	107
89440	107
89441	107
89442	107
89443	107
89444	107
89445	107
89446	107
89447	107
89448	107
89449	107
89450	107
89451	107
89452	107
89453	107
89454	107
89455	107
89456	107
89457	107
89458	107
89459	107
89460	107
89461	107
89462	107
89463	107
89464	107
89465	107
89466	107
89467	107
89468	107
89469	107
89470	107
89471	107
89472	107
89473	107
89474	107
89475	107
89476	107
89477	107
89478	107
89479	107
89480	107
89481	107
89482	107
89483	107
89484	107
89485	107
89486	107
89487	107
89488	107
89489	107
89490	107
89491	107
89492	107
89493	107
89494	107
89495	107
89496	107
89497	107
89498	107
89499	107
89500	107
89501	107
89502	107
89503	107
89504	107
89505	107
89506	107
89507	107
89508	107
89509	107
89510	107
89511	107
89512	107
89513	107
89514	107
89515	107
89516	107
89517	107
89518	107
89519	107
89520	107
89521	107
89522	107
89523	107
89524	107
89525	107
89526	107
89527	107
89528	107
89529	107
89530	107
89531	107
89532	107
89533	107
89534	107
89535	107
89536	107
89537	107
89538	107
89539	107
89540	107
89541	107
89542	107
89543	107
89544	107
89545	107
89546	107
89547	107
89548	107
89549	107
89550	107
89551	107
89552	107
89553	107
89554	107
89555	107
89556	107
89557	107
89558	107
89559	107
89560	107
89561	107
89562	107
89563	107
89564	107
89565	107
89566	107
89567	107
89568	107
89569	107
89570	107
89571	107
89572	107
89573	107
89574	107
89575	107
89576	107
89577	107
89578	107
89579	107
89580	107
89581	107
89582	107
89583	107
89584	107
89585	107
89586	107
89587	107
89588	107
89589	107
89590	107
89591	107
89592	107
89593	107
89594	107
89595	107
89596	107
89597	107
89598	107
89599	107
89600	107
89601	107
89602	107
89603	107
89604	107
89605	107
89606	107
89607	107
89608	107
89609	107
89610	107
89611	107
89612	107
89613	107
89614	107
89615	107
89616	107
89617	107
89618	107
89619	107
89620	107
89621	107
89622	107
89623	107
89624	107
89625	107
89626	107
89627	107
89628	107
89629	107
89630	107
89631	107
89632	107
89633	107
89634	107
89635	107
89636	107
89637	107
89638	107
89639	107
89640	107
89641	107
89642	107
89643	107
89644	107
89645	107
89646	107
89647	107
89648	107
89649	107
89650	107
89651	107
89652	107
89653	107
89654	107
89655	107
89656	107
89657	107
89658	107
89659	107
89660	107
89661	107
89662	107
89663	107
89664	107
89665	107
89666	107
89667	107
89668	107
89669	107
89670	107
89671	107
89672	107
89673	107
89674	107
89675	107
89676	107
89677	107
89678	107
89679	107
89680	107
89681	107
89682	107
89683	107
89684	107
89685	107
89686	107
89687	107
89688	107
89689	107
89690	107
89691	107
89692	107
89693	107
89694	107
89695	107
89696	107
89697	107
89698	107
89699	107
89700	107
89701	107
89702	107
89703	107
89704	107
89705	107
89706	107
89707	107
89708	107
89709	107
89710	107
89711	107
89712	107
89713	107
89714	107
89715	107
89716	107
89717	107
89718	107
89719	107
89720	107
89721	107
89722	107
89723	107
89724	107
89725	107
89726	107
89727	107
89728	107
89729	107
89730	107
89731	107
89732	107
89733	107
89734	107
89735	107
89736	107
89737	107
89738	107
89739	107
89740	107
89741	107
89742	107
89743	107
89744	107
89745	107
89746	107
89747	107
89748	107
89749	107
89750	107
89751	107
89752	107
89753	107
89754	107
89755	107
89756	107
89757	107
89758	107
89759	107
89760	107
89761	107
89762	107
89763	107
89764	107
89765	107
89766	107
89767	107
89768	107
89769	107
89770	107
89771	107
89772	107
89773	107
89774	107
89775	107
89776	107
89777	107
89778	107
89779	107
89780	107
89781	107
89782	107
89783	107
89784	107
89785	107
89786	107
89787	107
89788	107
89789	107
89790	107
89791	107
89792	107
89793	107
89794	107
89795	107
89796	107
89797	107
89798	107
89799	107
89800	107
89801	107
89802	107
89803	107
89804	107
89805	107
89806	107
89807	107
89808	107
89809	107
89810	107
89811	107
89812	107
89813	107
89814	107
89815	107
89816	107
89817	107
89818	107
89819	107
89820	107
89821	107
89822	107
89823	107
89824	107
89825	107
89826	107
89827	107
89828	107
89829	107
89830	107
89831	107
89832	107
89833	107
89834	107
89835	107
89836	107
89837	107
89838	107
89839	107
89840	107
89841	107
89842	107
89843	107
89844	107
89845	107
89846	107
89847	107
89848	107
89849	107
89850	107
89851	107
89852	107
89853	107
89854	107
89855	107
89856	107
89857	107
89858	107
89859	107
89860	107
89861	107
89862	107
89863	107
89864	107
89865	107
89866	107
89867	107
89868	107
89869	107
89870	107
89871	107
89872	107
89873	107
89874	107
89875	107
89876	107
89877	107
89878	107
89879	107
89880	107
89881	107
89882	107
89883	107
89884	107
89885	107
89886	107
89887	107
89888	107
89889	107
89890	107
89891	107
89892	107
89893	107
89894	107
89895	107
89896	107
89897	107
89898	107
89899	107
89900	107
89901	107
89902	107
89903	107
89904	107
89905	107
89906	107
89907	107
89908	107
89909	107
89910	107
89911	107
89912	107
89913	107
89914	107
89915	107
89916	107
89917	107
89918	107
89919	107
89920	107
89921	107
89922	107
89923	107
89924	107
89925	107
89926	107
89927	107
89928	107
89929	107
89930	107
89931	107
89932	107
89933	107
89934	107
89935	107
89936	107
89937	107
89938	107
89939	107
89940	107
89941	107
89942	107
89943	107
89944	107
89945	107
89946	107
89947	107
89948	107
89949	107
89950	107
89951	107
89952	107
89953	107
89954	107
89955	107
89956	107
89957	107
89958	107
89959	107
89960	107
89961	107
89962	107
89963	107
89964	108
89965	108
89966	108
89967	108
89968	108
89969	108
89970	108
89971	108
89972	108
89973	108
89974	108
89975	108
89976	108
89977	108
89978	108
89979	108
89980	108
89981	108
89982	108
89983	108
89984	108
89985	108
89986	108
89987	108
89988	108
89989	108
89990	108
89991	108
89992	108
89993	108
89994	108
89995	108
89996	108
89997	108
89998	108
89999	108
90000	108
90001	108
90002	108
90003	108
90004	108
90005	108
90006	108
90007	108
90008	108
90009	108
90010	108
90011	108
90012	108
90013	108
90014	108
90015	108
90016	108
90017	108
90018	108
90019	108
90020	108
90021	108
90022	108
90023	108
90024	108
90025	108
90026	108
90027	108
90028	108
90029	108
90030	108
90031	108
90032	108
90033	108
90034	108
90035	108
90036	108
90037	108
90038	108
90039	108
90040	108
90041	108
90042	108
90043	108
90044	108
90045	108
90046	108
90047	108
90048	108
90049	108
90050	108
90051	108
90052	108
90053	108
90054	108
90055	108
90056	108
90057	108
90058	108
90059	108
90060	108
90061	108
90062	108
90063	108
90064	108
90065	108
90066	108
90067	108
90068	108
90069	108
90070	108
90071	108
90072	108
90073	108
90074	108
90075	108
90076	108
90077	108
90078	108
90079	108
90080	108
90081	108
90082	108
90083	108
90084	108
90085	108
90086	108
90087	108
90088	108
90089	108
90090	108
90091	108
90092	108
90093	108
90094	108
90095	108
90096	108
90097	108
90098	108
90099	108
90100	108
90101	108
90102	108
90103	108
90104	108
90105	108
90106	108
90107	108
90108	108
90109	108
90110	108
90111	108
90112	108
90113	108
90114	108
90115	108
90116	108
90117	108
90118	108
90119	108
90120	108
90121	108
90122	108
90123	108
90124	108
90125	108
90126	108
90127	108
90128	108
90129	108
90130	108
90131	108
90132	108
90133	108
90134	108
90135	108
90136	108
90137	108
90138	108
90139	108
90140	108
90141	108
90142	108
90143	108
90144	108
90145	108
90146	108
90147	108
90148	108
90149	108
90150	108
90151	108
90152	108
90153	108
90154	108
90155	108
90156	108
90157	108
90158	108
90159	108
90160	108
90161	108
90162	108
90163	108
90164	108
90165	108
90166	108
90167	108
90168	108
90169	108
90170	108
90171	108
90172	108
90173	108
90174	108
90175	108
90176	108
90177	108
90178	108
90179	108
90180	108
90181	108
90182	108
90183	108
90184	108
90185	108
90186	108
90187	108
90188	108
90189	108
90190	108
90191	108
90192	108
90193	108
90194	108
90195	108
90196	108
90197	108
90198	108
90199	108
90200	108
90201	108
90202	108
90203	108
90204	108
90205	108
90206	108
90207	108
90208	108
90209	108
90210	108
90211	108
90212	108
90213	108
90214	108
90215	108
90216	108
90217	108
90218	108
90219	108
90220	108
90221	108
90222	108
90223	108
90224	108
90225	108
90226	108
90227	108
90228	108
90229	108
90230	108
90231	108
90232	108
90233	108
90234	108
90235	108
90236	108
90237	108
90238	108
90239	108
90240	108
90241	108
90242	108
90243	108
90244	108
90245	108
90246	108
90247	108
90248	108
90249	108
90250	108
90251	108
90252	108
90253	108
90254	108
90255	108
90256	108
90257	108
90258	108
90259	108
90260	108
90261	108
90262	108
90263	108
90264	108
90265	108
90266	108
90267	108
90268	108
90269	108
90270	108
90271	108
90272	108
90273	108
90274	108
90275	108
90276	108
90277	108
90278	108
90279	108
90280	108
90281	108
90282	108
90283	108
90284	108
90285	108
90286	108
90287	108
90288	108
90289	108
90290	108
90291	108
90292	108
90293	108
90294	108
90295	108
90296	108
90297	108
90298	108
90299	108
90300	108
90301	108
90302	108
90303	108
90304	108
90305	108
90306	108
90307	108
90308	108
90309	108
90310	108
90311	108
90312	108
90313	108
90314	108
90315	108
90316	108
90317	108
90318	108
90319	108
90320	108
90321	108
90322	108
90323	108
90324	108
90325	108
90326	108
90327	108
90328	108
90329	108
90330	108
90331	108
90332	108
90333	108
90334	108
90335	108
90336	108
90337	108
90338	108
90339	108
90340	108
90341	108
90342	108
90343	108
90344	108
90345	108
90346	108
90347	108
90348	108
90349	108
90350	108
90351	108
90352	108
90353	108
90354	108
90355	108
90356	108
90357	108
90358	108
90359	108
90360	108
90361	108
90362	108
90363	108
90364	108
90365	108
90366	108
90367	108
90368	108
90369	108
90370	108
90371	108
90372	108
90373	108
90374	108
90375	108
90376	108
90377	108
90378	108
90379	108
90380	108
90381	108
90382	108
90383	108
90384	108
90385	108
90386	108
90387	108
90388	108
90389	108
90390	108
90391	108
90392	108
90393	108
90394	108
90395	108
90396	108
90397	108
90398	108
90399	108
90400	108
90401	108
90402	108
90403	108
90404	108
90405	108
90406	108
90407	108
90408	108
90409	108
90410	108
90411	108
90412	108
90413	108
90414	108
90415	108
90416	108
90417	108
90418	108
90419	108
90420	108
90421	108
90422	108
90423	108
90424	108
90425	108
90426	108
90427	108
90428	108
90429	108
90430	108
90431	108
90432	108
90433	108
90434	108
90435	108
90436	108
90437	108
90438	108
90439	108
90440	108
90441	108
90442	108
90443	108
90444	108
90445	108
90446	108
90447	108
90448	108
90449	108
90450	108
90451	108
90452	108
90453	108
90454	108
90455	108
90456	108
90457	108
90458	108
90459	108
90460	108
90461	108
90462	108
90463	108
90464	108
90465	108
90466	108
90467	108
90468	108
90469	108
90470	108
90471	108
90472	108
90473	108
90474	108
90475	108
90476	108
90477	108
90478	108
90479	108
90480	108
90481	108
90482	108
90483	108
90484	108
90485	108
90486	108
90487	108
90488	108
90489	108
90490	108
90491	108
90492	108
90493	108
90494	108
90495	108
90496	108
90497	108
90498	108
90499	108
90500	108
90501	108
90502	108
90503	108
90504	108
90505	108
90506	108
90507	108
90508	108
90509	108
90510	108
90511	108
90512	108
90513	108
90514	108
90515	108
90516	108
90517	108
90518	108
90519	108
90520	108
90521	108
90522	108
90523	108
90524	108
90525	108
90526	108
90527	108
90528	108
90529	108
90530	108
90531	108
90532	108
90533	108
90534	108
90535	108
90536	108
90537	108
90538	108
90539	108
90540	108
90541	108
90542	108
90543	108
90544	108
90545	108
90546	108
90547	108
90548	108
90549	108
90550	108
90551	108
90552	108
90553	108
90554	108
90555	108
90556	108
90557	108
90558	108
90559	108
90560	108
90561	108
90562	108
90563	108
90564	108
90565	108
90566	108
90567	108
90568	108
90569	108
90570	108
90571	108
90572	108
90573	108
90574	108
90575	108
90576	108
90577	108
90578	108
90579	108
90580	108
90581	108
90582	108
90583	108
90584	108
90585	108
90586	108
90587	108
90588	108
90589	108
90590	108
90591	108
90592	108
90593	108
90594	108
90595	108
90596	108
90597	108
90598	108
90599	108
90600	108
90601	108
90602	108
90603	108
90604	108
90605	108
90606	108
90607	108
90608	108
90609	108
90610	108
90611	108
90612	108
90613	108
90614	108
90615	108
90616	108
90617	108
90618	108
90619	108
90620	108
90621	108
90622	108
90623	108
90624	108
90625	108
90626	108
90627	108
90628	108
90629	108
90630	108
90631	108
90632	108
90633	108
90634	108
90635	108
90636	108
90637	108
90638	108
90639	108
90640	108
90641	108
90642	108
90643	108
90644	108
90645	108
90646	108
90647	108
90648	108
90649	108
90650	108
90651	108
90652	108
90653	108
90654	108
90655	108
90656	108
90657	108
90658	108
90659	108
90660	108
90661	108
90662	108
90663	108
90664	108
90665	108
90666	108
90667	108
90668	108
90669	108
90670	108
90671	108
90672	108
90673	108
90674	108
90675	108
90676	108
90677	108
90678	108
90679	108
90680	108
90681	108
90682	108
90683	108
90684	108
90685	108
90686	108
90687	108
90688	108
90689	108
90690	108
90691	108
90692	108
90693	108
90694	108
90695	108
90696	108
90697	108
90698	108
90699	108
90700	108
90701	108
90702	108
90703	108
90704	108
90705	108
90706	108
90707	108
90708	108
90709	108
90710	108
90711	108
90712	108
90713	108
90714	108
90715	108
90716	108
90717	108
90718	108
90719	108
90720	108
90721	108
90722	108
90723	108
90724	108
90725	108
90726	108
90727	108
90728	108
90729	108
90730	108
90731	108
90732	108
90733	108
90734	108
90735	108
90736	108
90737	108
90738	108
90739	108
90740	108
90741	108
90742	108
90743	108
90744	108
90745	108
90746	108
90747	108
90748	108
90749	108
90750	108
90751	108
90752	108
90753	108
90754	108
90755	108
90756	108
90757	108
90758	108
90759	108
90760	108
90761	108
90762	108
90763	108
90764	108
90765	108
90766	108
90767	108
90768	108
90769	108
90770	108
90771	108
90772	108
90773	108
90774	108
90775	108
90776	108
90777	108
90778	108
90779	108
90780	108
90781	108
90782	108
90783	108
90784	108
90785	108
90786	108
90787	108
90788	108
90789	108
90790	108
90791	108
90792	108
90793	108
90794	108
90795	108
90796	108
90797	109
90798	109
90799	109
90800	109
90801	109
90802	109
90803	109
90804	109
90805	109
90806	109
90807	109
90808	109
90809	109
90810	109
90811	109
90812	109
90813	109
90814	109
90815	109
90816	109
90817	109
90818	109
90819	109
90820	109
90821	109
90822	109
90823	109
90824	109
90825	109
90826	109
90827	109
90828	109
90829	109
90830	109
90831	109
90832	109
90833	109
90834	109
90835	109
90836	109
90837	109
90838	109
90839	109
90840	109
90841	109
90842	109
90843	109
90844	109
90845	109
90846	109
90847	109
90848	109
90849	109
90850	109
90851	109
90852	109
90853	109
90854	109
90855	109
90856	109
90857	109
90858	109
90859	109
90860	109
90861	109
90862	109
90863	109
90864	109
90865	109
90866	109
90867	109
90868	109
90869	109
90870	109
90871	109
90872	109
90873	109
90874	109
90875	109
90876	109
90877	109
90878	109
90879	109
90880	109
90881	109
90882	109
90883	109
90884	109
90885	109
90886	109
90887	109
90888	109
90889	109
90890	109
90891	109
90892	109
90893	109
90894	109
90895	109
90896	109
90897	109
90898	109
90899	109
90900	109
90901	109
90902	109
90903	109
90904	109
90905	109
90906	109
90907	109
90908	109
90909	109
90910	109
90911	109
90912	109
90913	109
90914	109
90915	109
90916	109
90917	109
90918	109
90919	109
90920	109
90921	109
90922	109
90923	109
90924	109
90925	109
90926	109
90927	109
90928	109
90929	109
90930	109
90931	109
90932	109
90933	109
90934	109
90935	109
90936	109
90937	109
90938	109
90939	109
90940	109
90941	109
90942	109
90943	109
90944	109
90945	109
90946	109
90947	109
90948	109
90949	109
90950	109
90951	109
90952	109
90953	109
90954	109
90955	109
90956	109
90957	109
90958	109
90959	109
90960	109
90961	109
90962	109
90963	109
90964	109
90965	109
90966	109
90967	109
90968	109
90969	109
90970	109
90971	109
90972	109
90973	109
90974	109
90975	109
90976	109
90977	109
90978	109
90979	109
90980	109
90981	109
90982	109
90983	109
90984	109
90985	109
90986	109
90987	109
90988	109
90989	109
90990	109
90991	109
90992	109
90993	109
90994	109
90995	109
90996	109
90997	109
90998	109
90999	109
91000	109
91001	109
91002	109
91003	109
91004	109
91005	109
91006	109
91007	109
91008	109
91009	109
91010	109
91011	109
91012	109
91013	109
91014	109
91015	109
91016	109
91017	109
91018	109
91019	109
91020	109
91021	109
91022	109
91023	109
91024	109
91025	109
91026	109
91027	109
91028	109
91029	109
91030	109
91031	109
91032	109
91033	109
91034	109
91035	109
91036	109
91037	109
91038	109
91039	109
91040	109
91041	109
91042	109
91043	109
91044	109
91045	109
91046	109
91047	109
91048	109
91049	109
91050	109
91051	109
91052	109
91053	109
91054	109
91055	109
91056	109
91057	109
91058	109
91059	109
91060	109
91061	109
91062	109
91063	109
91064	109
91065	109
91066	109
91067	109
91068	109
91069	109
91070	109
91071	109
91072	109
91073	109
91074	109
91075	109
91076	109
91077	109
91078	109
91079	109
91080	109
91081	109
91082	109
91083	109
91084	109
91085	109
91086	109
91087	109
91088	109
91089	109
91090	109
91091	109
91092	109
91093	109
91094	109
91095	109
91096	109
91097	109
91098	109
91099	109
91100	109
91101	109
91102	109
91103	109
91104	109
91105	109
91106	109
91107	109
91108	109
91109	109
91110	109
91111	109
91112	109
91113	109
91114	109
91115	109
91116	109
91117	109
91118	109
91119	109
91120	109
91121	109
91122	109
91123	109
91124	109
91125	109
91126	109
91127	109
91128	109
91129	109
91130	109
91131	109
91132	109
91133	109
91134	109
91135	109
91136	109
91137	109
91138	109
91139	109
91140	109
91141	109
91142	109
91143	109
91144	109
91145	109
91146	109
91147	109
91148	109
91149	109
91150	109
91151	109
91152	109
91153	109
91154	109
91155	109
91156	109
91157	109
91158	109
91159	109
91160	109
91161	109
91162	109
91163	109
91164	109
91165	109
91166	109
91167	109
91168	109
91169	109
91170	109
91171	109
91172	109
91173	109
91174	109
91175	109
91176	109
91177	109
91178	109
91179	109
91180	109
91181	109
91182	109
91183	109
91184	109
91185	109
91186	109
91187	109
91188	109
91189	109
91190	109
91191	109
91192	109
91193	109
91194	109
91195	109
91196	109
91197	109
91198	109
91199	109
91200	109
91201	109
91202	109
91203	109
91204	109
91205	109
91206	109
91207	109
91208	109
91209	109
91210	109
91211	109
91212	109
91213	109
91214	109
91215	109
91216	109
91217	109
91218	109
91219	109
91220	109
91221	109
91222	109
91223	109
91224	109
91225	109
91226	109
91227	109
91228	109
91229	109
91230	109
91231	109
91232	109
91233	109
91234	109
91235	109
91236	109
91237	109
91238	109
91239	109
91240	109
91241	109
91242	109
91243	109
91244	109
91245	109
91246	109
91247	109
91248	109
91249	109
91250	109
91251	109
91252	109
91253	109
91254	109
91255	109
91256	109
91257	109
91258	109
91259	109
91260	109
91261	109
91262	109
91263	109
91264	109
91265	109
91266	109
91267	109
91268	109
91269	109
91270	109
91271	109
91272	109
91273	109
91274	109
91275	109
91276	109
91277	109
91278	109
91279	109
91280	109
91281	109
91282	109
91283	109
91284	109
91285	109
91286	109
91287	109
91288	109
91289	109
91290	109
91291	109
91292	109
91293	109
91294	109
91295	109
91296	109
91297	109
91298	109
91299	109
91300	109
91301	109
91302	109
91303	109
91304	109
91305	109
91306	109
91307	109
91308	109
91309	109
91310	109
91311	109
91312	109
91313	109
91314	109
91315	109
91316	109
91317	109
91318	109
91319	109
91320	109
91321	109
91322	109
91323	109
91324	109
91325	109
91326	109
91327	109
91328	109
91329	109
91330	109
91331	109
91332	109
91333	109
91334	109
91335	109
91336	109
91337	109
91338	109
91339	109
91340	109
91341	109
91342	109
91343	109
91344	109
91345	109
91346	109
91347	109
91348	109
91349	109
91350	109
91351	109
91352	109
91353	109
91354	109
91355	109
91356	109
91357	109
91358	109
91359	109
91360	109
91361	109
91362	109
91363	109
91364	109
91365	109
91366	109
91367	109
91368	109
91369	109
91370	109
91371	109
91372	109
91373	109
91374	109
91375	109
91376	109
91377	109
91378	109
91379	109
91380	109
91381	109
91382	109
91383	109
91384	109
91385	109
91386	109
91387	109
91388	109
91389	109
91390	109
91391	109
91392	109
91393	109
91394	109
91395	109
91396	109
91397	109
91398	109
91399	109
91400	109
91401	109
91402	109
91403	109
91404	109
91405	109
91406	109
91407	109
91408	109
91409	109
91410	109
91411	109
91412	109
91413	109
91414	109
91415	109
91416	109
91417	109
91418	109
91419	109
91420	109
91421	109
91422	109
91423	109
91424	109
91425	109
91426	109
91427	109
91428	109
91429	109
91430	109
91431	109
91432	109
91433	109
91434	109
91435	109
91436	109
91437	109
91438	109
91439	109
91440	109
91441	109
91442	109
91443	109
91444	109
91445	109
91446	109
91447	109
91448	109
91449	109
91450	109
91451	109
91452	109
91453	109
91454	109
91455	109
91456	109
91457	109
91458	109
91459	109
91460	109
91461	109
91462	109
91463	109
91464	109
91465	109
91466	109
91467	109
91468	109
91469	109
91470	109
91471	109
91472	109
91473	109
91474	109
91475	109
91476	109
91477	109
91478	109
91479	109
91480	109
91481	109
91482	109
91483	109
91484	109
91485	109
91486	109
91487	109
91488	109
91489	109
91490	109
91491	109
91492	109
91493	109
91494	109
91495	109
91496	109
91497	109
91498	109
91499	109
91500	109
91501	109
91502	109
91503	109
91504	109
91505	109
91506	109
91507	109
91508	109
91509	109
91510	109
91511	109
91512	109
91513	109
91514	109
91515	109
91516	109
91517	109
91518	109
91519	109
91520	109
91521	109
91522	109
91523	109
91524	109
91525	109
91526	109
91527	109
91528	109
91529	109
91530	109
91531	109
91532	109
91533	109
91534	109
91535	109
91536	109
91537	109
91538	109
91539	109
91540	109
91541	109
91542	109
91543	109
91544	109
91545	109
91546	109
91547	109
91548	109
91549	109
91550	109
91551	109
91552	109
91553	109
91554	109
91555	109
91556	109
91557	109
91558	109
91559	109
91560	109
91561	109
91562	109
91563	109
91564	109
91565	109
91566	109
91567	109
91568	109
91569	109
91570	109
91571	109
91572	109
91573	109
91574	109
91575	109
91576	109
91577	109
91578	109
91579	109
91580	109
91581	109
91582	109
91583	109
91584	109
91585	109
91586	109
91587	109
91588	109
91589	109
91590	109
91591	109
91592	109
91593	109
91594	109
91595	109
91596	109
91597	109
91598	109
91599	109
91600	109
91601	109
91602	109
91603	109
91604	109
91605	109
91606	109
91607	109
91608	109
91609	109
91610	109
91611	109
91612	109
91613	109
91614	109
91615	109
91616	109
91617	109
91618	109
91619	109
91620	109
91621	109
91622	109
91623	109
91624	109
91625	109
91626	109
91627	109
91628	109
91629	109
91630	110
91631	110
91632	110
91633	110
91634	110
91635	110
91636	110
91637	110
91638	110
91639	110
91640	110
91641	110
91642	110
91643	110
91644	110
91645	110
91646	110
91647	110
91648	110
91649	110
91650	110
91651	110
91652	110
91653	110
91654	110
91655	110
91656	110
91657	110
91658	110
91659	110
91660	110
91661	110
91662	110
91663	110
91664	110
91665	110
91666	110
91667	110
91668	110
91669	110
91670	110
91671	110
91672	110
91673	110
91674	110
91675	110
91676	110
91677	110
91678	110
91679	110
91680	110
91681	110
91682	110
91683	110
91684	110
91685	110
91686	110
91687	110
91688	110
91689	110
91690	110
91691	110
91692	110
91693	110
91694	110
91695	110
91696	110
91697	110
91698	110
91699	110
91700	110
91701	110
91702	110
91703	110
91704	110
91705	110
91706	110
91707	110
91708	110
91709	110
91710	110
91711	110
91712	110
91713	110
91714	110
91715	110
91716	110
91717	110
91718	110
91719	110
91720	110
91721	110
91722	110
91723	110
91724	110
91725	110
91726	110
91727	110
91728	110
91729	110
91730	110
91731	110
91732	110
91733	110
91734	110
91735	110
91736	110
91737	110
91738	110
91739	110
91740	110
91741	110
91742	110
91743	110
91744	110
91745	110
91746	110
91747	110
91748	110
91749	110
91750	110
91751	110
91752	110
91753	110
91754	110
91755	110
91756	110
91757	110
91758	110
91759	110
91760	110
91761	110
91762	110
91763	110
91764	110
91765	110
91766	110
91767	110
91768	110
91769	110
91770	110
91771	110
91772	110
91773	110
91774	110
91775	110
91776	110
91777	110
91778	110
91779	110
91780	110
91781	110
91782	110
91783	110
91784	110
91785	110
91786	110
91787	110
91788	110
91789	110
91790	110
91791	110
91792	110
91793	110
91794	110
91795	110
91796	110
91797	110
91798	110
91799	110
91800	110
91801	110
91802	110
91803	110
91804	110
91805	110
91806	110
91807	110
91808	110
91809	110
91810	110
91811	110
91812	110
91813	110
91814	110
91815	110
91816	110
91817	110
91818	110
91819	110
91820	110
91821	110
91822	110
91823	110
91824	110
91825	110
91826	110
91827	110
91828	110
91829	110
91830	110
91831	110
91832	110
91833	110
91834	110
91835	110
91836	110
91837	110
91838	110
91839	110
91840	110
91841	110
91842	110
91843	110
91844	110
91845	110
91846	110
91847	110
91848	110
91849	110
91850	110
91851	110
91852	110
91853	110
91854	110
91855	110
91856	110
91857	110
91858	110
91859	110
91860	110
91861	110
91862	110
91863	110
91864	110
91865	110
91866	110
91867	110
91868	110
91869	110
91870	110
91871	110
91872	110
91873	110
91874	110
91875	110
91876	110
91877	110
91878	110
91879	110
91880	110
91881	110
91882	110
91883	110
91884	110
91885	110
91886	110
91887	110
91888	110
91889	110
91890	110
91891	110
91892	110
91893	110
91894	110
91895	110
91896	110
91897	110
91898	110
91899	110
91900	110
91901	110
91902	110
91903	110
91904	110
91905	110
91906	110
91907	110
91908	110
91909	110
91910	110
91911	110
91912	110
91913	110
91914	110
91915	110
91916	110
91917	110
91918	110
91919	110
91920	110
91921	110
91922	110
91923	110
91924	110
91925	110
91926	110
91927	110
91928	110
91929	110
91930	110
91931	110
91932	110
91933	110
91934	110
91935	110
91936	110
91937	110
91938	110
91939	110
91940	110
91941	110
91942	110
91943	110
91944	110
91945	110
91946	110
91947	110
91948	110
91949	110
91950	110
91951	110
91952	110
91953	110
91954	110
91955	110
91956	110
91957	110
91958	110
91959	110
91960	110
91961	110
91962	110
91963	110
91964	110
91965	110
91966	110
91967	110
91968	110
91969	110
91970	110
91971	110
91972	110
91973	110
91974	110
91975	110
91976	110
91977	110
91978	110
91979	110
91980	110
91981	110
91982	110
91983	110
91984	110
91985	110
91986	110
91987	110
91988	110
91989	110
91990	110
91991	110
91992	110
91993	110
91994	110
91995	110
91996	110
91997	110
91998	110
91999	110
92000	110
92001	110
92002	110
92003	110
92004	110
92005	110
92006	110
92007	110
92008	110
92009	110
92010	110
92011	110
92012	110
92013	110
92014	110
92015	110
92016	110
92017	110
92018	110
92019	110
92020	110
92021	110
92022	110
92023	110
92024	110
92025	110
92026	110
92027	110
92028	110
92029	110
92030	110
92031	110
92032	110
92033	110
92034	110
92035	110
92036	110
92037	110
92038	110
92039	110
92040	110
92041	110
92042	110
92043	110
92044	110
92045	110
92046	110
92047	110
92048	110
92049	110
92050	110
92051	110
92052	110
92053	110
92054	110
92055	110
92056	110
92057	110
92058	110
92059	110
92060	110
92061	110
92062	110
92063	110
92064	110
92065	110
92066	110
92067	110
92068	110
92069	110
92070	110
92071	110
92072	110
92073	110
92074	110
92075	110
92076	110
92077	110
92078	110
92079	110
92080	110
92081	110
92082	110
92083	110
92084	110
92085	110
92086	110
92087	110
92088	110
92089	110
92090	110
92091	110
92092	110
92093	110
92094	110
92095	110
92096	110
92097	110
92098	110
92099	110
92100	110
92101	110
92102	110
92103	110
92104	110
92105	110
92106	110
92107	110
92108	110
92109	110
92110	110
92111	110
92112	110
92113	110
92114	110
92115	110
92116	110
92117	110
92118	110
92119	110
92120	110
92121	110
92122	110
92123	110
92124	110
92125	110
92126	110
92127	110
92128	110
92129	110
92130	110
92131	110
92132	110
92133	110
92134	110
92135	110
92136	110
92137	110
92138	110
92139	110
92140	110
92141	110
92142	110
92143	110
92144	110
92145	110
92146	110
92147	110
92148	110
92149	110
92150	110
92151	110
92152	110
92153	110
92154	110
92155	110
92156	110
92157	110
92158	110
92159	110
92160	110
92161	110
92162	110
92163	110
92164	110
92165	110
92166	110
92167	110
92168	110
92169	110
92170	110
92171	110
92172	110
92173	110
92174	110
92175	110
92176	110
92177	110
92178	110
92179	110
92180	110
92181	110
92182	110
92183	110
92184	110
92185	110
92186	110
92187	110
92188	110
92189	110
92190	110
92191	110
92192	110
92193	110
92194	110
92195	110
92196	110
92197	110
92198	110
92199	110
92200	110
92201	110
92202	110
92203	110
92204	110
92205	110
92206	110
92207	110
92208	110
92209	110
92210	110
92211	110
92212	110
92213	110
92214	110
92215	110
92216	110
92217	110
92218	110
92219	110
92220	110
92221	110
92222	110
92223	110
92224	110
92225	110
92226	110
92227	110
92228	110
92229	110
92230	110
92231	110
92232	110
92233	110
92234	110
92235	110
92236	110
92237	110
92238	110
92239	110
92240	110
92241	110
92242	110
92243	110
92244	110
92245	110
92246	110
92247	110
92248	110
92249	110
92250	110
92251	110
92252	110
92253	110
92254	110
92255	110
92256	110
92257	110
92258	110
92259	110
92260	110
92261	110
92262	110
92263	110
92264	110
92265	110
92266	110
92267	110
92268	110
92269	110
92270	110
92271	110
92272	110
92273	110
92274	110
92275	110
92276	110
92277	110
92278	110
92279	110
92280	110
92281	110
92282	110
92283	110
92284	110
92285	110
92286	110
92287	110
92288	110
92289	110
92290	110
92291	110
92292	110
92293	110
92294	110
92295	110
92296	110
92297	110
92298	110
92299	110
92300	110
92301	110
92302	110
92303	110
92304	110
92305	110
92306	110
92307	110
92308	110
92309	110
92310	110
92311	110
92312	110
92313	110
92314	110
92315	110
92316	110
92317	110
92318	110
92319	110
92320	110
92321	110
92322	110
92323	110
92324	110
92325	110
92326	110
92327	110
92328	110
92329	110
92330	110
92331	110
92332	110
92333	110
92334	110
92335	110
92336	110
92337	110
92338	110
92339	110
92340	110
92341	110
92342	110
92343	110
92344	110
92345	110
92346	110
92347	110
92348	110
92349	110
92350	110
92351	110
92352	110
92353	110
92354	110
92355	110
92356	110
92357	110
92358	110
92359	110
92360	110
92361	110
92362	110
92363	110
92364	110
92365	110
92366	110
92367	110
92368	110
92369	110
92370	110
92371	110
92372	110
92373	110
92374	110
92375	110
92376	110
92377	110
92378	110
92379	110
92380	110
92381	110
92382	110
92383	110
92384	110
92385	110
92386	110
92387	110
92388	110
92389	110
92390	110
92391	110
92392	110
92393	110
92394	110
92395	110
92396	110
92397	110
92398	110
92399	110
92400	110
92401	110
92402	110
92403	110
92404	110
92405	110
92406	110
92407	110
92408	110
92409	110
92410	110
92411	110
92412	110
92413	110
92414	110
92415	110
92416	110
92417	110
92418	110
92419	110
92420	110
92421	110
92422	110
92423	110
92424	110
92425	110
92426	110
92427	110
92428	110
92429	110
92430	110
92431	110
92432	110
92433	110
92434	110
92435	110
92436	110
92437	110
92438	110
92439	110
92440	110
92441	110
92442	110
92443	110
92444	110
92445	110
92446	110
92447	110
92448	110
92449	110
92450	110
92451	110
92452	110
92453	110
92454	110
92455	110
92456	110
92457	110
92458	110
92459	110
92460	110
92461	110
92462	110
92463	111
92464	111
92465	111
92466	111
92467	111
92468	111
92469	111
92470	111
92471	111
92472	111
92473	111
92474	111
92475	111
92476	111
92477	111
92478	111
92479	111
92480	111
92481	111
92482	111
92483	111
92484	111
92485	111
92486	111
92487	111
92488	111
92489	111
92490	111
92491	111
92492	111
92493	111
92494	111
92495	111
92496	111
92497	111
92498	111
92499	111
92500	111
92501	111
92502	111
92503	111
92504	111
92505	111
92506	111
92507	111
92508	111
92509	111
92510	111
92511	111
92512	111
92513	111
92514	111
92515	111
92516	111
92517	111
92518	111
92519	111
92520	111
92521	111
92522	111
92523	111
92524	111
92525	111
92526	111
92527	111
92528	111
92529	111
92530	111
92531	111
92532	111
92533	111
92534	111
92535	111
92536	111
92537	111
92538	111
92539	111
92540	111
92541	111
92542	111
92543	111
92544	111
92545	111
92546	111
92547	111
92548	111
92549	111
92550	111
92551	111
92552	111
92553	111
92554	111
92555	111
92556	111
92557	111
92558	111
92559	111
92560	111
92561	111
92562	111
92563	111
92564	111
92565	111
92566	111
92567	111
92568	111
92569	111
92570	111
92571	111
92572	111
92573	111
92574	111
92575	111
92576	111
92577	111
92578	111
92579	111
92580	111
92581	111
92582	111
92583	111
92584	111
92585	111
92586	111
92587	111
92588	111
92589	111
92590	111
92591	111
92592	111
92593	111
92594	111
92595	111
92596	111
92597	111
92598	111
92599	111
92600	111
92601	111
92602	111
92603	111
92604	111
92605	111
92606	111
92607	111
92608	111
92609	111
92610	111
92611	111
92612	111
92613	111
92614	111
92615	111
92616	111
92617	111
92618	111
92619	111
92620	111
92621	111
92622	111
92623	111
92624	111
92625	111
92626	111
92627	111
92628	111
92629	111
92630	111
92631	111
92632	111
92633	111
92634	111
92635	111
92636	111
92637	111
92638	111
92639	111
92640	111
92641	111
92642	111
92643	111
92644	111
92645	111
92646	111
92647	111
92648	111
92649	111
92650	111
92651	111
92652	111
92653	111
92654	111
92655	111
92656	111
92657	111
92658	111
92659	111
92660	111
92661	111
92662	111
92663	111
92664	111
92665	111
92666	111
92667	111
92668	111
92669	111
92670	111
92671	111
92672	111
92673	111
92674	111
92675	111
92676	111
92677	111
92678	111
92679	111
92680	111
92681	111
92682	111
92683	111
92684	111
92685	111
92686	111
92687	111
92688	111
92689	111
92690	111
92691	111
92692	111
92693	111
92694	111
92695	111
92696	111
92697	111
92698	111
92699	111
92700	111
92701	111
92702	111
92703	111
92704	111
92705	111
92706	111
92707	111
92708	111
92709	111
92710	111
92711	111
92712	111
92713	111
92714	111
92715	111
92716	111
92717	111
92718	111
92719	111
92720	111
92721	111
92722	111
92723	111
92724	111
92725	111
92726	111
92727	111
92728	111
92729	111
92730	111
92731	111
92732	111
92733	111
92734	111
92735	111
92736	111
92737	111
92738	111
92739	111
92740	111
92741	111
92742	111
92743	111
92744	111
92745	111
92746	111
92747	111
92748	111
92749	111
92750	111
92751	111
92752	111
92753	111
92754	111
92755	111
92756	111
92757	111
92758	111
92759	111
92760	111
92761	111
92762	111
92763	111
92764	111
92765	111
92766	111
92767	111
92768	111
92769	111
92770	111
92771	111
92772	111
92773	111
92774	111
92775	111
92776	111
92777	111
92778	111
92779	111
92780	111
92781	111
92782	111
92783	111
92784	111
92785	111
92786	111
92787	111
92788	111
92789	111
92790	111
92791	111
92792	111
92793	111
92794	111
92795	111
92796	111
92797	111
92798	111
92799	111
92800	111
92801	111
92802	111
92803	111
92804	111
92805	111
92806	111
92807	111
92808	111
92809	111
92810	111
92811	111
92812	111
92813	111
92814	111
92815	111
92816	111
92817	111
92818	111
92819	111
92820	111
92821	111
92822	111
92823	111
92824	111
92825	111
92826	111
92827	111
92828	111
92829	111
92830	111
92831	111
92832	111
92833	111
92834	111
92835	111
92836	111
92837	111
92838	111
92839	111
92840	111
92841	111
92842	111
92843	111
92844	111
92845	111
92846	111
92847	111
92848	111
92849	111
92850	111
92851	111
92852	111
92853	111
92854	111
92855	111
92856	111
92857	111
92858	111
92859	111
92860	111
92861	111
92862	111
92863	111
92864	111
92865	111
92866	111
92867	111
92868	111
92869	111
92870	111
92871	111
92872	111
92873	111
92874	111
92875	111
92876	111
92877	111
92878	111
92879	111
92880	111
92881	111
92882	111
92883	111
92884	111
92885	111
92886	111
92887	111
92888	111
92889	111
92890	111
92891	111
92892	111
92893	111
92894	111
92895	111
92896	111
92897	111
92898	111
92899	111
92900	111
92901	111
92902	111
92903	111
92904	111
92905	111
92906	111
92907	111
92908	111
92909	111
92910	111
92911	111
92912	111
92913	111
92914	111
92915	111
92916	111
92917	111
92918	111
92919	111
92920	111
92921	111
92922	111
92923	111
92924	111
92925	111
92926	111
92927	111
92928	111
92929	111
92930	111
92931	111
92932	111
92933	111
92934	111
92935	111
92936	111
92937	111
92938	111
92939	111
92940	111
92941	111
92942	111
92943	111
92944	111
92945	111
92946	111
92947	111
92948	111
92949	111
92950	111
92951	111
92952	111
92953	111
92954	111
92955	111
92956	111
92957	111
92958	111
92959	111
92960	111
92961	111
92962	111
92963	111
92964	111
92965	111
92966	111
92967	111
92968	111
92969	111
92970	111
92971	111
92972	111
92973	111
92974	111
92975	111
92976	111
92977	111
92978	111
92979	111
92980	111
92981	111
92982	111
92983	111
92984	111
92985	111
92986	111
92987	111
92988	111
92989	111
92990	111
92991	111
92992	111
92993	111
92994	111
92995	111
92996	111
92997	111
92998	111
92999	111
93000	111
93001	111
93002	111
93003	111
93004	111
93005	111
93006	111
93007	111
93008	111
93009	111
93010	111
93011	111
93012	111
93013	111
93014	111
93015	111
93016	111
93017	111
93018	111
93019	111
93020	111
93021	111
93022	111
93023	111
93024	111
93025	111
93026	111
93027	111
93028	111
93029	111
93030	111
93031	111
93032	111
93033	111
93034	111
93035	111
93036	111
93037	111
93038	111
93039	111
93040	111
93041	111
93042	111
93043	111
93044	111
93045	111
93046	111
93047	111
93048	111
93049	111
93050	111
93051	111
93052	111
93053	111
93054	111
93055	111
93056	111
93057	111
93058	111
93059	111
93060	111
93061	111
93062	111
93063	111
93064	111
93065	111
93066	111
93067	111
93068	111
93069	111
93070	111
93071	111
93072	111
93073	111
93074	111
93075	111
93076	111
93077	111
93078	111
93079	111
93080	111
93081	111
93082	111
93083	111
93084	111
93085	111
93086	111
93087	111
93088	111
93089	111
93090	111
93091	111
93092	111
93093	111
93094	111
93095	111
93096	111
93097	111
93098	111
93099	111
93100	111
93101	111
93102	111
93103	111
93104	111
93105	111
93106	111
93107	111
93108	111
93109	111
93110	111
93111	111
93112	111
93113	111
93114	111
93115	111
93116	111
93117	111
93118	111
93119	111
93120	111
93121	111
93122	111
93123	111
93124	111
93125	111
93126	111
93127	111
93128	111
93129	111
93130	111
93131	111
93132	111
93133	111
93134	111
93135	111
93136	111
93137	111
93138	111
93139	111
93140	111
93141	111
93142	111
93143	111
93144	111
93145	111
93146	111
93147	111
93148	111
93149	111
93150	111
93151	111
93152	111
93153	111
93154	111
93155	111
93156	111
93157	111
93158	111
93159	111
93160	111
93161	111
93162	111
93163	111
93164	111
93165	111
93166	111
93167	111
93168	111
93169	111
93170	111
93171	111
93172	111
93173	111
93174	111
93175	111
93176	111
93177	111
93178	111
93179	111
93180	111
93181	111
93182	111
93183	111
93184	111
93185	111
93186	111
93187	111
93188	111
93189	111
93190	111
93191	111
93192	111
93193	111
93194	111
93195	111
93196	111
93197	111
93198	111
93199	111
93200	111
93201	111
93202	111
93203	111
93204	111
93205	111
93206	111
93207	111
93208	111
93209	111
93210	111
93211	111
93212	111
93213	111
93214	111
93215	111
93216	111
93217	111
93218	111
93219	111
93220	111
93221	111
93222	111
93223	111
93224	111
93225	111
93226	111
93227	111
93228	111
93229	111
93230	111
93231	111
93232	111
93233	111
93234	111
93235	111
93236	111
93237	111
93238	111
93239	111
93240	111
93241	111
93242	111
93243	111
93244	111
93245	111
93246	111
93247	111
93248	111
93249	111
93250	111
93251	111
93252	111
93253	111
93254	111
93255	111
93256	111
93257	111
93258	111
93259	111
93260	111
93261	111
93262	111
93263	111
93264	111
93265	111
93266	111
93267	111
93268	111
93269	111
93270	111
93271	111
93272	111
93273	111
93274	111
93275	111
93276	111
93277	111
93278	111
93279	111
93280	111
93281	111
93282	111
93283	111
93284	111
93285	111
93286	111
93287	111
93288	111
93289	111
93290	111
93291	111
93292	111
93293	111
93294	111
93295	111
93296	112
93297	112
93298	112
93299	112
93300	112
93301	112
93302	112
93303	112
93304	112
93305	112
93306	112
93307	112
93308	112
93309	112
93310	112
93311	112
93312	112
93313	112
93314	112
93315	112
93316	112
93317	112
93318	112
93319	112
93320	112
93321	112
93322	112
93323	112
93324	112
93325	112
93326	112
93327	112
93328	112
93329	112
93330	112
93331	112
93332	112
93333	112
93334	112
93335	112
93336	112
93337	112
93338	112
93339	112
93340	112
93341	112
93342	112
93343	112
93344	112
93345	112
93346	112
93347	112
93348	112
93349	112
93350	112
93351	112
93352	112
93353	112
93354	112
93355	112
93356	112
93357	112
93358	112
93359	112
93360	112
93361	112
93362	112
93363	112
93364	112
93365	112
93366	112
93367	112
93368	112
93369	112
93370	112
93371	112
93372	112
93373	112
93374	112
93375	112
93376	112
93377	112
93378	112
93379	112
93380	112
93381	112
93382	112
93383	112
93384	112
93385	112
93386	112
93387	112
93388	112
93389	112
93390	112
93391	112
93392	112
93393	112
93394	112
93395	112
93396	112
93397	112
93398	112
93399	112
93400	112
93401	112
93402	112
93403	112
93404	112
93405	112
93406	112
93407	112
93408	112
93409	112
93410	112
93411	112
93412	112
93413	112
93414	112
93415	112
93416	112
93417	112
93418	112
93419	112
93420	112
93421	112
93422	112
93423	112
93424	112
93425	112
93426	112
93427	112
93428	112
93429	112
93430	112
93431	112
93432	112
93433	112
93434	112
93435	112
93436	112
93437	112
93438	112
93439	112
93440	112
93441	112
93442	112
93443	112
93444	112
93445	112
93446	112
93447	112
93448	112
93449	112
93450	112
93451	112
93452	112
93453	112
93454	112
93455	112
93456	112
93457	112
93458	112
93459	112
93460	112
93461	112
93462	112
93463	112
93464	112
93465	112
93466	112
93467	112
93468	112
93469	112
93470	112
93471	112
93472	112
93473	112
93474	112
93475	112
93476	112
93477	112
93478	112
93479	112
93480	112
93481	112
93482	112
93483	112
93484	112
93485	112
93486	112
93487	112
93488	112
93489	112
93490	112
93491	112
93492	112
93493	112
93494	112
93495	112
93496	112
93497	112
93498	112
93499	112
93500	112
93501	112
93502	112
93503	112
93504	112
93505	112
93506	112
93507	112
93508	112
93509	112
93510	112
93511	112
93512	112
93513	112
93514	112
93515	112
93516	112
93517	112
93518	112
93519	112
93520	112
93521	112
93522	112
93523	112
93524	112
93525	112
93526	112
93527	112
93528	112
93529	112
93530	112
93531	112
93532	112
93533	112
93534	112
93535	112
93536	112
93537	112
93538	112
93539	112
93540	112
93541	112
93542	112
93543	112
93544	112
93545	112
93546	112
93547	112
93548	112
93549	112
93550	112
93551	112
93552	112
93553	112
93554	112
93555	112
93556	112
93557	112
93558	112
93559	112
93560	112
93561	112
93562	112
93563	112
93564	112
93565	112
93566	112
93567	112
93568	112
93569	112
93570	112
93571	112
93572	112
93573	112
93574	112
93575	112
93576	112
93577	112
93578	112
93579	112
93580	112
93581	112
93582	112
93583	112
93584	112
93585	112
93586	112
93587	112
93588	112
93589	112
93590	112
93591	112
93592	112
93593	112
93594	112
93595	112
93596	112
93597	112
93598	112
93599	112
93600	112
93601	112
93602	112
93603	112
93604	112
93605	112
93606	112
93607	112
93608	112
93609	112
93610	112
93611	112
93612	112
93613	112
93614	112
93615	112
93616	112
93617	112
93618	112
93619	112
93620	112
93621	112
93622	112
93623	112
93624	112
93625	112
93626	112
93627	112
93628	112
93629	112
93630	112
93631	112
93632	112
93633	112
93634	112
93635	112
93636	112
93637	112
93638	112
93639	112
93640	112
93641	112
93642	112
93643	112
93644	112
93645	112
93646	112
93647	112
93648	112
93649	112
93650	112
93651	112
93652	112
93653	112
93654	112
93655	112
93656	112
93657	112
93658	112
93659	112
93660	112
93661	112
93662	112
93663	112
93664	112
93665	112
93666	112
93667	112
93668	112
93669	112
93670	112
93671	112
93672	112
93673	112
93674	112
93675	112
93676	112
93677	112
93678	112
93679	112
93680	112
93681	112
93682	112
93683	112
93684	112
93685	112
93686	112
93687	112
93688	112
93689	112
93690	112
93691	112
93692	112
93693	112
93694	112
93695	112
93696	112
93697	112
93698	112
93699	112
93700	112
93701	112
93702	112
93703	112
93704	112
93705	112
93706	112
93707	112
93708	112
93709	112
93710	112
93711	112
93712	112
93713	112
93714	112
93715	112
93716	112
93717	112
93718	112
93719	112
93720	112
93721	112
93722	112
93723	112
93724	112
93725	112
93726	112
93727	112
93728	112
93729	112
93730	112
93731	112
93732	112
93733	112
93734	112
93735	112
93736	112
93737	112
93738	112
93739	112
93740	112
93741	112
93742	112
93743	112
93744	112
93745	112
93746	112
93747	112
93748	112
93749	112
93750	112
93751	112
93752	112
93753	112
93754	112
93755	112
93756	112
93757	112
93758	112
93759	112
93760	112
93761	112
93762	112
93763	112
93764	112
93765	112
93766	112
93767	112
93768	112
93769	112
93770	112
93771	112
93772	112
93773	112
93774	112
93775	112
93776	112
93777	112
93778	112
93779	112
93780	112
93781	112
93782	112
93783	112
93784	112
93785	112
93786	112
93787	112
93788	112
93789	112
93790	112
93791	112
93792	112
93793	112
93794	112
93795	112
93796	112
93797	112
93798	112
93799	112
93800	112
93801	112
93802	112
93803	112
93804	112
93805	112
93806	112
93807	112
93808	112
93809	112
93810	112
93811	112
93812	112
93813	112
93814	112
93815	112
93816	112
93817	112
93818	112
93819	112
93820	112
93821	112
93822	112
93823	112
93824	112
93825	112
93826	112
93827	112
93828	112
93829	112
93830	112
93831	112
93832	112
93833	112
93834	112
93835	112
93836	112
93837	112
93838	112
93839	112
93840	112
93841	112
93842	112
93843	112
93844	112
93845	112
93846	112
93847	112
93848	112
93849	112
93850	112
93851	112
93852	112
93853	112
93854	112
93855	112
93856	112
93857	112
93858	112
93859	112
93860	112
93861	112
93862	112
93863	112
93864	112
93865	112
93866	112
93867	112
93868	112
93869	112
93870	112
93871	112
93872	112
93873	112
93874	112
93875	112
93876	112
93877	112
93878	112
93879	112
93880	112
93881	112
93882	112
93883	112
93884	112
93885	112
93886	112
93887	112
93888	112
93889	112
93890	112
93891	112
93892	112
93893	112
93894	112
93895	112
93896	112
93897	112
93898	112
93899	112
93900	112
93901	112
93902	112
93903	112
93904	112
93905	112
93906	112
93907	112
93908	112
93909	112
93910	112
93911	112
93912	112
93913	112
93914	112
93915	112
93916	112
93917	112
93918	112
93919	112
93920	112
93921	112
93922	112
93923	112
93924	112
93925	112
93926	112
93927	112
93928	112
93929	112
93930	112
93931	112
93932	112
93933	112
93934	112
93935	112
93936	112
93937	112
93938	112
93939	112
93940	112
93941	112
93942	112
93943	112
93944	112
93945	112
93946	112
93947	112
93948	112
93949	112
93950	112
93951	112
93952	112
93953	112
93954	112
93955	112
93956	112
93957	112
93958	112
93959	112
93960	112
93961	112
93962	112
93963	112
93964	112
93965	112
93966	112
93967	112
93968	112
93969	112
93970	112
93971	112
93972	112
93973	112
93974	112
93975	112
93976	112
93977	112
93978	112
93979	112
93980	112
93981	112
93982	112
93983	112
93984	112
93985	112
93986	112
93987	112
93988	112
93989	112
93990	112
93991	112
93992	112
93993	112
93994	112
93995	112
93996	112
93997	112
93998	112
93999	112
94000	112
94001	112
94002	112
94003	112
94004	112
94005	112
94006	112
94007	112
94008	112
94009	112
94010	112
94011	112
94012	112
94013	112
94014	112
94015	112
94016	112
94017	112
94018	112
94019	112
94020	112
94021	112
94022	112
94023	112
94024	112
94025	112
94026	112
94027	112
94028	112
94029	112
94030	112
94031	112
94032	112
94033	112
94034	112
94035	112
94036	112
94037	112
94038	112
94039	112
94040	112
94041	112
94042	112
94043	112
94044	112
94045	112
94046	112
94047	112
94048	112
94049	112
94050	112
94051	112
94052	112
94053	112
94054	112
94055	112
94056	112
94057	112
94058	112
94059	112
94060	112
94061	112
94062	112
94063	112
94064	112
94065	112
94066	112
94067	112
94068	112
94069	112
94070	112
94071	112
94072	112
94073	112
94074	112
94075	112
94076	112
94077	112
94078	112
94079	112
94080	112
94081	112
94082	112
94083	112
94084	112
94085	112
94086	112
94087	112
94088	112
94089	112
94090	112
94091	112
94092	112
94093	112
94094	112
94095	112
94096	112
94097	112
94098	112
94099	112
94100	112
94101	112
94102	112
94103	112
94104	112
94105	112
94106	112
94107	112
94108	112
94109	112
94110	112
94111	112
94112	112
94113	112
94114	112
94115	112
94116	112
94117	112
94118	112
94119	112
94120	112
94121	112
94122	112
94123	112
94124	112
94125	112
94126	112
94127	112
94128	112
94129	113
94130	113
94131	113
94132	113
94133	113
94134	113
94135	113
94136	113
94137	113
94138	113
94139	113
94140	113
94141	113
94142	113
94143	113
94144	113
94145	113
94146	113
94147	113
94148	113
94149	113
94150	113
94151	113
94152	113
94153	113
94154	113
94155	113
94156	113
94157	113
94158	113
94159	113
94160	113
94161	113
94162	113
94163	113
94164	113
94165	113
94166	113
94167	113
94168	113
94169	113
94170	113
94171	113
94172	113
94173	113
94174	113
94175	113
94176	113
94177	113
94178	113
94179	113
94180	113
94181	113
94182	113
94183	113
94184	113
94185	113
94186	113
94187	113
94188	113
94189	113
94190	113
94191	113
94192	113
94193	113
94194	113
94195	113
94196	113
94197	113
94198	113
94199	113
94200	113
94201	113
94202	113
94203	113
94204	113
94205	113
94206	113
94207	113
94208	113
94209	113
94210	113
94211	113
94212	113
94213	113
94214	113
94215	113
94216	113
94217	113
94218	113
94219	113
94220	113
94221	113
94222	113
94223	113
94224	113
94225	113
94226	113
94227	113
94228	113
94229	113
94230	113
94231	113
94232	113
94233	113
94234	113
94235	113
94236	113
94237	113
94238	113
94239	113
94240	113
94241	113
94242	113
94243	113
94244	113
94245	113
94246	113
94247	113
94248	113
94249	113
94250	113
94251	113
94252	113
94253	113
94254	113
94255	113
94256	113
94257	113
94258	113
94259	113
94260	113
94261	113
94262	113
94263	113
94264	113
94265	113
94266	113
94267	113
94268	113
94269	113
94270	113
94271	113
94272	113
94273	113
94274	113
94275	113
94276	113
94277	113
94278	113
94279	113
94280	113
94281	113
94282	113
94283	113
94284	113
94285	113
94286	113
94287	113
94288	113
94289	113
94290	113
94291	113
94292	113
94293	113
94294	113
94295	113
94296	113
94297	113
94298	113
94299	113
94300	113
94301	113
94302	113
94303	113
94304	113
94305	113
94306	113
94307	113
94308	113
94309	113
94310	113
94311	113
94312	113
94313	113
94314	113
94315	113
94316	113
94317	113
94318	113
94319	113
94320	113
94321	113
94322	113
94323	113
94324	113
94325	113
94326	113
94327	113
94328	113
94329	113
94330	113
94331	113
94332	113
94333	113
94334	113
94335	113
94336	113
94337	113
94338	113
94339	113
94340	113
94341	113
94342	113
94343	113
94344	113
94345	113
94346	113
94347	113
94348	113
94349	113
94350	113
94351	113
94352	113
94353	113
94354	113
94355	113
94356	113
94357	113
94358	113
94359	113
94360	113
94361	113
94362	113
94363	113
94364	113
94365	113
94366	113
94367	113
94368	113
94369	113
94370	113
94371	113
94372	113
94373	113
94374	113
94375	113
94376	113
94377	113
94378	113
94379	113
94380	113
94381	113
94382	113
94383	113
94384	113
94385	113
94386	113
94387	113
94388	113
94389	113
94390	113
94391	113
94392	113
94393	113
94394	113
94395	113
94396	113
94397	113
94398	113
94399	113
94400	113
94401	113
94402	113
94403	113
94404	113
94405	113
94406	113
94407	113
94408	113
94409	113
94410	113
94411	113
94412	113
94413	113
94414	113
94415	113
94416	113
94417	113
94418	113
94419	113
94420	113
94421	113
94422	113
94423	113
94424	113
94425	113
94426	113
94427	113
94428	113
94429	113
94430	113
94431	113
94432	113
94433	113
94434	113
94435	113
94436	113
94437	113
94438	113
94439	113
94440	113
94441	113
94442	113
94443	113
94444	113
94445	113
94446	113
94447	113
94448	113
94449	113
94450	113
94451	113
94452	113
94453	113
94454	113
94455	113
94456	113
94457	113
94458	113
94459	113
94460	113
94461	113
94462	113
94463	113
94464	113
94465	113
94466	113
94467	113
94468	113
94469	113
94470	113
94471	113
94472	113
94473	113
94474	113
94475	113
94476	113
94477	113
94478	113
94479	113
94480	113
94481	113
94482	113
94483	113
94484	113
94485	113
94486	113
94487	113
94488	113
94489	113
94490	113
94491	113
94492	113
94493	113
94494	113
94495	113
94496	113
94497	113
94498	113
94499	113
94500	113
94501	113
94502	113
94503	113
94504	113
94505	113
94506	113
94507	113
94508	113
94509	113
94510	113
94511	113
94512	113
94513	113
94514	113
94515	113
94516	113
94517	113
94518	113
94519	113
94520	113
94521	113
94522	113
94523	113
94524	113
94525	113
94526	113
94527	113
94528	113
94529	113
94530	113
94531	113
94532	113
94533	113
94534	113
94535	113
94536	113
94537	113
94538	113
94539	113
94540	113
94541	113
94542	113
94543	113
94544	113
94545	113
94546	113
94547	113
94548	113
94549	113
94550	113
94551	113
94552	113
94553	113
94554	113
94555	113
94556	113
94557	113
94558	113
94559	113
94560	113
94561	113
94562	113
94563	113
94564	113
94565	113
94566	113
94567	113
94568	113
94569	113
94570	113
94571	113
94572	113
94573	113
94574	113
94575	113
94576	113
94577	113
94578	113
94579	113
94580	113
94581	113
94582	113
94583	113
94584	113
94585	113
94586	113
94587	113
94588	113
94589	113
94590	113
94591	113
94592	113
94593	113
94594	113
94595	113
94596	113
94597	113
94598	113
94599	113
94600	113
94601	113
94602	113
94603	113
94604	113
94605	113
94606	113
94607	113
94608	113
94609	113
94610	113
94611	113
94612	113
94613	113
94614	113
94615	113
94616	113
94617	113
94618	113
94619	113
94620	113
94621	113
94622	113
94623	113
94624	113
94625	113
94626	113
94627	113
94628	113
94629	113
94630	113
94631	113
94632	113
94633	113
94634	113
94635	113
94636	113
94637	113
94638	113
94639	113
94640	113
94641	113
94642	113
94643	113
94644	113
94645	113
94646	113
94647	113
94648	113
94649	113
94650	113
94651	113
94652	113
94653	113
94654	113
94655	113
94656	113
94657	113
94658	113
94659	113
94660	113
94661	113
94662	113
94663	113
94664	113
94665	113
94666	113
94667	113
94668	113
94669	113
94670	113
94671	113
94672	113
94673	113
94674	113
94675	113
94676	113
94677	113
94678	113
94679	113
94680	113
94681	113
94682	113
94683	113
94684	113
94685	113
94686	113
94687	113
94688	113
94689	113
94690	113
94691	113
94692	113
94693	113
94694	113
94695	113
94696	113
94697	113
94698	113
94699	113
94700	113
94701	113
94702	113
94703	113
94704	113
94705	113
94706	113
94707	113
94708	113
94709	113
94710	113
94711	113
94712	113
94713	113
94714	113
94715	113
94716	113
94717	113
94718	113
94719	113
94720	113
94721	113
94722	113
94723	113
94724	113
94725	113
94726	113
94727	113
94728	113
94729	113
94730	113
94731	113
94732	113
94733	113
94734	113
94735	113
94736	113
94737	113
94738	113
94739	113
94740	113
94741	113
94742	113
94743	113
94744	113
94745	113
94746	113
94747	113
94748	113
94749	113
94750	113
94751	113
94752	113
94753	113
94754	113
94755	113
94756	113
94757	113
94758	113
94759	113
94760	113
94761	113
94762	113
94763	113
94764	113
94765	113
94766	113
94767	113
94768	113
94769	113
94770	113
94771	113
94772	113
94773	113
94774	113
94775	113
94776	113
94777	113
94778	113
94779	113
94780	113
94781	113
94782	113
94783	113
94784	113
94785	113
94786	113
94787	113
94788	113
94789	113
94790	113
94791	113
94792	113
94793	113
94794	113
94795	113
94796	113
94797	113
94798	113
94799	113
94800	113
94801	113
94802	113
94803	113
94804	113
94805	113
94806	113
94807	113
94808	113
94809	113
94810	113
94811	113
94812	113
94813	113
94814	113
94815	113
94816	113
94817	113
94818	113
94819	113
94820	113
94821	113
94822	113
94823	113
94824	113
94825	113
94826	113
94827	113
94828	113
94829	113
94830	113
94831	113
94832	113
94833	113
94834	113
94835	113
94836	113
94837	113
94838	113
94839	113
94840	113
94841	113
94842	113
94843	113
94844	113
94845	113
94846	113
94847	113
94848	113
94849	113
94850	113
94851	113
94852	113
94853	113
94854	113
94855	113
94856	113
94857	113
94858	113
94859	113
94860	113
94861	113
94862	113
94863	113
94864	113
94865	113
94866	113
94867	113
94868	113
94869	113
94870	113
94871	113
94872	113
94873	113
94874	113
94875	113
94876	113
94877	113
94878	113
94879	113
94880	113
94881	113
94882	113
94883	113
94884	113
94885	113
94886	113
94887	113
94888	113
94889	113
94890	113
94891	113
94892	113
94893	113
94894	113
94895	113
94896	113
94897	113
94898	113
94899	113
94900	113
94901	113
94902	113
94903	113
94904	113
94905	113
94906	113
94907	113
94908	113
94909	113
94910	113
94911	113
94912	113
94913	113
94914	113
94915	113
94916	113
94917	113
94918	113
94919	113
94920	113
94921	113
94922	113
94923	113
94924	113
94925	113
94926	113
94927	113
94928	113
94929	113
94930	113
94931	113
94932	113
94933	113
94934	113
94935	113
94936	113
94937	113
94938	113
94939	113
94940	113
94941	113
94942	113
94943	113
94944	113
94945	113
94946	113
94947	113
94948	113
94949	113
94950	113
94951	113
94952	113
94953	113
94954	113
94955	113
94956	113
94957	113
94958	113
94959	113
94960	113
94961	113
94962	114
94963	114
94964	114
94965	114
94966	114
94967	114
94968	114
94969	114
94970	114
94971	114
94972	114
94973	114
94974	114
94975	114
94976	114
94977	114
94978	114
94979	114
94980	114
94981	114
94982	114
94983	114
94984	114
94985	114
94986	114
94987	114
94988	114
94989	114
94990	114
94991	114
94992	114
94993	114
94994	114
94995	114
94996	114
94997	114
94998	114
94999	114
95000	114
95001	114
95002	114
95003	114
95004	114
95005	114
95006	114
95007	114
95008	114
95009	114
95010	114
95011	114
95012	114
95013	114
95014	114
95015	114
95016	114
95017	114
95018	114
95019	114
95020	114
95021	114
95022	114
95023	114
95024	114
95025	114
95026	114
95027	114
95028	114
95029	114
95030	114
95031	114
95032	114
95033	114
95034	114
95035	114
95036	114
95037	114
95038	114
95039	114
95040	114
95041	114
95042	114
95043	114
95044	114
95045	114
95046	114
95047	114
95048	114
95049	114
95050	114
95051	114
95052	114
95053	114
95054	114
95055	114
95056	114
95057	114
95058	114
95059	114
95060	114
95061	114
95062	114
95063	114
95064	114
95065	114
95066	114
95067	114
95068	114
95069	114
95070	114
95071	114
95072	114
95073	114
95074	114
95075	114
95076	114
95077	114
95078	114
95079	114
95080	114
95081	114
95082	114
95083	114
95084	114
95085	114
95086	114
95087	114
95088	114
95089	114
95090	114
95091	114
95092	114
95093	114
95094	114
95095	114
95096	114
95097	114
95098	114
95099	114
95100	114
95101	114
95102	114
95103	114
95104	114
95105	114
95106	114
95107	114
95108	114
95109	114
95110	114
95111	114
95112	114
95113	114
95114	114
95115	114
95116	114
95117	114
95118	114
95119	114
95120	114
95121	114
95122	114
95123	114
95124	114
95125	114
95126	114
95127	114
95128	114
95129	114
95130	114
95131	114
95132	114
95133	114
95134	114
95135	114
95136	114
95137	114
95138	114
95139	114
95140	114
95141	114
95142	114
95143	114
95144	114
95145	114
95146	114
95147	114
95148	114
95149	114
95150	114
95151	114
95152	114
95153	114
95154	114
95155	114
95156	114
95157	114
95158	114
95159	114
95160	114
95161	114
95162	114
95163	114
95164	114
95165	114
95166	114
95167	114
95168	114
95169	114
95170	114
95171	114
95172	114
95173	114
95174	114
95175	114
95176	114
95177	114
95178	114
95179	114
95180	114
95181	114
95182	114
95183	114
95184	114
95185	114
95186	114
95187	114
95188	114
95189	114
95190	114
95191	114
95192	114
95193	114
95194	114
95195	114
95196	114
95197	114
95198	114
95199	114
95200	114
95201	114
95202	114
95203	114
95204	114
95205	114
95206	114
95207	114
95208	114
95209	114
95210	114
95211	114
95212	114
95213	114
95214	114
95215	114
95216	114
95217	114
95218	114
95219	114
95220	114
95221	114
95222	114
95223	114
95224	114
95225	114
95226	114
95227	114
95228	114
95229	114
95230	114
95231	114
95232	114
95233	114
95234	114
95235	114
95236	114
95237	114
95238	114
95239	114
95240	114
95241	114
95242	114
95243	114
95244	114
95245	114
95246	114
95247	114
95248	114
95249	114
95250	114
95251	114
95252	114
95253	114
95254	114
95255	114
95256	114
95257	114
95258	114
95259	114
95260	114
95261	114
95262	114
95263	114
95264	114
95265	114
95266	114
95267	114
95268	114
95269	114
95270	114
95271	114
95272	114
95273	114
95274	114
95275	114
95276	114
95277	114
95278	114
95279	114
95280	114
95281	114
95282	114
95283	114
95284	114
95285	114
95286	114
95287	114
95288	114
95289	114
95290	114
95291	114
95292	114
95293	114
95294	114
95295	114
95296	114
95297	114
95298	114
95299	114
95300	114
95301	114
95302	114
95303	114
95304	114
95305	114
95306	114
95307	114
95308	114
95309	114
95310	114
95311	114
95312	114
95313	114
95314	114
95315	114
95316	114
95317	114
95318	114
95319	114
95320	114
95321	114
95322	114
95323	114
95324	114
95325	114
95326	114
95327	114
95328	114
95329	114
95330	114
95331	114
95332	114
95333	114
95334	114
95335	114
95336	114
95337	114
95338	114
95339	114
95340	114
95341	114
95342	114
95343	114
95344	114
95345	114
95346	114
95347	114
95348	114
95349	114
95350	114
95351	114
95352	114
95353	114
95354	114
95355	114
95356	114
95357	114
95358	114
95359	114
95360	114
95361	114
95362	114
95363	114
95364	114
95365	114
95366	114
95367	114
95368	114
95369	114
95370	114
95371	114
95372	114
95373	114
95374	114
95375	114
95376	114
95377	114
95378	114
95379	114
95380	114
95381	114
95382	114
95383	114
95384	114
95385	114
95386	114
95387	114
95388	114
95389	114
95390	114
95391	114
95392	114
95393	114
95394	114
95395	114
95396	114
95397	114
95398	114
95399	114
95400	114
95401	114
95402	114
95403	114
95404	114
95405	114
95406	114
95407	114
95408	114
95409	114
95410	114
95411	114
95412	114
95413	114
95414	114
95415	114
95416	114
95417	114
95418	114
95419	114
95420	114
95421	114
95422	114
95423	114
95424	114
95425	114
95426	114
95427	114
95428	114
95429	114
95430	114
95431	114
95432	114
95433	114
95434	114
95435	114
95436	114
95437	114
95438	114
95439	114
95440	114
95441	114
95442	114
95443	114
95444	114
95445	114
95446	114
95447	114
95448	114
95449	114
95450	114
95451	114
95452	114
95453	114
95454	114
95455	114
95456	114
95457	114
95458	114
95459	114
95460	114
95461	114
95462	114
95463	114
95464	114
95465	114
95466	114
95467	114
95468	114
95469	114
95470	114
95471	114
95472	114
95473	114
95474	114
95475	114
95476	114
95477	114
95478	114
95479	114
95480	114
95481	114
95482	114
95483	114
95484	114
95485	114
95486	114
95487	114
95488	114
95489	114
95490	114
95491	114
95492	114
95493	114
95494	114
95495	114
95496	114
95497	114
95498	114
95499	114
95500	114
95501	114
95502	114
95503	114
95504	114
95505	114
95506	114
95507	114
95508	114
95509	114
95510	114
95511	114
95512	114
95513	114
95514	114
95515	114
95516	114
95517	114
95518	114
95519	114
95520	114
95521	114
95522	114
95523	114
95524	114
95525	114
95526	114
95527	114
95528	114
95529	114
95530	114
95531	114
95532	114
95533	114
95534	114
95535	114
95536	114
95537	114
95538	114
95539	114
95540	114
95541	114
95542	114
95543	114
95544	114
95545	114
95546	114
95547	114
95548	114
95549	114
95550	114
95551	114
95552	114
95553	114
95554	114
95555	114
95556	114
95557	114
95558	114
95559	114
95560	114
95561	114
95562	114
95563	114
95564	114
95565	114
95566	114
95567	114
95568	114
95569	114
95570	114
95571	114
95572	114
95573	114
95574	114
95575	114
95576	114
95577	114
95578	114
95579	114
95580	114
95581	114
95582	114
95583	114
95584	114
95585	114
95586	114
95587	114
95588	114
95589	114
95590	114
95591	114
95592	114
95593	114
95594	114
95595	114
95596	114
95597	114
95598	114
95599	114
95600	114
95601	114
95602	114
95603	114
95604	114
95605	114
95606	114
95607	114
95608	114
95609	114
95610	114
95611	114
95612	114
95613	114
95614	114
95615	114
95616	114
95617	114
95618	114
95619	114
95620	114
95621	114
95622	114
95623	114
95624	114
95625	114
95626	114
95627	114
95628	114
95629	114
95630	114
95631	114
95632	114
95633	114
95634	114
95635	114
95636	114
95637	114
95638	114
95639	114
95640	114
95641	114
95642	114
95643	114
95644	114
95645	114
95646	114
95647	114
95648	114
95649	114
95650	114
95651	114
95652	114
95653	114
95654	114
95655	114
95656	114
95657	114
95658	114
95659	114
95660	114
95661	114
95662	114
95663	114
95664	114
95665	114
95666	114
95667	114
95668	114
95669	114
95670	114
95671	114
95672	114
95673	114
95674	114
95675	114
95676	114
95677	114
95678	114
95679	114
95680	114
95681	114
95682	114
95683	114
95684	114
95685	114
95686	114
95687	114
95688	114
95689	114
95690	114
95691	114
95692	114
95693	114
95694	114
95695	114
95696	114
95697	114
95698	114
95699	114
95700	114
95701	114
95702	114
95703	114
95704	114
95705	114
95706	114
95707	114
95708	114
95709	114
95710	114
95711	114
95712	114
95713	114
95714	114
95715	114
95716	114
95717	114
95718	114
95719	114
95720	114
95721	114
95722	114
95723	114
95724	114
95725	114
95726	114
95727	114
95728	114
95729	114
95730	114
95731	114
95732	114
95733	114
95734	114
95735	114
95736	114
95737	114
95738	114
95739	114
95740	114
95741	114
95742	114
95743	114
95744	114
95745	114
95746	114
95747	114
95748	114
95749	114
95750	114
95751	114
95752	114
95753	114
95754	114
95755	114
95756	114
95757	114
95758	114
95759	114
95760	114
95761	114
95762	114
95763	114
95764	114
95765	114
95766	114
95767	114
95768	114
95769	114
95770	114
95771	114
95772	114
95773	114
95774	114
95775	114
95776	114
95777	114
95778	114
95779	114
95780	114
95781	114
95782	114
95783	114
95784	114
95785	114
95786	114
95787	114
95788	114
95789	114
95790	114
95791	114
95792	114
95793	114
95794	114
95795	115
95796	115
95797	115
95798	115
95799	115
95800	115
95801	115
95802	115
95803	115
95804	115
95805	115
95806	115
95807	115
95808	115
95809	115
95810	115
95811	115
95812	115
95813	115
95814	115
95815	115
95816	115
95817	115
95818	115
95819	115
95820	115
95821	115
95822	115
95823	115
95824	115
95825	115
95826	115
95827	115
95828	115
95829	115
95830	115
95831	115
95832	115
95833	115
95834	115
95835	115
95836	115
95837	115
95838	115
95839	115
95840	115
95841	115
95842	115
95843	115
95844	115
95845	115
95846	115
95847	115
95848	115
95849	115
95850	115
95851	115
95852	115
95853	115
95854	115
95855	115
95856	115
95857	115
95858	115
95859	115
95860	115
95861	115
95862	115
95863	115
95864	115
95865	115
95866	115
95867	115
95868	115
95869	115
95870	115
95871	115
95872	115
95873	115
95874	115
95875	115
95876	115
95877	115
95878	115
95879	115
95880	115
95881	115
95882	115
95883	115
95884	115
95885	115
95886	115
95887	115
95888	115
95889	115
95890	115
95891	115
95892	115
95893	115
95894	115
95895	115
95896	115
95897	115
95898	115
95899	115
95900	115
95901	115
95902	115
95903	115
95904	115
95905	115
95906	115
95907	115
95908	115
95909	115
95910	115
95911	115
95912	115
95913	115
95914	115
95915	115
95916	115
95917	115
95918	115
95919	115
95920	115
95921	115
95922	115
95923	115
95924	115
95925	115
95926	115
95927	115
95928	115
95929	115
95930	115
95931	115
95932	115
95933	115
95934	115
95935	115
95936	115
95937	115
95938	115
95939	115
95940	115
95941	115
95942	115
95943	115
95944	115
95945	115
95946	115
95947	115
95948	115
95949	115
95950	115
95951	115
95952	115
95953	115
95954	115
95955	115
95956	115
95957	115
95958	115
95959	115
95960	115
95961	115
95962	115
95963	115
95964	115
95965	115
95966	115
95967	115
95968	115
95969	115
95970	115
95971	115
95972	115
95973	115
95974	115
95975	115
95976	115
95977	115
95978	115
95979	115
95980	115
95981	115
95982	115
95983	115
95984	115
95985	115
95986	115
95987	115
95988	115
95989	115
95990	115
95991	115
95992	115
95993	115
95994	115
95995	115
95996	115
95997	115
95998	115
95999	115
96000	115
96001	115
96002	115
96003	115
96004	115
96005	115
96006	115
96007	115
96008	115
96009	115
96010	115
96011	115
96012	115
96013	115
96014	115
96015	115
96016	115
96017	115
96018	115
96019	115
96020	115
96021	115
96022	115
96023	115
96024	115
96025	115
96026	115
96027	115
96028	115
96029	115
96030	115
96031	115
96032	115
96033	115
96034	115
96035	115
96036	115
96037	115
96038	115
96039	115
96040	115
96041	115
96042	115
96043	115
96044	115
96045	115
96046	115
96047	115
96048	115
96049	115
96050	115
96051	115
96052	115
96053	115
96054	115
96055	115
96056	115
96057	115
96058	115
96059	115
96060	115
96061	115
96062	115
96063	115
96064	115
96065	115
96066	115
96067	115
96068	115
96069	115
96070	115
96071	115
96072	115
96073	115
96074	115
96075	115
96076	115
96077	115
96078	115
96079	115
96080	115
96081	115
96082	115
96083	115
96084	115
96085	115
96086	115
96087	115
96088	115
96089	115
96090	115
96091	115
96092	115
96093	115
96094	115
96095	115
96096	115
96097	115
96098	115
96099	115
96100	115
96101	115
96102	115
96103	115
96104	115
96105	115
96106	115
96107	115
96108	115
96109	115
96110	115
96111	115
96112	115
96113	115
96114	115
96115	115
96116	115
96117	115
96118	115
96119	115
96120	115
96121	115
96122	115
96123	115
96124	115
96125	115
96126	115
96127	115
96128	115
96129	115
96130	115
96131	115
96132	115
96133	115
96134	115
96135	115
96136	115
96137	115
96138	115
96139	115
96140	115
96141	115
96142	115
96143	115
96144	115
96145	115
96146	115
96147	115
96148	115
96149	115
96150	115
96151	115
96152	115
96153	115
96154	115
96155	115
96156	115
96157	115
96158	115
96159	115
96160	115
96161	115
96162	115
96163	115
96164	115
96165	115
96166	115
96167	115
96168	115
96169	115
96170	115
96171	115
96172	115
96173	115
96174	115
96175	115
96176	115
96177	115
96178	115
96179	115
96180	115
96181	115
96182	115
96183	115
96184	115
96185	115
96186	115
96187	115
96188	115
96189	115
96190	115
96191	115
96192	115
96193	115
96194	115
96195	115
96196	115
96197	115
96198	115
96199	115
96200	115
96201	115
96202	115
96203	115
96204	115
96205	115
96206	115
96207	115
96208	115
96209	115
96210	115
96211	115
96212	115
96213	115
96214	115
96215	115
96216	115
96217	115
96218	115
96219	115
96220	115
96221	115
96222	115
96223	115
96224	115
96225	115
96226	115
96227	115
96228	115
96229	115
96230	115
96231	115
96232	115
96233	115
96234	115
96235	115
96236	115
96237	115
96238	115
96239	115
96240	115
96241	115
96242	115
96243	115
96244	115
96245	115
96246	115
96247	115
96248	115
96249	115
96250	115
96251	115
96252	115
96253	115
96254	115
96255	115
96256	115
96257	115
96258	115
96259	115
96260	115
96261	115
96262	115
96263	115
96264	115
96265	115
96266	115
96267	115
96268	115
96269	115
96270	115
96271	115
96272	115
96273	115
96274	115
96275	115
96276	115
96277	115
96278	115
96279	115
96280	115
96281	115
96282	115
96283	115
96284	115
96285	115
96286	115
96287	115
96288	115
96289	115
96290	115
96291	115
96292	115
96293	115
96294	115
96295	115
96296	115
96297	115
96298	115
96299	115
96300	115
96301	115
96302	115
96303	115
96304	115
96305	115
96306	115
96307	115
96308	115
96309	115
96310	115
96311	115
96312	115
96313	115
96314	115
96315	115
96316	115
96317	115
96318	115
96319	115
96320	115
96321	115
96322	115
96323	115
96324	115
96325	115
96326	115
96327	115
96328	115
96329	115
96330	115
96331	115
96332	115
96333	115
96334	115
96335	115
96336	115
96337	115
96338	115
96339	115
96340	115
96341	115
96342	115
96343	115
96344	115
96345	115
96346	115
96347	115
96348	115
96349	115
96350	115
96351	115
96352	115
96353	115
96354	115
96355	115
96356	115
96357	115
96358	115
96359	115
96360	115
96361	115
96362	115
96363	115
96364	115
96365	115
96366	115
96367	115
96368	115
96369	115
96370	115
96371	115
96372	115
96373	115
96374	115
96375	115
96376	115
96377	115
96378	115
96379	115
96380	115
96381	115
96382	115
96383	115
96384	115
96385	115
96386	115
96387	115
96388	115
96389	115
96390	115
96391	115
96392	115
96393	115
96394	115
96395	115
96396	115
96397	115
96398	115
96399	115
96400	115
96401	115
96402	115
96403	115
96404	115
96405	115
96406	115
96407	115
96408	115
96409	115
96410	115
96411	115
96412	115
96413	115
96414	115
96415	115
96416	115
96417	115
96418	115
96419	115
96420	115
96421	115
96422	115
96423	115
96424	115
96425	115
96426	115
96427	115
96428	115
96429	115
96430	115
96431	115
96432	115
96433	115
96434	115
96435	115
96436	115
96437	115
96438	115
96439	115
96440	115
96441	115
96442	115
96443	115
96444	115
96445	115
96446	115
96447	115
96448	115
96449	115
96450	115
96451	115
96452	115
96453	115
96454	115
96455	115
96456	115
96457	115
96458	115
96459	115
96460	115
96461	115
96462	115
96463	115
96464	115
96465	115
96466	115
96467	115
96468	115
96469	115
96470	115
96471	115
96472	115
96473	115
96474	115
96475	115
96476	115
96477	115
96478	115
96479	115
96480	115
96481	115
96482	115
96483	115
96484	115
96485	115
96486	115
96487	115
96488	115
96489	115
96490	115
96491	115
96492	115
96493	115
96494	115
96495	115
96496	115
96497	115
96498	115
96499	115
96500	115
96501	115
96502	115
96503	115
96504	115
96505	115
96506	115
96507	115
96508	115
96509	115
96510	115
96511	115
96512	115
96513	115
96514	115
96515	115
96516	115
96517	115
96518	115
96519	115
96520	115
96521	115
96522	115
96523	115
96524	115
96525	115
96526	115
96527	115
96528	115
96529	115
96530	115
96531	115
96532	115
96533	115
96534	115
96535	115
96536	115
96537	115
96538	115
96539	115
96540	115
96541	115
96542	115
96543	115
96544	115
96545	115
96546	115
96547	115
96548	115
96549	115
96550	115
96551	115
96552	115
96553	115
96554	115
96555	115
96556	115
96557	115
96558	115
96559	115
96560	115
96561	115
96562	115
96563	115
96564	115
96565	115
96566	115
96567	115
96568	115
96569	115
96570	115
96571	115
96572	115
96573	115
96574	115
96575	115
96576	115
96577	115
96578	115
96579	115
96580	115
96581	115
96582	115
96583	115
96584	115
96585	115
96586	115
96587	115
96588	115
96589	115
96590	115
96591	115
96592	115
96593	115
96594	115
96595	115
96596	115
96597	115
96598	115
96599	115
96600	115
96601	115
96602	115
96603	115
96604	115
96605	115
96606	115
96607	115
96608	115
96609	115
96610	115
96611	115
96612	115
96613	115
96614	115
96615	115
96616	115
96617	115
96618	115
96619	115
96620	115
96621	115
96622	115
96623	115
96624	115
96625	115
96626	115
96627	115
96628	116
96629	116
96630	116
96631	116
96632	116
96633	116
96634	116
96635	116
96636	116
96637	116
96638	116
96639	116
96640	116
96641	116
96642	116
96643	116
96644	116
96645	116
96646	116
96647	116
96648	116
96649	116
96650	116
96651	116
96652	116
96653	116
96654	116
96655	116
96656	116
96657	116
96658	116
96659	116
96660	116
96661	116
96662	116
96663	116
96664	116
96665	116
96666	116
96667	116
96668	116
96669	116
96670	116
96671	116
96672	116
96673	116
96674	116
96675	116
96676	116
96677	116
96678	116
96679	116
96680	116
96681	116
96682	116
96683	116
96684	116
96685	116
96686	116
96687	116
96688	116
96689	116
96690	116
96691	116
96692	116
96693	116
96694	116
96695	116
96696	116
96697	116
96698	116
96699	116
96700	116
96701	116
96702	116
96703	116
96704	116
96705	116
96706	116
96707	116
96708	116
96709	116
96710	116
96711	116
96712	116
96713	116
96714	116
96715	116
96716	116
96717	116
96718	116
96719	116
96720	116
96721	116
96722	116
96723	116
96724	116
96725	116
96726	116
96727	116
96728	116
96729	116
96730	116
96731	116
96732	116
96733	116
96734	116
96735	116
96736	116
96737	116
96738	116
96739	116
96740	116
96741	116
96742	116
96743	116
96744	116
96745	116
96746	116
96747	116
96748	116
96749	116
96750	116
96751	116
96752	116
96753	116
96754	116
96755	116
96756	116
96757	116
96758	116
96759	116
96760	116
96761	116
96762	116
96763	116
96764	116
96765	116
96766	116
96767	116
96768	116
96769	116
96770	116
96771	116
96772	116
96773	116
96774	116
96775	116
96776	116
96777	116
96778	116
96779	116
96780	116
96781	116
96782	116
96783	116
96784	116
96785	116
96786	116
96787	116
96788	116
96789	116
96790	116
96791	116
96792	116
96793	116
96794	116
96795	116
96796	116
96797	116
96798	116
96799	116
96800	116
96801	116
96802	116
96803	116
96804	116
96805	116
96806	116
96807	116
96808	116
96809	116
96810	116
96811	116
96812	116
96813	116
96814	116
96815	116
96816	116
96817	116
96818	116
96819	116
96820	116
96821	116
96822	116
96823	116
96824	116
96825	116
96826	116
96827	116
96828	116
96829	116
96830	116
96831	116
96832	116
96833	116
96834	116
96835	116
96836	116
96837	116
96838	116
96839	116
96840	116
96841	116
96842	116
96843	116
96844	116
96845	116
96846	116
96847	116
96848	116
96849	116
96850	116
96851	116
96852	116
96853	116
96854	116
96855	116
96856	116
96857	116
96858	116
96859	116
96860	116
96861	116
96862	116
96863	116
96864	116
96865	116
96866	116
96867	116
96868	116
96869	116
96870	116
96871	116
96872	116
96873	116
96874	116
96875	116
96876	116
96877	116
96878	116
96879	116
96880	116
96881	116
96882	116
96883	116
96884	116
96885	116
96886	116
96887	116
96888	116
96889	116
96890	116
96891	116
96892	116
96893	116
96894	116
96895	116
96896	116
96897	116
96898	116
96899	116
96900	116
96901	116
96902	116
96903	116
96904	116
96905	116
96906	116
96907	116
96908	116
96909	116
96910	116
96911	116
96912	116
96913	116
96914	116
96915	116
96916	116
96917	116
96918	116
96919	116
96920	116
96921	116
96922	116
96923	116
96924	116
96925	116
96926	116
96927	116
96928	116
96929	116
96930	116
96931	116
96932	116
96933	116
96934	116
96935	116
96936	116
96937	116
96938	116
96939	116
96940	116
96941	116
96942	116
96943	116
96944	116
96945	116
96946	116
96947	116
96948	116
96949	116
96950	116
96951	116
96952	116
96953	116
96954	116
96955	116
96956	116
96957	116
96958	116
96959	116
96960	116
96961	116
96962	116
96963	116
96964	116
96965	116
96966	116
96967	116
96968	116
96969	116
96970	116
96971	116
96972	116
96973	116
96974	116
96975	116
96976	116
96977	116
96978	116
96979	116
96980	116
96981	116
96982	116
96983	116
96984	116
96985	116
96986	116
96987	116
96988	116
96989	116
96990	116
96991	116
96992	116
96993	116
96994	116
96995	116
96996	116
96997	116
96998	116
96999	116
97000	116
97001	116
97002	116
97003	116
97004	116
97005	116
97006	116
97007	116
97008	116
97009	116
97010	116
97011	116
97012	116
97013	116
97014	116
97015	116
97016	116
97017	116
97018	116
97019	116
97020	116
97021	116
97022	116
97023	116
97024	116
97025	116
97026	116
97027	116
97028	116
97029	116
97030	116
97031	116
97032	116
97033	116
97034	116
97035	116
97036	116
97037	116
97038	116
97039	116
97040	116
97041	116
97042	116
97043	116
97044	116
97045	116
97046	116
97047	116
97048	116
97049	116
97050	116
97051	116
97052	116
97053	116
97054	116
97055	116
97056	116
97057	116
97058	116
97059	116
97060	116
97061	116
97062	116
97063	116
97064	116
97065	116
97066	116
97067	116
97068	116
97069	116
97070	116
97071	116
97072	116
97073	116
97074	116
97075	116
97076	116
97077	116
97078	116
97079	116
97080	116
97081	116
97082	116
97083	116
97084	116
97085	116
97086	116
97087	116
97088	116
97089	116
97090	116
97091	116
97092	116
97093	116
97094	116
97095	116
97096	116
97097	116
97098	116
97099	116
97100	116
97101	116
97102	116
97103	116
97104	116
97105	116
97106	116
97107	116
97108	116
97109	116
97110	116
97111	116
97112	116
97113	116
97114	116
97115	116
97116	116
97117	116
97118	116
97119	116
97120	116
97121	116
97122	116
97123	116
97124	116
97125	116
97126	116
97127	116
97128	116
97129	116
97130	116
97131	116
97132	116
97133	116
97134	116
97135	116
97136	116
97137	116
97138	116
97139	116
97140	116
97141	116
97142	116
97143	116
97144	116
97145	116
97146	116
97147	116
97148	116
97149	116
97150	116
97151	116
97152	116
97153	116
97154	116
97155	116
97156	116
97157	116
97158	116
97159	116
97160	116
97161	116
97162	116
97163	116
97164	116
97165	116
97166	116
97167	116
97168	116
97169	116
97170	116
97171	116
97172	116
97173	116
97174	116
97175	116
97176	116
97177	116
97178	116
97179	116
97180	116
97181	116
97182	116
97183	116
97184	116
97185	116
97186	116
97187	116
97188	116
97189	116
97190	116
97191	116
97192	116
97193	116
97194	116
97195	116
97196	116
97197	116
97198	116
97199	116
97200	116
97201	116
97202	116
97203	116
97204	116
97205	116
97206	116
97207	116
97208	116
97209	116
97210	116
97211	116
97212	116
97213	116
97214	116
97215	116
97216	116
97217	116
97218	116
97219	116
97220	116
97221	116
97222	116
97223	116
97224	116
97225	116
97226	116
97227	116
97228	116
97229	116
97230	116
97231	116
97232	116
97233	116
97234	116
97235	116
97236	116
97237	116
97238	116
97239	116
97240	116
97241	116
97242	116
97243	116
97244	116
97245	116
97246	116
97247	116
97248	116
97249	116
97250	116
97251	116
97252	116
97253	116
97254	116
97255	116
97256	116
97257	116
97258	116
97259	116
97260	116
97261	116
97262	116
97263	116
97264	116
97265	116
97266	116
97267	116
97268	116
97269	116
97270	116
97271	116
97272	116
97273	116
97274	116
97275	116
97276	116
97277	116
97278	116
97279	116
97280	116
97281	116
97282	116
97283	116
97284	116
97285	116
97286	116
97287	116
97288	116
97289	116
97290	116
97291	116
97292	116
97293	116
97294	116
97295	116
97296	116
97297	116
97298	116
97299	116
97300	116
97301	116
97302	116
97303	116
97304	116
97305	116
97306	116
97307	116
97308	116
97309	116
97310	116
97311	116
97312	116
97313	116
97314	116
97315	116
97316	116
97317	116
97318	116
97319	116
97320	116
97321	116
97322	116
97323	116
97324	116
97325	116
97326	116
97327	116
97328	116
97329	116
97330	116
97331	116
97332	116
97333	116
97334	116
97335	116
97336	116
97337	116
97338	116
97339	116
97340	116
97341	116
97342	116
97343	116
97344	116
97345	116
97346	116
97347	116
97348	116
97349	116
97350	116
97351	116
97352	116
97353	116
97354	116
97355	116
97356	116
97357	116
97358	116
97359	116
97360	116
97361	116
97362	116
97363	116
97364	116
97365	116
97366	116
97367	116
97368	116
97369	116
97370	116
97371	116
97372	116
97373	116
97374	116
97375	116
97376	116
97377	116
97378	116
97379	116
97380	116
97381	116
97382	116
97383	116
97384	116
97385	116
97386	116
97387	116
97388	116
97389	116
97390	116
97391	116
97392	116
97393	116
97394	116
97395	116
97396	116
97397	116
97398	116
97399	116
97400	116
97401	116
97402	116
97403	116
97404	116
97405	116
97406	116
97407	116
97408	116
97409	116
97410	116
97411	116
97412	116
97413	116
97414	116
97415	116
97416	116
97417	116
97418	116
97419	116
97420	116
97421	116
97422	116
97423	116
97424	116
97425	116
97426	116
97427	116
97428	116
97429	116
97430	116
97431	116
97432	116
97433	116
97434	116
97435	116
97436	116
97437	116
97438	116
97439	116
97440	116
97441	116
97442	116
97443	116
97444	116
97445	116
97446	116
97447	116
97448	116
97449	116
97450	116
97451	116
97452	116
97453	116
97454	116
97455	116
97456	116
97457	116
97458	116
97459	116
97460	116
97461	117
97462	117
97463	117
97464	117
97465	117
97466	117
97467	117
97468	117
97469	117
97470	117
97471	117
97472	117
97473	117
97474	117
97475	117
97476	117
97477	117
97478	117
97479	117
97480	117
97481	117
97482	117
97483	117
97484	117
97485	117
97486	117
97487	117
97488	117
97489	117
97490	117
97491	117
97492	117
97493	117
97494	117
97495	117
97496	117
97497	117
97498	117
97499	117
97500	117
97501	117
97502	117
97503	117
97504	117
97505	117
97506	117
97507	117
97508	117
97509	117
97510	117
97511	117
97512	117
97513	117
97514	117
97515	117
97516	117
97517	117
97518	117
97519	117
97520	117
97521	117
97522	117
97523	117
97524	117
97525	117
97526	117
97527	117
97528	117
97529	117
97530	117
97531	117
97532	117
97533	117
97534	117
97535	117
97536	117
97537	117
97538	117
97539	117
97540	117
97541	117
97542	117
97543	117
97544	117
97545	117
97546	117
97547	117
97548	117
97549	117
97550	117
97551	117
97552	117
97553	117
97554	117
97555	117
97556	117
97557	117
97558	117
97559	117
97560	117
97561	117
97562	117
97563	117
97564	117
97565	117
97566	117
97567	117
97568	117
97569	117
97570	117
97571	117
97572	117
97573	117
97574	117
97575	117
97576	117
97577	117
97578	117
97579	117
97580	117
97581	117
97582	117
97583	117
97584	117
97585	117
97586	117
97587	117
97588	117
97589	117
97590	117
97591	117
97592	117
97593	117
97594	117
97595	117
97596	117
97597	117
97598	117
97599	117
97600	117
97601	117
97602	117
97603	117
97604	117
97605	117
97606	117
97607	117
97608	117
97609	117
97610	117
97611	117
97612	117
97613	117
97614	117
97615	117
97616	117
97617	117
97618	117
97619	117
97620	117
97621	117
97622	117
97623	117
97624	117
97625	117
97626	117
97627	117
97628	117
97629	117
97630	117
97631	117
97632	117
97633	117
97634	117
97635	117
97636	117
97637	117
97638	117
97639	117
97640	117
97641	117
97642	117
97643	117
97644	117
97645	117
97646	117
97647	117
97648	117
97649	117
97650	117
97651	117
97652	117
97653	117
97654	117
97655	117
97656	117
97657	117
97658	117
97659	117
97660	117
97661	117
97662	117
97663	117
97664	117
97665	117
97666	117
97667	117
97668	117
97669	117
97670	117
97671	117
97672	117
97673	117
97674	117
97675	117
97676	117
97677	117
97678	117
97679	117
97680	117
97681	117
97682	117
97683	117
97684	117
97685	117
97686	117
97687	117
97688	117
97689	117
97690	117
97691	117
97692	117
97693	117
97694	117
97695	117
97696	117
97697	117
97698	117
97699	117
97700	117
97701	117
97702	117
97703	117
97704	117
97705	117
97706	117
97707	117
97708	117
97709	117
97710	117
97711	117
97712	117
97713	117
97714	117
97715	117
97716	117
97717	117
97718	117
97719	117
97720	117
97721	117
97722	117
97723	117
97724	117
97725	117
97726	117
97727	117
97728	117
97729	117
97730	117
97731	117
97732	117
97733	117
97734	117
97735	117
97736	117
97737	117
97738	117
97739	117
97740	117
97741	117
97742	117
97743	117
97744	117
97745	117
97746	117
97747	117
97748	117
97749	117
97750	117
97751	117
97752	117
97753	117
97754	117
97755	117
97756	117
97757	117
97758	117
97759	117
97760	117
97761	117
97762	117
97763	117
97764	117
97765	117
97766	117
97767	117
97768	117
97769	117
97770	117
97771	117
97772	117
97773	117
97774	117
97775	117
97776	117
97777	117
97778	117
97779	117
97780	117
97781	117
97782	117
97783	117
97784	117
97785	117
97786	117
97787	117
97788	117
97789	117
97790	117
97791	117
97792	117
97793	117
97794	117
97795	117
97796	117
97797	117
97798	117
97799	117
97800	117
97801	117
97802	117
97803	117
97804	117
97805	117
97806	117
97807	117
97808	117
97809	117
97810	117
97811	117
97812	117
97813	117
97814	117
97815	117
97816	117
97817	117
97818	117
97819	117
97820	117
97821	117
97822	117
97823	117
97824	117
97825	117
97826	117
97827	117
97828	117
97829	117
97830	117
97831	117
97832	117
97833	117
97834	117
97835	117
97836	117
97837	117
97838	117
97839	117
97840	117
97841	117
97842	117
97843	117
97844	117
97845	117
97846	117
97847	117
97848	117
97849	117
97850	117
97851	117
97852	117
97853	117
97854	117
97855	117
97856	117
97857	117
97858	117
97859	117
97860	117
97861	117
97862	117
97863	117
97864	117
97865	117
97866	117
97867	117
97868	117
97869	117
97870	117
97871	117
97872	117
97873	117
97874	117
97875	117
97876	117
97877	117
97878	117
97879	117
97880	117
97881	117
97882	117
97883	117
97884	117
97885	117
97886	117
97887	117
97888	117
97889	117
97890	117
97891	117
97892	117
97893	117
97894	117
97895	117
97896	117
97897	117
97898	117
97899	117
97900	117
97901	117
97902	117
97903	117
97904	117
97905	117
97906	117
97907	117
97908	117
97909	117
97910	117
97911	117
97912	117
97913	117
97914	117
97915	117
97916	117
97917	117
97918	117
97919	117
97920	117
97921	117
97922	117
97923	117
97924	117
97925	117
97926	117
97927	117
97928	117
97929	117
97930	117
97931	117
97932	117
97933	117
97934	117
97935	117
97936	117
97937	117
97938	117
97939	117
97940	117
97941	117
97942	117
97943	117
97944	117
97945	117
97946	117
97947	117
97948	117
97949	117
97950	117
97951	117
97952	117
97953	117
97954	117
97955	117
97956	117
97957	117
97958	117
97959	117
97960	117
97961	117
97962	117
97963	117
97964	117
97965	117
97966	117
97967	117
97968	117
97969	117
97970	117
97971	117
97972	117
97973	117
97974	117
97975	117
97976	117
97977	117
97978	117
97979	117
97980	117
97981	117
97982	117
97983	117
97984	117
97985	117
97986	117
97987	117
97988	117
97989	117
97990	117
97991	117
97992	117
97993	117
97994	117
97995	117
97996	117
97997	117
97998	117
97999	117
98000	117
98001	117
98002	117
98003	117
98004	117
98005	117
98006	117
98007	117
98008	117
98009	117
98010	117
98011	117
98012	117
98013	117
98014	117
98015	117
98016	117
98017	117
98018	117
98019	117
98020	117
98021	117
98022	117
98023	117
98024	117
98025	117
98026	117
98027	117
98028	117
98029	117
98030	117
98031	117
98032	117
98033	117
98034	117
98035	117
98036	117
98037	117
98038	117
98039	117
98040	117
98041	117
98042	117
98043	117
98044	117
98045	117
98046	117
98047	117
98048	117
98049	117
98050	117
98051	117
98052	117
98053	117
98054	117
98055	117
98056	117
98057	117
98058	117
98059	117
98060	117
98061	117
98062	117
98063	117
98064	117
98065	117
98066	117
98067	117
98068	117
98069	117
98070	117
98071	117
98072	117
98073	117
98074	117
98075	117
98076	117
98077	117
98078	117
98079	117
98080	117
98081	117
98082	117
98083	117
98084	117
98085	117
98086	117
98087	117
98088	117
98089	117
98090	117
98091	117
98092	117
98093	117
98094	117
98095	117
98096	117
98097	117
98098	117
98099	117
98100	117
98101	117
98102	117
98103	117
98104	117
98105	117
98106	117
98107	117
98108	117
98109	117
98110	117
98111	117
98112	117
98113	117
98114	117
98115	117
98116	117
98117	117
98118	117
98119	117
98120	117
98121	117
98122	117
98123	117
98124	117
98125	117
98126	117
98127	117
98128	117
98129	117
98130	117
98131	117
98132	117
98133	117
98134	117
98135	117
98136	117
98137	117
98138	117
98139	117
98140	117
98141	117
98142	117
98143	117
98144	117
98145	117
98146	117
98147	117
98148	117
98149	117
98150	117
98151	117
98152	117
98153	117
98154	117
98155	117
98156	117
98157	117
98158	117
98159	117
98160	117
98161	117
98162	117
98163	117
98164	117
98165	117
98166	117
98167	117
98168	117
98169	117
98170	117
98171	117
98172	117
98173	117
98174	117
98175	117
98176	117
98177	117
98178	117
98179	117
98180	117
98181	117
98182	117
98183	117
98184	117
98185	117
98186	117
98187	117
98188	117
98189	117
98190	117
98191	117
98192	117
98193	117
98194	117
98195	117
98196	117
98197	117
98198	117
98199	117
98200	117
98201	117
98202	117
98203	117
98204	117
98205	117
98206	117
98207	117
98208	117
98209	117
98210	117
98211	117
98212	117
98213	117
98214	117
98215	117
98216	117
98217	117
98218	117
98219	117
98220	117
98221	117
98222	117
98223	117
98224	117
98225	117
98226	117
98227	117
98228	117
98229	117
98230	117
98231	117
98232	117
98233	117
98234	117
98235	117
98236	117
98237	117
98238	117
98239	117
98240	117
98241	117
98242	117
98243	117
98244	117
98245	117
98246	117
98247	117
98248	117
98249	117
98250	117
98251	117
98252	117
98253	117
98254	117
98255	117
98256	117
98257	117
98258	117
98259	117
98260	117
98261	117
98262	117
98263	117
98264	117
98265	117
98266	117
98267	117
98268	117
98269	117
98270	117
98271	117
98272	117
98273	117
98274	117
98275	117
98276	117
98277	117
98278	117
98279	117
98280	117
98281	117
98282	117
98283	117
98284	117
98285	117
98286	117
98287	117
98288	117
98289	117
98290	117
98291	117
98292	117
98293	117
98294	118
98295	118
98296	118
98297	118
98298	118
98299	118
98300	118
98301	118
98302	118
98303	118
98304	118
98305	118
98306	118
98307	118
98308	118
98309	118
98310	118
98311	118
98312	118
98313	118
98314	118
98315	118
98316	118
98317	118
98318	118
98319	118
98320	118
98321	118
98322	118
98323	118
98324	118
98325	118
98326	118
98327	118
98328	118
98329	118
98330	118
98331	118
98332	118
98333	118
98334	118
98335	118
98336	118
98337	118
98338	118
98339	118
98340	118
98341	118
98342	118
98343	118
98344	118
98345	118
98346	118
98347	118
98348	118
98349	118
98350	118
98351	118
98352	118
98353	118
98354	118
98355	118
98356	118
98357	118
98358	118
98359	118
98360	118
98361	118
98362	118
98363	118
98364	118
98365	118
98366	118
98367	118
98368	118
98369	118
98370	118
98371	118
98372	118
98373	118
98374	118
98375	118
98376	118
98377	118
98378	118
98379	118
98380	118
98381	118
98382	118
98383	118
98384	118
98385	118
98386	118
98387	118
98388	118
98389	118
98390	118
98391	118
98392	118
98393	118
98394	118
98395	118
98396	118
98397	118
98398	118
98399	118
98400	118
98401	118
98402	118
98403	118
98404	118
98405	118
98406	118
98407	118
98408	118
98409	118
98410	118
98411	118
98412	118
98413	118
98414	118
98415	118
98416	118
98417	118
98418	118
98419	118
98420	118
98421	118
98422	118
98423	118
98424	118
98425	118
98426	118
98427	118
98428	118
98429	118
98430	118
98431	118
98432	118
98433	118
98434	118
98435	118
98436	118
98437	118
98438	118
98439	118
98440	118
98441	118
98442	118
98443	118
98444	118
98445	118
98446	118
98447	118
98448	118
98449	118
98450	118
98451	118
98452	118
98453	118
98454	118
98455	118
98456	118
98457	118
98458	118
98459	118
98460	118
98461	118
98462	118
98463	118
98464	118
98465	118
98466	118
98467	118
98468	118
98469	118
98470	118
98471	118
98472	118
98473	118
98474	118
98475	118
98476	118
98477	118
98478	118
98479	118
98480	118
98481	118
98482	118
98483	118
98484	118
98485	118
98486	118
98487	118
98488	118
98489	118
98490	118
98491	118
98492	118
98493	118
98494	118
98495	118
98496	118
98497	118
98498	118
98499	118
98500	118
98501	118
98502	118
98503	118
98504	118
98505	118
98506	118
98507	118
98508	118
98509	118
98510	118
98511	118
98512	118
98513	118
98514	118
98515	118
98516	118
98517	118
98518	118
98519	118
98520	118
98521	118
98522	118
98523	118
98524	118
98525	118
98526	118
98527	118
98528	118
98529	118
98530	118
98531	118
98532	118
98533	118
98534	118
98535	118
98536	118
98537	118
98538	118
98539	118
98540	118
98541	118
98542	118
98543	118
98544	118
98545	118
98546	118
98547	118
98548	118
98549	118
98550	118
98551	118
98552	118
98553	118
98554	118
98555	118
98556	118
98557	118
98558	118
98559	118
98560	118
98561	118
98562	118
98563	118
98564	118
98565	118
98566	118
98567	118
98568	118
98569	118
98570	118
98571	118
98572	118
98573	118
98574	118
98575	118
98576	118
98577	118
98578	118
98579	118
98580	118
98581	118
98582	118
98583	118
98584	118
98585	118
98586	118
98587	118
98588	118
98589	118
98590	118
98591	118
98592	118
98593	118
98594	118
98595	118
98596	118
98597	118
98598	118
98599	118
98600	118
98601	118
98602	118
98603	118
98604	118
98605	118
98606	118
98607	118
98608	118
98609	118
98610	118
98611	118
98612	118
98613	118
98614	118
98615	118
98616	118
98617	118
98618	118
98619	118
98620	118
98621	118
98622	118
98623	118
98624	118
98625	118
98626	118
98627	118
98628	118
98629	118
98630	118
98631	118
98632	118
98633	118
98634	118
98635	118
98636	118
98637	118
98638	118
98639	118
98640	118
98641	118
98642	118
98643	118
98644	118
98645	118
98646	118
98647	118
98648	118
98649	118
98650	118
98651	118
98652	118
98653	118
98654	118
98655	118
98656	118
98657	118
98658	118
98659	118
98660	118
98661	118
98662	118
98663	118
98664	118
98665	118
98666	118
98667	118
98668	118
98669	118
98670	118
98671	118
98672	118
98673	118
98674	118
98675	118
98676	118
98677	118
98678	118
98679	118
98680	118
98681	118
98682	118
98683	118
98684	118
98685	118
98686	118
98687	118
98688	118
98689	118
98690	118
98691	118
98692	118
98693	118
98694	118
98695	118
98696	118
98697	118
98698	118
98699	118
98700	118
98701	118
98702	118
98703	118
98704	118
98705	118
98706	118
98707	118
98708	118
98709	118
98710	118
98711	118
98712	118
98713	118
98714	118
98715	118
98716	118
98717	118
98718	118
98719	118
98720	118
98721	118
98722	118
98723	118
98724	118
98725	118
98726	118
98727	118
98728	118
98729	118
98730	118
98731	118
98732	118
98733	118
98734	118
98735	118
98736	118
98737	118
98738	118
98739	118
98740	118
98741	118
98742	118
98743	118
98744	118
98745	118
98746	118
98747	118
98748	118
98749	118
98750	118
98751	118
98752	118
98753	118
98754	118
98755	118
98756	118
98757	118
98758	118
98759	118
98760	118
98761	118
98762	118
98763	118
98764	118
98765	118
98766	118
98767	118
98768	118
98769	118
98770	118
98771	118
98772	118
98773	118
98774	118
98775	118
98776	118
98777	118
98778	118
98779	118
98780	118
98781	118
98782	118
98783	118
98784	118
98785	118
98786	118
98787	118
98788	118
98789	118
98790	118
98791	118
98792	118
98793	118
98794	118
98795	118
98796	118
98797	118
98798	118
98799	118
98800	118
98801	118
98802	118
98803	118
98804	118
98805	118
98806	118
98807	118
98808	118
98809	118
98810	118
98811	118
98812	118
98813	118
98814	118
98815	118
98816	118
98817	118
98818	118
98819	118
98820	118
98821	118
98822	118
98823	118
98824	118
98825	118
98826	118
98827	118
98828	118
98829	118
98830	118
98831	118
98832	118
98833	118
98834	118
98835	118
98836	118
98837	118
98838	118
98839	118
98840	118
98841	118
98842	118
98843	118
98844	118
98845	118
98846	118
98847	118
98848	118
98849	118
98850	118
98851	118
98852	118
98853	118
98854	118
98855	118
98856	118
98857	118
98858	118
98859	118
98860	118
98861	118
98862	118
98863	118
98864	118
98865	118
98866	118
98867	118
98868	118
98869	118
98870	118
98871	118
98872	118
98873	118
98874	118
98875	118
98876	118
98877	118
98878	118
98879	118
98880	118
98881	118
98882	118
98883	118
98884	118
98885	118
98886	118
98887	118
98888	118
98889	118
98890	118
98891	118
98892	118
98893	118
98894	118
98895	118
98896	118
98897	118
98898	118
98899	118
98900	118
98901	118
98902	118
98903	118
98904	118
98905	118
98906	118
98907	118
98908	118
98909	118
98910	118
98911	118
98912	118
98913	118
98914	118
98915	118
98916	118
98917	118
98918	118
98919	118
98920	118
98921	118
98922	118
98923	118
98924	118
98925	118
98926	118
98927	118
98928	118
98929	118
98930	118
98931	118
98932	118
98933	118
98934	118
98935	118
98936	118
98937	118
98938	118
98939	118
98940	118
98941	118
98942	118
98943	118
98944	118
98945	118
98946	118
98947	118
98948	118
98949	118
98950	118
98951	118
98952	118
98953	118
98954	118
98955	118
98956	118
98957	118
98958	118
98959	118
98960	118
98961	118
98962	118
98963	118
98964	118
98965	118
98966	118
98967	118
98968	118
98969	118
98970	118
98971	118
98972	118
98973	118
98974	118
98975	118
98976	118
98977	118
98978	118
98979	118
98980	118
98981	118
98982	118
98983	118
98984	118
98985	118
98986	118
98987	118
98988	118
98989	118
98990	118
98991	118
98992	118
98993	118
98994	118
98995	118
98996	118
98997	118
98998	118
98999	118
99000	118
99001	118
99002	118
99003	118
99004	118
99005	118
99006	118
99007	118
99008	118
99009	118
99010	118
99011	118
99012	118
99013	118
99014	118
99015	118
99016	118
99017	118
99018	118
99019	118
99020	118
99021	118
99022	118
99023	118
99024	118
99025	118
99026	118
99027	118
99028	118
99029	118
99030	118
99031	118
99032	118
99033	118
99034	118
99035	118
99036	118
99037	118
99038	118
99039	118
99040	118
99041	118
99042	118
99043	118
99044	118
99045	118
99046	118
99047	118
99048	118
99049	118
99050	118
99051	118
99052	118
99053	118
99054	118
99055	118
99056	118
99057	118
99058	118
99059	118
99060	118
99061	118
99062	118
99063	118
99064	118
99065	118
99066	118
99067	118
99068	118
99069	118
99070	118
99071	118
99072	118
99073	118
99074	118
99075	118
99076	118
99077	118
99078	118
99079	118
99080	118
99081	118
99082	118
99083	118
99084	118
99085	118
99086	118
99087	118
99088	118
99089	118
99090	118
99091	118
99092	118
99093	118
99094	118
99095	118
99096	118
99097	118
99098	118
99099	118
99100	118
99101	118
99102	118
99103	118
99104	118
99105	118
99106	118
99107	118
99108	118
99109	118
99110	118
99111	118
99112	118
99113	118
99114	118
99115	118
99116	118
99117	118
99118	118
99119	118
99120	118
99121	118
99122	118
99123	118
99124	118
99125	118
99126	118
99127	119
99128	119
99129	119
99130	119
99131	119
99132	119
99133	119
99134	119
99135	119
99136	119
99137	119
99138	119
99139	119
99140	119
99141	119
99142	119
99143	119
99144	119
99145	119
99146	119
99147	119
99148	119
99149	119
99150	119
99151	119
99152	119
99153	119
99154	119
99155	119
99156	119
99157	119
99158	119
99159	119
99160	119
99161	119
99162	119
99163	119
99164	119
99165	119
99166	119
99167	119
99168	119
99169	119
99170	119
99171	119
99172	119
99173	119
99174	119
99175	119
99176	119
99177	119
99178	119
99179	119
99180	119
99181	119
99182	119
99183	119
99184	119
99185	119
99186	119
99187	119
99188	119
99189	119
99190	119
99191	119
99192	119
99193	119
99194	119
99195	119
99196	119
99197	119
99198	119
99199	119
99200	119
99201	119
99202	119
99203	119
99204	119
99205	119
99206	119
99207	119
99208	119
99209	119
99210	119
99211	119
99212	119
99213	119
99214	119
99215	119
99216	119
99217	119
99218	119
99219	119
99220	119
99221	119
99222	119
99223	119
99224	119
99225	119
99226	119
99227	119
99228	119
99229	119
99230	119
99231	119
99232	119
99233	119
99234	119
99235	119
99236	119
99237	119
99238	119
99239	119
99240	119
99241	119
99242	119
99243	119
99244	119
99245	119
99246	119
99247	119
99248	119
99249	119
99250	119
99251	119
99252	119
99253	119
99254	119
99255	119
99256	119
99257	119
99258	119
99259	119
99260	119
99261	119
99262	119
99263	119
99264	119
99265	119
99266	119
99267	119
99268	119
99269	119
99270	119
99271	119
99272	119
99273	119
99274	119
99275	119
99276	119
99277	119
99278	119
99279	119
99280	119
99281	119
99282	119
99283	119
99284	119
99285	119
99286	119
99287	119
99288	119
99289	119
99290	119
99291	119
99292	119
99293	119
99294	119
99295	119
99296	119
99297	119
99298	119
99299	119
99300	119
99301	119
99302	119
99303	119
99304	119
99305	119
99306	119
99307	119
99308	119
99309	119
99310	119
99311	119
99312	119
99313	119
99314	119
99315	119
99316	119
99317	119
99318	119
99319	119
99320	119
99321	119
99322	119
99323	119
99324	119
99325	119
99326	119
99327	119
99328	119
99329	119
99330	119
99331	119
99332	119
99333	119
99334	119
99335	119
99336	119
99337	119
99338	119
99339	119
99340	119
99341	119
99342	119
99343	119
99344	119
99345	119
99346	119
99347	119
99348	119
99349	119
99350	119
99351	119
99352	119
99353	119
99354	119
99355	119
99356	119
99357	119
99358	119
99359	119
99360	119
99361	119
99362	119
99363	119
99364	119
99365	119
99366	119
99367	119
99368	119
99369	119
99370	119
99371	119
99372	119
99373	119
99374	119
99375	119
99376	119
99377	119
99378	119
99379	119
99380	119
99381	119
99382	119
99383	119
99384	119
99385	119
99386	119
99387	119
99388	119
99389	119
99390	119
99391	119
99392	119
99393	119
99394	119
99395	119
99396	119
99397	119
99398	119
99399	119
99400	119
99401	119
99402	119
99403	119
99404	119
99405	119
99406	119
99407	119
99408	119
99409	119
99410	119
99411	119
99412	119
99413	119
99414	119
99415	119
99416	119
99417	119
99418	119
99419	119
99420	119
99421	119
99422	119
99423	119
99424	119
99425	119
99426	119
99427	119
99428	119
99429	119
99430	119
99431	119
99432	119
99433	119
99434	119
99435	119
99436	119
99437	119
99438	119
99439	119
99440	119
99441	119
99442	119
99443	119
99444	119
99445	119
99446	119
99447	119
99448	119
99449	119
99450	119
99451	119
99452	119
99453	119
99454	119
99455	119
99456	119
99457	119
99458	119
99459	119
99460	119
99461	119
99462	119
99463	119
99464	119
99465	119
99466	119
99467	119
99468	119
99469	119
99470	119
99471	119
99472	119
99473	119
99474	119
99475	119
99476	119
99477	119
99478	119
99479	119
99480	119
99481	119
99482	119
99483	119
99484	119
99485	119
99486	119
99487	119
99488	119
99489	119
99490	119
99491	119
99492	119
99493	119
99494	119
99495	119
99496	119
99497	119
99498	119
99499	119
99500	119
99501	119
99502	119
99503	119
99504	119
99505	119
99506	119
99507	119
99508	119
99509	119
99510	119
99511	119
99512	119
99513	119
99514	119
99515	119
99516	119
99517	119
99518	119
99519	119
99520	119
99521	119
99522	119
99523	119
99524	119
99525	119
99526	119
99527	119
99528	119
99529	119
99530	119
99531	119
99532	119
99533	119
99534	119
99535	119
99536	119
99537	119
99538	119
99539	119
99540	119
99541	119
99542	119
99543	119
99544	119
99545	119
99546	119
99547	119
99548	119
99549	119
99550	119
99551	119
99552	119
99553	119
99554	119
99555	119
99556	119
99557	119
99558	119
99559	119
99560	119
99561	119
99562	119
99563	119
99564	119
99565	119
99566	119
99567	119
99568	119
99569	119
99570	119
99571	119
99572	119
99573	119
99574	119
99575	119
99576	119
99577	119
99578	119
99579	119
99580	119
99581	119
99582	119
99583	119
99584	119
99585	119
99586	119
99587	119
99588	119
99589	119
99590	119
99591	119
99592	119
99593	119
99594	119
99595	119
99596	119
99597	119
99598	119
99599	119
99600	119
99601	119
99602	119
99603	119
99604	119
99605	119
99606	119
99607	119
99608	119
99609	119
99610	119
99611	119
99612	119
99613	119
99614	119
99615	119
99616	119
99617	119
99618	119
99619	119
99620	119
99621	119
99622	119
99623	119
99624	119
99625	119
99626	119
99627	119
99628	119
99629	119
99630	119
99631	119
99632	119
99633	119
99634	119
99635	119
99636	119
99637	119
99638	119
99639	119
99640	119
99641	119
99642	119
99643	119
99644	119
99645	119
99646	119
99647	119
99648	119
99649	119
99650	119
99651	119
99652	119
99653	119
99654	119
99655	119
99656	119
99657	119
99658	119
99659	119
99660	119
99661	119
99662	119
99663	119
99664	119
99665	119
99666	119
99667	119
99668	119
99669	119
99670	119
99671	119
99672	119
99673	119
99674	119
99675	119
99676	119
99677	119
99678	119
99679	119
99680	119
99681	119
99682	119
99683	119
99684	119
99685	119
99686	119
99687	119
99688	119
99689	119
99690	119
99691	119
99692	119
99693	119
99694	119
99695	119
99696	119
99697	119
99698	119
99699	119
99700	119
99701	119
99702	119
99703	119
99704	119
99705	119
99706	119
99707	119
99708	119
99709	119
99710	119
99711	119
99712	119
99713	119
99714	119
99715	119
99716	119
99717	119
99718	119
99719	119
99720	119
99721	119
99722	119
99723	119
99724	119
99725	119
99726	119
99727	119
99728	119
99729	119
99730	119
99731	119
99732	119
99733	119
99734	119
99735	119
99736	119
99737	119
99738	119
99739	119
99740	119
99741	119
99742	119
99743	119
99744	119
99745	119
99746	119
99747	119
99748	119
99749	119
99750	119
99751	119
99752	119
99753	119
99754	119
99755	119
99756	119
99757	119
99758	119
99759	119
99760	119
99761	119
99762	119
99763	119
99764	119
99765	119
99766	119
99767	119
99768	119
99769	119
99770	119
99771	119
99772	119
99773	119
99774	119
99775	119
99776	119
99777	119
99778	119
99779	119
99780	119
99781	119
99782	119
99783	119
99784	119
99785	119
99786	119
99787	119
99788	119
99789	119
99790	119
99791	119
99792	119
99793	119
99794	119
99795	119
99796	119
99797	119
99798	119
99799	119
99800	119
99801	119
99802	119
99803	119
99804	119
99805	119
99806	119
99807	119
99808	119
99809	119
99810	119
99811	119
99812	119
99813	119
99814	119
99815	119
99816	119
99817	119
99818	119
99819	119
99820	119
99821	119
99822	119
99823	119
99824	119
99825	119
99826	119
99827	119
99828	119
99829	119
99830	119
99831	119
99832	119
99833	119
99834	119
99835	119
99836	119
99837	119
99838	119
99839	119
99840	119
99841	119
99842	119
99843	119
99844	119
99845	119
99846	119
99847	119
99848	119
99849	119
99850	119
99851	119
99852	119
99853	119
99854	119
99855	119
99856	119
99857	119
99858	119
99859	119
99860	119
99861	119
99862	119
99863	119
99864	119
99865	119
99866	119
99867	119
99868	119
99869	119
99870	119
99871	119
99872	119
99873	119
99874	119
99875	119
99876	119
99877	119
99878	119
99879	119
99880	119
99881	119
99882	119
99883	119
99884	119
99885	119
99886	119
99887	119
99888	119
99889	119
99890	119
99891	119
99892	119
99893	119
99894	119
99895	119
99896	119
99897	119
99898	119
99899	119
99900	119
99901	119
99902	119
99903	119
99904	119
99905	119
99906	119
99907	119
99908	119
99909	119
99910	119
99911	119
99912	119
99913	119
99914	119
99915	119
99916	119
99917	119
99918	119
99919	119
99920	119
99921	119
99922	119
99923	119
99924	119
99925	119
99926	119
99927	119
99928	119
99929	119
99930	119
99931	119
99932	119
99933	119
99934	119
99935	119
99936	119
99937	119
99938	119
99939	119
99940	119
99941	119
99942	119
99943	119
99944	119
99945	119
99946	119
99947	119
99948	119
99949	119
99950	119
99951	119
99952	119
99953	119
99954	119
99955	119
99956	119
99957	119
99958	119
99959	119
99960	119
99961	119
99962	119
99963	119
99964	119
99965	119
99966	119
99967	119
99968	119
99969	119
99970	119
99971	119
99972	119
99973	119
99974	119
99975	119
99976	119
99977	119
99978	119
99979	119
99980	119
99981	119
99982	119
99983	119
99984	119
99985	119
99986	119
99987	119
99988	119
99989	119
99990	119
99991	119
99992	119
99993	119
99994	119
99995	119
99996	119
99997	119
99998	119
99999	119
