Algorithm: Betweenness Centrality
Vertex Centrality
0 136665.61
1 141930.99
2 62057.28
3 118610.65
4 127294.87
5 160250.55
6 184145.61
7 85353.52
8 139044.02
9 66182.00
10 197511.81
11 147395.98
12 63620.84
13 59027.96
14 37664.09
15 143290.02
16 67828.69
17 37077.81
18 16600.73
19 11118.25
20 36595.65
21 33578.70
22 72879.30
23 43819.17
24 107685.45
25 95013.74
26 70459.93
27 53086.56
28 150386.24
29 68989.02
30 113859.55
31 44402.93
32 54991.77
33 153870.07
34 53290.59
35 83651.64
36 49540.96
37 68150.40
38 77160.18
39 54267.38
40 20381.92
41 87997.81
42 162117.07
43 90458.74
44 24717.96
45 28370.37
46 159447.91
47 96130.46
48 132989.61
49 107979.39
50 99858.87
51 131684.02
52 119412.72
53 65670.77
54 39435.15
55 80398.93
56 26973.75
57 177644.39
58 98667.13
59 77970.25
60 9190.08
61 46279.98
62 59577.94
63 29564.03
64 37274.59
65 112731.43
66 39344.31
67 81545.32
68 31585.78
69 31031.22
70 49022.51
71 73390.68
72 58565.23
73 23430.40
74 37109.68
75 71466.68
76 88798.80
77 23676.17
78 82686.10
79 73010.83
80 56813.60
81 55568.04
82 33991.20
83 27028.11
84 31050.28
85 141287.53
86 26143.03
87 82699.24
88 47315.58
89 67120.24
90 71388.72
91 84755.85
92 96569.52
93 53545.25
94 63204.43
95 25855.86
96 117198.01
97 78419.97
98 61067.90
99 64211.00
100 35398.96
101 47240.17
102 136011.97
103 7697.45
104 91130.64
105 101500.85
106 119357.19
107 68755.76
108 32057.11
109 50785.15
110 126628.51
111 61343.70
112 38477.29
113 14898.93
114 73292.47
115 61491.21
116 74354.06
117 43112.42
118 162836.80
119 187889.91
120 56966.72
121 107757.56
122 158424.98
123 52207.93
124 85250.38
125 49285.27
126 22526.32
127 64093.65
128 25565.35
129 83144.63
130 99548.62
131 7706.24
132 36437.44
133 5164.46
134 46394.01
135 46753.86
136 93195.28
137 33624.99
138 49271.72
139 12660.38
140 41922.88
141 50041.66
142 114138.19
143 31138.72
144 53932.36
145 40324.83
146 31624.25
147 58540.69
148 25078.46
149 77414.60
150 70902.02
151 28293.38
152 68922.86
153 60785.76
154 44596.36
155 94018.15
156 28079.06
157 46993.40
158 50347.65
159 32068.48
160 59147.98
161 62627.93
162 32548.38
163 90159.44
164 38621.48
165 76785.62
166 34431.78
167 51004.38
168 110592.25
169 27323.87
170 128014.73
171 84208.47
172 100451.53
173 29433.90
174 37424.52
175 48859.58
176 36393.46
177 51429.60
178 88363.40
179 91477.30
180 70862.05
181 70535.12
182 45760.52
183 61263.32
184 62632.99
185 79469.75
186 104212.79
187 38730.80
188 56973.83
189 23195.76
190 49739.79
191 76976.55
192 73149.99
193 10280.46
194 102656.60
195 22055.52
196 50639.63
197 25038.21
198 35608.40
199 43613.93
200 48664.24
201 152724.91
202 138982.93
203 76145.19
204 80095.29
205 55705.14
206 15297.28
207 65843.52
208 39226.18
209 13636.78
210 91796.21
211 39934.06
212 158445.33
213 36989.64
214 59906.70
215 31185.86
216 23311.11
217 33861.11
218 25294.79
219 64778.14
220 50620.41
221 129412.98
222 43927.90
223 61524.87
224 6849.65
225 26604.33
226 94061.02
227 61085.16
228 62954.56
229 46355.58
230 59160.91
231 30799.51
232 66308.73
233 94356.37
234 38495.05
235 133175.39
236 58534.70
237 76178.44
238 85238.61
239 108018.08
240 67294.51
241 35473.24
242 64949.75
243 43987.48
244 63954.94
245 25199.53
246 43842.58
247 25654.80
248 20357.53
249 9450.67
250 37327.63
251 25089.54
252 54728.79
253 22269.73
254 70710.92
255 32234.72
256 19832.74
257 42983.23
258 23191.77
259 15917.81
260 146847.36
261 22989.76
262 62788.78
263 84245.92
264 78965.02
265 11091.48
266 111993.27
267 22805.75
268 73920.66
269 85303.19
270 10121.66
271 53096.44
272 53464.44
273 58893.95
274 30149.49
275 54324.13
276 25734.87
277 32979.41
278 38286.87
279 23608.12
280 119274.11
281 71412.21
282 67763.19
283 27559.50
284 8959.39
285 64409.34
286 58753.65
287 10089.29
288 46367.66
289 77318.26
290 67099.48
291 44176.58
292 54504.89
293 77260.74
294 6717.80
295 46092.92
296 36525.76
297 18707.34
298 94387.84
299 53348.94
300 105317.38
301 31666.05
302 35018.72
303 131986.98
304 116324.04
305 39360.99
306 46206.35
307 22674.20
308 95173.81
309 107314.46
310 39430.54
311 106335.49
312 37726.66
313 51591.88
314 53317.45
315 68801.58
316 82854.37
317 100941.53
318 43337.52
319 27363.73
320 52967.14
321 166990.31
322 10776.53
323 41367.16
324 80249.65
325 12488.47
326 28771.77
327 16636.75
328 44097.97
329 56076.01
330 21164.99
331 45759.16
332 56191.11
333 41031.88
334 53980.71
335 75107.32
336 61613.79
337 37219.79
338 20554.80
339 42182.69
340 24224.30
341 128208.65
342 39166.47
343 21016.37
344 36772.68
345 7575.69
346 18105.50
347 67389.29
348 26881.27
349 63994.96
350 25038.09
351 27278.24
352 28130.95
353 55071.34
354 42692.98
355 48328.04
356 16931.75
357 80907.40
358 21626.68
359 27802.00
360 112355.04
361 27624.11
362 12274.68
363 23125.59
364 10721.89
365 72785.98
366 35527.83
367 91685.13
368 109873.99
369 35002.63
370 47873.61
371 19718.81
372 55365.42
373 39905.84
374 74493.14
375 16096.27
376 55572.74
377 59041.44
378 60670.43
379 86334.80
380 73089.40
381 28025.17
382 23245.83
383 60088.27
384 45995.93
385 48566.76
386 16924.96
387 31314.93
388 36258.83
389 32625.25
390 36663.60
391 19248.04
392 68890.14
393 45271.91
394 61205.43
395 19710.71
396 9157.58
397 23115.69
398 24026.79
399 41926.89
400 46699.37
401 136484.74
402 35954.28
403 45197.09
404 52133.57
405 98340.70
406 23495.10
407 105650.45
408 10281.07
409 26633.15
410 117117.04
411 11457.10
412 24150.31
413 32664.09
414 82189.97
415 37193.02
416 49330.83
417 37740.85
418 23891.38
419 60023.01
420 16925.79
421 115854.63
422 34116.94
423 54640.09
424 59854.50
425 26565.51
426 108891.13
427 26392.15
428 46815.01
429 33837.05
430 7467.75
431 53037.14
432 43571.64
433 37165.86
434 19380.50
435 90917.17
436 28121.78
437 53530.79
438 46470.60
439 27675.14
440 23854.98
441 56084.10
442 61339.92
443 148238.52
444 86855.48
445 49824.16
446 75446.93
447 8803.22
448 38417.89
449 36214.66
450 103840.45
451 66676.20
452 79867.33
453 47455.18
454 21617.27
455 63631.05
456 27823.63
457 62447.13
458 25916.52
459 20968.96
460 26066.16
461 65060.55
462 21995.66
463 45674.47
464 64618.72
465 125157.72
466 66294.17
467 78463.34
468 26659.07
469 52760.47
470 74944.28
471 42249.41
472 49352.34
473 9912.55
474 24433.13
475 138185.62
476 30491.90
477 4360.59
478 48870.03
479 79274.95
480 38298.64
481 41953.33
482 17785.57
483 60864.45
484 22201.44
485 10861.20
486 52376.30
487 54162.79
488 24359.86
489 30257.98
490 61453.76
491 58904.24
492 43834.37
493 8198.97
494 65235.91
495 21462.05
496 38356.37
497 20471.65
498 27340.77
499 29959.29
500 45325.09
501 93355.76
502 15024.30
503 129574.05
504 24938.74
505 43303.03
506 126662.30
507 49942.55
508 77082.33
509 56801.11
510 34637.46
511 61283.79
512 48808.27
513 25732.17
514 67921.81
515 61289.37
516 34169.31
517 16903.08
518 20731.60
519 74320.78
520 61867.22
521 75164.28
522 15650.64
523 55938.48
524 23794.22
525 49169.02
526 43779.89
527 37017.31
528 74186.09
529 35495.50
530 8493.31
531 24878.29
532 18144.95
533 46431.17
534 40236.18
535 13000.83
536 37741.05
537 60218.08
538 6541.80
539 80881.09
540 85140.45
541 119337.27
542 101908.20
543 17421.12
544 98877.95
545 46781.83
546 39695.31
547 55789.44
548 47055.51
549 7862.77
550 38272.98
551 58320.25
552 22350.73
553 22010.71
554 96870.07
555 59186.56
556 14178.16
557 35559.89
558 23489.01
559 14800.36
560 33165.14
561 23938.90
562 22234.63
563 32819.86
564 30456.66
565 30573.84
566 63590.78
567 47018.10
568 29464.85
569 4229.95
570 50660.26
571 32954.97
572 39642.93
573 44672.90
574 15904.35
575 76246.23
576 10172.66
577 33169.80
578 27298.04
579 58881.90
580 5357.78
581 28122.17
582 32578.77
583 40025.65
584 25105.73
585 47732.08
586 14571.86
587 38372.83
588 26915.31
589 42889.10
590 51348.25
591 11684.81
592 24425.32
593 29181.63
594 37664.42
595 45409.19
596 61306.93
597 12418.38
598 48391.35
599 21613.24
600 82762.47
601 37023.74
602 4856.68
603 31895.28
604 13777.52
605 38368.63
606 31359.77
607 73397.48
608 59422.71
609 18768.03
610 33622.57
611 7109.22
612 41610.00
613 57193.69
614 100543.12
615 49583.87
616 22636.24
617 43403.09
618 32718.81
619 50730.87
620 10594.57
621 111380.92
622 76029.27
623 28911.12
624 72949.52
625 19368.50
626 50532.15
627 43537.84
628 103568.47
629 48193.22
630 66475.11
631 39801.19
632 54190.20
633 7944.41
634 47759.41
635 94378.65
636 107345.71
637 83976.86
638 14081.18
639 41466.69
640 55383.19
641 25106.70
642 35029.61
643 24886.73
644 18458.81
645 12646.82
646 20003.90
647 19394.62
648 21754.49
649 62664.48
650 10978.07
651 109521.91
652 54123.93
653 49575.26
654 38804.06
655 132716.26
656 49906.89
657 31760.86
658 40877.98
659 54754.99
660 35919.44
661 47954.69
662 13864.69
663 41164.91
664 70923.89
665 29312.15
666 55413.90
667 36173.13
668 38467.98
669 21501.03
670 34216.01
671 52956.84
672 3108.32
673 25128.51
674 33913.25
675 55563.94
676 23330.46
677 35276.97
678 19658.05
679 25947.04
680 16317.01
681 68817.83
682 12126.55
683 37006.28
684 17347.90
685 52437.49
686 12004.24
687 76031.54
688 20594.59
689 46471.84
690 41499.90
691 14807.11
692 30569.93
693 48275.96
694 48667.50
695 10900.37
696 16238.27
697 59402.01
698 17766.84
699 126218.89
700 830.53
701 70070.90
702 24244.64
703 10410.13
704 17848.65
705 78745.72
706 19988.37
707 48353.97
708 17754.81
709 49821.93
710 9586.81
711 41314.07
712 72304.83
713 55853.96
714 78460.95
715 33667.81
716 0.00
717 47578.88
718 51380.73
719 63356.81
720 42545.37
721 31165.92
722 65773.68
723 79713.31
724 68814.59
725 26874.15
726 18127.74
727 3687.16
728 49569.33
729 34386.95
730 75737.51
731 31216.27
732 37040.02
733 64272.38
734 53837.56
735 20032.82
736 53106.07
737 46813.71
738 59056.17
739 52653.69
740 9506.09
741 65362.29
742 10972.54
743 15818.32
744 31780.01
745 29820.89
746 26960.03
747 56391.43
748 37451.59
749 38608.06
750 25494.86
751 47430.87
752 63505.51
753 27486.11
754 104332.32
755 68795.96
756 41026.81
757 37424.60
758 66655.30
759 131558.95
760 22366.56
761 17772.69
762 6576.34
763 37887.51
764 35790.84
765 29193.14
766 20770.60
767 53158.36
768 26215.92
769 114098.63
770 69882.06
771 56543.79
772 5923.26
773 87766.65
774 7019.35
775 45430.11
776 62205.86
777 17033.77
778 46494.75
779 23178.12
780 39051.60
781 68343.70
782 65344.43
783 35408.82
784 21745.54
785 1187.68
786 19780.65
787 38740.67
788 62771.00
789 25422.48
790 34215.44
791 56886.18
792 42222.32
793 42440.45
794 3917.63
795 51200.66
796 82923.85
797 28061.41
798 19491.95
799 32427.25
800 62051.59
801 30561.42
802 27281.65
803 27019.40
804 27051.01
805 11770.94
806 57070.57
807 88233.44
808 40005.62
809 37131.43
810 19592.19
811 34227.72
812 24977.96
813 56845.85
814 3393.33
815 23986.59
816 33702.13
817 19172.71
818 15069.09
819 20539.70
820 22113.09
821 20747.89
822 10690.58
823 33676.42
824 72415.49
825 45243.61
826 21726.50
827 50126.44
828 20338.73
829 54548.90
830 5757.32
831 32912.26
832 15383.98
833 22510.47
834 21827.76
835 57072.54
836 19816.01
837 64609.07
838 10859.51
839 59654.17
840 19712.27
841 24522.52
842 3127.29
843 58842.65
844 8763.83
845 134285.97
846 14078.63
847 37124.44
848 41540.16
849 30504.91
850 155061.89
851 53973.40
852 30212.51
853 24662.97
854 48902.87
855 29009.93
856 14067.77
857 95928.15
858 19025.87
859 33560.51
860 17386.63
861 21999.40
862 47063.96
863 80492.27
864 44848.47
865 62361.35
866 45344.07
867 27630.04
868 42258.91
869 22146.43
870 154852.62
871 16927.28
872 2956.54
873 88393.14
874 11922.39
875 49721.24
876 53128.54
877 8801.71
878 15432.00
879 3941.33
880 71470.29
881 46263.58
882 57314.48
883 19822.19
884 43931.81
885 46709.31
886 44786.39
887 13848.33
888 35296.46
889 165164.01
890 51380.36
891 1640.40
892 71864.62
893 55898.68
894 70791.98
895 20578.95
896 17880.60
897 54249.98
898 17701.71
899 23049.71
900 72481.63
901 12462.00
902 46211.04
903 6120.13
904 24117.95
905 6934.85
906 20256.78
907 37296.54
908 54444.60
909 42390.13
910 31550.74
911 669.36
912 65415.65
913 21294.20
914 69686.18
915 33100.02
916 23576.74
917 26166.76
918 31214.03
919 59592.65
920 24199.68
921 22584.43
922 24901.98
923 17580.30
924 13351.34
925 64216.90
926 18878.86
927 25095.19
928 42043.87
929 59188.28
930 43566.89
931 31845.23
932 55031.66
933 39108.95
934 53170.75
935 23714.50
936 32792.92
937 42875.22
938 64211.35
939 21395.95
940 36793.76
941 12830.73
942 64733.80
943 20195.16
944 6206.80
945 49845.96
946 35192.14
947 14954.48
948 36310.63
949 69217.13
950 42740.55
951 28249.09
952 12759.32
953 30727.09
954 24758.05
955 36682.74
956 35829.13
957 39969.51
958 47014.84
959 16339.38
960 45211.43
961 24165.98
962 66221.95
963 7617.81
964 59164.31
965 35041.29
966 36388.38
967 22603.06
968 51430.43
969 29875.51
970 44480.87
971 86431.60
972 22397.36
973 29202.69
974 40501.45
975 36369.60
976 43883.65
977 62497.95
978 62242.89
979 56354.71
980 88277.16
981 37757.03
982 71361.96
983 26988.92
984 43540.32
985 34904.57
986 29077.12
987 31555.62
988 134146.13
989 15804.67
990 28095.06
991 15092.43
992 83422.48
993 52488.34
994 37646.30
995 68513.08
996 44384.90
997 43563.12
998 11285.57
999 31680.95
1000 1206.32
1001 41678.06
1002 20085.61
1003 10305.40
1004 60180.74
1005 23334.02
1006 43872.51
1007 41418.14
1008 30207.08
1009 24024.05
1010 41925.45
1011 14283.87
1012 58835.00
1013 7231.95
1014 4661.31
1015 60451.09
1016 19285.24
1017 91907.18
1018 50138.59
1019 53842.12
1020 46790.60
1021 37098.92
1022 47461.86
1023 18513.24
1024 24278.93
1025 39188.24
1026 6323.66
1027 26886.84
1028 74534.52
1029 20607.38
1030 3261.37
1031 44132.94
1032 17238.46
1033 21991.18
1034 16556.35
1035 38981.46
1036 9676.54
1037 23531.84
1038 39989.45
1039 15172.80
1040 42563.44
1041 6963.19
1042 43049.94
1043 71339.62
1044 43809.63
1045 84096.75
1046 52169.26
1047 23189.00
1048 18612.23
1049 48885.94
1050 34662.21
1051 74793.50
1052 56818.14
1053 28932.55
1054 35374.30
1055 20171.97
1056 69303.23
1057 36671.31
1058 9866.77
1059 41034.47
1060 45195.97
1061 48018.35
1062 12999.42
1063 11439.42
1064 93443.88
1065 50220.11
1066 88887.89
1067 19170.60
1068 35519.22
1069 31579.27
1070 20133.68
1071 9944.33
1072 4251.35
1073 17323.71
1074 15709.44
1075 18928.82
1076 34422.14
1077 81154.98
1078 53889.90
1079 50371.70
1080 13075.40
1081 20533.87
1082 21774.70
1083 25087.44
1084 39708.94
1085 51817.81
1086 28180.90
1087 24007.38
1088 15879.54
1089 3646.96
1090 9743.20
1091 37815.31
1092 30242.82
1093 58215.12
1094 55110.93
1095 20536.67
1096 12629.20
1097 84642.26
1098 54181.82
1099 30083.14
1100 12394.90
1101 26343.12
1102 20613.02
1103 67918.05
1104 49808.73
1105 35591.35
1106 32621.86
1107 23977.10
1108 12873.07
1109 24802.98
1110 57972.88
1111 48445.46
1112 25664.59
1113 14456.02
1114 28336.20
1115 19336.39
1116 70917.54
1117 19454.71
1118 8325.83
1119 15066.40
1120 26349.68
1121 41059.80
1122 44253.85
1123 37252.92
1124 18890.53
1125 37059.09
1126 35465.30
1127 26515.76
1128 6231.66
1129 26218.33
1130 32079.45
1131 19534.27
1132 32167.56
1133 16884.69
1134 1006.48
1135 30146.45
1136 38376.85
1137 16772.27
1138 82801.69
1139 76468.15
1140 23438.87
1141 36240.58
1142 43247.72
1143 31109.17
1144 34317.10
1145 35226.68
1146 95908.64
1147 32718.50
1148 13591.06
1149 9399.86
1150 21075.34
1151 34361.45
1152 114396.57
1153 73601.34
1154 27810.72
1155 36660.38
1156 11775.29
1157 38939.92
1158 18370.68
1159 33267.08
1160 69178.72
1161 34786.67
1162 40183.08
1163 31896.72
1164 61127.56
1165 19147.43
1166 35359.32
1167 54608.24
1168 40871.49
1169 84409.21
1170 35576.59
1171 22601.56
1172 7520.61
1173 29212.39
1174 45575.01
1175 197872.90
1176 30293.37
1177 44130.71
1178 10100.31
1179 30115.46
1180 25532.29
1181 16805.13
1182 27032.52
1183 13282.63
1184 59105.76
1185 152935.06
1186 54238.15
1187 25303.61
1188 10840.92
1189 66927.57
1190 98207.88
1191 43515.38
1192 42216.55
1193 3862.73
1194 28584.47
1195 61896.84
1196 22716.96
1197 6969.63
1198 94121.59
1199 31625.38
1200 40045.18
1201 10699.63
1202 39363.31
1203 68510.07
1204 63477.34
1205 28554.98
1206 19361.04
1207 17615.32
1208 31690.66
1209 0.00
1210 56372.63
1211 27577.32
1212 14961.96
1213 25936.20
1214 105141.48
1215 88073.65
1216 35590.45
1217 14524.01
1218 9534.78
1219 13596.46
1220 28580.71
1221 25543.85
1222 32851.19
1223 6694.49
1224 54657.19
1225 73238.44
1226 55349.51
1227 17880.61
1228 21741.93
1229 77484.69
1230 32353.55
1231 29052.07
1232 11057.48
1233 52363.45
1234 3419.40
1235 27321.88
1236 82224.69
1237 8221.29
1238 54011.97
1239 44144.00
1240 25420.82
1241 1214.19
1242 23215.33
1243 16503.46
1244 50214.47
1245 24987.13
1246 33398.92
1247 10962.70
1248 12060.65
1249 24204.48
1250 19810.79
1251 52734.42
1252 29186.98
1253 13813.25
1254 18593.59
1255 25870.27
1256 43382.27
1257 90327.53
1258 19750.88
1259 50431.05
1260 49401.75
1261 62605.60
1262 36630.24
1263 6175.83
1264 67974.02
1265 37122.11
1266 35986.57
1267 57264.27
1268 20160.10
1269 5388.02
1270 37800.67
1271 25996.45
1272 39969.75
1273 27131.95
1274 21372.97
1275 6158.96
1276 38264.28
1277 23716.21
1278 14949.81
1279 37680.41
1280 25930.56
1281 38606.21
1282 72169.07
1283 60557.97
1284 61863.09
1285 15028.96
1286 12131.06
1287 69148.47
1288 64273.06
1289 45510.52
1290 30399.32
1291 8475.70
1292 85164.13
1293 39674.38
1294 74798.87
1295 9872.61
1296 29615.64
1297 47016.26
1298 1564.81
1299 109779.83
1300 22500.50
1301 23693.88
1302 18586.84
1303 36888.21
1304 47058.04
1305 6984.12
1306 92153.63
1307 112071.62
1308 54635.07
1309 92258.33
1310 52294.89
1311 76897.21
1312 67884.63
1313 29132.75
1314 28068.62
1315 15988.29
1316 26660.09
1317 63558.74
1318 28529.46
1319 26573.40
1320 11169.18
1321 21823.62
1322 64956.63
1323 5563.20
1324 22778.82
1325 59440.72
1326 28140.79
1327 27049.04
1328 28702.20
1329 15405.09
1330 26482.52
1331 27843.89
1332 43414.90
1333 73938.12
1334 16038.84
1335 55617.03
1336 52272.03
1337 22641.46
1338 4308.00
1339 70926.52
1340 51764.75
1341 64969.51
1342 19113.55
1343 9791.85
1344 8358.00
1345 24847.96
1346 36488.64
1347 34437.06
1348 67805.04
1349 16511.03
1350 29523.17
1351 35668.47
1352 27516.26
1353 26861.06
1354 8802.30
1355 72819.95
1356 22078.39
1357 32331.84
1358 39158.21
1359 46897.65
1360 20923.69
1361 15368.19
1362 3450.27
1363 49473.05
1364 49231.84
1365 88149.47
1366 7606.73
1367 25084.12
1368 57960.41
1369 51301.44
1370 3975.62
1371 68591.45
1372 47463.75
1373 69038.90
1374 5363.54
1375 17876.81
1376 25789.91
1377 9678.86
1378 60902.96
1379 55568.46
1380 11751.97
1381 32620.12
1382 31337.05
1383 27475.56
1384 51718.12
1385 6624.82
1386 17091.64
1387 54745.77
1388 6907.16
1389 36271.62
1390 62044.14
1391 51923.56
1392 21293.31
1393 86667.93
1394 18338.70
1395 37205.45
1396 19939.89
1397 65528.51
1398 28079.38
1399 16074.08
1400 36808.63
1401 4976.29
1402 5331.65
1403 24772.06
1404 49992.27
1405 71285.42
1406 55973.37
1407 30841.60
1408 32602.13
1409 20130.30
1410 12179.57
1411 22411.51
1412 29516.68
1413 2851.20
1414 62282.08
1415 61802.66
1416 48778.75
1417 49708.76
1418 26551.57
1419 15002.63
1420 55897.47
1421 15616.08
1422 28715.69
1423 50765.43
1424 47622.39
1425 33263.12
1426 49798.27
1427 43828.31
1428 20246.82
1429 21881.82
1430 9815.67
1431 81500.03
1432 28402.08
1433 73415.15
1434 39789.16
1435 38787.09
1436 9043.76
1437 43607.40
1438 59572.49
1439 17346.78
1440 50127.08
1441 36758.30
1442 51365.00
1443 36058.67
1444 10630.12
1445 20556.34
1446 39356.04
1447 36984.44
1448 29081.54
1449 63598.00
1450 65034.66
1451 24196.79
1452 48256.70
1453 21011.50
1454 33515.66
1455 14826.55
1456 65127.83
1457 12084.98
1458 23540.19
1459 35363.74
1460 14556.36
1461 45210.54
1462 21344.05
1463 27559.45
1464 3234.77
1465 60444.45
1466 51431.71
1467 37914.45
1468 37978.15
1469 19718.85
1470 39593.36
1471 40952.97
1472 30245.81
1473 15367.81
1474 30495.38
1475 19332.09
1476 35117.01
1477 35238.93
1478 101474.51
1479 28933.87
1480 12881.08
1481 39560.73
1482 9584.93
1483 14075.49
1484 21643.62
1485 75579.15
1486 11844.42
1487 20190.14
1488 14296.02
1489 17901.88
1490 29907.70
1491 19687.26
1492 29675.33
1493 12389.81
1494 20090.04
1495 31237.14
1496 16905.43
1497 70576.05
1498 30681.22
1499 11179.95
1500 27914.23
1501 18020.71
1502 22963.08
1503 19007.58
1504 63622.96
1505 33428.33
1506 27588.26
1507 5050.52
1508 30758.57
1509 10356.99
1510 38797.61
1511 56356.09
1512 72254.70
1513 28074.82
1514 13163.70
1515 25065.99
1516 36991.33
1517 23885.46
1518 36229.95
1519 109182.09
1520 36884.64
1521 27779.90
1522 24791.71
1523 17676.59
1524 105075.65
1525 48946.67
1526 12197.08
1527 43026.97
1528 35019.44
1529 11843.81
1530 40736.76
1531 41730.72
1532 25780.99
1533 59404.56
1534 64399.28
1535 20785.91
1536 42740.16
1537 17366.90
1538 33700.25
1539 11637.73
1540 12827.26
1541 10820.43
1542 56776.72
1543 8925.07
1544 34877.43
1545 21989.19
1546 11570.44
1547 13491.03
1548 41053.16
1549 64150.64
1550 16770.83
1551 11566.62
1552 32245.60
1553 20155.91
1554 18963.45
1555 69076.35
1556 63297.94
1557 49628.35
1558 35104.58
1559 5435.54
1560 53050.70
1561 36633.85
1562 21415.18
1563 67513.38
1564 26220.06
1565 51340.89
1566 65776.50
1567 35227.06
1568 10961.67
1569 9252.76
1570 51115.97
1571 32105.07
1572 32032.01
1573 70565.64
1574 24156.86
1575 59465.92
1576 16079.44
1577 34376.12
1578 19064.11
1579 13008.75
1580 40142.96
1581 16098.84
1582 18848.29
1583 86861.83
1584 45974.54
1585 12868.43
1586 81373.56
1587 24039.37
1588 43518.21
1589 23678.67
1590 16312.96
1591 25995.71
1592 26858.74
1593 57629.06
1594 26564.49
1595 25593.62
1596 12647.77
1597 19034.39
1598 81395.90
1599 6971.93
1600 21642.99
1601 42039.42
1602 21081.89
1603 17343.28
1604 52549.97
1605 18637.48
1606 10465.92
1607 11290.95
1608 28652.48
1609 12590.18
1610 13825.65
1611 30455.35
1612 19029.98
1613 30678.04
1614 41646.08
1615 17884.82
1616 36454.45
1617 31567.41
1618 50515.74
1619 35001.72
1620 21875.36
1621 31136.20
1622 28049.24
1623 11364.22
1624 41792.94
1625 17760.92
1626 15842.70
1627 32560.63
1628 65001.02
1629 70499.08
1630 52626.43
1631 32146.38
1632 15316.11
1633 69041.55
1634 21837.81
1635 97010.02
1636 72751.23
1637 23501.89
1638 8052.81
1639 40632.55
1640 24115.13
1641 0.00
1642 6643.81
1643 10866.25
1644 23232.40
1645 16543.45
1646 47138.71
1647 45896.18
1648 0.00
1649 6046.49
1650 65754.09
1651 21115.58
1652 24449.64
1653 63035.16
1654 3794.72
1655 43398.31
1656 61614.51
1657 44112.70
1658 35053.22
1659 49303.32
1660 46635.99
1661 17780.14
1662 42237.50
1663 9924.12
1664 4021.67
1665 37902.44
1666 12118.09
1667 33437.26
1668 37399.81
1669 14870.91
1670 31419.49
1671 16922.91
1672 21489.87
1673 49427.65
1674 1235.23
1675 26634.50
1676 26423.19
1677 15766.15
1678 14648.28
1679 27157.79
1680 31220.23
1681 38242.72
1682 16970.49
1683 8552.27
1684 11665.19
1685 31237.51
1686 55700.08
1687 9010.51
1688 23350.69
1689 6911.78
1690 25351.01
1691 41790.19
1692 56705.80
1693 15521.86
1694 3724.91
1695 30766.98
1696 18724.50
1697 61918.56
1698 37420.36
1699 16183.47
1700 58027.27
1701 14552.69
1702 31772.78
1703 22414.71
1704 14062.83
1705 15114.58
1706 4506.48
1707 23217.07
1708 14431.69
1709 11387.50
1710 20811.10
1711 48020.56
1712 23607.10
1713 17455.96
1714 37562.45
1715 11817.16
1716 40089.58
1717 31729.79
1718 30755.22
1719 21859.40
1720 6764.31
1721 20286.50
1722 102391.07
1723 26786.76
1724 9680.61
1725 34718.76
1726 27899.35
1727 20122.88
1728 58611.79
1729 33010.37
1730 26917.19
1731 35845.18
1732 28692.31
1733 18817.95
1734 29955.14
1735 23540.93
1736 5342.34
1737 85113.07
1738 9632.19
1739 44537.35
1740 6760.43
1741 31111.02
1742 9381.98
1743 41583.75
1744 4523.69
1745 27874.91
1746 26045.23
1747 28692.82
1748 14142.75
1749 60386.00
1750 31035.89
1751 33338.13
1752 4398.87
1753 26713.08
1754 30781.36
1755 54957.31
1756 52059.64
1757 51171.38
1758 87359.08
1759 26798.02
1760 13529.17
1761 15942.87
1762 28967.92
1763 25469.89
1764 35418.71
1765 23512.80
1766 16614.48
1767 17637.72
1768 39830.80
1769 33305.82
1770 56192.72
1771 57557.60
1772 32033.17
1773 13081.49
1774 44994.20
1775 22269.49
1776 20252.71
1777 11075.81
1778 35655.22
1779 53046.85
1780 23940.72
1781 47190.61
1782 25429.67
1783 73416.59
1784 64756.91
1785 13321.53
1786 21756.63
1787 7153.77
1788 11868.44
1789 57988.42
1790 55538.49
1791 30895.13
1792 29189.48
1793 8207.52
1794 38510.36
1795 39081.93
1796 11852.04
1797 27041.86
1798 37078.78
1799 31055.08
1800 72517.42
1801 23468.67
1802 83005.59
1803 18992.58
1804 40321.48
1805 25611.28
1806 45886.48
1807 36513.46
1808 7590.94
1809 21357.80
1810 10118.66
1811 17767.05
1812 2396.25
1813 32275.61
1814 22386.66
1815 3443.53
1816 17143.58
1817 13402.59
1818 10579.82
1819 8060.59
1820 47269.73
1821 33832.07
1822 14964.64
1823 23410.27
1824 38922.94
1825 48918.58
1826 28240.95
1827 19648.63
1828 38359.82
1829 59072.05
1830 17983.73
1831 62454.53
1832 24743.42
1833 52895.08
1834 26459.21
1835 48130.07
1836 71864.66
1837 77088.32
1838 81390.18
1839 14571.59
1840 10626.87
1841 34339.11
1842 28316.81
1843 31197.52
1844 30320.44
1845 27551.33
1846 31531.68
1847 38558.60
1848 13198.98
1849 8785.67
1850 30397.55
1851 12138.87
1852 28866.87
1853 23302.56
1854 75022.97
1855 15495.23
1856 10491.37
1857 22562.49
1858 2928.12
1859 32062.50
1860 18260.80
1861 24444.77
1862 27909.93
1863 10677.00
1864 9587.64
1865 42757.39
1866 87756.06
1867 37420.41
1868 18041.72
1869 46205.98
1870 74261.05
1871 28444.23
1872 1374.88
1873 20996.07
1874 35614.57
1875 41230.20
1876 35875.51
1877 11070.25
1878 9082.38
1879 32228.58
1880 26333.94
1881 44446.49
1882 6256.24
1883 50198.29
1884 9212.26
1885 26243.36
1886 8262.89
1887 9357.23
1888 65541.83
1889 39370.77
1890 25319.33
1891 20571.84
1892 110589.94
1893 21212.89
1894 10465.72
1895 23865.13
1896 14693.63
1897 57982.68
1898 21969.10
1899 12736.98
1900 61167.08
1901 21000.48
1902 37511.12
1903 23310.42
1904 31751.92
1905 43729.64
1906 30399.66
1907 56508.50
1908 64715.87
1909 27588.58
1910 18474.81
1911 27882.68
1912 29848.53
1913 17734.54
1914 21838.46
1915 54992.95
1916 25785.10
1917 67905.32
1918 5157.70
1919 44935.99
1920 30617.83
1921 32128.95
1922 119027.07
1923 22418.23
1924 14432.70
1925 58518.93
1926 1349.86
1927 13935.10
1928 30019.53
1929 49584.36
1930 17007.51
1931 73742.52
1932 17159.32
1933 31329.41
1934 53715.40
1935 8762.38
1936 11704.73
1937 20552.18
1938 35979.31
1939 12217.47
1940 11738.06
1941 4274.52
1942 69460.32
1943 35173.03
1944 10848.47
1945 60654.94
1946 27075.57
1947 25058.04
1948 11644.82
1949 66007.10
1950 93937.19
1951 52247.83
1952 44111.47
1953 36044.02
1954 27178.78
1955 17888.32
1956 54184.77
1957 85950.02
1958 60326.76
1959 58321.56
1960 37789.89
1961 20041.92
1962 19010.83
1963 8546.60
1964 48303.33
1965 14780.82
1966 31875.38
1967 20592.73
1968 20254.27
1969 20021.44
1970 15032.54
1971 40482.08
1972 38461.89
1973 29193.23
1974 19804.17
1975 32982.54
1976 10527.75
1977 16200.75
1978 3787.35
1979 20633.66
1980 8439.87
1981 23559.71
1982 54099.44
1983 8240.10
1984 14444.59
1985 31658.70
1986 34139.59
1987 15598.01
1988 30597.02
1989 17589.78
1990 42265.08
1991 30055.26
1992 33103.22
1993 9508.37
1994 42372.65
1995 12505.07
1996 29077.81
1997 21885.70
1998 34111.10
1999 17959.80
2000 28453.21
2001 60195.40
2002 36622.26
2003 21312.77
2004 58407.29
2005 25410.31
2006 25929.58
2007 30105.80
2008 44753.04
2009 4591.49
2010 11233.02
2011 44439.52
2012 55629.31
2013 2567.58
2014 21697.81
2015 32901.48
2016 34057.13
2017 30479.42
2018 27308.22
2019 144036.23
2020 35079.55
2021 30817.89
2022 2129.56
2023 7992.98
2024 29760.15
2025 27143.16
2026 50046.93
2027 10797.84
2028 34499.73
2029 17141.27
2030 31745.63
2031 58526.87
2032 23626.39
2033 24847.34
2034 71520.53
2035 20941.65
2036 14688.33
2037 4430.40
2038 25741.76
2039 14356.35
2040 59509.60
2041 37180.04
2042 69275.42
2043 28427.49
2044 5818.81
2045 41331.92
2046 20986.29
2047 10894.02
2048 33665.88
2049 16898.03
2050 23627.76
2051 26379.16
2052 10134.60
2053 18004.44
2054 6382.61
2055 35870.17
2056 16939.77
2057 39277.10
2058 72452.78
2059 10660.98
2060 31710.06
2061 59116.83
2062 60067.56
2063 52430.53
2064 18370.91
2065 47521.62
2066 11565.24
2067 35489.53
2068 34719.23
2069 14576.07
2070 84617.61
2071 34288.91
2072 16394.17
2073 19595.95
2074 82150.05
2075 13945.63
2076 22244.11
2077 31493.35
2078 18718.62
2079 40520.75
2080 53011.70
2081 11435.77
2082 8757.02
2083 56964.61
2084 59014.63
2085 31707.81
2086 13559.37
2087 76428.75
2088 42003.43
2089 8131.81
2090 17373.08
2091 23143.53
2092 34356.47
2093 17418.21
2094 6038.87
2095 38825.52
2096 65986.27
2097 38072.24
2098 11707.67
2099 45554.64
2100 24779.13
2101 46271.38
2102 44533.84
2103 33191.28
2104 14572.35
2105 43076.45
2106 19623.23
2107 29580.77
2108 38458.95
2109 88541.41
2110 27558.16
2111 17605.52
2112 23666.00
2113 36077.08
2114 45335.50
2115 30230.91
2116 26485.74
2117 19143.06
2118 20056.61
2119 26464.16
2120 42534.35
2121 35077.22
2122 57804.59
2123 40553.44
2124 15462.17
2125 78735.43
2126 17963.81
2127 11568.66
2128 15885.80
2129 20441.63
2130 67425.58
2131 50146.27
2132 4650.04
2133 51288.97
2134 7590.88
2135 53149.88
2136 12878.79
2137 23870.96
2138 26777.87
2139 28653.21
2140 20861.55
2141 45090.10
2142 7844.63
2143 13064.89
2144 56593.65
2145 14338.83
2146 14560.12
2147 20961.71
2148 70408.45
2149 15904.60
2150 1569.28
2151 25935.02
2152 14036.23
2153 43210.35
2154 22122.77
2155 46126.91
2156 22442.63
2157 9742.41
2158 34616.51
2159 23603.41
2160 37502.72
2161 43166.35
2162 33766.51
2163 6216.60
2164 52897.76
2165 50436.51
2166 61857.90
2167 56766.82
2168 10626.76
2169 32759.85
2170 30396.43
2171 49016.30
2172 18863.53
2173 25649.41
2174 72131.68
2175 29051.86
2176 16599.22
2177 73760.66
2178 26984.00
2179 42620.12
2180 16013.83
2181 44412.53
2182 32709.98
2183 7807.57
2184 18813.93
2185 40038.13
2186 26572.41
2187 41064.38
2188 32155.23
2189 26482.12
2190 47255.08
2191 48873.42
2192 6644.99
2193 18690.84
2194 26578.82
2195 10647.97
2196 49439.23
2197 18007.17
2198 55401.11
2199 57946.00
2200 20221.52
2201 40542.91
2202 17426.61
2203 15349.78
2204 43339.45
2205 19983.33
2206 4314.08
2207 16172.41
2208 37550.38
2209 43665.55
2210 36737.98
2211 32844.58
2212 14842.76
2213 5850.03
2214 31495.42
2215 17770.46
2216 59342.73
2217 35784.51
2218 37294.18
2219 36065.27
2220 52740.70
2221 55155.54
2222 42236.94
2223 93759.36
2224 16519.47
2225 20467.69
2226 19554.42
2227 11051.24
2228 11937.19
2229 31833.30
2230 11786.19
2231 18801.78
2232 19296.86
2233 29765.56
2234 16978.70
2235 33421.18
2236 19650.56
2237 23522.91
2238 20965.17
2239 24233.31
2240 57953.32
2241 24220.15
2242 48539.72
2243 8573.52
2244 6247.50
2245 32738.62
2246 14959.05
2247 13923.31
2248 61637.47
2249 55061.17
2250 37087.24
2251 34071.31
2252 2351.04
2253 31142.15
2254 5826.16
2255 5929.83
2256 27261.90
2257 18688.48
2258 10670.52
2259 48872.63
2260 26472.11
2261 7018.84
2262 39069.36
2263 5736.72
2264 23918.78
2265 8524.91
2266 44365.28
2267 25170.91
2268 19425.36
2269 48225.90
2270 25908.52
2271 5411.16
2272 47819.35
2273 26203.11
2274 23700.61
2275 19766.03
2276 13034.34
2277 34144.70
2278 31128.54
2279 14913.15
2280 84978.74
2281 72913.24
2282 30434.66
2283 35383.16
2284 6646.25
2285 15562.42
2286 8488.70
2287 71541.95
2288 15558.03
2289 38282.74
2290 74702.72
2291 36209.91
2292 41168.16
2293 1157.76
2294 26747.77
2295 25239.58
2296 21048.53
2297 32734.63
2298 17845.21
2299 36110.65
2300 32454.17
2301 118687.83
2302 6112.01
2303 28704.29
2304 28373.57
2305 15322.17
2306 8344.60
2307 42878.98
2308 11496.66
2309 35264.63
2310 20947.72
2311 97478.96
2312 7496.88
2313 15354.63
2314 29875.30
2315 28718.39
2316 14510.61
2317 40832.48
2318 21239.34
2319 16107.80
2320 47119.90
2321 47135.47
2322 27912.61
2323 32635.93
2324 60999.74
2325 7516.26
2326 10975.60
2327 46063.58
2328 20049.75
2329 846.57
2330 31475.82
2331 23359.96
2332 15861.70
2333 17697.66
2334 18369.45
2335 69655.95
2336 13635.40
2337 35187.07
2338 23126.91
2339 68479.22
2340 37244.86
2341 27065.02
2342 35218.18
2343 27764.27
2344 18608.41
2345 43748.06
2346 11010.26
2347 39311.70
2348 25591.18
2349 65938.47
2350 22903.96
2351 21330.01
2352 10065.98
2353 32435.88
2354 44997.29
2355 33567.35
2356 77348.37
2357 26111.44
2358 41542.06
2359 11509.45
2360 23419.09
2361 12569.28
2362 63831.31
2363 45944.14
2364 32430.68
2365 19530.27
2366 50937.25
2367 16796.90
2368 51285.13
2369 27773.12
2370 12303.55
2371 17329.25
2372 22179.30
2373 17452.69
2374 31835.81
2375 28360.83
2376 21055.91
2377 42985.36
2378 4312.14
2379 43679.36
2380 34494.82
2381 14787.56
2382 13316.87
2383 35338.87
2384 50364.62
2385 40101.90
2386 28560.45
2387 1849.14
2388 38539.27
2389 3426.80
2390 22715.40
2391 3319.24
2392 5672.88
2393 56639.26
2394 24849.76
2395 50176.43
2396 11206.46
2397 35038.75
2398 18307.20
2399 26510.56
2400 8821.85
2401 22717.45
2402 31299.39
2403 20305.62
2404 40486.73
2405 64700.76
2406 72092.59
2407 34546.51
2408 6631.49
2409 9804.02
2410 14612.71
2411 42548.90
2412 47818.29
2413 41378.43
2414 24950.08
2415 21914.84
2416 16204.01
2417 74519.36
2418 27362.94
2419 19098.29
2420 48665.71
2421 28305.16
2422 22608.13
2423 24647.77
2424 23374.54
2425 90014.19
2426 5442.08
2427 22568.56
2428 44325.63
2429 35054.80
2430 15182.38
2431 25454.61
2432 23308.86
2433 57081.46
2434 11372.23
2435 1748.21
2436 41676.36
2437 82285.99
2438 25207.02
2439 17528.17
2440 15849.00
2441 39278.06
2442 26643.67
2443 63583.53
2444 44037.12
2445 27620.40
2446 20769.75
2447 14324.38
2448 8579.67
2449 45039.22
2450 6063.30
2451 31864.98
2452 7506.57
2453 27790.06
2454 75015.13
2455 22787.97
2456 3644.21
2457 75396.11
2458 24698.37
2459 56024.82
2460 13936.55
2461 13702.95
2462 14583.97
2463 2116.46
2464 19427.04
2465 12904.70
2466 13082.52
2467 12542.82
2468 21241.72
2469 47278.95
2470 20505.21
2471 19597.79
2472 35971.54
2473 23086.78
2474 35161.83
2475 27908.25
2476 56727.11
2477 36870.37
2478 75998.94
2479 8900.31
2480 51400.63
2481 29399.70
2482 28240.51
2483 32568.31
2484 68414.91
2485 19616.36
2486 4934.27
2487 25033.25
2488 48565.83
2489 16788.31
2490 18201.56
2491 12328.67
2492 5847.90
2493 43903.89
2494 28549.41
2495 29596.65
2496 32855.79
2497 35794.50
2498 13331.56
2499 16370.15
2500 28651.21
2501 24248.60
2502 18973.42
2503 15300.12
2504 71769.83
2505 63273.34
2506 36683.81
2507 4606.31
2508 20385.64
2509 91240.41
2510 24730.05
2511 28974.76
2512 74062.70
2513 31931.39
2514 7004.96
2515 53203.34
2516 10626.73
2517 36891.78
2518 22110.07
2519 5607.53
2520 10455.34
2521 20163.60
2522 15375.31
2523 19884.74
2524 34124.40
2525 21496.34
2526 28324.01
2527 12037.89
2528 4892.71
2529 31678.48
2530 44354.76
2531 21525.29
2532 25279.78
2533 34676.96
2534 32519.62
2535 12539.93
2536 33845.36
2537 75684.87
2538 32203.75
2539 57727.73
2540 14154.01
2541 23450.45
2542 25171.22
2543 63052.77
2544 17376.67
2545 69535.68
2546 40938.73
2547 18079.55
2548 13995.96
2549 12680.69
2550 50137.56
2551 13958.76
2552 11551.32
2553 31094.33
2554 12542.66
2555 28256.61
2556 19397.90
2557 37985.00
2558 21100.20
2559 63074.09
2560 63718.65
2561 36073.50
2562 54994.04
2563 30522.86
2564 35513.86
2565 37091.94
2566 36278.87
2567 5628.47
2568 9835.33
2569 10277.43
2570 42300.78
2571 12495.02
2572 46199.93
2573 26637.62
2574 11518.36
2575 40177.57
2576 47092.92
2577 10294.98
2578 10980.06
2579 28079.83
2580 20804.11
2581 15837.37
2582 17394.31
2583 11077.21
2584 19945.96
2585 19510.00
2586 54560.07
2587 16060.33
2588 5146.51
2589 27604.66
2590 57728.22
2591 9674.30
2592 8902.94
2593 19334.70
2594 37155.79
2595 6265.14
2596 20850.02
2597 42616.01
2598 14055.27
2599 28472.23
2600 6243.59
2601 47372.80
2602 62548.64
2603 13540.54
2604 16568.27
2605 26658.53
2606 16216.27
2607 28265.28
2608 22842.83
2609 25476.95
2610 63851.99
2611 77486.04
2612 29030.00
2613 26292.73
2614 23816.11
2615 1053.95
2616 42794.28
2617 117466.67
2618 29458.77
2619 38588.82
2620 27764.38
2621 23596.64
2622 68706.90
2623 6999.63
2624 54760.35
2625 40643.19
2626 12475.69
2627 19406.73
2628 12580.84
2629 34995.70
2630 66051.98
2631 78075.88
2632 32441.35
2633 6715.55
2634 68836.78
2635 10210.16
2636 23300.86
2637 33570.56
2638 6252.56
2639 77292.49
2640 11661.21
2641 46304.19
2642 7072.00
2643 42104.51
2644 43303.96
2645 29949.93
2646 34376.47
2647 8279.31
2648 9383.33
2649 29426.47
2650 4292.77
2651 28637.79
2652 4981.19
2653 11766.76
2654 13729.91
2655 23709.32
2656 11256.92
2657 44190.07
2658 35457.65
2659 36857.06
2660 24919.29
2661 19957.66
2662 9891.90
2663 18874.58
2664 39749.96
2665 17987.22
2666 37108.15
2667 35268.33
2668 28681.16
2669 38886.46
2670 67116.91
2671 18555.49
2672 29877.73
2673 30492.14
2674 19921.33
2675 25562.58
2676 14634.45
2677 47502.94
2678 19081.28
2679 41137.36
2680 10562.47
2681 6711.68
2682 2720.21
2683 17616.54
2684 4889.39
2685 16850.22
2686 15395.83
2687 28443.05
2688 25106.32
2689 21032.76
2690 10713.90
2691 74740.46
2692 57520.85
2693 29206.41
2694 28997.77
2695 13668.32
2696 60173.78
2697 68353.90
2698 14312.35
2699 26213.97
2700 30818.09
2701 38615.90
2702 20658.87
2703 6940.54
2704 14864.72
2705 11569.79
2706 9456.76
2707 4880.71
2708 4635.55
2709 51222.76
2710 19696.37
2711 18692.22
2712 55560.26
2713 43059.03
2714 46420.54
2715 17748.12
2716 3447.91
2717 70777.68
2718 16121.90
2719 26528.08
2720 41719.71
2721 9852.57
2722 20896.81
2723 35063.91
2724 19586.34
2725 10483.35
2726 16829.76
2727 71097.19
2728 30404.57
2729 18887.08
2730 19791.25
2731 29556.36
2732 33427.59
2733 60238.45
2734 21188.05
2735 29290.83
2736 6212.47
2737 36801.30
2738 23725.00
2739 90410.57
2740 12777.61
2741 5619.56
2742 41882.70
2743 16447.04
2744 88223.45
2745 53187.11
2746 7734.74
2747 4798.58
2748 44124.28
2749 26497.94
2750 56063.00
2751 45845.82
2752 34180.20
2753 13173.51
2754 4078.51
2755 30154.94
2756 29025.69
2757 38474.79
2758 7790.16
2759 6112.99
2760 32152.57
2761 20168.00
2762 23112.71
2763 31207.99
2764 2610.44
2765 27615.81
2766 18249.29
2767 55495.70
2768 35615.85
2769 18601.43
2770 15576.49
2771 4494.99
2772 24189.30
2773 20007.64
2774 17259.92
2775 26719.09
2776 26430.28
2777 18076.29
2778 0.00
2779 11011.23
2780 20227.27
2781 15393.48
2782 21610.27
2783 10415.30
2784 30014.86
2785 13396.16
2786 13270.07
2787 8080.22
2788 25888.25
2789 21610.24
2790 17524.60
2791 33572.40
2792 2509.44
2793 38775.72
2794 49461.81
2795 9236.54
2796 21418.77
2797 33739.77
2798 46621.24
2799 20895.22
2800 26048.56
2801 58910.05
2802 24286.95
2803 70048.33
2804 26086.73
2805 15990.84
2806 22890.30
2807 25801.82
2808 16732.88
2809 14285.84
2810 71002.38
2811 19990.86
2812 2903.59
2813 18567.04
2814 33301.10
2815 21770.72
2816 27992.42
2817 25533.18
2818 5135.42
2819 13789.33
2820 12267.29
2821 5754.88
2822 1696.44
2823 22591.89
2824 5705.04
2825 13484.80
2826 36620.31
2827 18063.42
2828 61666.38
2829 35940.31
2830 13187.27
2831 1220.24
2832 9137.67
2833 18821.92
2834 10178.80
2835 1867.53
2836 23308.36
2837 25671.11
2838 9673.74
2839 57543.25
2840 21067.72
2841 15058.99
2842 38482.86
2843 50971.43
2844 2060.56
2845 23621.44
2846 2390.05
2847 9073.73
2848 2433.96
2849 25424.95
2850 4542.79
2851 2889.79
2852 23638.90
2853 13488.13
2854 7774.22
2855 16366.39
2856 5423.98
2857 27277.67
2858 9224.49
2859 17206.58
2860 9811.75
2861 11359.38
2862 15526.12
2863 21596.66
2864 5901.79
2865 24962.79
2866 13375.09
2867 16363.80
2868 12770.67
2869 16170.50
2870 27712.00
2871 5010.82
2872 9580.44
2873 29831.71
2874 17965.32
2875 17610.01
2876 10041.41
2877 6211.18
2878 25074.30
2879 6378.55
2880 11446.52
2881 13011.25
2882 20980.12
2883 31624.06
2884 8978.55
2885 13608.72
2886 18097.14
2887 20352.30
2888 27227.77
2889 24751.28
2890 25186.73
2891 17208.52
2892 45213.58
2893 17623.46
2894 8803.74
2895 2247.23
2896 18233.95
2897 17822.35
2898 7806.84
2899 17048.32
2900 3541.32
2901 13225.46
2902 16047.67
2903 19240.37
2904 11369.93
2905 26346.91
2906 21491.68
2907 25418.49
2908 6548.99
2909 3709.56
2910 4264.72
2911 11174.01
2912 3929.39
2913 25195.46
2914 17933.72
2915 817.10
2916 15883.27
2917 14875.30
2918 24989.70
2919 5286.14
2920 46179.62
2921 27484.78
2922 44212.22
2923 30397.09
2924 60578.65
2925 45605.22
2926 37442.51
2927 3698.02
2928 30122.32
2929 26807.08
2930 23886.88
2931 1494.94
2932 13798.88
2933 1224.47
2934 34227.91
2935 26277.38
2936 23367.82
2937 10928.31
2938 13893.64
2939 8090.77
2940 23880.35
2941 64973.46
2942 8642.33
2943 29474.80
2944 62861.07
2945 16144.26
2946 18383.33
2947 32987.66
2948 8793.78
2949 8101.06
2950 6960.66
2951 23222.20
2952 3862.52
2953 15401.29
2954 10486.71
2955 701.71
2956 33292.44
2957 23493.06
2958 10019.82
2959 23584.92
2960 17979.77
2961 1624.34
2962 26146.13
2963 36133.77
2964 39406.95
2965 7035.15
2966 24715.11
2967 14620.24
2968 17532.09
2969 23243.86
2970 6237.23
2971 28992.49
2972 15383.92
2973 4096.00
2974 11112.92
2975 15906.89
2976 6697.06
2977 11137.90
2978 19198.18
2979 50478.78
2980 37149.69
2981 12971.22
2982 7270.82
2983 19664.33
2984 13777.08
2985 27505.06
2986 52070.86
2987 8632.91
2988 46316.94
2989 29573.55
2990 61109.92
2991 0.00
2992 15277.14
2993 9158.19
2994 14329.19
2995 18848.30
2996 31504.46
2997 38909.20
2998 11201.01
2999 28182.86
3000 41241.80
3001 32166.44
3002 33421.26
3003 10543.27
3004 12361.44
3005 67560.51
3006 36101.34
3007 6180.02
3008 9009.35
3009 8107.61
3010 42563.28
3011 38369.18
3012 11617.93
3013 12483.29
3014 25944.18
3015 6345.51
3016 32390.08
3017 4216.80
3018 2099.33
3019 25447.90
3020 7998.41
3021 3038.91
3022 22053.50
3023 1497.94
3024 4553.49
3025 13598.07
3026 24798.33
3027 17828.24
3028 11670.25
3029 14825.59
3030 25961.85
3031 14816.11
3032 17442.80
3033 9594.58
3034 9341.26
3035 28648.45
3036 8131.82
3037 31329.52
3038 7751.20
3039 32767.02
3040 15621.54
3041 11178.94
3042 11830.29
3043 9020.86
3044 33246.70
3045 36661.49
3046 24898.39
3047 6924.91
3048 16045.72
3049 21868.03
3050 17172.78
3051 7178.13
3052 6353.25
3053 20839.73
3054 22573.25
3055 4927.42
3056 6910.24
3057 43720.47
3058 27768.97
3059 26810.82
3060 30623.05
3061 46931.42
3062 69362.29
3063 21419.49
3064 16953.06
3065 3839.72
3066 9523.80
3067 19714.12
3068 21619.13
3069 7309.24
3070 15616.97
3071 12356.29
3072 4132.37
3073 8553.07
3074 5932.82
3075 7576.19
3076 5601.40
3077 15020.75
3078 13199.52
3079 15024.68
3080 13387.12
3081 31486.77
3082 33376.01
3083 22319.24
3084 35623.58
3085 17153.68
3086 11138.91
3087 9190.43
3088 3300.03
3089 9443.60
3090 29033.65
3091 17982.49
3092 3730.94
3093 1027.63
3094 3241.38
3095 29300.64
3096 5938.34
3097 26865.26
3098 37987.67
3099 16434.81
3100 3610.28
3101 1891.95
3102 1813.02
3103 13075.43
3104 16173.28
3105 4260.04
3106 50199.02
3107 31709.76
3108 16189.45
3109 23826.66
3110 4303.18
3111 27758.68
3112 10613.27
3113 12303.85
3114 15333.43
3115 4332.52
3116 28540.24
3117 64451.98
3118 5713.97
3119 42272.11
3120 29901.06
3121 4129.15
3122 18060.43
3123 4211.71
3124 22958.90
3125 22235.47
3126 16982.95
3127 17472.47
3128 26184.49
3129 23473.77
3130 28974.69
3131 5055.29
3132 24039.04
3133 10093.87
3134 11506.88
3135 19426.90
3136 32918.16
3137 17390.85
3138 6277.65
3139 43676.52
3140 909.81
3141 23774.26
3142 31451.72
3143 10100.70
3144 6890.40
3145 25447.85
3146 11155.23
3147 35623.77
3148 23826.33
3149 24666.57
3150 37420.74
3151 1319.73
3152 3410.91
3153 11236.97
3154 69018.19
3155 8075.72
3156 7883.53
3157 18352.61
3158 10307.78
3159 13250.01
3160 19838.15
3161 22139.62
3162 13835.77
3163 33827.92
3164 55468.22
3165 20844.29
3166 24358.90
3167 47399.03
3168 12583.69
3169 8800.67
3170 35225.22
3171 89562.80
3172 20033.39
3173 13032.94
3174 40258.90
3175 25711.73
3176 1163.14
3177 5901.80
3178 15128.71
3179 18407.77
3180 17445.17
3181 18093.35
3182 16892.20
3183 44903.79
3184 27112.75
3185 9731.98
3186 12707.95
3187 10411.19
3188 20452.10
3189 10378.86
3190 53322.84
3191 11478.32
3192 16519.84
3193 19278.05
3194 14978.01
3195 21156.55
3196 14116.68
3197 7942.61
3198 4576.96
3199 10405.47
3200 25418.50
3201 15967.42
3202 13437.02
3203 12355.58
3204 28201.40
3205 14201.62
3206 12136.73
3207 12368.83
3208 27872.64
3209 10215.95
3210 12870.96
3211 8803.53
3212 15325.06
3213 7435.44
3214 5998.71
3215 21574.92
3216 31631.03
3217 1010.63
3218 15175.89
3219 19414.35
3220 11310.94
3221 19943.65
3222 12145.51
3223 6561.32
3224 23372.18
3225 10106.62
3226 9903.56
3227 15901.67
3228 26199.20
3229 24020.66
3230 8160.72
3231 34700.05
3232 35097.91
3233 13586.94
3234 10429.58
3235 1406.00
3236 10560.52
3237 28432.46
3238 46430.03
3239 21119.44
3240 64504.71
3241 60671.92
3242 20050.28
3243 6622.28
3244 7599.33
3245 7901.99
3246 24117.55
3247 19689.69
3248 21775.37
3249 51510.78
3250 48776.23
3251 34384.46
3252 2439.31
3253 24350.06
3254 16907.69
3255 17159.78
3256 22965.81
3257 3774.74
3258 16842.04
3259 12257.02
3260 30607.51
3261 11752.91
3262 8196.87
3263 33329.07
3264 20528.58
3265 12056.98
3266 21875.29
3267 22387.13
3268 6995.86
3269 8904.25
3270 20997.49
3271 29066.22
3272 46789.28
3273 3114.57
3274 17701.87
3275 23063.92
3276 39460.78
3277 7309.78
3278 8152.71
3279 22097.77
3280 20245.64
3281 34936.24
3282 16937.46
3283 31151.74
3284 44911.96
3285 43994.38
3286 0.00
3287 35742.72
3288 6169.08
3289 8054.54
3290 7870.28
3291 48564.10
3292 47624.61
3293 4175.12
3294 30822.87
3295 5291.04
3296 23197.80
3297 8235.29
3298 7390.26
3299 21889.88
3300 16381.53
3301 20937.70
3302 5140.37
3303 18037.25
3304 16698.70
3305 16243.47
3306 14595.54
3307 20456.70
3308 31736.86
3309 11530.06
3310 18046.54
3311 30862.84
3312 40413.96
3313 52562.84
3314 7100.09
3315 18423.14
3316 891.02
3317 7303.13
3318 3658.00
3319 8864.11
3320 57054.57
3321 12862.81
3322 13074.72
3323 20784.52
3324 13209.17
3325 26283.47
3326 27926.08
3327 9881.81
3328 7449.47
3329 1312.03
3330 17178.60
3331 76655.82
3332 36281.70
3333 98756.52
3334 3526.48
3335 7221.76
3336 16266.90
3337 11166.58
3338 23160.10
3339 14604.39
3340 13133.03
3341 11764.70
3342 30002.39
3343 7783.08
3344 31342.62
3345 3916.33
3346 28355.29
3347 32755.64
3348 2544.61
3349 31048.26
3350 25696.59
3351 33999.63
3352 74947.77
3353 16372.25
3354 22779.66
3355 29363.36
3356 9789.88
3357 3856.22
3358 2543.52
3359 23589.22
3360 28186.96
3361 23757.26
3362 7110.13
3363 51159.58
3364 21941.91
3365 4612.43
3366 11438.59
3367 21695.02
3368 31079.49
3369 18936.34
3370 35022.35
3371 24593.43
3372 43840.96
3373 7429.52
3374 2846.14
3375 29654.75
3376 6406.03
3377 7567.93
3378 6998.95
3379 11887.85
3380 9770.15
3381 16751.26
3382 9043.93
3383 4966.81
3384 14228.47
3385 24056.92
3386 3450.14
3387 17929.35
3388 9724.60
3389 20257.31
3390 3526.89
3391 5405.92
3392 6425.54
3393 26430.37
3394 30030.75
3395 6896.13
3396 3456.67
3397 3928.09
3398 11104.96
3399 3503.66
3400 25858.64
3401 10588.73
3402 39149.42
3403 18767.57
3404 15035.58
3405 12701.74
3406 11183.55
3407 4104.26
3408 30014.94
3409 11491.22
3410 13326.93
3411 43604.29
3412 24686.20
3413 18014.13
3414 18031.72
3415 8263.20
3416 11191.56
3417 15680.78
3418 10551.78
3419 3553.62
3420 6274.80
3421 6860.73
3422 10989.54
3423 19437.14
3424 12911.59
3425 5150.74
3426 25643.06
3427 24093.06
3428 11505.03
3429 6633.98
3430 6211.78
3431 7961.10
3432 2802.85
3433 23054.85
3434 69446.36
3435 12857.51
3436 17028.07
3437 21946.43
3438 8438.64
3439 9964.34
3440 24547.86
3441 10036.13
3442 7534.96
3443 24205.19
3444 6558.65
3445 39108.20
3446 12308.91
3447 16418.31
3448 27402.28
3449 21569.57
3450 24851.02
3451 1594.57
3452 16459.37
3453 27165.43
3454 17635.61
3455 0.00
3456 7692.70
3457 13747.70
3458 8041.65
3459 53502.87
3460 8392.23
3461 17711.51
3462 11067.27
3463 7598.09
3464 9220.50
3465 5453.11
3466 11876.15
3467 52199.23
3468 42463.59
3469 3478.54
3470 24820.49
3471 19696.63
3472 18167.23
3473 12790.77
3474 20421.06
3475 0.00
3476 9460.42
3477 4511.40
3478 11951.88
3479 33008.90
3480 17747.30
3481 21404.51
3482 62168.62
3483 7985.58
3484 33087.21
3485 25668.16
3486 3096.51
3487 72853.12
3488 1390.81
3489 13543.54
3490 6633.44
3491 25030.90
3492 1519.57
3493 3070.04
3494 26135.42
3495 40855.25
3496 72385.78
3497 9624.13
3498 6776.60
3499 16050.50
3500 28656.50
3501 9392.37
3502 44480.71
3503 69318.51
3504 25245.72
3505 26784.22
3506 16018.85
3507 1087.56
3508 44343.73
3509 7512.94
3510 10525.48
3511 21061.09
3512 8220.83
3513 4335.17
3514 3543.72
3515 6273.61
3516 4901.97
3517 1433.59
3518 16716.56
3519 52276.58
3520 39158.65
3521 20511.45
3522 8088.78
3523 16374.70
3524 23569.12
3525 31769.65
3526 6205.12
3527 24493.81
3528 4023.48
3529 4974.74
3530 3235.28
3531 10945.88
3532 20955.99
3533 13429.01
3534 7881.29
3535 4075.73
3536 12951.25
3537 6529.08
3538 3844.89
3539 22835.90
3540 13573.96
3541 9881.05
3542 3160.82
3543 5125.98
3544 2890.94
3545 4602.97
3546 7545.37
3547 7115.92
3548 8549.63
3549 14336.46
3550 32410.10
3551 25329.31
3552 20231.89
3553 19727.54
3554 3823.84
3555 25865.61
3556 67873.01
3557 3956.50
3558 22819.36
3559 6990.01
3560 15431.59
3561 19989.51
3562 20567.88
3563 17542.08
3564 26428.58
3565 10337.53
3566 33293.88
3567 5481.86
3568 840.06
3569 24508.57
3570 7533.72
3571 52306.93
3572 15274.33
3573 51121.57
3574 16974.69
3575 65457.59
3576 41664.92
3577 9007.58
3578 14568.45
3579 9860.83
3580 11089.26
3581 24074.66
3582 8192.93
3583 28221.12
3584 22463.97
3585 40639.34
3586 13827.34
3587 38884.51
3588 3230.71
3589 33046.82
3590 18605.19
3591 9372.58
3592 7965.31
3593 37471.99
3594 15405.82
3595 11875.96
3596 8488.90
3597 1722.03
3598 28760.35
3599 64784.29
3600 11175.75
3601 60628.65
3602 3714.82
3603 4448.77
3604 9380.65
3605 4016.29
3606 18986.12
3607 8505.46
3608 41512.27
3609 10413.61
3610 7746.47
3611 9500.93
3612 21655.39
3613 15016.01
3614 40278.18
3615 22242.28
3616 4515.35
3617 23481.31
3618 18519.02
3619 7793.09
3620 10766.60
3621 4312.22
3622 3016.28
3623 24893.71
3624 6463.34
3625 24491.24
3626 16443.00
3627 9822.35
3628 10339.12
3629 15440.96
3630 45728.05
3631 13739.05
3632 3566.73
3633 71924.08
3634 25117.67
3635 7409.88
3636 27218.25
3637 7231.71
3638 20074.94
3639 31454.56
3640 13163.22
3641 10021.17
3642 0.00
3643 6845.44
3644 3230.82
3645 1418.41
3646 18423.25
3647 9684.95
3648 862.91
3649 31836.11
3650 50608.77
3651 53652.75
3652 6440.05
3653 10923.71
3654 8355.96
3655 3979.65
3656 14738.57
3657 27524.74
3658 31287.85
3659 20772.32
3660 13805.85
3661 6162.63
3662 11758.52
3663 14627.70
3664 17905.01
3665 11401.56
3666 21568.05
3667 27099.94
3668 28518.29
3669 32104.30
3670 14311.42
3671 11182.91
3672 30372.55
3673 23183.46
3674 4695.48
3675 11377.70
3676 5310.72
3677 25402.75
3678 8529.30
3679 21290.76
3680 13372.04
3681 4535.95
3682 10025.68
3683 37584.31
3684 4769.42
3685 22349.47
3686 26031.48
3687 33506.31
3688 6636.16
3689 11269.99
3690 3420.60
3691 19326.37
3692 20426.82
3693 15092.44
3694 8035.69
3695 46250.62
3696 1243.29
3697 12082.19
3698 52271.24
3699 1314.92
3700 3648.62
3701 1104.73
3702 57191.40
3703 49017.33
3704 7108.28
3705 4362.80
3706 1227.72
3707 3364.16
3708 47948.67
3709 14598.52
3710 1762.70
3711 17347.60
3712 15802.25
3713 15456.63
3714 32840.96
3715 13573.33
3716 13724.61
3717 11188.38
3718 8130.12
3719 38564.54
3720 7718.79
3721 13529.50
3722 23876.57
3723 14793.09
3724 44566.56
3725 8536.22
3726 18064.68
3727 14033.61
3728 3515.51
3729 11177.65
3730 25360.04
3731 1422.11
3732 8821.44
3733 26761.14
3734 1299.47
3735 8269.91
3736 25428.54
3737 14681.59
3738 11999.11
3739 15625.76
3740 18142.73
3741 3304.12
3742 10539.52
3743 33517.33
3744 3388.27
3745 11414.26
3746 6514.44
3747 7648.34
3748 46171.73
3749 4350.73
3750 22839.72
3751 31469.38
3752 9688.55
3753 40517.28
3754 64450.53
3755 23303.26
3756 22989.21
3757 14997.32
3758 25027.26
3759 16533.30
3760 7048.23
3761 32082.68
3762 5391.52
3763 14141.67
3764 33745.66
3765 1247.72
3766 11527.61
3767 34751.63
3768 16220.93
3769 2986.33
3770 7450.95
3771 21646.60
3772 2246.16
3773 12033.66
3774 21734.55
3775 23376.73
3776 15908.78
3777 3137.59
3778 30383.82
3779 10784.72
3780 10228.80
3781 9043.93
3782 13856.59
3783 9491.35
3784 24155.42
3785 14140.71
3786 12012.16
3787 5672.61
3788 9306.57
3789 20793.80
3790 16485.70
3791 15058.48
3792 3074.97
3793 15457.43
3794 19569.63
3795 5901.13
3796 3331.71
3797 6268.16
3798 6509.72
3799 18033.12
3800 10069.69
3801 13316.04
3802 89686.68
3803 23252.71
3804 10760.29
3805 18628.06
3806 11696.70
3807 36554.19
3808 14915.03
3809 11095.66
3810 25216.58
3811 18144.33
3812 8018.82
3813 6265.06
3814 17923.57
3815 18734.43
3816 6691.74
3817 35511.72
3818 53409.11
3819 48085.28
3820 22158.60
3821 7405.42
3822 11687.86
3823 13232.79
3824 27639.54
3825 3577.53
3826 9004.95
3827 2862.26
3828 22786.50
3829 1058.22
3830 14820.79
3831 18119.61
3832 53377.65
3833 12979.90
3834 951.87
3835 12610.63
3836 25179.04
3837 20988.24
3838 18077.12
3839 17046.67
3840 40400.84
3841 19415.77
3842 10113.62
3843 35633.56
3844 6219.25
3845 12016.74
3846 27273.96
3847 20662.32
3848 18631.92
3849 29107.41
3850 16454.07
3851 11529.67
3852 10963.03
3853 23089.81
3854 7620.68
3855 3689.85
3856 20263.77
3857 4498.46
3858 41723.02
3859 5383.06
3860 4988.73
3861 66392.47
3862 14284.94
3863 7726.12
3864 15897.46
3865 10431.41
3866 3529.23
3867 9489.87
3868 24178.74
3869 8762.19
3870 10526.10
3871 10085.21
3872 9315.26
3873 6597.50
3874 35500.00
3875 12120.89
3876 21551.65
3877 6392.66
3878 4282.65
3879 9724.11
3880 6810.67
3881 33984.77
3882 18181.62
3883 10034.78
3884 19093.79
3885 30034.89
3886 3051.76
3887 16105.82
3888 8783.42
3889 30840.31
3890 10261.62
3891 9751.29
3892 5316.00
3893 10617.03
3894 5148.04
3895 14598.14
3896 2891.30
3897 6226.17
3898 8571.94
3899 14255.94
3900 1162.91
3901 6059.75
3902 17621.98
3903 5335.87
3904 9031.00
3905 14441.11
3906 12854.71
3907 3359.78
3908 18003.80
3909 7214.59
3910 43521.23
3911 4665.48
3912 43511.81
3913 13932.48
3914 12429.02
3915 33208.63
3916 9189.85
3917 17822.56
3918 8202.99
3919 48530.41
3920 5982.74
3921 10560.12
3922 10238.60
3923 9285.79
3924 12873.85
3925 13648.63
3926 25854.98
3927 9593.93
3928 5298.07
3929 13207.83
3930 64330.93
3931 5865.00
3932 1079.85
3933 10159.07
3934 11136.68
3935 2739.36
3936 20068.30
3937 12340.12
3938 17757.63
3939 22708.71
3940 19134.26
3941 10782.09
3942 6615.86
3943 3985.31
3944 30548.63
3945 15198.50
3946 14525.43
3947 19238.57
3948 33716.26
3949 33661.84
3950 8016.01
3951 9848.92
3952 19747.24
3953 31972.20
3954 9278.68
3955 45950.52
3956 28296.63
3957 30581.18
3958 3299.45
3959 9886.81
3960 26740.59
3961 4510.30
3962 14285.72
3963 18200.56
3964 10804.95
3965 3664.32
3966 14626.58
3967 16830.22
3968 11841.82
3969 11242.54
3970 16184.58
3971 2706.11
3972 61536.24
3973 29120.17
3974 7050.61
3975 43401.13
3976 4703.64
3977 14805.34
3978 27219.92
3979 32947.65
3980 18773.35
3981 4142.30
3982 53023.03
3983 4945.00
3984 6944.12
3985 12768.59
3986 28847.68
3987 10549.63
3988 12167.67
3989 9523.00
3990 32483.24
3991 3673.56
3992 41981.31
3993 37201.16
3994 14074.55
3995 5330.17
3996 16051.44
3997 4666.15
3998 23344.88
3999 16701.94
4000 7523.88
4001 13109.18
4002 30323.45
4003 10607.98
4004 6255.84
4005 38193.01
4006 9188.21
4007 3907.49
4008 21606.34
4009 49408.92
4010 35677.15
4011 10356.23
4012 7905.99
4013 34802.61
4014 7809.47
4015 27043.57
4016 10756.24
4017 79669.06
4018 15779.71
4019 17017.24
4020 3513.64
4021 59188.94
4022 11883.00
4023 19254.49
4024 17863.48
4025 10261.97
4026 4370.18
4027 44706.04
4028 14704.28
4029 9118.86
4030 56683.51
4031 6862.26
4032 20488.29
4033 5038.09
4034 3193.56
4035 45906.02
4036 9524.00
4037 3860.25
4038 14080.19
4039 39003.95
4040 57711.22
4041 11519.58
4042 3919.91
4043 12967.61
4044 16449.49
4045 41196.22
4046 29535.51
4047 0.00
4048 4422.60
4049 20295.71
4050 6456.79
4051 20128.43
4052 15317.90
4053 1034.84
4054 27279.41
4055 15269.57
4056 24342.29
4057 9981.76
4058 24657.30
4059 29376.67
4060 58183.55
4061 4988.33
4062 13694.28
4063 21046.17
4064 18065.05
4065 13012.04
4066 33216.99
4067 7806.12
4068 2404.92
4069 50584.37
4070 10869.51
4071 21356.04
4072 10606.68
4073 13543.70
4074 10948.87
4075 4643.16
4076 13538.90
4077 9719.00
4078 4371.69
4079 3423.07
4080 6809.73
4081 8294.55
4082 17417.42
4083 8298.61
4084 4800.26
4085 6156.10
4086 40591.36
4087 1629.84
4088 9820.64
4089 9907.75
4090 18434.84
4091 3289.56
4092 23398.60
4093 30764.70
4094 35189.78
4095 23036.86
4096 12109.66
4097 0.00
4098 1297.23
4099 30706.61
4100 7145.95
4101 0.00
4102 25540.82
4103 6376.59
4104 12747.76
4105 6917.51
4106 11184.52
4107 7366.86
4108 26427.12
4109 16209.95
4110 30320.93
4111 26704.57
4112 9141.22
4113 13278.27
4114 1259.57
4115 9626.58
4116 25607.37
4117 12785.13
4118 8502.69
4119 10150.70
4120 4039.77
4121 31848.52
4122 8412.83
4123 51599.47
4124 8640.55
4125 1375.45
4126 16066.12
4127 7648.66
4128 69377.27
4129 33533.05
4130 1045.88
4131 12862.55
4132 25620.24
4133 22144.58
4134 3743.03
4135 5888.87
4136 24851.89
4137 3881.11
4138 0.00
4139 16601.10
4140 31251.39
4141 16488.25
4142 8618.15
4143 13785.72
4144 11250.01
4145 4061.49
4146 2626.86
4147 18871.73
4148 43471.53
4149 23577.20
4150 3734.25
4151 0.00
4152 11218.35
4153 24796.46
4154 39192.98
4155 32476.18
4156 2978.51
4157 16324.53
4158 16300.03
4159 18548.24
4160 16274.88
4161 2648.86
4162 12442.38
4163 8397.23
4164 7666.08
4165 29257.60
4166 46082.00
4167 14395.20
4168 12932.49
4169 31876.76
4170 6255.68
4171 8406.75
4172 13873.17
4173 10786.14
4174 13590.79
4175 29143.20
4176 26393.80
4177 11068.73
4178 7595.11
4179 21460.37
4180 30115.43
4181 4732.87
4182 5568.17
4183 32318.84
4184 10502.13
4185 10604.18
4186 32230.71
4187 1172.32
4188 27505.54
4189 6423.82
4190 6847.30
4191 22886.55
4192 5954.22
4193 20912.09
4194 6855.02
4195 54348.94
4196 27238.45
4197 20476.62
4198 21629.19
4199 2854.62
4200 16843.38
4201 16932.79
4202 18167.87
4203 8096.92
4204 10401.79
4205 15191.58
4206 14591.74
4207 9600.99
4208 1037.55
4209 34494.30
4210 11075.81
4211 0.00
4212 32856.90
4213 13905.95
4214 87030.42
4215 2969.10
4216 11392.95
4217 27553.71
4218 15383.03
4219 29865.37
4220 20470.31
4221 9741.55
4222 30374.98
4223 38401.81
4224 2792.29
4225 15291.77
4226 5191.55
4227 43605.07
4228 13911.57
4229 1664.31
4230 23353.27
4231 5932.16
4232 2544.67
4233 8100.74
4234 31604.48
4235 10600.55
4236 19388.83
4237 23696.88
4238 11901.09
4239 6889.42
4240 7542.82
4241 17240.40
4242 2881.83
4243 18370.38
4244 11938.45
4245 1127.83
4246 4797.35
4247 11579.67
4248 7936.28
4249 11919.20
4250 12563.92
4251 12615.05
4252 48425.12
4253 23042.82
4254 4044.41
4255 2272.33
4256 22924.53
4257 6013.52
4258 11053.83
4259 3151.63
4260 0.00
4261 8688.41
4262 23338.95
4263 16321.56
4264 11019.75
4265 5217.08
4266 7360.31
4267 39289.30
4268 3760.60
4269 31878.12
4270 2878.05
4271 9416.60
4272 41542.82
4273 34443.97
4274 9695.97
4275 7480.42
4276 10399.20
4277 7164.77
4278 11825.88
4279 3778.99
4280 35103.12
4281 7904.35
4282 7224.34
4283 9314.43
4284 3477.67
4285 9849.32
4286 13880.36
4287 44042.76
4288 11212.89
4289 8855.31
4290 25506.17
4291 27943.96
4292 6278.14
4293 4488.32
4294 12683.38
4295 22186.96
4296 16985.81
4297 6699.51
4298 14501.27
4299 24543.93
4300 6460.33
4301 5908.72
4302 9966.45
4303 31608.16
4304 872.49
4305 3943.53
4306 19099.81
4307 22910.26
4308 8630.05
4309 8218.63
4310 21247.83
4311 15009.77
4312 11716.08
4313 18568.21
4314 20623.13
4315 11768.76
4316 10342.19
4317 5929.90
4318 20523.69
4319 31972.39
4320 28492.18
4321 18096.30
4322 12252.13
4323 4481.11
4324 7973.27
4325 16820.15
4326 20311.70
4327 8351.54
4328 20338.36
4329 66496.31
4330 23982.67
4331 11423.00
4332 5204.43
4333 42895.59
4334 14569.66
4335 14585.04
4336 17309.85
4337 11326.18
4338 6664.20
4339 7314.02
4340 4829.84
4341 14051.78
4342 14325.48
4343 46577.99
4344 9287.13
4345 20274.02
4346 23987.35
4347 34877.28
4348 17218.08
4349 4377.46
4350 9558.32
4351 3003.42
4352 38052.13
4353 3241.28
4354 10858.59
4355 9467.51
4356 4692.74
4357 6980.80
4358 3789.60
4359 33963.33
4360 27765.46
4361 17418.90
4362 18722.68
4363 19111.92
4364 5663.77
4365 6940.89
4366 31368.12
4367 46745.95
4368 8602.20
4369 20559.79
4370 35313.14
4371 13057.27
4372 2312.17
4373 18412.31
4374 8665.27
4375 0.00
4376 2798.92
4377 23074.82
4378 45349.00
4379 38847.41
4380 655.23
4381 726.03
4382 12141.60
4383 18087.63
4384 6337.06
4385 11723.86
4386 27861.79
4387 0.00
4388 15262.50
4389 15022.59
4390 15719.44
4391 30588.79
4392 6426.82
4393 40151.17
4394 10228.61
4395 24673.98
4396 6693.90
4397 8213.53
4398 24719.66
4399 29053.11
4400 14622.13
4401 11025.54
4402 41191.00
4403 9053.13
4404 12259.55
4405 7107.54
4406 29283.54
4407 8450.98
4408 3713.61
4409 23790.30
4410 18088.98
4411 17510.00
4412 17693.26
4413 8915.39
4414 26852.06
4415 27236.00
4416 6926.60
4417 37667.62
4418 5890.42
4419 24589.76
4420 42662.42
4421 25310.60
4422 1549.66
4423 44354.36
4424 9229.34
4425 16955.32
4426 9896.82
4427 13002.04
4428 7660.75
4429 5891.93
4430 18046.49
4431 16349.93
4432 8209.00
4433 6570.91
4434 2109.52
4435 11367.53
4436 18154.19
4437 1414.66
4438 21392.97
4439 23934.65
4440 9661.55
4441 39007.57
4442 1821.44
4443 11737.79
4444 32863.01
4445 12598.96
4446 8919.05
4447 36396.63
4448 18905.45
4449 12194.79
4450 1098.88
4451 6547.28
4452 25113.12
4453 5091.65
4454 6591.15
4455 21099.76
4456 37700.99
4457 14043.35
4458 2034.80
4459 34981.45
4460 25231.79
4461 9162.98
4462 13840.90
4463 7877.21
4464 8545.58
4465 10836.73
4466 16159.81
4467 29974.54
4468 9494.79
4469 1175.85
4470 3471.41
4471 9092.77
4472 47185.49
4473 28473.32
4474 8306.49
4475 6910.21
4476 8673.18
4477 3262.99
4478 5131.98
4479 12701.27
4480 2376.46
4481 38501.61
4482 17434.63
4483 7131.80
4484 7572.42
4485 14094.04
4486 51769.98
4487 27108.50
4488 17914.91
4489 13529.62
4490 1485.19
4491 26992.33
4492 7620.99
4493 7952.76
4494 46520.72
4495 28837.70
4496 9235.64
4497 18964.68
4498 27915.96
4499 24624.47
4500 2494.87
4501 5049.03
4502 23199.08
4503 6819.68
4504 19643.77
4505 4203.51
4506 6892.61
4507 3465.39
4508 27896.45
4509 6930.21
4510 92968.06
4511 4881.83
4512 34460.23
4513 10951.26
4514 3356.36
4515 1450.57
4516 11528.93
4517 5932.68
4518 19446.47
4519 9479.09
4520 3071.64
4521 2766.30
4522 8757.74
4523 21548.24
4524 12930.70
4525 47280.87
4526 21605.11
4527 13474.71
4528 13468.73
4529 10617.61
4530 9890.53
4531 15226.59
4532 27281.99
4533 10321.82
4534 4169.41
4535 17088.98
4536 23739.86
4537 32537.16
4538 12724.68
4539 20370.54
4540 5267.03
4541 17390.45
4542 11592.63
4543 11575.44
4544 13487.45
4545 8651.02
4546 16959.97
4547 35257.37
4548 12350.98
4549 12135.44
4550 13786.66
4551 3375.46
4552 13287.75
4553 32452.20
4554 7518.43
4555 18588.13
4556 22285.96
4557 17448.82
4558 10133.00
4559 15939.72
4560 7835.19
4561 21694.51
4562 20520.14
4563 11890.57
4564 2982.60
4565 14743.00
4566 18868.91
4567 6351.15
4568 19101.63
4569 32678.32
4570 13663.64
4571 10173.36
4572 40115.71
4573 12113.52
4574 13692.83
4575 0.00
4576 8053.16
4577 10288.35
4578 26094.29
4579 19155.07
4580 4135.74
4581 13440.56
4582 19999.66
4583 20521.95
4584 36051.25
4585 4226.78
4586 42114.57
4587 14648.29
4588 16916.29
4589 5642.33
4590 3520.41
4591 42143.66
4592 9797.29
4593 5030.11
4594 4742.34
4595 18850.89
4596 3237.24
4597 24083.21
4598 3572.66
4599 8380.87
4600 1242.52
4601 8325.45
4602 38185.20
4603 49215.39
4604 6909.23
4605 47902.05
4606 49317.20
4607 4598.92
4608 24480.31
4609 30490.67
4610 5701.72
4611 4336.21
4612 6090.42
4613 17183.63
4614 26158.33
4615 29243.18
4616 2928.63
4617 34815.60
4618 6341.86
4619 38393.69
4620 25229.06
4621 16055.63
4622 38514.13
4623 6940.49
4624 10247.50
4625 18948.70
4626 11570.96
4627 23356.71
4628 14414.13
4629 10522.02
4630 11881.76
4631 18476.17
4632 27497.63
4633 8525.55
4634 45086.28
4635 28963.22
4636 15066.63
4637 8260.06
4638 10986.22
4639 12565.16
4640 22723.81
4641 11660.13
4642 24309.51
4643 13588.92
4644 15029.61
4645 19266.34
4646 7748.12
4647 38539.82
4648 8749.19
4649 17185.59
4650 7754.32
4651 20128.30
4652 20389.55
4653 12057.32
4654 10095.79
4655 32390.33
4656 13294.07
4657 22013.77
4658 38189.39
4659 5033.95
4660 8589.74
4661 10967.73
4662 40826.83
4663 7609.05
4664 2387.64
4665 7771.76
4666 5704.09
4667 31133.03
4668 20366.69
4669 24952.11
4670 21013.84
4671 43033.49
4672 1020.67
4673 32694.62
4674 8701.88
4675 9733.21
4676 46319.99
4677 31149.01
4678 39246.54
4679 11486.74
4680 8505.56
4681 3092.45
4682 2784.00
4683 8430.64
4684 6437.21
4685 21543.01
4686 0.00
4687 20724.37
4688 5549.88
4689 23164.62
4690 21554.81
4691 2310.63
4692 35120.27
4693 6000.73
4694 22748.86
4695 55032.09
4696 5054.23
4697 2363.61
4698 11404.60
4699 9982.36
4700 6124.85
4701 4774.10
4702 14947.55
4703 29878.58
4704 32743.30
4705 8083.22
4706 3868.22
4707 7402.99
4708 15111.02
4709 1908.25
4710 19868.51
4711 30973.58
4712 23864.77
4713 15437.94
4714 2762.63
4715 10593.71
4716 17578.50
4717 6394.42
4718 30712.41
4719 6553.76
4720 2740.46
4721 1316.05
4722 8124.26
4723 20565.01
4724 8651.31
4725 27259.24
4726 10121.88
4727 22763.21
4728 6137.47
4729 13717.92
4730 60151.69
4731 14029.82
4732 9734.62
4733 34668.35
4734 27961.15
4735 13565.44
4736 15180.79
4737 6205.48
4738 18233.44
4739 6501.54
4740 8971.94
4741 17001.81
4742 1740.83
4743 17666.12
4744 12415.64
4745 1170.08
4746 6451.95
4747 16809.46
4748 6241.84
4749 3720.74
4750 15989.68
4751 6826.30
4752 37087.61
4753 22311.35
4754 15845.92
4755 10289.34
4756 2848.12
4757 13379.54
4758 2952.20
4759 53529.00
4760 3602.76
4761 21954.67
4762 9518.03
4763 5462.00
4764 10223.49
4765 7346.76
4766 7813.38
4767 11317.71
4768 0.00
4769 7068.07
4770 2154.66
4771 1478.68
4772 5836.45
4773 26397.66
4774 8742.49
4775 21014.18
4776 16930.24
4777 18996.34
4778 13793.54
4779 18836.08
4780 43754.59
4781 26355.94
4782 26826.22
4783 27449.99
4784 38967.13
4785 9188.38
4786 20433.16
4787 1109.45
4788 12227.76
4789 7809.11
4790 23140.49
4791 15821.58
4792 2881.46
4793 27515.28
4794 28692.54
4795 28219.94
4796 17965.37
4797 18877.24
4798 6982.56
4799 13588.52
4800 12075.80
4801 15900.21
4802 29722.20
4803 4241.11
4804 47546.36
4805 3378.75
4806 20284.85
4807 11617.47
4808 6283.83
4809 8422.80
4810 2652.34
4811 33345.66
4812 17318.03
4813 1744.97
4814 10784.73
4815 10972.57
4816 11832.51
4817 8895.43
4818 27073.21
4819 12504.30
4820 14073.03
4821 13389.87
4822 12166.23
4823 16158.40
4824 1047.47
4825 5051.18
4826 21025.17
4827 3082.54
4828 5763.60
4829 11462.19
4830 10708.01
4831 9152.17
4832 13694.72
4833 4188.73
4834 8076.97
4835 0.00
4836 34011.11
4837 1575.92
4838 11152.66
4839 20824.16
4840 4471.09
4841 10800.84
4842 4269.09
4843 6124.86
4844 22651.84
4845 3083.54
4846 11876.37
4847 16173.59
4848 33144.62
4849 14614.94
4850 29959.30
4851 7831.40
4852 11143.69
4853 11885.25
4854 9426.41
4855 13724.66
4856 5059.62
4857 13402.42
4858 6514.64
4859 7573.56
4860 13052.41
4861 20866.72
4862 5283.05
4863 4573.15
4864 5666.73
4865 12829.34
4866 3554.26
4867 17078.70
4868 15570.47
4869 12142.46
4870 761.66
4871 4330.83
4872 26274.19
4873 25870.87
4874 41947.32
4875 23318.06
4876 19595.42
4877 24382.49
4878 25336.46
4879 12503.28
4880 4118.52
4881 23014.13
4882 36670.65
4883 24064.07
4884 51567.18
4885 13774.79
4886 12610.96
4887 31745.27
4888 19561.78
4889 826.07
4890 3816.16
4891 19374.50
4892 7350.44
4893 18323.22
4894 7709.39
4895 37452.07
4896 12556.98
4897 19697.20
4898 30347.52
4899 12762.60
4900 8301.36
4901 23899.90
4902 7612.62
4903 15353.84
4904 27761.30
4905 4368.53
4906 20893.99
4907 16941.10
4908 14065.26
4909 11727.21
4910 7290.82
4911 11162.28
4912 15116.96
4913 5860.33
4914 14226.49
4915 13859.35
4916 26022.32
4917 4693.01
4918 17568.53
4919 29226.62
4920 57561.16
4921 37041.05
4922 25043.44
4923 5839.92
4924 74445.79
4925 3450.74
4926 2926.11
4927 5007.85
4928 10188.39
4929 24430.10
4930 32379.37
4931 28977.25
4932 4665.56
4933 19152.95
4934 19148.84
4935 16954.47
4936 17136.81
4937 3446.41
4938 12295.94
4939 23922.63
4940 78250.85
4941 3458.98
4942 16446.15
4943 5944.39
4944 19249.29
4945 6372.82
4946 7033.99
4947 26320.02
4948 2589.68
4949 964.64
4950 12553.51
4951 4772.97
4952 15673.76
4953 42921.97
4954 20926.39
4955 36382.82
4956 9585.35
4957 7463.29
4958 7560.45
4959 9910.87
4960 5284.02
4961 5371.20
4962 28715.65
4963 23396.04
4964 36102.69
4965 18313.40
4966 26085.53
4967 12418.60
4968 3055.07
4969 34761.28
4970 24744.27
4971 18199.98
4972 48349.35
4973 708.62
4974 16778.63
4975 23819.01
4976 13078.51
4977 15638.26
4978 14942.21
4979 6623.08
4980 34165.66
4981 5260.49
4982 14100.36
4983 6367.16
4984 15612.96
4985 26433.49
4986 3641.67
4987 24504.08
4988 2544.25
4989 24445.83
4990 19130.28
4991 8262.44
4992 3162.35
4993 3727.20
4994 8915.34
4995 6970.34
4996 20186.29
4997 16713.70
4998 9425.58
4999 20153.47
5000 3442.36
5001 3750.22
5002 18416.24
5003 3302.26
5004 12089.72
5005 7021.82
5006 36140.20
5007 11257.29
5008 16587.22
5009 7068.09
5010 11666.59
5011 6780.50
5012 9655.94
5013 15249.24
5014 28294.00
5015 3037.79
5016 13411.42
5017 7805.79
5018 24166.74
5019 20770.90
5020 12991.84
5021 14567.57
5022 23475.56
5023 4313.09
5024 17338.79
5025 3244.13
5026 17137.50
5027 8012.20
5028 6542.51
5029 29922.54
5030 13967.41
5031 20506.86
5032 10968.96
5033 18302.61
5034 4323.58
5035 2163.62
5036 19131.84
5037 5470.64
5038 10013.96
5039 7096.24
5040 0.00
5041 1204.13
5042 10755.71
5043 1468.61
5044 9591.50
5045 4840.39
5046 6705.22
5047 9203.40
5048 11910.51
5049 6731.36
5050 10801.50
5051 27312.21
5052 17260.21
5053 3155.89
5054 3359.55
5055 27914.60
5056 9875.29
5057 11684.28
5058 1313.90
5059 3433.55
5060 7539.80
5061 13878.76
5062 13102.97
5063 29149.86
5064 3712.11
5065 8078.78
5066 23281.71
5067 3258.16
5068 23824.57
5069 14167.82
5070 5260.82
5071 1275.17
5072 3831.35
5073 21285.65
5074 0.00
5075 18035.74
5076 4848.79
5077 3605.92
5078 20029.08
5079 7654.77
5080 4087.01
5081 7752.72
5082 4574.95
5083 2347.50
5084 6135.64
5085 9359.36
5086 1461.42
5087 7365.34
5088 3912.97
5089 27874.71
5090 34050.94
5091 12120.88
5092 6069.98
5093 3828.17
5094 25260.16
5095 7894.56
5096 44981.32
5097 10754.44
5098 6174.48
5099 9196.40
5100 39722.32
5101 16597.24
5102 4682.94
5103 14379.17
5104 3969.66
5105 24386.41
5106 8084.12
5107 10581.83
5108 6281.46
5109 7132.49
5110 2804.64
5111 4184.53
5112 17518.82
5113 9873.08
5114 5737.33
5115 1641.14
5116 6418.94
5117 27994.38
5118 29938.35
5119 8972.07
5120 2144.08
5121 28088.88
5122 11368.54
5123 5275.39
5124 30015.40
5125 17644.88
5126 4783.60
5127 31357.95
5128 11984.48
5129 16909.08
5130 4219.52
5131 14836.19
5132 28857.39
5133 23438.23
5134 35727.30
5135 13757.94
5136 8978.63
5137 7732.21
5138 9519.46
5139 23549.94
5140 5612.89
5141 3223.13
5142 10116.23
5143 7150.47
5144 4456.89
5145 6358.93
5146 16594.60
5147 19757.78
5148 2673.63
5149 5281.32
5150 17188.44
5151 4278.67
5152 13131.12
5153 3383.33
5154 3380.10
5155 13042.20
5156 6318.38
5157 4915.28
5158 18906.36
5159 24982.68
5160 0.00
5161 27632.19
5162 3223.33
5163 51883.90
5164 29401.92
5165 7870.02
5166 49113.40
5167 12368.51
5168 36874.13
5169 6837.99
5170 15246.70
5171 30016.97
5172 3842.53
5173 822.38
5174 9638.22
5175 7093.34
5176 5942.97
5177 10885.00
5178 24807.20
5179 872.25
5180 46618.31
5181 22942.77
5182 969.46
5183 15889.25
5184 3596.16
5185 21456.47
5186 10865.92
5187 21882.51
5188 2575.81
5189 18013.52
5190 7503.50
5191 23703.76
5192 15678.55
5193 17125.55
5194 936.88
5195 16194.67
5196 16321.51
5197 14260.14
5198 13949.33
5199 30038.69
5200 11882.40
5201 81894.58
5202 14978.91
5203 61741.76
5204 1394.58
5205 15613.92
5206 90226.89
5207 1024.48
5208 43095.54
5209 7066.60
5210 6642.51
5211 3764.47
5212 36249.27
5213 37540.25
5214 35297.35
5215 13776.06
5216 38108.02
5217 1242.16
5218 21798.06
5219 1341.74
5220 18056.55
5221 12582.74
5222 6787.31
5223 4326.22
5224 14327.49
5225 11073.50
5226 28086.13
5227 23424.65
5228 5509.94
5229 30811.22
5230 14329.72
5231 1462.10
5232 7433.18
5233 16215.06
5234 11875.73
5235 10957.32
5236 5042.60
5237 8102.84
5238 39888.11
5239 18462.49
5240 31855.21
5241 2791.79
5242 22267.79
5243 9550.33
5244 21502.50
5245 10032.70
5246 1064.39
5247 8715.83
5248 31655.35
5249 3167.96
5250 7475.88
5251 16955.12
5252 29623.71
5253 4107.07
5254 26479.65
5255 22443.70
5256 8640.30
5257 14464.37
5258 10399.71
5259 28644.35
5260 3041.62
5261 13475.97
5262 9236.00
5263 54271.63
5264 19222.20
5265 3034.47
5266 9345.18
5267 9559.34
5268 15557.98
5269 27748.65
5270 2711.03
5271 9806.44
5272 57046.61
5273 14653.74
5274 20905.85
5275 11369.85
5276 6513.05
5277 4946.39
5278 0.00
5279 10413.33
5280 73709.19
5281 7149.58
5282 19717.49
5283 27535.06
5284 33258.27
5285 14606.64
5286 10087.02
5287 12019.36
5288 10945.17
5289 2902.34
5290 14589.14
5291 26973.01
5292 1522.86
5293 7872.99
5294 37545.48
5295 740.02
5296 24156.67
5297 14040.82
5298 3114.50
5299 1077.47
5300 14559.49
5301 4689.16
5302 655.13
5303 8098.72
5304 33251.45
5305 7725.82
5306 19384.79
5307 13393.51
5308 9658.60
5309 23094.58
5310 5066.57
5311 13878.27
5312 1106.20
5313 19944.91
5314 21026.59
5315 8976.33
5316 14348.65
5317 5532.46
5318 49191.43
5319 11296.24
5320 15036.96
5321 17008.06
5322 12431.43
5323 11248.24
5324 43455.61
5325 10749.40
5326 11120.09
5327 20636.33
5328 9917.01
5329 26242.22
5330 9891.05
5331 28287.23
5332 33910.42
5333 18344.96
5334 10594.69
5335 19018.30
5336 15807.20
5337 4626.91
5338 4258.55
5339 19857.36
5340 11815.48
5341 12746.73
5342 16842.10
5343 60193.15
5344 16493.97
5345 6658.16
5346 32405.91
5347 6697.78
5348 10758.26
5349 33352.53
5350 8654.05
5351 17736.21
5352 2776.82
5353 8461.13
5354 26698.17
5355 16950.74
5356 15529.26
5357 1444.85
5358 1017.61
5359 12491.28
5360 13433.15
5361 17558.05
5362 12816.11
5363 19997.71
5364 34224.59
5365 6512.42
5366 4599.61
5367 3895.40
5368 2477.25
5369 2504.01
5370 18320.20
5371 11989.08
5372 25765.72
5373 6985.10
5374 2981.17
5375 3003.84
5376 2522.84
5377 10781.85
5378 42784.68
5379 12261.18
5380 5444.59
5381 16024.56
5382 57739.37
5383 24539.50
5384 18361.81
5385 18108.50
5386 6931.86
5387 15531.22
5388 52723.38
5389 31925.98
5390 956.58
5391 11541.70
5392 16383.31
5393 22170.57
5394 18724.28
5395 16952.72
5396 22614.45
5397 4284.86
5398 3207.74
5399 20576.79
5400 14938.03
5401 36349.99
5402 41655.68
5403 17110.45
5404 15664.50
5405 2195.36
5406 2872.32
5407 1085.32
5408 8164.60
5409 44276.44
5410 6589.54
5411 14895.91
5412 8609.26
5413 9852.87
5414 18189.76
5415 19607.08
5416 44231.95
5417 7099.86
5418 16740.12
5419 19330.64
5420 11376.90
5421 20654.60
5422 8821.77
5423 23875.48
5424 12629.50
5425 48669.34
5426 5702.94
5427 13749.57
5428 1952.54
5429 37379.15
5430 31384.15
5431 1245.52
5432 9264.14
5433 4382.84
5434 7152.46
5435 27952.22
5436 12888.64
5437 17853.36
5438 6365.68
5439 20421.94
5440 7811.39
5441 13608.15
5442 40703.71
5443 42282.66
5444 16680.70
5445 5423.60
5446 8764.36
5447 3492.57
5448 4057.06
5449 13450.13
5450 14195.05
5451 5818.24
5452 5359.00
5453 0.00
5454 1697.67
5455 4333.58
5456 15098.41
5457 9192.92
5458 6002.35
5459 27855.88
5460 27539.97
5461 4641.49
5462 44128.04
5463 0.00
5464 0.00
5465 1856.98
5466 12731.84
5467 827.38
5468 28213.30
5469 28452.89
5470 15096.02
5471 3375.20
5472 12197.76
5473 12237.34
5474 9375.97
5475 3190.23
5476 451.83
5477 31512.72
5478 0.00
5479 12023.85
5480 24472.67
5481 33452.89
5482 29524.31
5483 11512.36
5484 22402.52
5485 45367.57
5486 22576.34
5487 22358.73
5488 17426.47
5489 13954.09
5490 10438.07
5491 23235.20
5492 39688.45
5493 29754.42
5494 41186.79
5495 35097.23
5496 25071.77
5497 8937.36
5498 35791.87
5499 9506.60
5500 14825.64
5501 16128.53
5502 37301.80
5503 14068.68
5504 3560.07
5505 10318.29
5506 11552.01
5507 1401.81
5508 1106.94
5509 24959.25
5510 32026.86
5511 41729.10
5512 938.50
5513 11441.90
5514 10031.26
5515 22949.21
5516 4585.69
5517 2762.08
5518 9199.76
5519 33568.62
5520 16572.01
5521 5052.88
5522 11866.93
5523 2161.77
5524 6759.17
5525 6766.90
5526 22799.49
5527 30033.70
5528 5118.26
5529 8953.79
5530 9886.93
5531 1033.36
5532 4972.56
5533 42448.29
5534 17494.25
5535 10604.07
5536 16380.64
5537 28150.25
5538 17915.41
5539 6581.26
5540 6980.87
5541 21148.56
5542 9208.15
5543 36428.67
5544 1924.13
5545 9172.75
5546 4282.35
5547 3815.84
5548 11223.95
5549 36396.50
5550 7617.95
5551 10631.94
5552 16396.83
5553 5711.51
5554 27749.07
5555 2079.03
5556 17063.15
5557 27512.68
5558 19247.63
5559 2945.11
5560 25079.78
5561 5581.91
5562 18687.51
5563 20312.47
5564 5066.01
5565 33027.98
5566 10016.93
5567 14360.15
5568 62551.34
5569 55719.67
5570 26926.68
5571 1737.93
5572 26176.33
5573 1145.76
5574 10295.99
5575 8604.72
5576 3017.08
5577 48152.80
5578 15746.80
5579 24848.24
5580 36045.60
5581 30266.14
5582 12574.11
5583 3659.01
5584 32605.63
5585 30301.12
5586 32474.63
5587 4623.22
5588 12399.94
5589 24126.40
5590 3539.59
5591 16205.31
5592 23168.25
5593 3088.40
5594 19927.23
5595 13760.41
5596 5582.64
5597 20008.34
5598 13876.54
5599 25599.35
5600 8762.44
5601 11347.64
5602 18666.72
5603 1190.75
5604 0.00
5605 13489.40
5606 3597.44
5607 6090.21
5608 6651.00
5609 6398.73
5610 2951.58
5611 24728.46
5612 5864.96
5613 31901.41
5614 13578.11
5615 22677.50
5616 14505.76
5617 1138.49
5618 3748.05
5619 2923.72
5620 12536.93
5621 6549.32
5622 14786.54
5623 25517.02
5624 9943.31
5625 39790.36
5626 1124.89
5627 0.00
5628 10164.21
5629 7605.60
5630 10342.61
5631 1024.27
5632 3730.85
5633 55588.36
5634 12217.51
5635 13697.00
5636 11080.67
5637 13650.31
5638 868.14
5639 31770.96
5640 14131.83
5641 6772.34
5642 920.60
5643 28599.20
5644 14210.32
5645 6847.11
5646 27809.81
5647 12880.49
5648 6382.27
5649 35324.48
5650 12988.28
5651 35647.15
5652 23235.47
5653 15359.18
5654 25065.11
5655 8076.56
5656 0.00
5657 11593.75
5658 13210.44
5659 4817.48
5660 12038.26
5661 6036.87
5662 27957.96
5663 6265.42
5664 28225.53
5665 5596.79
5666 9724.57
5667 9789.42
5668 20410.49
5669 6892.92
5670 3968.19
5671 20366.22
5672 8791.50
5673 23209.58
5674 9821.75
5675 17772.86
5676 23254.43
5677 35207.21
5678 11257.13
5679 33062.79
5680 7948.98
5681 21769.70
5682 12468.91
5683 7773.70
5684 24594.72
5685 19998.22
5686 23837.59
5687 12741.41
5688 0.00
5689 4515.20
5690 32172.22
5691 18963.17
5692 0.00
5693 19176.82
5694 3770.98
5695 26350.74
5696 12864.56
5697 30809.96
5698 3618.64
5699 39159.83
5700 18176.08
5701 25621.15
5702 20745.34
5703 8263.20
5704 40988.97
5705 47327.57
5706 47145.50
5707 0.00
5708 7095.14
5709 9753.04
5710 9046.71
5711 24423.27
5712 79286.63
5713 39241.50
5714 41878.65
5715 18077.57
5716 930.13
5717 6951.40
5718 39854.96
5719 13935.79
5720 25936.25
5721 13337.76
5722 20486.24
5723 43197.99
5724 3816.56
5725 2381.32
5726 18083.54
5727 6890.37
5728 3041.30
5729 7696.11
5730 5047.05
5731 8614.44
5732 10986.82
5733 19538.17
5734 10291.52
5735 43113.26
5736 16975.71
5737 9671.58
5738 6056.13
5739 10366.81
5740 8606.28
5741 24684.72
5742 19880.64
5743 18668.73
5744 15415.57
5745 30461.00
5746 18676.43
5747 19333.79
5748 14678.21
5749 13967.60
5750 6514.53
5751 6041.52
5752 9061.03
5753 32373.49
5754 5300.01
5755 10838.77
5756 17523.75
5757 7170.31
5758 2506.90
5759 10112.42
5760 3806.30
5761 21043.90
5762 3989.30
5763 14768.93
5764 15013.33
5765 2939.10
5766 14657.33
5767 16553.48
5768 1173.44
5769 15487.94
5770 23395.42
5771 4661.73
5772 13382.74
5773 6211.74
5774 15432.81
5775 15811.41
5776 3551.53
5777 11408.35
5778 4090.46
5779 20694.91
5780 27634.66
5781 6313.69
5782 13796.89
5783 26046.84
5784 7293.17
5785 10418.42
5786 15096.68
5787 3713.87
5788 2772.67
5789 7969.43
5790 10591.79
5791 12486.40
5792 4529.49
5793 6152.67
5794 5514.29
5795 13386.37
5796 2360.57
5797 8633.21
5798 24358.90
5799 27073.79
5800 19771.48
5801 12330.66
5802 15566.44
5803 14961.43
5804 37045.10
5805 3436.74
5806 23246.56
5807 14676.77
5808 12116.82
5809 6244.72
5810 1567.73
5811 35141.84
5812 19462.56
5813 20405.44
5814 22795.35
5815 4377.69
5816 8345.18
5817 22500.03
5818 2379.04
5819 0.00
5820 45965.14
5821 15845.46
5822 12796.91
5823 5715.01
5824 9090.02
5825 19143.55
5826 9302.70
5827 15609.82
5828 2805.54
5829 4643.70
5830 25824.04
5831 7390.37
5832 12884.85
5833 6632.65
5834 3671.36
5835 38096.94
5836 1409.17
5837 22479.97
5838 36604.80
5839 5748.92
5840 7403.39
5841 14441.50
5842 48164.26
5843 7773.82
5844 13115.07
5845 28787.91
5846 39524.23
5847 18030.57
5848 30941.40
5849 13459.19
5850 12956.55
5851 12204.79
5852 13595.02
5853 3071.91
5854 12842.29
5855 11047.66
5856 4856.58
5857 0.00
5858 4285.85
5859 7379.05
5860 15347.75
5861 11273.86
5862 2724.80
5863 38829.23
5864 30223.19
5865 17817.67
5866 5261.21
5867 3078.20
5868 27082.53
5869 42930.97
5870 944.68
5871 39894.22
5872 30076.91
5873 1406.89
5874 60931.23
5875 64616.12
5876 1710.14
5877 38372.81
5878 22012.30
5879 8437.24
5880 21719.83
5881 13661.95
5882 927.11
5883 15191.44
5884 22428.47
5885 26411.54
5886 13777.58
5887 16721.70
5888 3135.80
5889 5250.02
5890 33227.48
5891 3264.17
5892 25579.98
5893 15229.36
5894 0.00
5895 36588.21
5896 3411.48
5897 1363.12
5898 14364.06
5899 12439.45
5900 12160.98
5901 5209.47
5902 14155.44
5903 9721.25
5904 24804.39
5905 603.15
5906 27991.89
5907 6377.67
5908 14191.29
5909 17797.77
5910 5304.07
5911 2877.75
5912 13874.21
5913 15445.99
5914 2651.53
5915 4014.11
5916 13610.10
5917 15842.38
5918 3861.49
5919 13845.71
5920 14221.99
5921 6380.88
5922 6074.71
5923 18516.32
5924 25594.38
5925 5477.68
5926 10991.71
5927 33763.89
5928 24362.25
5929 2321.24
5930 14823.42
5931 6705.44
5932 7996.38
5933 11525.62
5934 10567.85
5935 3903.30
5936 7875.66
5937 17015.97
5938 11719.51
5939 21195.66
5940 6261.47
5941 23406.75
5942 13686.08
5943 16403.82
5944 6051.78
5945 6487.77
5946 23369.65
5947 14918.96
5948 27309.25
5949 1428.37
5950 4442.47
5951 1222.68
5952 7328.75
5953 14406.48
5954 2003.44
5955 26751.88
5956 12556.08
5957 15035.59
5958 23490.35
5959 6200.78
5960 3314.82
5961 28650.91
5962 16051.58
5963 33486.00
5964 8631.05
5965 4787.14
5966 27127.89
5967 2477.82
5968 7281.49
5969 6554.09
5970 25188.02
5971 25363.86
5972 12064.71
5973 23934.02
5974 15038.88
5975 6772.27
5976 7124.73
5977 6500.66
5978 13073.34
5979 26088.35
5980 6687.43
5981 2044.95
5982 21504.91
5983 9693.09
5984 2968.65
5985 17112.36
5986 8624.95
5987 6420.37
5988 3780.86
5989 13532.69
5990 20207.37
5991 10776.42
5992 19283.78
5993 13474.16
5994 0.00
5995 33523.92
5996 8655.58
5997 11375.81
5998 16772.02
5999 4424.37
6000 22767.66
6001 26813.79
6002 34326.03
6003 18076.76
6004 3910.79
6005 19116.87
6006 6132.93
6007 14229.02
6008 32891.78
6009 19333.57
6010 11782.85
6011 34240.66
6012 5292.82
6013 21995.92
6014 40822.15
6015 14328.49
6016 9897.93
6017 19077.22
6018 32938.76
6019 30325.12
6020 4283.95
6021 8583.39
6022 7706.74
6023 8357.35
6024 21631.93
6025 8137.21
6026 820.61
6027 4655.81
6028 8093.41
6029 12590.97
6030 1272.98
6031 10705.99
6032 15278.18
6033 4192.34
6034 14172.27
6035 9721.68
6036 13200.80
6037 30666.70
6038 5096.84
6039 18451.60
6040 19289.93
6041 41676.45
6042 10926.13
6043 14557.57
6044 14143.04
6045 7483.82
6046 44155.18
6047 10327.26
6048 5060.84
6049 42989.61
6050 34293.34
6051 15970.44
6052 27745.53
6053 10342.13
6054 15247.96
6055 12636.08
6056 24192.76
6057 0.00
6058 24097.83
6059 3397.63
6060 4020.58
6061 20495.29
6062 11407.12
6063 16776.73
6064 7692.79
6065 21860.74
6066 21285.95
6067 12247.27
6068 19054.54
6069 6265.04
6070 1376.57
6071 43758.38
6072 12944.00
6073 3286.68
6074 10492.57
6075 37455.35
6076 43458.91
6077 24614.04
6078 1426.66
6079 4844.09
6080 29751.08
6081 3285.61
6082 16799.78
6083 2756.30
6084 18336.78
6085 3638.99
6086 1616.73
6087 34736.42
6088 21421.01
6089 3567.57
6090 13960.39
6091 14653.56
6092 3007.68
6093 5536.16
6094 27838.27
6095 14658.60
6096 7902.68
6097 10327.62
6098 16278.38
6099 28442.98
6100 12379.17
6101 3122.30
6102 7205.77
6103 20745.25
6104 24228.52
6105 15121.15
6106 5875.31
6107 31421.60
6108 1024.68
6109 4975.30
6110 19658.08
6111 22918.80
6112 43000.28
6113 0.00
6114 14419.31
6115 7202.82
6116 4602.26
6117 1413.65
6118 8425.34
6119 8227.36
6120 21232.10
6121 36963.32
6122 16839.64
6123 8243.18
6124 20467.04
6125 20681.60
6126 2998.23
6127 2616.73
6128 6289.76
6129 30967.32
6130 11078.99
6131 6099.09
6132 18261.06
6133 5199.55
6134 9008.25
6135 13894.96
6136 20072.36
6137 23144.36
6138 23712.09
6139 3738.14
6140 13209.05
6141 13694.80
6142 72944.63
6143 12661.73
6144 8597.62
6145 10756.26
6146 2311.07
6147 11491.13
6148 9577.85
6149 38690.12
6150 4208.88
6151 17086.84
6152 58167.10
6153 919.06
6154 5832.30
6155 2710.10
6156 10660.43
6157 9608.96
6158 18349.79
6159 8642.11
6160 3193.16
6161 27387.64
6162 41205.27
6163 41752.21
6164 13370.73
6165 20937.70
6166 4028.20
6167 0.00
6168 11484.23
6169 20082.73
6170 18203.08
6171 4078.40
6172 5757.31
6173 5178.44
6174 10418.55
6175 10361.62
6176 9272.03
6177 24554.69
6178 2226.27
6179 15000.74
6180 1042.19
6181 6403.39
6182 32723.93
6183 5651.93
6184 17414.38
6185 16365.79
6186 7135.88
6187 21087.19
6188 23439.12
6189 20688.10
6190 16773.28
6191 9318.53
6192 2311.77
6193 0.00
6194 14546.22
6195 9919.00
6196 26731.67
6197 10495.05
6198 3457.43
6199 16545.76
6200 34289.24
6201 15493.40
6202 5940.40
6203 11643.63
6204 11020.22
6205 42808.22
6206 12944.31
6207 13403.70
6208 37714.72
6209 15995.28
6210 8511.24
6211 18850.81
6212 13436.77
6213 0.00
6214 30658.42
6215 10857.01
6216 3216.99
6217 2811.34
6218 1868.25
6219 17226.92
6220 5784.97
6221 16803.86
6222 6148.37
6223 9388.39
6224 27957.81
6225 5385.48
6226 11911.52
6227 13749.85
6228 12950.72
6229 16251.72
6230 28078.37
6231 20635.87
6232 26704.34
6233 28117.80
6234 22630.79
6235 10183.72
6236 17702.86
6237 24897.86
6238 11585.83
6239 7178.23
6240 18438.41
6241 18928.67
6242 3721.14
6243 11145.42
6244 22999.89
6245 8644.82
6246 65729.47
6247 13865.77
6248 5801.94
6249 38049.91
6250 3017.61
6251 3862.28
6252 3597.89
6253 3670.35
6254 10757.18
6255 8891.78
6256 28579.18
6257 3529.98
6258 2719.87
6259 28204.43
6260 24135.88
6261 24661.38
6262 13317.73
6263 6947.56
6264 8252.76
6265 12772.50
6266 20347.53
6267 18084.40
6268 4277.53
6269 21142.69
6270 9857.46
6271 9116.11
6272 11791.47
6273 19915.71
6274 11918.29
6275 6677.71
6276 16820.85
6277 22599.11
6278 16397.12
6279 13492.24
6280 56367.15
6281 9625.94
6282 10979.37
6283 20204.92
6284 1613.23
6285 88423.43
6286 34929.42
6287 5996.48
6288 8823.67
6289 17194.76
6290 5643.65
6291 0.00
6292 45655.75
6293 29867.48
6294 10896.30
6295 16467.03
6296 12123.24
6297 3576.24
6298 3088.18
6299 9284.85
6300 34856.85
6301 40795.28
6302 12516.72
6303 13753.95
6304 3042.10
6305 46153.07
6306 1380.05
6307 19895.63
6308 0.00
6309 6080.63
6310 50845.50
6311 3348.27
6312 22804.99
6313 1650.76
6314 4700.12
6315 869.61
6316 20643.72
6317 7415.00
6318 19671.81
6319 14046.16
6320 2299.32
6321 19125.89
6322 11006.18
6323 20093.11
6324 0.00
6325 2430.86
6326 13948.97
6327 14892.55
6328 25001.97
6329 11014.30
6330 6423.76
6331 16963.46
6332 27508.53
6333 5533.55
6334 20062.28
6335 6058.35
6336 20191.67
6337 11711.53
6338 49786.56
6339 15744.99
6340 40048.91
6341 9972.68
6342 0.00
6343 14637.98
6344 18698.26
6345 9020.09
6346 6296.93
6347 19397.76
6348 15423.56
6349 1157.89
6350 24222.31
6351 1269.36
6352 12735.77
6353 10333.11
6354 11364.77
6355 10336.39
6356 18586.00
6357 19084.18
6358 25100.18
6359 42788.47
6360 37370.58
6361 1542.46
6362 19101.80
6363 4966.22
6364 11532.94
6365 17677.72
6366 4191.64
6367 11024.85
6368 4142.19
6369 1296.26
6370 10372.78
6371 45641.18
6372 30046.02
6373 10204.23
6374 5095.48
6375 3371.96
6376 20513.99
6377 17926.08
6378 11659.94
6379 1288.34
6380 25907.40
6381 12199.80
6382 11465.12
6383 18515.12
6384 53079.26
6385 34517.28
6386 12711.27
6387 16989.81
6388 9231.26
6389 20299.96
6390 2731.03
6391 12748.56
6392 4267.19
6393 17518.26
6394 8785.88
6395 7722.93
6396 3853.98
6397 24595.83
6398 10644.74
6399 27351.18
6400 17738.38
6401 13452.02
6402 13109.88
6403 930.47
6404 14078.52
6405 25121.60
6406 35869.52
6407 14053.87
6408 18342.33
6409 8387.10
6410 31974.57
6411 13798.52
6412 9595.39
6413 19187.32
6414 21315.40
6415 30312.36
6416 13458.25
6417 4127.49
6418 16057.09
6419 20088.16
6420 5341.38
6421 16930.46
6422 17710.41
6423 34970.68
6424 10386.38
6425 28073.95
6426 15833.94
6427 22146.61
6428 27797.43
6429 9605.43
6430 5506.28
6431 16023.84
6432 43273.26
6433 11828.15
6434 11177.42
6435 19020.81
6436 1234.38
6437 2983.85
6438 13935.46
6439 3448.92
6440 31667.41
6441 10558.21
6442 13345.51
6443 12157.80
6444 3193.79
6445 17488.93
6446 27057.43
6447 16425.94
6448 7387.83
6449 1097.48
6450 3464.89
6451 24029.22
6452 9237.83
6453 2093.75
6454 22999.27
6455 19482.90
6456 6396.30
6457 19868.10
6458 3335.74
6459 9735.88
6460 16159.45
6461 10212.69
6462 27061.66
6463 24738.67
6464 10314.29
6465 16137.93
6466 10052.80
6467 20778.85
6468 0.00
6469 7700.36
6470 0.00
6471 11834.69
6472 40291.13
6473 22532.77
6474 26986.90
6475 6747.00
6476 16719.83
6477 7095.02
6478 13135.91
6479 19417.68
6480 11010.30
6481 2547.17
6482 9376.24
6483 3724.78
6484 24829.60
6485 38619.55
6486 8606.26
6487 24582.99
6488 8283.06
6489 2197.55
6490 13372.70
6491 19223.86
6492 27034.71
6493 8476.84
6494 2992.48
6495 35459.26
6496 16193.92
6497 41671.49
6498 14608.86
6499 4453.74
6500 16817.64
6501 13259.58
6502 980.25
6503 45208.09
6504 1416.02
6505 10541.60
6506 14471.38
6507 9338.47
6508 16579.05
6509 22990.71
6510 2829.96
6511 2275.10
6512 81090.84
6513 25560.57
6514 9911.76
6515 6324.40
6516 12959.91
6517 1815.09
6518 17106.56
6519 7000.08
6520 8124.97
6521 1336.74
6522 47165.50
6523 12056.62
6524 26050.57
6525 2153.76
6526 23151.26
6527 14986.78
6528 34715.06
6529 13732.10
6530 24744.73
6531 2416.57
6532 0.00
6533 6707.37
6534 16234.69
6535 19672.81
6536 2901.63
6537 5052.70
6538 49690.89
6539 5339.39
6540 17037.28
6541 17433.41
6542 2273.76
6543 23175.42
6544 19625.19
6545 9907.60
6546 1265.05
6547 11254.82
6548 18476.78
6549 9969.73
6550 6083.83
6551 7232.32
6552 25464.74
6553 3274.63
6554 3197.57
6555 25985.31
6556 6401.01
6557 3100.19
6558 7914.87
6559 17156.34
6560 26301.94
6561 5673.90
6562 8064.69
6563 8900.52
6564 9166.51
6565 5367.58
6566 7264.35
6567 30070.05
6568 4717.60
6569 19558.53
6570 6097.16
6571 14573.69
6572 2919.02
6573 3180.76
6574 14604.82
6575 9269.94
6576 13027.87
6577 13496.71
6578 11520.70
6579 24745.07
6580 9401.44
6581 2400.71
6582 5891.49
6583 22886.29
6584 25876.66
6585 18480.07
6586 9032.84
6587 4625.78
6588 4436.35
6589 12343.63
6590 19365.77
6591 16634.61
6592 4147.94
6593 11395.48
6594 16933.30
6595 12695.70
6596 26724.73
6597 2028.62
6598 17606.23
6599 11367.09
6600 1628.01
6601 15769.46
6602 14770.06
6603 8992.53
6604 0.00
6605 15179.30
6606 1408.28
6607 24317.42
6608 9552.14
6609 22330.06
6610 0.00
6611 40623.62
6612 15335.27
6613 9796.41
6614 17246.55
6615 8000.26
6616 19660.83
6617 941.70
6618 4014.74
6619 11241.96
6620 10536.51
6621 34539.15
6622 5385.41
6623 12705.41
6624 6238.46
6625 7144.59
6626 5300.90
6627 34587.05
6628 6910.74
6629 20476.12
6630 5226.38
6631 61364.93
6632 0.00
6633 10838.61
6634 9874.20
6635 6016.94
6636 10538.43
6637 12633.30
6638 13148.16
6639 20808.49
6640 10347.04
6641 12113.77
6642 13974.78
6643 25031.70
6644 0.00
6645 4965.62
6646 10504.40
6647 7387.68
6648 2557.32
6649 19253.20
6650 38013.47
6651 22584.23
6652 12754.70
6653 1018.27
6654 1617.80
6655 24924.24
6656 3245.68
6657 4450.92
6658 47797.21
6659 25206.02
6660 9649.59
6661 4702.26
6662 17045.01
6663 14951.75
6664 5136.40
6665 16274.92
6666 16616.58
6667 7729.58
6668 4335.84
6669 29131.42
6670 12185.69
6671 21653.28
6672 15657.80
6673 16577.45
6674 15569.73
6675 16728.49
6676 5164.36
6677 5730.21
6678 6250.77
6679 8860.93
6680 49868.23
6681 26828.15
6682 20864.17
6683 5675.85
6684 9069.76
6685 1278.26
6686 866.55
6687 13705.56
6688 4635.80
6689 34203.51
6690 57740.40
6691 15760.10
6692 7758.91
6693 664.28
6694 5917.03
6695 6198.02
6696 7789.84
6697 8693.77
6698 28278.25
6699 3621.24
6700 23701.94
6701 12856.89
6702 12525.62
6703 12285.86
6704 29552.31
6705 3460.02
6706 20641.10
6707 56932.75
6708 20878.49
6709 1132.87
6710 10620.36
6711 1903.36
6712 5629.07
6713 17308.86
6714 10754.46
6715 25638.60
6716 1185.02
6717 5957.76
6718 20771.89
6719 2492.14
6720 9095.23
6721 23373.60
6722 3037.49
6723 11272.94
6724 14581.51
6725 19390.88
6726 1126.47
6727 57987.63
6728 10611.62
6729 6033.42
6730 13747.83
6731 38822.70
6732 3721.80
6733 41481.51
6734 27234.20
6735 13276.71
6736 13246.88
6737 28414.81
6738 16485.09
6739 7745.11
6740 3579.94
6741 3172.47
6742 9414.90
6743 10038.91
6744 10510.24
6745 19824.35
6746 37463.57
6747 22603.30
6748 4420.54
6749 101910.53
6750 7414.89
6751 11905.60
6752 9707.02
6753 4054.41
6754 20739.94
6755 12019.57
6756 4633.45
6757 7258.94
6758 4624.36
6759 3343.88
6760 2468.78
6761 10536.72
6762 7580.47
6763 8395.42
6764 68464.75
6765 22742.44
6766 3437.83
6767 10238.13
6768 16293.81
6769 13028.61
6770 36347.89
6771 20570.61
6772 14506.50
6773 23217.04
6774 17492.59
6775 6573.35
6776 2133.35
6777 35342.56
6778 8110.99
6779 4652.59
6780 20736.74
6781 34889.09
6782 18148.66
6783 30594.01
6784 19072.82
6785 36306.77
6786 36754.88
6787 7862.96
6788 14571.07
6789 27080.49
6790 18898.82
6791 5109.13
6792 10944.63
6793 14659.95
6794 10298.09
6795 931.36
6796 5572.90
6797 2741.31
6798 11510.25
6799 18211.56
6800 18640.97
6801 29142.02
6802 76057.60
6803 8908.35
6804 8739.71
6805 41618.31
6806 935.29
6807 2886.83
6808 20521.19
6809 10411.07
6810 1253.10
6811 13041.16
6812 3596.99
6813 3649.71
6814 8293.45
6815 12997.29
6816 10473.72
6817 2096.10
6818 1728.01
6819 10976.39
6820 5380.94
6821 6253.00
6822 26393.15
6823 37184.01
6824 2461.55
6825 10586.31
6826 21057.93
6827 7153.16
6828 3879.21
6829 11358.07
6830 4491.38
6831 7269.20
6832 19273.92
6833 16493.83
6834 12690.63
6835 5595.67
6836 11150.29
6837 14702.19
6838 6323.42
6839 17665.45
6840 23507.72
6841 54713.99
6842 6277.26
6843 16527.78
6844 33377.58
6845 24126.12
6846 2843.90
6847 9864.16
6848 3807.77
6849 58829.82
6850 7099.45
6851 48181.87
6852 14794.26
6853 47235.88
6854 31436.24
6855 33013.14
6856 8723.01
6857 5761.47
6858 13671.98
6859 14303.27
6860 24303.55
6861 18926.10
6862 9325.69
6863 6106.44
6864 1175.39
6865 1184.05
6866 3480.81
6867 40855.44
6868 18394.37
6869 27027.26
6870 5455.16
6871 7390.33
6872 7775.88
6873 6942.32
6874 1607.72
6875 33912.99
6876 3398.09
6877 49949.90
6878 20029.82
6879 3235.40
6880 9109.52
6881 10517.61
6882 0.00
6883 5392.47
6884 14858.04
6885 10849.31
6886 24525.13
6887 3988.53
6888 1562.89
6889 7626.15
6890 27244.42
6891 13592.33
6892 46416.46
6893 955.36
6894 1562.40
6895 16653.65
6896 874.22
6897 3867.76
6898 3083.26
6899 24220.53
6900 883.52
6901 2612.67
6902 3260.60
6903 1122.25
6904 5661.50
6905 24542.23
6906 13313.96
6907 30328.91
6908 8040.63
6909 6981.85
6910 43797.99
6911 4242.40
6912 0.00
6913 13203.42
6914 16060.12
6915 3910.12
6916 19434.75
6917 9459.06
6918 4220.70
6919 10611.68
6920 5569.72
6921 24716.18
6922 2608.71
6923 10609.20
6924 10880.82
6925 11420.30
6926 29059.44
6927 2494.36
6928 29567.36
6929 26361.31
6930 18591.55
6931 8030.90
6932 18696.43
6933 11558.63
6934 28005.18
6935 10794.32
6936 7237.50
6937 12234.57
6938 2682.67
6939 14588.63
6940 962.56
6941 21332.35
6942 13814.91
6943 5789.19
6944 37332.08
6945 9875.11
6946 1985.68
6947 30065.60
6948 11230.73
6949 8243.90
6950 7897.38
6951 7507.05
6952 43160.81
6953 8646.41
6954 722.02
6955 5347.78
6956 20004.49
6957 11980.37
6958 2223.00
6959 1980.13
6960 15246.10
6961 1841.01
6962 0.00
6963 23370.75
6964 8858.44
6965 23146.76
6966 18840.01
6967 18464.94
6968 29149.85
6969 3370.94
6970 4352.19
6971 7993.65
6972 6040.66
6973 61045.39
6974 10475.09
6975 1376.80
6976 5480.04
6977 26994.72
6978 18461.13
6979 11601.99
6980 16034.12
6981 14955.11
6982 692.23
6983 17108.10
6984 42548.61
6985 11209.86
6986 0.00
6987 15617.94
6988 811.37
6989 13717.70
6990 45129.22
6991 15475.73
6992 21415.07
6993 6761.99
6994 15174.67
6995 11213.65
6996 30235.03
6997 9786.69
6998 4976.68
6999 6413.51
7000 14446.53
7001 10605.39
7002 13035.94
7003 16600.15
7004 13975.49
7005 24283.94
7006 29777.56
7007 32364.83
7008 22853.44
7009 9067.27
7010 9650.51
7011 13364.08
7012 50583.85
7013 23312.52
7014 17018.13
7015 12409.66
7016 31755.95
7017 13596.45
7018 18610.79
7019 28800.05
7020 6393.85
7021 7656.39
7022 2426.41
7023 21992.93
7024 8174.75
7025 6822.55
7026 53501.43
7027 22416.32
7028 1980.37
7029 6988.94
7030 10528.65
7031 8425.13
7032 4089.82
7033 19172.59
7034 13824.46
7035 12088.18
7036 9245.64
7037 951.39
7038 6087.12
7039 3911.47
7040 25730.50
7041 5844.42
7042 13772.35
7043 919.92
7044 6202.27
7045 13770.40
7046 54412.20
7047 25479.09
7048 1086.38
7049 58688.41
7050 13637.00
7051 15684.64
7052 5393.98
7053 2236.92
7054 21607.02
7055 14834.14
7056 4528.33
7057 823.94
7058 37618.59
7059 6898.74
7060 14378.02
7061 3506.70
7062 15085.09
7063 20488.99
7064 13117.30
7065 7005.87
7066 7378.30
7067 6188.26
7068 4781.25
7069 11023.62
7070 0.00
7071 18281.35
7072 17237.91
7073 10311.47
7074 12459.26
7075 6408.03
7076 10207.71
7077 1972.82
7078 991.64
7079 11475.61
7080 4872.27
7081 9921.07
7082 20043.19
7083 19541.63
7084 13408.36
7085 15137.22
7086 36648.14
7087 28175.31
7088 32219.51
7089 6839.84
7090 17906.05
7091 38618.36
7092 1888.79
7093 15815.97
7094 8329.14
7095 32399.48
7096 13620.73
7097 14596.14
7098 38445.15
7099 23837.38
7100 10178.28
7101 12510.86
7102 28785.85
7103 18699.31
7104 23983.77
7105 7166.03
7106 20852.05
7107 3882.09
7108 1336.08
7109 7820.66
7110 30878.12
7111 7045.53
7112 11217.84
7113 13038.68
7114 11029.01
7115 35233.81
7116 3712.42
7117 23192.73
7118 10166.53
7119 13548.79
7120 26593.19
7121 8560.94
7122 17556.83
7123 2051.76
7124 6332.87
7125 24353.77
7126 6029.25
7127 7230.24
7128 12778.76
7129 19048.22
7130 61568.95
7131 38844.97
7132 20071.33
7133 13732.89
7134 18962.55
7135 12308.82
7136 5392.50
7137 3315.80
7138 15002.35
7139 5840.62
7140 7467.76
7141 12910.41
7142 3199.98
7143 16082.91
7144 9536.78
7145 21384.97
7146 7029.22
7147 16333.90
7148 4061.84
7149 20545.67
7150 28292.24
7151 23623.18
7152 11359.15
7153 8535.23
7154 20960.41
7155 5972.34
7156 3312.07
7157 88696.82
7158 3170.57
7159 2573.43
7160 26862.98
7161 12100.64
7162 5151.75
7163 18065.59
7164 1259.22
7165 7120.55
7166 6495.34
7167 6460.90
7168 2957.77
7169 18409.21
7170 9372.45
7171 5589.05
7172 3394.50
7173 6573.09
7174 3767.48
7175 14340.32
7176 4098.17
7177 16221.25
7178 46192.47
7179 10500.93
7180 596.37
7181 10202.10
7182 3618.68
7183 7870.48
7184 21221.52
7185 6541.57
7186 13775.57
7187 14489.64
7188 13628.80
7189 4176.00
7190 9184.41
7191 4438.20
7192 600.57
7193 12807.95
7194 37436.55
7195 38390.11
7196 12467.11
7197 5231.86
7198 20251.29
7199 10475.05
7200 24044.29
7201 26807.59
7202 17950.56
7203 27169.60
7204 14520.81
7205 0.00
7206 8962.58
7207 10521.14
7208 1359.86
7209 7282.90
7210 11508.68
7211 10371.33
7212 34222.68
7213 25346.55
7214 7241.35
7215 11745.13
7216 3172.52
7217 21188.86
7218 59895.67
7219 2614.05
7220 2266.39
7221 15561.84
7222 18022.35
7223 9231.05
7224 815.23
7225 8182.16
7226 2042.92
7227 15993.72
7228 12185.23
7229 29853.17
7230 13553.30
7231 32282.47
7232 14387.08
7233 13267.64
7234 6802.83
7235 9240.68
7236 24373.68
7237 2911.44
7238 3154.71
7239 8858.64
7240 22619.82
7241 3693.22
7242 11160.98
7243 3535.73
7244 34116.71
7245 5038.41
7246 9824.67
7247 9469.93
7248 19199.94
7249 4480.43
7250 16135.69
7251 7181.76
7252 1206.83
7253 5170.94
7254 7257.10
7255 6991.38
7256 7970.12
7257 14968.12
7258 1572.61
7259 11678.92
7260 9710.19
7261 9413.51
7262 21505.24
7263 11100.37
7264 2453.98
7265 1357.51
7266 11041.21
7267 26893.99
7268 7535.44
7269 6265.39
7270 4188.96
7271 22825.12
7272 13523.06
7273 10296.60
7274 23854.75
7275 29098.71
7276 7572.28
7277 15441.85
7278 8019.89
7279 11162.14
7280 1102.49
7281 35774.39
7282 8751.67
7283 30313.39
7284 14384.98
7285 9281.83
7286 3543.55
7287 19569.86
7288 18415.97
7289 6012.96
7290 27189.98
7291 2926.30
7292 6969.89
7293 0.00
7294 15778.67
7295 16010.07
7296 5801.38
7297 3321.61
7298 35783.39
7299 1762.70
7300 7909.16
7301 17229.85
7302 8109.19
7303 3348.03
7304 22881.76
7305 26701.53
7306 20674.56
7307 33090.63
7308 5050.11
7309 15614.33
7310 835.83
7311 12288.01
7312 1287.51
7313 5962.00
7314 17606.28
7315 5089.45
7316 10910.96
7317 1563.95
7318 8084.96
7319 6442.29
7320 7320.58
7321 23189.85
7322 6317.10
7323 12168.60
7324 4363.70
7325 10070.74
7326 11225.06
7327 19656.32
7328 32982.67
7329 35762.98
7330 4860.16
7331 39369.11
7332 16868.89
7333 17912.62
7334 1832.84
7335 9004.03
7336 8554.01
7337 2881.75
7338 24103.56
7339 18628.83
7340 7704.33
7341 6287.02
7342 14352.15
7343 22299.88
7344 31287.04
7345 3342.25
7346 11522.71
7347 12864.84
7348 1206.78
7349 10330.90
7350 0.00
7351 31326.34
7352 5180.24
7353 18682.74
7354 28882.57
7355 15641.79
7356 9567.51
7357 2851.10
7358 2207.86
7359 6271.06
7360 15303.52
7361 3339.27
7362 6138.91
7363 14056.16
7364 1664.98
7365 1249.73
7366 6572.12
7367 6824.45
7368 3605.47
7369 7623.56
7370 11113.13
7371 5196.02
7372 7031.63
7373 7667.49
7374 11550.75
7375 1133.20
7376 15546.05
7377 9043.59
7378 6319.73
7379 8631.55
7380 25247.69
7381 18471.47
7382 24427.58
7383 25139.59
7384 10034.52
7385 2764.43
7386 7487.37
7387 3191.74
7388 10842.88
7389 19684.95
7390 3079.08
7391 11259.62
7392 12750.33
7393 3228.60
7394 11517.61
7395 13834.90
7396 27929.27
7397 46975.27
7398 19537.36
7399 4986.28
7400 37105.76
7401 11722.95
7402 5563.61
7403 31489.06
7404 2656.80
7405 11337.96
7406 3323.07
7407 23135.19
7408 9511.64
7409 43163.72
7410 5345.86
7411 32338.28
7412 32572.43
7413 18674.82
7414 3626.90
7415 11269.32
7416 5604.51
7417 19112.12
7418 16969.03
7419 6349.35
7420 8822.64
7421 16932.45
7422 15911.97
7423 19938.67
7424 1257.45
7425 3124.89
7426 35682.25
7427 15677.17
7428 14283.46
7429 3623.97
7430 18011.46
7431 11135.33
7432 32111.38
7433 2591.43
7434 11720.57
7435 12403.24
7436 2622.91
7437 5222.48
7438 24273.18
7439 8383.27
7440 17942.94
7441 4921.99
7442 18838.11
7443 33949.96
7444 4172.14
7445 12647.34
7446 79415.96
7447 1155.75
7448 7007.89
7449 24362.63
7450 1813.17
7451 11988.95
7452 17446.49
7453 3870.99
7454 9229.47
7455 21565.39
7456 5427.78
7457 10675.74
7458 22062.17
7459 22794.15
7460 16177.24
7461 4381.78
7462 20176.80
7463 16493.42
7464 12653.86
7465 17966.12
7466 7071.35
7467 6434.07
7468 7397.92
7469 12242.61
7470 26159.87
7471 1667.73
7472 3677.57
7473 7530.12
7474 14430.82
7475 42348.67
7476 1056.40
7477 8607.86
7478 16468.92
7479 8881.55
7480 18159.08
7481 10037.73
7482 0.00
7483 11861.05
7484 17312.86
7485 47348.71
7486 15961.72
7487 3735.57
7488 13108.65
7489 2209.81
7490 15867.17
7491 21520.30
7492 4518.40
7493 9846.86
7494 3638.21
7495 23691.28
7496 37332.80
7497 67226.95
7498 11213.15
7499 8741.62
7500 19795.17
7501 10572.78
7502 34818.15
7503 15860.47
7504 5950.68
7505 17986.73
7506 20876.92
7507 3320.73
7508 13900.42
7509 1444.41
7510 3536.64
7511 5481.28
7512 0.00
7513 23361.63
7514 15667.60
7515 15176.59
7516 17796.60
7517 16259.88
7518 15165.78
7519 9421.08
7520 17310.86
7521 5356.92
7522 1265.52
7523 0.00
7524 12871.81
7525 20028.96
7526 9964.48
7527 10315.77
7528 20493.37
7529 5838.52
7530 12574.82
7531 21083.74
7532 15937.20
7533 17699.17
7534 6873.62
7535 3774.67
7536 13034.67
7537 3678.05
7538 11050.84
7539 20909.72
7540 17460.47
7541 12117.17
7542 2021.68
7543 34861.57
7544 6987.96
7545 28702.24
7546 1503.23
7547 4136.51
7548 10034.35
7549 3400.32
7550 33609.91
7551 11725.79
7552 32436.07
7553 33552.61
7554 11615.46
7555 4072.14
7556 10336.89
7557 5525.53
7558 23778.06
7559 9900.71
7560 7907.53
7561 9412.97
7562 18464.39
7563 6473.12
7564 1043.69
7565 19309.29
7566 6573.96
7567 37712.16
7568 5706.50
7569 12182.76
7570 39424.20
7571 930.32
7572 1020.00
7573 908.40
7574 14100.54
7575 16892.25
7576 22780.55
7577 18989.04
7578 4217.84
7579 3968.37
7580 9633.25
7581 29951.98
7582 1144.19
7583 21648.15
7584 2791.62
7585 14233.65
7586 4379.43
7587 14436.84
7588 11042.84
7589 16539.70
7590 36666.17
7591 10921.56
7592 8206.89
7593 9731.39
7594 3305.93
7595 792.50
7596 7697.20
7597 5416.83
7598 11580.63
7599 5614.27
7600 7047.56
7601 775.47
7602 16097.36
7603 16072.22
7604 15398.12
7605 13588.70
7606 29037.16
7607 26379.66
7608 11822.44
7609 3794.87
7610 11595.46
7611 27618.44
7612 21807.72
7613 9841.78
7614 19307.19
7615 17807.37
7616 0.00
7617 5453.23
7618 9684.52
7619 23850.96
7620 18039.19
7621 18062.64
7622 9422.38
7623 6347.18
7624 3721.17
7625 8942.65
7626 1367.11
7627 18053.76
7628 33144.52
7629 18549.76
7630 0.00
7631 8692.30
7632 6270.13
7633 2786.81
7634 10522.13
7635 4701.18
7636 17200.56
7637 12555.59
7638 11444.10
7639 1865.30
7640 4795.04
7641 7444.15
7642 36058.97
7643 8112.07
7644 11503.88
7645 3349.46
7646 12530.07
7647 11255.24
7648 50995.33
7649 11502.75
7650 7325.89
7651 17056.75
7652 38185.43
7653 17250.89
7654 17122.38
7655 3946.11
7656 13828.07
7657 12362.21
7658 9105.72
7659 4021.40
7660 7392.87
7661 11109.02
7662 4092.56
7663 12245.30
7664 1152.24
7665 17830.11
7666 19409.57
7667 8695.07
7668 24585.57
7669 27555.46
7670 18762.11
7671 8168.28
7672 9811.05
7673 1019.45
7674 34886.72
7675 23475.44
7676 10897.31
7677 63446.03
7678 10679.87
7679 893.44
7680 9277.77
7681 25116.11
7682 34364.71
7683 18332.73
7684 33499.18
7685 3369.82
7686 34008.26
7687 14038.45
7688 9226.58
7689 6703.47
7690 25337.02
7691 0.00
7692 30417.94
7693 12030.88
7694 7260.45
7695 6442.93
7696 6134.83
7697 8122.99
7698 10078.49
7699 6648.59
7700 6749.50
7701 0.00
7702 2536.27
7703 805.06
7704 8893.96
7705 9712.07
7706 4801.51
7707 3631.99
7708 17211.32
7709 3016.33
7710 2642.62
7711 18370.25
7712 6700.13
7713 739.82
7714 2763.23
7715 37053.75
7716 2945.89
7717 8112.92
7718 19324.71
7719 10508.61
7720 866.34
7721 21865.89
7722 36971.40
7723 9800.72
7724 1206.48
7725 3198.81
7726 5018.73
7727 15665.66
7728 6566.36
7729 12104.17
7730 23538.34
7731 7505.08
7732 8317.80
7733 1205.05
7734 17479.54
7735 7028.68
7736 6967.63
7737 7292.79
7738 12358.44
7739 3110.41
7740 10578.20
7741 9630.16
7742 8380.55
7743 9857.84
7744 8083.94
7745 13809.33
7746 4631.12
7747 1387.69
7748 13969.62
7749 8203.98
7750 11399.89
7751 2142.59
7752 14206.29
7753 12431.37
7754 29931.27
7755 11810.25
7756 4958.40
7757 21131.38
7758 11318.24
7759 18865.62
7760 21300.64
7761 0.00
7762 11387.15
7763 2960.93
7764 9863.70
7765 0.00
7766 24498.39
7767 33495.81
7768 5470.35
7769 28578.37
7770 25299.40
7771 1004.93
7772 0.00
7773 26835.84
7774 2437.73
7775 14203.57
7776 15484.51
7777 11915.05
7778 35180.74
7779 3707.75
7780 32006.89
7781 12957.17
7782 46264.40
7783 33874.35
7784 13097.89
7785 6322.79
7786 18906.46
7787 20762.99
7788 13316.19
7789 10099.47
7790 16708.05
7791 6283.56
7792 9086.88
7793 3965.23
7794 9614.38
7795 6508.17
7796 18327.47
7797 1199.80
7798 13237.77
7799 3969.10
7800 6796.40
7801 9616.85
7802 6238.27
7803 22615.40
7804 9042.80
7805 3039.34
7806 33168.37
7807 11344.44
7808 20220.93
7809 7388.25
7810 10235.92
7811 5039.51
7812 7220.72
7813 4075.05
7814 15151.78
7815 35966.63
7816 12120.78
7817 13079.58
7818 24547.35
7819 12740.72
7820 5809.50
7821 22995.41
7822 5213.58
7823 11962.93
7824 8102.02
7825 12166.74
7826 27622.12
7827 9694.55
7828 17546.52
7829 28676.92
7830 11479.02
7831 2439.62
7832 1573.41
7833 31688.04
7834 20746.74
7835 7673.25
7836 23772.02
7837 16724.46
7838 1110.05
7839 29106.34
7840 5941.66
7841 7113.33
7842 1352.52
7843 9307.53
7844 1335.73
7845 27321.73
7846 13679.51
7847 18084.68
7848 6669.07
7849 28842.13
7850 3791.24
7851 16541.50
7852 28527.78
7853 39879.10
7854 21123.89
7855 8473.45
7856 1658.77
7857 22743.19
7858 12006.02
7859 3894.86
7860 3290.05
7861 7760.53
7862 5275.93
7863 2625.03
7864 2687.52
7865 24944.70
7866 29442.83
7867 17281.37
7868 12541.27
7869 2305.33
7870 9032.64
7871 8141.20
7872 9284.89
7873 6786.58
7874 16436.65
7875 16209.01
7876 48376.41
7877 8366.22
7878 15927.39
7879 0.00
7880 3243.15
7881 14226.24
7882 4637.79
7883 16408.32
7884 18216.22
7885 30062.78
7886 10197.67
7887 3157.12
7888 3086.50
7889 11305.80
7890 12358.19
7891 11326.81
7892 5702.23
7893 4569.17
7894 21837.28
7895 6935.79
7896 7595.24
7897 13724.21
7898 13391.66
7899 8333.00
7900 0.00
7901 9249.73
7902 2975.62
7903 16018.72
7904 8055.92
7905 34585.03
7906 10773.62
7907 7954.97
7908 1634.94
7909 7629.53
7910 21906.25
7911 17865.02
7912 16171.03
7913 22069.98
7914 47582.36
7915 5967.87
7916 7648.86
7917 3051.17
7918 16258.64
7919 4008.37
7920 10393.36
7921 30741.15
7922 19738.94
7923 9324.82
7924 43928.02
7925 13797.89
7926 29402.60
7927 2946.53
7928 5031.35
7929 5880.37
7930 3522.04
7931 7660.21
7932 6250.25
7933 30735.71
7934 13787.33
7935 0.00
7936 13642.81
7937 15826.61
7938 570.35
7939 15791.88
7940 1108.70
7941 2744.84
7942 5864.88
7943 7119.13
7944 58523.12
7945 11901.74
7946 9826.17
7947 5866.60
7948 17639.45
7949 2739.37
7950 13585.29
7951 9672.56
7952 3085.50
7953 6982.38
7954 10390.18
7955 37057.54
7956 43576.67
7957 9676.24
7958 9136.36
7959 22272.24
7960 21110.96
7961 14152.49
7962 3843.75
7963 10018.62
7964 12196.70
7965 1894.02
7966 8606.47
7967 1358.06
7968 5780.56
7969 13551.59
7970 3154.88
7971 19574.61
7972 13825.32
7973 24293.74
7974 0.00
7975 22420.32
7976 1753.24
7977 1248.54
7978 9083.67
7979 17867.30
7980 6232.03
7981 10726.40
7982 8709.35
7983 14740.72
7984 43899.23
7985 11215.24
7986 2450.39
7987 5321.27
7988 26378.95
7989 8067.02
7990 2562.45
7991 6285.52
7992 11101.91
7993 17110.86
7994 983.12
7995 22493.69
7996 5553.82
7997 5718.63
7998 13166.12
7999 1098.01
8000 2256.39
8001 5157.01
8002 15663.42
8003 3846.00
8004 16044.48
8005 12037.06
8006 4099.51
8007 49401.27
8008 81480.05
8009 4190.33
8010 4826.38
8011 9331.22
8012 8095.77
8013 13383.59
8014 659.13
8015 12341.26
8016 49711.63
8017 10763.31
8018 37214.76
8019 42822.03
8020 16955.71
8021 16788.00
8022 14586.48
8023 10106.08
8024 13518.47
8025 849.64
8026 5785.85
8027 15610.11
8028 1188.96
8029 12979.45
8030 22329.30
8031 12060.26
8032 7284.06
8033 4029.49
8034 9211.82
8035 5925.65
8036 40607.77
8037 26245.44
8038 1062.51
8039 19456.62
8040 15300.82
8041 7556.00
8042 1677.05
8043 2891.02
8044 18960.99
8045 6022.73
8046 20254.79
8047 1972.30
8048 6673.66
8049 4649.13
8050 5821.74
8051 18829.49
8052 78617.97
8053 7181.26
8054 5395.52
8055 3841.17
8056 8801.62
8057 32338.64
8058 7114.87
8059 32757.28
8060 11010.82
8061 1846.84
8062 930.75
8063 9976.48
8064 12601.34
8065 5388.47
8066 2665.37
8067 56384.69
8068 71600.80
8069 7354.97
8070 3473.15
8071 11675.95
8072 14267.85
8073 1036.87
8074 7817.32
8075 2812.41
8076 16461.57
8077 8097.11
8078 4094.93
8079 2824.40
8080 4614.07
8081 3670.50
8082 6884.24
8083 13399.44
8084 19685.20
8085 8603.56
8086 1405.00
8087 4035.94
8088 19551.60
8089 18529.13
8090 854.01
8091 4449.56
8092 16892.53
8093 15371.91
8094 27310.44
8095 2854.73
8096 28855.30
8097 21497.94
8098 23703.52
8099 8732.89
8100 978.84
8101 17418.42
8102 13993.36
8103 16170.64
8104 3584.06
8105 12823.91
8106 4483.61
8107 14384.47
8108 6406.83
8109 7551.54
8110 6215.17
8111 7392.88
8112 14312.71
8113 6772.55
8114 9802.23
8115 9249.37
8116 14844.62
8117 0.00
8118 3673.17
8119 11071.85
8120 3921.13
8121 812.16
8122 8979.88
8123 4893.17
8124 9849.79
8125 6308.87
8126 15973.62
8127 46252.37
8128 35096.21
8129 26898.66
8130 0.00
8131 10294.58
8132 11839.01
8133 26501.79
8134 19942.65
8135 6677.37
8136 14010.60
8137 3136.35
8138 49645.38
8139 4529.05
8140 3755.02
8141 7385.65
8142 18495.83
8143 1292.20
8144 710.97
8145 5713.73
8146 6459.09
8147 16185.49
8148 11909.33
8149 39164.47
8150 11452.77
8151 6519.06
8152 7195.01
8153 5613.43
8154 11818.67
8155 18525.60
8156 21075.13
8157 9705.27
8158 3912.57
8159 9051.01
8160 1977.65
8161 9007.45
8162 22487.31
8163 0.00
8164 12957.37
8165 4139.11
8166 4849.63
8167 1516.24
8168 39151.34
8169 5772.50
8170 11206.65
8171 15966.06
8172 34564.46
8173 60414.00
8174 6147.66
8175 12768.75
8176 63195.90
8177 20043.39
8178 16580.18
8179 6142.63
8180 2739.55
8181 13678.90
8182 15005.21
8183 9713.42
8184 8596.59
8185 16490.52
8186 21071.30
8187 6447.54
8188 3042.22
8189 10744.97
8190 9831.34
8191 3382.09
8192 34776.37
8193 2383.18
8194 894.84
8195 15516.39
8196 7794.11
8197 1568.70
8198 10946.89
8199 8907.91
8200 7847.07
8201 15753.46
8202 3517.29
8203 11406.16
8204 22560.27
8205 16193.19
8206 7160.69
8207 1282.31
8208 17071.13
8209 31705.63
8210 8850.92
8211 14639.33
8212 7668.84
8213 3831.06
8214 14821.51
8215 7139.09
8216 5044.72
8217 0.00
8218 19288.27
8219 38349.87
8220 3642.22
8221 38045.91
8222 1529.50
8223 17815.88
8224 40323.91
8225 14069.55
8226 2901.51
8227 13906.92
8228 11308.24
8229 1507.79
8230 4726.40
8231 12080.41
8232 6375.46
8233 5976.82
8234 47976.97
8235 11217.29
8236 28988.17
8237 10726.63
8238 32418.94
8239 5355.77
8240 33161.03
8241 8842.54
8242 4464.08
8243 18146.51
8244 15577.77
8245 7249.75
8246 14085.00
8247 15305.40
8248 14122.24
8249 24231.00
8250 9565.39
8251 18324.90
8252 4268.49
8253 4042.25
8254 45990.55
8255 19507.66
8256 12824.04
8257 19423.10
8258 10896.76
8259 36845.42
8260 7642.69
8261 1618.68
8262 6284.22
8263 1046.50
8264 15931.20
8265 10183.21
8266 20025.17
8267 6955.68
8268 20504.78
8269 25086.61
8270 25713.14
8271 2219.60
8272 14721.67
8273 15835.12
8274 22292.12
8275 6633.32
8276 102804.17
8277 13657.99
8278 3437.70
8279 22560.65
8280 20246.34
8281 10992.29
8282 22617.88
8283 14615.92
8284 1253.81
8285 18960.48
8286 1369.99
8287 2695.64
8288 60688.09
8289 18293.71
8290 11745.45
8291 8907.00
8292 7587.00
8293 6533.72
8294 8625.35
8295 1079.85
8296 10180.13
8297 2755.81
8298 23305.11
8299 9326.82
8300 14073.88
8301 7644.02
8302 10504.10
8303 0.00
8304 26635.75
8305 15497.86
8306 17247.12
8307 1023.95
8308 0.00
8309 19698.85
8310 29589.58
8311 0.00
8312 636.61
8313 2875.26
8314 5936.05
8315 1066.76
8316 31187.03
8317 4894.26
8318 6365.70
8319 27383.76
8320 12686.26
8321 1293.07
8322 9247.07
8323 7993.34
8324 11445.72
8325 16106.62
8326 8635.09
8327 12164.27
8328 3429.93
8329 6705.07
8330 16197.89
8331 7671.46
8332 6958.53
8333 8140.49
8334 1742.18
8335 11551.67
8336 14961.98
8337 1987.24
8338 5293.33
8339 18710.36
8340 48223.18
8341 5760.51
8342 11309.43
8343 18526.82
8344 18081.15
8345 16058.96
8346 7473.83
8347 16862.69
8348 13684.64
8349 21811.10
8350 3101.28
8351 23619.08
8352 10327.64
8353 39565.20
8354 21768.82
8355 14424.26
8356 10105.59
8357 14179.50
8358 6135.07
8359 12641.08
8360 12937.24
8361 3094.90
8362 16189.45
8363 42698.87
8364 10024.88
8365 2146.80
8366 11801.80
8367 9341.99
8368 13300.30
8369 8941.24
8370 15842.19
8371 8310.25
8372 30735.03
8373 0.00
8374 18040.95
8375 1206.99
8376 4727.02
8377 1224.80
8378 6009.79
8379 9943.27
8380 16309.93
8381 30435.35
8382 7604.82
8383 16577.42
8384 14390.64
8385 8401.63
8386 6705.35
8387 28334.19
8388 34359.91
8389 1473.32
8390 1342.34
8391 6610.40
8392 21097.29
8393 15618.37
8394 2840.62
8395 14780.25
8396 24436.36
8397 26582.88
8398 15602.49
8399 867.98
8400 31090.72
8401 9961.78
8402 9626.96
8403 6745.55
8404 8684.43
8405 8233.94
8406 20589.97
8407 3796.70
8408 12910.18
8409 1350.52
8410 1307.65
8411 11403.54
8412 15501.64
8413 55550.43
8414 6256.61
8415 1000.24
8416 6636.78
8417 3149.25
8418 11011.21
8419 36217.48
8420 32191.47
8421 3353.02
8422 6868.44
8423 1183.06
8424 38773.73
8425 6822.98
8426 35823.66
8427 9438.01
8428 8632.45
8429 30392.63
8430 9407.96
8431 14146.89
8432 10426.89
8433 20593.54
8434 22358.86
8435 28054.02
8436 18574.00
8437 6646.66
8438 6174.17
8439 6940.68
8440 24688.39
8441 8751.39
8442 9004.31
8443 6309.56
8444 14515.31
8445 33075.22
8446 2867.02
8447 13177.10
8448 7542.68
8449 6463.39
8450 3370.69
8451 35958.04
8452 17634.54
8453 3508.44
8454 1628.39
8455 14299.33
8456 3499.96
8457 4325.20
8458 2569.62
8459 9194.08
8460 21963.41
8461 7322.57
8462 28282.20
8463 788.95
8464 10863.35
8465 3280.04
8466 4713.34
8467 13249.01
8468 49913.47
8469 13997.59
8470 3148.17
8471 910.87
8472 18465.67
8473 22863.73
8474 32043.93
8475 3533.21
8476 3355.08
8477 29531.66
8478 2992.97
8479 9742.56
8480 1409.23
8481 20962.79
8482 7867.59
8483 20096.71
8484 5593.82
8485 37354.10
8486 40456.56
8487 3177.96
8488 0.00
8489 32740.10
8490 22346.56
8491 35554.68
8492 5377.42
8493 8330.57
8494 6819.82
8495 24341.52
8496 5124.76
8497 18356.45
8498 13215.55
8499 15717.32
8500 18108.67
8501 1231.29
8502 7424.87
8503 7997.51
8504 12819.07
8505 7774.33
8506 9086.02
8507 9657.00
8508 3830.90
8509 12664.20
8510 24476.57
8511 5678.59
8512 42623.17
8513 5042.08
8514 1135.29
8515 13221.40
8516 14437.88
8517 12052.06
8518 30392.73
8519 37254.80
8520 971.51
8521 2710.50
8522 39973.89
8523 3591.24
8524 3602.16
8525 787.48
8526 6769.96
8527 3133.61
8528 39216.26
8529 1039.13
8530 16550.10
8531 16135.93
8532 2993.93
8533 17894.48
8534 20356.00
8535 18415.28
8536 11495.87
8537 20686.41
8538 15648.92
8539 7233.46
8540 10075.59
8541 13395.46
8542 8263.30
8543 16637.19
8544 7346.00
8545 0.00
8546 8905.92
8547 14726.34
8548 2864.60
8549 18666.10
8550 10048.74
8551 2542.35
8552 6112.79
8553 16112.36
8554 0.00
8555 43321.90
8556 41958.16
8557 17261.81
8558 34190.40
8559 21348.28
8560 33180.75
8561 22724.13
8562 8379.45
8563 7749.79
8564 16231.28
8565 7989.15
8566 4710.61
8567 10431.47
8568 12092.86
8569 13970.68
8570 30809.90
8571 37382.64
8572 1115.64
8573 7098.08
8574 22403.31
8575 16111.01
8576 23561.74
8577 2824.84
8578 15435.46
8579 11430.69
8580 5997.33
8581 6226.16
8582 20193.88
8583 6745.43
8584 8541.32
8585 15481.03
8586 6721.79
8587 15754.11
8588 16221.34
8589 632.55
8590 18488.64
8591 8493.31
8592 9450.74
8593 22249.29
8594 2406.24
8595 10075.76
8596 33372.64
8597 10418.32
8598 2533.26
8599 19465.53
8600 15668.63
8601 11301.62
8602 10344.12
8603 44602.63
8604 559.32
8605 11505.74
8606 7030.87
8607 11015.14
8608 3854.13
8609 14994.30
8610 11042.12
8611 17487.97
8612 12104.92
8613 7903.62
8614 15865.83
8615 8601.34
8616 2477.67
8617 8707.46
8618 19265.73
8619 17556.65
8620 15789.93
8621 28241.44
8622 3776.26
8623 5629.70
8624 9466.00
8625 37489.75
8626 9402.19
8627 10320.60
8628 31152.72
8629 15293.56
8630 6232.59
8631 3033.44
8632 12539.97
8633 6742.37
8634 12051.55
8635 2409.24
8636 7586.84
8637 34932.26
8638 34098.49
8639 9272.32
8640 590.48
8641 3915.57
8642 11733.85
8643 15496.07
8644 7543.19
8645 4062.96
8646 5343.43
8647 0.00
8648 5496.57
8649 20253.38
8650 13355.18
8651 8675.91
8652 18940.45
8653 18087.73
8654 3207.73
8655 3770.94
8656 22692.37
8657 7407.79
8658 4124.14
8659 16364.95
8660 7148.22
8661 6425.81
8662 11264.31
8663 1374.13
8664 5044.67
8665 20356.18
8666 11016.67
8667 13989.85
8668 5429.61
8669 42271.15
8670 56662.89
8671 13212.67
8672 29016.99
8673 3404.27
8674 7101.86
8675 23156.44
8676 16219.25
8677 14268.47
8678 25667.75
8679 0.00
8680 30614.54
8681 22218.90
8682 2699.61
8683 6242.53
8684 12811.47
8685 62753.37
8686 685.08
8687 20916.93
8688 1120.94
8689 16388.34
8690 3400.72
8691 8711.70
8692 1783.18
8693 9245.48
8694 7976.16
8695 76738.16
8696 3266.28
8697 13201.06
8698 22670.79
8699 0.00
8700 6355.42
8701 21220.22
8702 3485.39
8703 4435.55
8704 3209.38
8705 5213.79
8706 12846.23
8707 11866.88
8708 11548.65
8709 5200.93
8710 3015.26
8711 17345.45
8712 7127.18
8713 30551.00
8714 3557.17
8715 13944.27
8716 2782.34
8717 35793.73
8718 8388.12
8719 3428.83
8720 11768.22
8721 9426.91
8722 28307.05
8723 20644.84
8724 11866.89
8725 38260.01
8726 3086.91
8727 12091.13
8728 17539.48
8729 5313.72
8730 10606.84
8731 24667.63
8732 51343.58
8733 15351.67
8734 15925.74
8735 2309.21
8736 25547.75
8737 6353.36
8738 16764.40
8739 10425.90
8740 8407.44
8741 22730.52
8742 8919.12
8743 16498.70
8744 12881.88
8745 8182.86
8746 13740.52
8747 5795.20
8748 14699.29
8749 40775.02
8750 15108.81
8751 6468.18
8752 0.00
8753 7858.36
8754 34195.25
8755 9681.82
8756 6650.66
8757 6474.10
8758 4347.45
8759 0.00
8760 23515.09
8761 7562.56
8762 9355.48
8763 20474.96
8764 4238.66
8765 16941.37
8766 10476.60
8767 7016.10
8768 5698.80
8769 18946.09
8770 718.67
8771 13925.93
8772 4058.19
8773 5094.12
8774 10794.27
8775 18881.29
8776 6138.41
8777 7503.92
8778 5862.23
8779 30601.71
8780 3467.51
8781 1161.32
8782 1741.29
8783 4734.88
8784 6446.91
8785 1634.88
8786 3105.08
8787 16446.06
8788 18792.50
8789 21734.47
8790 37428.88
8791 886.59
8792 4578.10
8793 18509.76
8794 30479.81
8795 1163.24
8796 21767.85
8797 66440.01
8798 21998.40
8799 21727.44
8800 2171.73
8801 13767.95
8802 4012.92
8803 29123.90
8804 11190.01
8805 2448.49
8806 11017.45
8807 18134.97
8808 4985.72
8809 13340.47
8810 4907.88
8811 37058.95
8812 22611.01
8813 14035.36
8814 6785.62
8815 6496.66
8816 17151.53
8817 28330.20
8818 1025.74
8819 3000.98
8820 9252.86
8821 8462.97
8822 10254.10
8823 11070.01
8824 28679.52
8825 13983.88
8826 9490.54
8827 10100.64
8828 3048.35
8829 0.00
8830 31396.88
8831 7220.64
8832 2783.54
8833 24298.67
8834 14165.32
8835 10681.51
8836 5241.00
8837 10598.35
8838 9510.12
8839 878.89
8840 18092.59
8841 4497.11
8842 23578.90
8843 7959.00
8844 20870.77
8845 13251.77
8846 10552.54
8847 14061.92
8848 8519.13
8849 8921.73
8850 3962.40
8851 9230.47
8852 9939.54
8853 10145.56
8854 17549.05
8855 2788.08
8856 9354.74
8857 10038.56
8858 8117.30
8859 7695.97
8860 40939.17
8861 12153.12
8862 6594.71
8863 15175.90
8864 3130.33
8865 8190.23
8866 35156.89
8867 9041.62
8868 3972.39
8869 3496.34
8870 1900.22
8871 5080.10
8872 1982.81
8873 20703.02
8874 12885.73
8875 31165.59
8876 12025.06
8877 23023.74
8878 5482.07
8879 7084.94
8880 10059.73
8881 9284.53
8882 21789.56
8883 8358.97
8884 54262.29
8885 5398.62
8886 7333.94
8887 3100.21
8888 3806.29
8889 24171.34
8890 16392.33
8891 38775.81
8892 8906.46
8893 1079.97
8894 26184.70
8895 0.00
8896 10445.53
8897 30497.12
8898 8422.61
8899 4312.15
8900 10959.53
8901 28006.55
8902 7679.24
8903 13626.52
8904 11512.08
8905 0.00
8906 944.27
8907 18560.16
8908 10131.39
8909 9037.98
8910 13143.45
8911 3335.36
8912 47393.03
8913 4847.08
8914 3559.38
8915 9376.94
8916 982.90
8917 4939.07
8918 11494.33
8919 21906.16
8920 12335.23
8921 16872.95
8922 9322.78
8923 7003.79
8924 15241.46
8925 4835.79
8926 1096.63
8927 48418.57
8928 12598.96
8929 1175.12
8930 13554.08
8931 6585.55
8932 1321.99
8933 17585.42
8934 29513.26
8935 3678.37
8936 6627.73
8937 9609.70
8938 1728.40
8939 39851.09
8940 20101.63
8941 6461.18
8942 20611.77
8943 7534.38
8944 778.60
8945 8383.13
8946 5762.26
8947 8043.80
8948 32759.87
8949 6702.76
8950 14737.05
8951 14140.88
8952 34933.70
8953 3823.20
8954 17031.45
8955 11096.52
8956 12374.68
8957 3575.94
8958 14686.65
8959 8601.84
8960 5929.35
8961 24405.60
8962 14578.29
8963 5429.90
8964 28483.88
8965 9602.85
8966 8719.91
8967 7820.35
8968 844.55
8969 15926.10
8970 9347.98
8971 6767.79
8972 6738.38
8973 15832.88
8974 3377.08
8975 18302.09
8976 3692.34
8977 3125.39
8978 12904.03
8979 17812.54
8980 8516.81
8981 10815.83
8982 19027.08
8983 7945.67
8984 12525.89
8985 5052.19
8986 7958.32
8987 4207.08
8988 26110.10
8989 4409.92
8990 28499.41
8991 11602.89
8992 4864.15
8993 9519.40
8994 5076.08
8995 9795.03
8996 10740.65
8997 12290.30
8998 16251.93
8999 11882.42
9000 19872.91
9001 15267.47
9002 3342.06
9003 14619.72
9004 41179.68
9005 16388.92
9006 5697.88
9007 7454.63
9008 9394.90
9009 18443.05
9010 7944.43
9011 927.21
9012 10152.81
9013 47799.05
9014 6876.91
9015 7635.07
9016 15774.97
9017 933.10
9018 14623.43
9019 1089.94
9020 2221.70
9021 3666.10
9022 54644.39
9023 3437.54
9024 18382.10
9025 12568.76
9026 2112.10
9027 4469.86
9028 1564.27
9029 11661.68
9030 6860.03
9031 26616.17
9032 18515.12
9033 15785.23
9034 35469.02
9035 22105.61
9036 8933.34
9037 32232.13
9038 9955.84
9039 7363.41
9040 16713.27
9041 15116.42
9042 43920.99
9043 36385.05
9044 9377.94
9045 7081.31
9046 12767.95
9047 1214.58
9048 2130.41
9049 22893.07
9050 7174.25
9051 14878.87
9052 4979.64
9053 12663.23
9054 18498.86
9055 7829.92
9056 7081.67
9057 2881.01
9058 5485.85
9059 3601.93
9060 20598.21
9061 19814.28
9062 2259.63
9063 9341.55
9064 31620.97
9065 3895.17
9066 20949.79
9067 7171.68
9068 21584.19
9069 3294.28
9070 9583.58
9071 27844.09
9072 9416.04
9073 5526.47
9074 11915.06
9075 3822.19
9076 4465.84
9077 11654.79
9078 15396.62
9079 18773.97
9080 0.00
9081 7966.70
9082 9274.02
9083 21055.71
9084 916.22
9085 18247.39
9086 22523.79
9087 6809.79
9088 16052.46
9089 14004.87
9090 15914.36
9091 12913.38
9092 13272.05
9093 9586.00
9094 4171.56
9095 5288.04
9096 1004.15
9097 5814.71
9098 11292.61
9099 9184.08
9100 3583.23
9101 2769.00
9102 3288.00
9103 26707.34
9104 7830.16
9105 2677.15
9106 4228.91
9107 10167.55
9108 16159.02
9109 23224.01
9110 22431.95
9111 10160.26
9112 17344.53
9113 23220.87
9114 2372.74
9115 7442.52
9116 10353.43
9117 15847.84
9118 17306.02
9119 17739.08
9120 7421.26
9121 2489.89
9122 21880.90
9123 5632.37
9124 39451.77
9125 7836.54
9126 5993.32
9127 4554.84
9128 17823.08
9129 3813.61
9130 4876.75
9131 4836.61
9132 11636.56
9133 10789.15
9134 6373.38
9135 15905.25
9136 23635.51
9137 5347.19
9138 0.00
9139 9712.27
9140 22296.45
9141 1789.11
9142 12396.41
9143 13465.15
9144 8765.19
9145 4723.25
9146 0.00
9147 15164.02
9148 36484.50
9149 17151.04
9150 9406.80
9151 17853.43
9152 3623.97
9153 13138.41
9154 7822.31
9155 17429.67
9156 18879.36
9157 16507.16
9158 9854.75
9159 6843.27
9160 26732.84
9161 976.75
9162 7324.05
9163 5727.59
9164 19551.22
9165 21302.85
9166 1014.76
9167 44371.74
9168 20327.23
9169 1169.02
9170 3012.99
9171 395.45
9172 3068.82
9173 1510.55
9174 8170.97
9175 12790.85
9176 19924.62
9177 7240.42
9178 3419.37
9179 11318.02
9180 20201.75
9181 18200.94
9182 953.90
9183 3164.45
9184 4761.96
9185 49295.18
9186 26500.80
9187 10963.14
9188 3464.70
9189 20754.14
9190 0.00
9191 5791.05
9192 14568.67
9193 1588.03
9194 8882.40
9195 12492.93
9196 6760.19
9197 13542.38
9198 0.00
9199 2889.03
9200 16241.37
9201 7194.71
9202 10943.45
9203 13051.30
9204 0.00
9205 6513.85
9206 21315.39
9207 918.09
9208 11713.95
9209 18459.55
9210 23372.53
9211 12838.17
9212 31281.25
9213 22038.09
9214 40596.15
9215 22101.71
9216 11144.78
9217 2941.80
9218 6127.15
9219 0.00
9220 25985.23
9221 21505.93
9222 7768.43
9223 10815.23
9224 8654.97
9225 26192.24
9226 15302.00
9227 6301.51
9228 2864.48
9229 25444.81
9230 42731.80
9231 29567.97
9232 1319.71
9233 17651.94
9234 5792.61
9235 2858.80
9236 790.56
9237 13695.08
9238 1376.74
9239 21009.85
9240 7332.92
9241 12450.29
9242 0.00
9243 21839.04
9244 10016.72
9245 13846.84
9246 2609.13
9247 4852.81
9248 17614.27
9249 15587.36
9250 26477.57
9251 3441.14
9252 33745.47
9253 1227.89
9254 26527.33
9255 11607.63
9256 4368.68
9257 15251.42
9258 59613.08
9259 15819.24
9260 7208.10
9261 10214.76
9262 10978.64
9263 16890.71
9264 30499.27
9265 10851.37
9266 16291.65
9267 24201.93
9268 1269.48
9269 38045.65
9270 9475.36
9271 12982.26
9272 10688.92
9273 26853.67
9274 28626.02
9275 5254.28
9276 1310.32
9277 6946.40
9278 15560.26
9279 5831.03
9280 2815.15
9281 4793.96
9282 15781.68
9283 7443.16
9284 1081.23
9285 2530.50
9286 864.73
9287 7575.24
9288 4033.77
9289 3441.05
9290 61857.00
9291 5055.38
9292 899.25
9293 5867.73
9294 6458.17
9295 12139.31
9296 3061.03
9297 18676.18
9298 11960.75
9299 2931.64
9300 10072.60
9301 11636.15
9302 27781.05
9303 14288.82
9304 15418.94
9305 11528.89
9306 11562.32
9307 3838.28
9308 16210.94
9309 8497.83
9310 3583.89
9311 18756.26
9312 6365.74
9313 25885.82
9314 9689.59
9315 689.24
9316 6405.31
9317 0.00
9318 7957.53
9319 15167.29
9320 14366.76
9321 20409.95
9322 23024.32
9323 11443.99
9324 949.32
9325 2940.74
9326 11234.87
9327 9280.07
9328 9364.61
9329 20316.95
9330 4015.26
9331 0.00
9332 20261.59
9333 5619.30
9334 2387.59
9335 2677.31
9336 13152.77
9337 22457.27
9338 1477.17
9339 3396.27
9340 21895.20
9341 8694.86
9342 5192.03
9343 10899.04
9344 3805.41
9345 47657.47
9346 15140.15
9347 20983.26
9348 6309.82
9349 2709.86
9350 34679.74
9351 8651.07
9352 29903.63
9353 29125.03
9354 30169.20
9355 19542.93
9356 46036.82
9357 36292.24
9358 991.91
9359 3625.93
9360 10414.97
9361 4612.57
9362 1055.25
9363 10071.71
9364 10700.25
9365 7246.63
9366 6993.27
9367 0.00
9368 30065.45
9369 22275.75
9370 19914.11
9371 21312.03
9372 3421.44
9373 11177.98
9374 11303.28
9375 11407.57
9376 23242.43
9377 21766.44
9378 63991.63
9379 27912.57
9380 15708.98
9381 1622.86
9382 12440.13
9383 6065.73
9384 14371.42
9385 1148.08
9386 11385.70
9387 8676.12
9388 10728.38
9389 1031.90
9390 12131.84
9391 14846.44
9392 21966.41
9393 5715.22
9394 21683.93
9395 28278.95
9396 1472.82
9397 8824.50
9398 842.12
9399 45638.25
9400 2798.85
9401 16562.51
9402 3472.37
9403 9393.05
9404 6128.41
9405 21741.91
9406 6264.49
9407 2031.06
9408 4696.89
9409 23441.90
9410 1903.76
9411 17853.11
9412 12574.02
9413 12149.01
9414 25457.71
9415 5488.17
9416 16153.39
9417 26594.04
9418 15411.14
9419 4562.60
9420 11186.02
9421 2834.57
9422 4449.04
9423 16907.41
9424 9386.85
9425 8318.65
9426 23878.85
9427 0.00
9428 19726.68
9429 1536.18
9430 14724.06
9431 11426.89
9432 902.62
9433 8670.07
9434 7426.52
9435 1182.08
9436 18582.13
9437 10577.15
9438 26588.88
9439 19899.48
9440 8714.35
9441 981.12
9442 8040.64
9443 10199.08
9444 5689.09
9445 0.00
9446 3503.55
9447 7859.24
9448 5783.63
9449 3133.07
9450 9210.95
9451 18865.79
9452 5227.99
9453 17657.01
9454 18141.44
9455 11390.28
9456 23975.02
9457 9101.41
9458 4539.45
9459 1011.70
9460 0.00
9461 1109.84
9462 13276.92
9463 18974.68
9464 0.00
9465 14483.47
9466 27085.03
9467 22712.18
9468 18211.50
9469 14977.52
9470 2424.03
9471 15909.38
9472 14153.85
9473 11424.45
9474 9754.54
9475 14097.14
9476 16304.78
9477 5289.83
9478 22464.12
9479 7456.86
9480 14745.92
9481 19375.95
9482 8134.96
9483 13212.09
9484 16620.99
9485 7383.37
9486 8956.95
9487 0.00
9488 33979.65
9489 7805.79
9490 13151.85
9491 16214.97
9492 6875.50
9493 7525.80
9494 24415.06
9495 11435.93
9496 801.18
9497 10836.82
9498 10263.25
9499 19718.81
9500 10529.53
9501 3901.45
9502 6271.24
9503 1595.45
9504 4938.79
9505 3239.67
9506 6491.85
9507 13911.47
9508 8410.34
9509 3758.62
9510 9390.08
9511 3248.47
9512 2851.53
9513 5953.76
9514 17172.30
9515 1574.60
9516 12333.12
9517 19055.73
9518 4658.80
9519 5855.71
9520 1050.96
9521 19433.10
9522 24679.45
9523 1013.24
9524 18404.73
9525 13604.14
9526 9732.10
9527 28864.60
9528 5683.19
9529 12554.54
9530 18038.90
9531 3369.98
9532 9161.37
9533 8925.76
9534 0.00
9535 27254.65
9536 10779.17
9537 6698.32
9538 10032.17
9539 12675.58
9540 12737.12
9541 4135.75
9542 5773.90
9543 2583.17
9544 11655.26
9545 8706.63
9546 15722.78
9547 11155.70
9548 0.00
9549 27539.05
9550 1134.85
9551 7415.35
9552 10911.71
9553 19331.28
9554 11620.82
9555 30296.67
9556 7493.91
9557 8002.06
9558 4326.11
9559 4558.43
9560 4237.92
9561 37675.85
9562 8032.48
9563 3727.33
9564 834.26
9565 4235.23
9566 20288.02
9567 1302.10
9568 23231.18
9569 8214.72
9570 3634.72
9571 13107.17
9572 7944.87
9573 4712.09
9574 10322.90
9575 2916.42
9576 25918.20
9577 12604.45
9578 17484.45
9579 7418.32
9580 12851.77
9581 3357.36
9582 4472.86
9583 19447.98
9584 3552.27
9585 1132.60
9586 9033.49
9587 13659.74
9588 12223.94
9589 30379.06
9590 1012.80
9591 9420.14
9592 0.00
9593 7285.89
9594 0.00
9595 5569.97
9596 0.00
9597 17738.11
9598 16479.67
9599 12238.46
9600 25503.82
9601 1521.02
9602 10247.67
9603 11477.07
9604 6024.72
9605 6846.08
9606 24097.78
9607 7879.50
9608 27972.21
9609 18881.77
9610 2670.15
9611 10114.19
9612 3467.24
9613 18985.72
9614 798.40
9615 34565.26
9616 8430.93
9617 6264.06
9618 13905.84
9619 0.00
9620 3067.67
9621 17028.25
9622 6195.57
9623 0.00
9624 11356.48
9625 13338.07
9626 10928.40
9627 20431.48
9628 7207.91
9629 26769.77
9630 42757.06
9631 16326.50
9632 13643.15
9633 8001.57
9634 9770.68
9635 18447.64
9636 2811.49
9637 12304.65
9638 3937.84
9639 9561.03
9640 3441.71
9641 17381.00
9642 29095.59
9643 12287.26
9644 9548.98
9645 13427.38
9646 6954.57
9647 26988.33
9648 9416.65
9649 30126.15
9650 19556.52
9651 1465.86
9652 18060.62
9653 6734.95
9654 1042.81
9655 22298.04
9656 1580.06
9657 3707.26
9658 6497.58
9659 6119.79
9660 3858.25
9661 18655.15
9662 9464.61
9663 1285.97
9664 4208.26
9665 11125.98
9666 14977.91
9667 7661.45
9668 68647.46
9669 3431.13
9670 34086.63
9671 1051.92
9672 47172.03
9673 56173.97
9674 924.71
9675 6191.37
9676 909.71
9677 7667.52
9678 10127.12
9679 3121.13
9680 9043.89
9681 1067.39
9682 6124.31
9683 10321.24
9684 0.00
9685 8790.95
9686 8009.78
9687 19153.78
9688 1265.35
9689 2547.12
9690 16336.54
9691 15190.11
9692 17387.97
9693 4715.45
9694 1516.52
9695 8601.86
9696 32233.37
9697 3956.08
9698 19809.95
9699 5302.54
9700 3052.02
9701 6601.40
9702 25221.95
9703 18671.16
9704 8351.49
9705 8690.43
9706 814.93
9707 6219.93
9708 23150.43
9709 9404.33
9710 7286.47
9711 20806.37
9712 14838.82
9713 8941.13
9714 5524.22
9715 1806.88
9716 1177.30
9717 6886.23
9718 20448.68
9719 16174.04
9720 14194.54
9721 3825.41
9722 0.00
9723 15307.73
9724 6784.12
9725 9949.34
9726 14951.71
9727 34501.27
9728 1965.48
9729 4451.97
9730 30590.89
9731 1747.74
9732 5087.69
9733 9886.68
9734 16547.32
9735 47020.60
9736 38458.72
9737 7935.80
9738 9264.42
9739 7959.19
9740 24158.55
9741 5291.83
9742 14318.88
9743 20450.74
9744 2731.38
9745 13114.05
9746 3014.92
9747 12965.08
9748 40222.22
9749 3441.63
9750 10179.47
9751 25106.65
9752 0.00
9753 20311.82
9754 5399.43
9755 27112.08
9756 1335.50
9757 25490.07
9758 857.34
9759 25409.67
9760 15062.21
9761 18874.97
9762 7562.51
9763 15895.50
9764 6829.97
9765 1124.54
9766 14210.59
9767 7188.88
9768 2985.53
9769 27898.19
9770 5217.49
9771 4481.10
9772 1930.22
9773 992.76
9774 3838.22
9775 6320.08
9776 3107.63
9777 1061.66
9778 8496.57
9779 18129.62
9780 16419.55
9781 7739.92
9782 1171.55
9783 8659.40
9784 3517.48
9785 3940.49
9786 2486.49
9787 5100.91
9788 6823.67
9789 22387.24
9790 12008.20
9791 9859.86
9792 15012.71
9793 1071.65
9794 2579.92
9795 9750.96
9796 24311.19
9797 3584.57
9798 5807.38
9799 3207.44
9800 11396.89
9801 8133.14
9802 4393.21
9803 10863.02
9804 31251.82
9805 5102.48
9806 22475.48
9807 15859.59
9808 15713.37
9809 9417.58
9810 8768.00
9811 17075.61
9812 38780.20
9813 25275.47
9814 27849.67
9815 3443.60
9816 3131.52
9817 20602.19
9818 978.73
9819 5217.74
9820 10080.31
9821 9328.78
9822 17391.52
9823 11309.49
9824 8873.40
9825 1374.23
9826 19388.76
9827 12371.07
9828 7624.94
9829 31039.15
9830 34502.29
9831 15332.36
9832 26690.43
9833 7513.49
9834 6759.31
9835 22592.96
9836 23474.72
9837 10266.41
9838 7386.23
9839 6244.68
9840 20570.19
9841 18490.22
9842 22826.64
9843 9338.29
9844 3173.14
9845 20408.89
9846 0.00
9847 10085.57
9848 6244.31
9849 6602.10
9850 4717.10
9851 1470.10
9852 4697.91
9853 21576.12
9854 3150.24
9855 0.00
9856 40409.79
9857 17658.20
9858 1735.63
9859 15174.78
9860 41646.71
9861 6775.48
9862 10117.33
9863 8682.04
9864 6317.12
9865 1381.36
9866 8425.80
9867 12267.64
9868 19427.82
9869 34397.79
9870 18293.00
9871 995.13
9872 3656.98
9873 7316.95
9874 16108.88
9875 13882.33
9876 2975.72
9877 9122.64
9878 1223.22
9879 11393.77
9880 37008.72
9881 942.30
9882 7179.53
9883 4916.60
9884 1416.45
9885 0.00
9886 3983.72
9887 13210.98
9888 9914.78
9889 1053.85
9890 10645.69
9891 11453.36
9892 15044.21
9893 3157.71
9894 22289.91
9895 22488.75
9896 11097.91
9897 4573.23
9898 1902.08
9899 25122.94
9900 22586.98
9901 3094.67
9902 9795.51
9903 10168.19
9904 30215.56
9905 16040.29
9906 44187.66
9907 36486.19
9908 11924.38
9909 8448.20
9910 21331.16
9911 11609.70
9912 23994.79
9913 13871.40
9914 1495.54
9915 6056.29
9916 8535.64
9917 9001.26
9918 0.00
9919 7840.90
9920 12484.73
9921 19480.89
9922 2681.18
9923 15479.41
9924 18334.65
9925 14365.51
9926 691.08
9927 6191.33
9928 3209.14
9929 21108.33
9930 10434.74
9931 28918.76
9932 25181.86
9933 2892.42
9934 23025.69
9935 6797.65
9936 1370.82
9937 17028.12
9938 14067.70
9939 7831.16
9940 4956.68
9941 2453.80
9942 9026.40
9943 3713.71
9944 24682.34
9945 2786.68
9946 11697.14
9947 2527.77
9948 0.00
9949 4105.50
9950 6669.12
9951 8987.34
9952 9191.91
9953 36759.63
9954 21005.60
9955 8694.59
9956 26299.65
9957 6231.21
9958 11739.27
9959 12438.98
9960 10024.52
9961 3676.23
9962 6767.25
9963 14404.80
9964 5173.87
9965 33816.30
9966 7160.67
9967 5782.27
9968 20253.76
9969 19336.72
9970 17231.17
9971 19324.67
9972 3392.64
9973 21949.35
9974 9927.70
9975 0.00
9976 4209.81
9977 3769.68
9978 623.43
9979 4725.42
9980 3474.52
9981 28480.54
9982 7565.04
9983 6252.06
9984 1427.95
9985 14495.61
9986 5975.19
9987 6703.61
9988 3674.92
9989 1212.66
9990 9751.73
9991 2704.59
9992 2728.02
9993 6864.71
9994 33157.20
9995 11602.83
9996 1407.33
9997 3403.56
9998 8629.53
9999 13624.98
