Number of components: 60
Vertex Component:
0	0
1	0
2	0
3	0
4	0
5	0
6	0
7	0
8	0
9	0
10	0
11	0
12	0
13	0
14	0
15	0
16	0
17	0
18	0
19	0
20	0
21	0
22	0
23	0
24	0
25	0
26	0
27	0
28	0
29	0
30	0
31	0
32	0
33	0
34	0
35	0
36	0
37	0
38	0
39	0
40	0
41	0
42	0
43	0
44	0
45	0
46	0
47	0
48	0
49	0
50	0
51	0
52	0
53	0
54	0
55	0
56	0
57	0
58	0
59	0
60	0
61	0
62	0
63	0
64	0
65	0
66	0
67	0
68	0
69	0
70	0
71	0
72	0
73	0
74	0
75	0
76	0
77	0
78	0
79	0
80	0
81	0
82	0
83	0
84	0
85	0
86	0
87	0
88	0
89	0
90	0
91	0
92	0
93	0
94	0
95	0
96	0
97	0
98	0
99	0
100	0
101	0
102	0
103	0
104	0
105	0
106	0
107	0
108	0
109	0
110	0
111	0
112	0
113	0
114	0
115	0
116	0
117	0
118	0
119	0
120	0
121	0
122	0
123	0
124	0
125	0
126	0
127	0
128	0
129	0
130	0
131	0
132	0
133	0
134	0
135	0
136	0
137	0
138	0
139	0
140	0
141	0
142	0
143	0
144	0
145	0
146	0
147	0
148	0
149	0
150	0
151	0
152	0
153	0
154	0
155	0
156	0
157	0
158	0
159	0
160	0
161	0
162	0
163	0
164	0
165	0
166	0
167	0
168	0
169	0
170	0
171	0
172	0
173	0
174	0
175	0
176	0
177	0
178	0
179	0
180	0
181	0
182	0
183	0
184	0
185	0
186	0
187	0
188	0
189	0
190	0
191	0
192	0
193	0
194	0
195	0
196	0
197	0
198	0
199	0
200	0
201	0
202	0
203	0
204	0
205	0
206	0
207	0
208	0
209	0
210	0
211	0
212	0
213	0
214	0
215	0
216	0
217	0
218	0
219	0
220	0
221	0
222	0
223	0
224	0
225	0
226	0
227	0
228	0
229	0
230	0
231	0
232	0
233	0
234	0
235	0
236	0
237	0
238	0
239	0
240	0
241	0
242	0
243	0
244	0
245	0
246	0
247	0
248	0
249	0
250	0
251	0
252	0
253	0
254	0
255	0
256	0
257	0
258	0
259	0
260	0
261	0
262	0
263	0
264	0
265	0
266	0
267	0
268	0
269	0
270	0
271	0
272	0
273	0
274	0
275	0
276	0
277	0
278	0
279	0
280	0
281	0
282	0
283	0
284	0
285	0
286	0
287	0
288	0
289	0
290	0
291	0
292	0
293	0
294	0
295	0
296	0
297	0
298	0
299	0
300	0
301	0
302	0
303	0
304	0
305	0
306	0
307	0
308	0
309	0
310	0
311	0
312	0
313	0
314	0
315	0
316	0
317	0
318	0
319	0
320	0
321	0
322	0
323	0
324	0
325	0
326	0
327	0
328	0
329	0
330	0
331	0
332	0
333	0
334	0
335	0
336	0
337	0
338	0
339	0
340	0
341	0
342	0
343	0
344	0
345	0
346	0
347	0
348	0
349	0
350	0
351	0
352	0
353	0
354	0
355	0
356	0
357	0
358	0
359	0
360	0
361	0
362	0
363	0
364	0
365	0
366	0
367	0
368	0
369	0
370	0
371	0
372	0
373	0
374	0
375	0
376	0
377	0
378	0
379	0
380	0
381	0
382	0
383	0
384	0
385	0
386	0
387	0
388	0
389	0
390	0
391	0
392	0
393	0
394	0
395	0
396	0
397	0
398	0
399	0
400	0
401	0
402	0
403	0
404	0
405	0
406	0
407	0
408	0
409	0
410	0
411	0
412	0
413	0
414	0
415	0
416	0
417	0
418	0
419	0
420	0
421	0
422	0
423	0
424	0
425	0
426	0
427	0
428	0
429	0
430	0
431	0
432	0
433	0
434	0
435	0
436	0
437	0
438	0
439	0
440	0
441	0
442	0
443	0
444	0
445	0
446	0
447	0
448	0
449	0
450	0
451	0
452	0
453	0
454	0
455	0
456	0
457	0
458	0
459	0
460	0
461	0
462	0
463	0
464	0
465	0
466	0
467	0
468	0
469	0
470	0
471	0
472	0
473	0
474	0
475	0
476	0
477	0
478	0
479	0
480	0
481	0
482	0
483	0
484	0
485	0
486	0
487	0
488	0
489	0
490	0
491	0
492	0
493	0
494	0
495	0
496	0
497	0
498	0
499	0
500	0
501	0
502	0
503	0
504	0
505	0
506	0
507	0
508	0
509	0
510	0
511	0
512	0
513	0
514	0
515	0
516	0
517	0
518	0
519	0
520	0
521	0
522	0
523	0
524	0
525	0
526	0
527	0
528	0
529	0
530	0
531	0
532	0
533	0
534	0
535	0
536	0
537	0
538	0
539	0
540	0
541	0
542	0
543	0
544	0
545	0
546	0
547	0
548	0
549	0
550	0
551	0
552	0
553	0
554	0
555	0
556	0
557	0
558	0
559	0
560	0
561	0
562	0
563	0
564	0
565	0
566	0
567	0
568	0
569	0
570	0
571	0
572	0
573	0
574	0
575	0
576	0
577	0
578	0
579	0
580	0
581	0
582	0
583	0
584	0
585	0
586	0
587	0
588	0
589	0
590	0
591	0
592	0
593	0
594	0
595	0
596	0
597	0
598	0
599	0
600	0
601	0
602	0
603	0
604	0
605	0
606	0
607	0
608	0
609	0
610	0
611	0
612	0
613	0
614	0
615	0
616	0
617	0
618	0
619	0
620	0
621	0
622	0
623	0
624	0
625	0
626	0
627	0
628	0
629	0
630	0
631	0
632	0
633	0
634	0
635	0
636	0
637	0
638	0
639	0
640	0
641	0
642	0
643	0
644	0
645	0
646	0
647	0
648	0
649	0
650	0
651	0
652	0
653	0
654	0
655	0
656	0
657	0
658	0
659	0
660	0
661	0
662	0
663	0
664	0
665	0
666	0
667	0
668	0
669	0
670	0
671	0
672	0
673	0
674	0
675	0
676	0
677	0
678	0
679	0
680	0
681	0
682	0
683	0
684	0
685	0
686	0
687	0
688	0
689	0
690	0
691	0
692	0
693	0
694	0
695	0
696	0
697	0
698	0
699	0
700	0
701	0
702	0
703	0
704	0
705	0
706	0
707	0
708	0
709	0
710	0
711	0
712	0
713	0
714	0
715	0
716	0
717	0
718	0
719	0
720	0
721	0
722	0
723	0
724	0
725	0
726	0
727	0
728	0
729	0
730	0
731	0
732	0
733	0
734	0
735	0
736	0
737	0
738	0
739	0
740	0
741	0
742	0
743	0
744	0
745	0
746	0
747	0
748	0
749	0
750	0
751	0
752	0
753	0
754	0
755	0
756	0
757	0
758	0
759	0
760	0
761	0
762	0
763	0
764	0
765	0
766	0
767	0
768	0
769	0
770	0
771	0
772	0
773	0
774	0
775	0
776	0
777	0
778	0
779	0
780	0
781	0
782	0
783	0
784	0
785	0
786	0
787	0
788	0
789	0
790	0
791	0
792	0
793	0
794	0
795	0
796	0
797	0
798	0
799	0
800	0
801	0
802	0
803	0
804	0
805	0
806	0
807	0
808	0
809	0
810	0
811	0
812	0
813	0
814	0
815	0
816	0
817	0
818	0
819	0
820	0
821	0
822	0
823	0
824	0
825	0
826	0
827	0
828	0
829	0
830	0
831	0
832	0
833	1
834	1
835	1
836	1
837	1
838	1
839	1
840	1
841	1
842	1
843	1
844	1
845	1
846	1
847	1
848	1
849	1
850	1
851	1
852	1
853	1
854	1
855	1
856	1
857	1
858	1
859	1
860	1
861	1
862	1
863	1
864	1
865	1
866	1
867	1
868	1
869	1
870	1
871	1
872	1
873	1
874	1
875	1
876	1
877	1
878	1
879	1
880	1
881	1
882	1
883	1
884	1
885	1
886	1
887	1
888	1
889	1
890	1
891	1
892	1
893	1
894	1
895	1
896	1
897	1
898	1
899	1
900	1
901	1
902	1
903	1
904	1
905	1
906	1
907	1
908	1
909	1
910	1
911	1
912	1
913	1
914	1
915	1
916	1
917	1
918	1
919	1
920	1
921	1
922	1
923	1
924	1
925	1
926	1
927	1
928	1
929	1
930	1
931	1
932	1
933	1
934	1
935	1
936	1
937	1
938	1
939	1
940	1
941	1
942	1
943	1
944	1
945	1
946	1
947	1
948	1
949	1
950	1
951	1
952	1
953	1
954	1
955	1
956	1
957	1
958	1
959	1
960	1
961	1
962	1
963	1
964	1
965	1
966	1
967	1
968	1
969	1
970	1
971	1
972	1
973	1
974	1
975	1
976	1
977	1
978	1
979	1
980	1
981	1
982	1
983	1
984	1
985	1
986	1
987	1
988	1
989	1
990	1
991	1
992	1
993	1
994	1
995	1
996	1
997	1
998	1
999	1
1000	1
1001	1
1002	1
1003	1
1004	1
1005	1
1006	1
1007	1
1008	1
1009	1
1010	1
1011	1
1012	1
1013	1
1014	1
1015	1
1016	1
1017	1
1018	1
1019	1
1020	1
1021	1
1022	1
1023	1
1024	1
1025	1
1026	1
1027	1
1028	1
1029	1
1030	1
1031	1
1032	1
1033	1
1034	1
1035	1
1036	1
1037	1
1038	1
1039	1
1040	1
1041	1
1042	1
1043	1
1044	1
1045	1
1046	1
1047	1
1048	1
1049	1
1050	1
1051	1
1052	1
1053	1
1054	1
1055	1
1056	1
1057	1
1058	1
1059	1
1060	1
1061	1
1062	1
1063	1
1064	1
1065	1
1066	1
1067	1
1068	1
1069	1
1070	1
1071	1
1072	1
1073	1
1074	1
1075	1
1076	1
1077	1
1078	1
1079	1
1080	1
1081	1
1082	1
1083	1
1084	1
1085	1
1086	1
1087	1
1088	1
1089	1
1090	1
1091	1
1092	1
1093	1
1094	1
1095	1
1096	1
1097	1
1098	1
1099	1
1100	1
1101	1
1102	1
1103	1
1104	1
1105	1
1106	1
1107	1
1108	1
1109	1
1110	1
1111	1
1112	1
1113	1
1114	1
1115	1
1116	1
1117	1
1118	1
1119	1
1120	1
1121	1
1122	1
1123	1
1124	1
1125	1
1126	1
1127	1
1128	1
1129	1
1130	1
1131	1
1132	1
1133	1
1134	1
1135	1
1136	1
1137	1
1138	1
1139	1
1140	1
1141	1
1142	1
1143	1
1144	1
1145	1
1146	1
1147	1
1148	1
1149	1
1150	1
1151	1
1152	1
1153	1
1154	1
1155	1
1156	1
1157	1
1158	1
1159	1
1160	1
1161	1
1162	1
1163	1
1164	1
1165	1
1166	1
1167	1
1168	1
1169	1
1170	1
1171	1
1172	1
1173	1
1174	1
1175	1
1176	1
1177	1
1178	1
1179	1
1180	1
1181	1
1182	1
1183	1
1184	1
1185	1
1186	1
1187	1
1188	1
1189	1
1190	1
1191	1
1192	1
1193	1
1194	1
1195	1
1196	1
1197	1
1198	1
1199	1
1200	1
1201	1
1202	1
1203	1
1204	1
1205	1
1206	1
1207	1
1208	1
1209	1
1210	1
1211	1
1212	1
1213	1
1214	1
1215	1
1216	1
1217	1
1218	1
1219	1
1220	1
1221	1
1222	1
1223	1
1224	1
1225	1
1226	1
1227	1
1228	1
1229	1
1230	1
1231	1
1232	1
1233	1
1234	1
1235	1
1236	1
1237	1
1238	1
1239	1
1240	1
1241	1
1242	1
1243	1
1244	1
1245	1
1246	1
1247	1
1248	1
1249	1
1250	1
1251	1
1252	1
1253	1
1254	1
1255	1
1256	1
1257	1
1258	1
1259	1
1260	1
1261	1
1262	1
1263	1
1264	1
1265	1
1266	1
1267	1
1268	1
1269	1
1270	1
1271	1
1272	1
1273	1
1274	1
1275	1
1276	1
1277	1
1278	1
1279	1
1280	1
1281	1
1282	1
1283	1
1284	1
1285	1
1286	1
1287	1
1288	1
1289	1
1290	1
1291	1
1292	1
1293	1
1294	1
1295	1
1296	1
1297	1
1298	1
1299	1
1300	1
1301	1
1302	1
1303	1
1304	1
1305	1
1306	1
1307	1
1308	1
1309	1
1310	1
1311	1
1312	1
1313	1
1314	1
1315	1
1316	1
1317	1
1318	1
1319	1
1320	1
1321	1
1322	1
1323	1
1324	1
1325	1
1326	1
1327	1
1328	1
1329	1
1330	1
1331	1
1332	1
1333	1
1334	1
1335	1
1336	1
1337	1
1338	1
1339	1
1340	1
1341	1
1342	1
1343	1
1344	1
1345	1
1346	1
1347	1
1348	1
1349	1
1350	1
1351	1
1352	1
1353	1
1354	1
1355	1
1356	1
1357	1
1358	1
1359	1
1360	1
1361	1
1362	1
1363	1
1364	1
1365	1
1366	1
1367	1
1368	1
1369	1
1370	1
1371	1
1372	1
1373	1
1374	1
1375	1
1376	1
1377	1
1378	1
1379	1
1380	1
1381	1
1382	1
1383	1
1384	1
1385	1
1386	1
1387	1
1388	1
1389	1
1390	1
1391	1
1392	1
1393	1
1394	1
1395	1
1396	1
1397	1
1398	1
1399	1
1400	1
1401	1
1402	1
1403	1
1404	1
1405	1
1406	1
1407	1
1408	1
1409	1
1410	1
1411	1
1412	1
1413	1
1414	1
1415	1
1416	1
1417	1
1418	1
1419	1
1420	1
1421	1
1422	1
1423	1
1424	1
1425	1
1426	1
1427	1
1428	1
1429	1
1430	1
1431	1
1432	1
1433	1
1434	1
1435	1
1436	1
1437	1
1438	1
1439	1
1440	1
1441	1
1442	1
1443	1
1444	1
1445	1
1446	1
1447	1
1448	1
1449	1
1450	1
1451	1
1452	1
1453	1
1454	1
1455	1
1456	1
1457	1
1458	1
1459	1
1460	1
1461	1
1462	1
1463	1
1464	1
1465	1
1466	1
1467	1
1468	1
1469	1
1470	1
1471	1
1472	1
1473	1
1474	1
1475	1
1476	1
1477	1
1478	1
1479	1
1480	1
1481	1
1482	1
1483	1
1484	1
1485	1
1486	1
1487	1
1488	1
1489	1
1490	1
1491	1
1492	1
1493	1
1494	1
1495	1
1496	1
1497	1
1498	1
1499	1
1500	1
1501	1
1502	1
1503	1
1504	1
1505	1
1506	1
1507	1
1508	1
1509	1
1510	1
1511	1
1512	1
1513	1
1514	1
1515	1
1516	1
1517	1
1518	1
1519	1
1520	1
1521	1
1522	1
1523	1
1524	1
1525	1
1526	1
1527	1
1528	1
1529	1
1530	1
1531	1
1532	1
1533	1
1534	1
1535	1
1536	1
1537	1
1538	1
1539	1
1540	1
1541	1
1542	1
1543	1
1544	1
1545	1
1546	1
1547	1
1548	1
1549	1
1550	1
1551	1
1552	1
1553	1
1554	1
1555	1
1556	1
1557	1
1558	1
1559	1
1560	1
1561	1
1562	1
1563	1
1564	1
1565	1
1566	1
1567	1
1568	1
1569	1
1570	1
1571	1
1572	1
1573	1
1574	1
1575	1
1576	1
1577	1
1578	1
1579	1
1580	1
1581	1
1582	1
1583	1
1584	1
1585	1
1586	1
1587	1
1588	1
1589	1
1590	1
1591	1
1592	1
1593	1
1594	1
1595	1
1596	1
1597	1
1598	1
1599	1
1600	1
1601	1
1602	1
1603	1
1604	1
1605	1
1606	1
1607	1
1608	1
1609	1
1610	1
1611	1
1612	1
1613	1
1614	1
1615	1
1616	1
1617	1
1618	1
1619	1
1620	1
1621	1
1622	1
1623	1
1624	1
1625	1
1626	1
1627	1
1628	1
1629	1
1630	1
1631	1
1632	1
1633	1
1634	1
1635	1
1636	1
1637	1
1638	1
1639	1
1640	1
1641	1
1642	1
1643	1
1644	1
1645	1
1646	1
1647	1
1648	1
1649	1
1650	1
1651	1
1652	1
1653	1
1654	1
1655	1
1656	1
1657	1
1658	1
1659	1
1660	1
1661	1
1662	1
1663	1
1664	1
1665	1
1666	2
1667	2
1668	2
1669	2
1670	2
1671	2
1672	2
1673	2
1674	2
1675	2
1676	2
1677	2
1678	2
1679	2
1680	2
1681	2
1682	2
1683	2
1684	2
1685	2
1686	2
1687	2
1688	2
1689	2
1690	2
1691	2
1692	2
1693	2
1694	2
1695	2
1696	2
1697	2
1698	2
1699	2
1700	2
1701	2
1702	2
1703	2
1704	2
1705	2
1706	2
1707	2
1708	2
1709	2
1710	2
1711	2
1712	2
1713	2
1714	2
1715	2
1716	2
1717	2
1718	2
1719	2
1720	2
1721	2
1722	2
1723	2
1724	2
1725	2
1726	2
1727	2
1728	2
1729	2
1730	2
1731	2
1732	2
1733	2
1734	2
1735	2
1736	2
1737	2
1738	2
1739	2
1740	2
1741	2
1742	2
1743	2
1744	2
1745	2
1746	2
1747	2
1748	2
1749	2
1750	2
1751	2
1752	2
1753	2
1754	2
1755	2
1756	2
1757	2
1758	2
1759	2
1760	2
1761	2
1762	2
1763	2
1764	2
1765	2
1766	2
1767	2
1768	2
1769	2
1770	2
1771	2
1772	2
1773	2
1774	2
1775	2
1776	2
1777	2
1778	2
1779	2
1780	2
1781	2
1782	2
1783	2
1784	2
1785	2
1786	2
1787	2
1788	2
1789	2
1790	2
1791	2
1792	2
1793	2
1794	2
1795	2
1796	2
1797	2
1798	2
1799	2
1800	2
1801	2
1802	2
1803	2
1804	2
1805	2
1806	2
1807	2
1808	2
1809	2
1810	2
1811	2
1812	2
1813	2
1814	2
1815	2
1816	2
1817	2
1818	2
1819	2
1820	2
1821	2
1822	2
1823	2
1824	2
1825	2
1826	2
1827	2
1828	2
1829	2
1830	2
1831	2
1832	2
1833	2
1834	2
1835	2
1836	2
1837	2
1838	2
1839	2
1840	2
1841	2
1842	2
1843	2
1844	2
1845	2
1846	2
1847	2
1848	2
1849	2
1850	2
1851	2
1852	2
1853	2
1854	2
1855	2
1856	2
1857	2
1858	2
1859	2
1860	2
1861	2
1862	2
1863	2
1864	2
1865	2
1866	2
1867	2
1868	2
1869	2
1870	2
1871	2
1872	2
1873	2
1874	2
1875	2
1876	2
1877	2
1878	2
1879	2
1880	2
1881	2
1882	2
1883	2
1884	2
1885	2
1886	2
1887	2
1888	2
1889	2
1890	2
1891	2
1892	2
1893	2
1894	2
1895	2
1896	2
1897	2
1898	2
1899	2
1900	2
1901	2
1902	2
1903	2
1904	2
1905	2
1906	2
1907	2
1908	2
1909	2
1910	2
1911	2
1912	2
1913	2
1914	2
1915	2
1916	2
1917	2
1918	2
1919	2
1920	2
1921	2
1922	2
1923	2
1924	2
1925	2
1926	2
1927	2
1928	2
1929	2
1930	2
1931	2
1932	2
1933	2
1934	2
1935	2
1936	2
1937	2
1938	2
1939	2
1940	2
1941	2
1942	2
1943	2
1944	2
1945	2
1946	2
1947	2
1948	2
1949	2
1950	2
1951	2
1952	2
1953	2
1954	2
1955	2
1956	2
1957	2
1958	2
1959	2
1960	2
1961	2
1962	2
1963	2
1964	2
1965	2
1966	2
1967	2
1968	2
1969	2
1970	2
1971	2
1972	2
1973	2
1974	2
1975	2
1976	2
1977	2
1978	2
1979	2
1980	2
1981	2
1982	2
1983	2
1984	2
1985	2
1986	2
1987	2
1988	2
1989	2
1990	2
1991	2
1992	2
1993	2
1994	2
1995	2
1996	2
1997	2
1998	2
1999	2
2000	2
2001	2
2002	2
2003	2
2004	2
2005	2
2006	2
2007	2
2008	2
2009	2
2010	2
2011	2
2012	2
2013	2
2014	2
2015	2
2016	2
2017	2
2018	2
2019	2
2020	2
2021	2
2022	2
2023	2
2024	2
2025	2
2026	2
2027	2
2028	2
2029	2
2030	2
2031	2
2032	2
2033	2
2034	2
2035	2
2036	2
2037	2
2038	2
2039	2
2040	2
2041	2
2042	2
2043	2
2044	2
2045	2
2046	2
2047	2
2048	2
2049	2
2050	2
2051	2
2052	2
2053	2
2054	2
2055	2
2056	2
2057	2
2058	2
2059	2
2060	2
2061	2
2062	2
2063	2
2064	2
2065	2
2066	2
2067	2
2068	2
2069	2
2070	2
2071	2
2072	2
2073	2
2074	2
2075	2
2076	2
2077	2
2078	2
2079	2
2080	2
2081	2
2082	2
2083	2
2084	2
2085	2
2086	2
2087	2
2088	2
2089	2
2090	2
2091	2
2092	2
2093	2
2094	2
2095	2
2096	2
2097	2
2098	2
2099	2
2100	2
2101	2
2102	2
2103	2
2104	2
2105	2
2106	2
2107	2
2108	2
2109	2
2110	2
2111	2
2112	2
2113	2
2114	2
2115	2
2116	2
2117	2
2118	2
2119	2
2120	2
2121	2
2122	2
2123	2
2124	2
2125	2
2126	2
2127	2
2128	2
2129	2
2130	2
2131	2
2132	2
2133	2
2134	2
2135	2
2136	2
2137	2
2138	2
2139	2
2140	2
2141	2
2142	2
2143	2
2144	2
2145	2
2146	2
2147	2
2148	2
2149	2
2150	2
2151	2
2152	2
2153	2
2154	2
2155	2
2156	2
2157	2
2158	2
2159	2
2160	2
2161	2
2162	2
2163	2
2164	2
2165	2
2166	2
2167	2
2168	2
2169	2
2170	2
2171	2
2172	2
2173	2
2174	2
2175	2
2176	2
2177	2
2178	2
2179	2
2180	2
2181	2
2182	2
2183	2
2184	2
2185	2
2186	2
2187	2
2188	2
2189	2
2190	2
2191	2
2192	2
2193	2
2194	2
2195	2
2196	2
2197	2
2198	2
2199	2
2200	2
2201	2
2202	2
2203	2
2204	2
2205	2
2206	2
2207	2
2208	2
2209	2
2210	2
2211	2
2212	2
2213	2
2214	2
2215	2
2216	2
2217	2
2218	2
2219	2
2220	2
2221	2
2222	2
2223	2
2224	2
2225	2
2226	2
2227	2
2228	2
2229	2
2230	2
2231	2
2232	2
2233	2
2234	2
2235	2
2236	2
2237	2
2238	2
2239	2
2240	2
2241	2
2242	2
2243	2
2244	2
2245	2
2246	2
2247	2
2248	2
2249	2
2250	2
2251	2
2252	2
2253	2
2254	2
2255	2
2256	2
2257	2
2258	2
2259	2
2260	2
2261	2
2262	2
2263	2
2264	2
2265	2
2266	2
2267	2
2268	2
2269	2
2270	2
2271	2
2272	2
2273	2
2274	2
2275	2
2276	2
2277	2
2278	2
2279	2
2280	2
2281	2
2282	2
2283	2
2284	2
2285	2
2286	2
2287	2
2288	2
2289	2
2290	2
2291	2
2292	2
2293	2
2294	2
2295	2
2296	2
2297	2
2298	2
2299	2
2300	2
2301	2
2302	2
2303	2
2304	2
2305	2
2306	2
2307	2
2308	2
2309	2
2310	2
2311	2
2312	2
2313	2
2314	2
2315	2
2316	2
2317	2
2318	2
2319	2
2320	2
2321	2
2322	2
2323	2
2324	2
2325	2
2326	2
2327	2
2328	2
2329	2
2330	2
2331	2
2332	2
2333	2
2334	2
2335	2
2336	2
2337	2
2338	2
2339	2
2340	2
2341	2
2342	2
2343	2
2344	2
2345	2
2346	2
2347	2
2348	2
2349	2
2350	2
2351	2
2352	2
2353	2
2354	2
2355	2
2356	2
2357	2
2358	2
2359	2
2360	2
2361	2
2362	2
2363	2
2364	2
2365	2
2366	2
2367	2
2368	2
2369	2
2370	2
2371	2
2372	2
2373	2
2374	2
2375	2
2376	2
2377	2
2378	2
2379	2
2380	2
2381	2
2382	2
2383	2
2384	2
2385	2
2386	2
2387	2
2388	2
2389	2
2390	2
2391	2
2392	2
2393	2
2394	2
2395	2
2396	2
2397	2
2398	2
2399	2
2400	2
2401	2
2402	2
2403	2
2404	2
2405	2
2406	2
2407	2
2408	2
2409	2
2410	2
2411	2
2412	2
2413	2
2414	2
2415	2
2416	2
2417	2
2418	2
2419	2
2420	2
2421	2
2422	2
2423	2
2424	2
2425	2
2426	2
2427	2
2428	2
2429	2
2430	2
2431	2
2432	2
2433	2
2434	2
2435	2
2436	2
2437	2
2438	2
2439	2
2440	2
2441	2
2442	2
2443	2
2444	2
2445	2
2446	2
2447	2
2448	2
2449	2
2450	2
2451	2
2452	2
2453	2
2454	2
2455	2
2456	2
2457	2
2458	2
2459	2
2460	2
2461	2
2462	2
2463	2
2464	2
2465	2
2466	2
2467	2
2468	2
2469	2
2470	2
2471	2
2472	2
2473	2
2474	2
2475	2
2476	2
2477	2
2478	2
2479	2
2480	2
2481	2
2482	2
2483	2
2484	2
2485	2
2486	2
2487	2
2488	2
2489	2
2490	2
2491	2
2492	2
2493	2
2494	2
2495	2
2496	2
2497	2
2498	2
2499	3
2500	3
2501	3
2502	3
2503	3
2504	3
2505	3
2506	3
2507	3
2508	3
2509	3
2510	3
2511	3
2512	3
2513	3
2514	3
2515	3
2516	3
2517	3
2518	3
2519	3
2520	3
2521	3
2522	3
2523	3
2524	3
2525	3
2526	3
2527	3
2528	3
2529	3
2530	3
2531	3
2532	3
2533	3
2534	3
2535	3
2536	3
2537	3
2538	3
2539	3
2540	3
2541	3
2542	3
2543	3
2544	3
2545	3
2546	3
2547	3
2548	3
2549	3
2550	3
2551	3
2552	3
2553	3
2554	3
2555	3
2556	3
2557	3
2558	3
2559	3
2560	3
2561	3
2562	3
2563	3
2564	3
2565	3
2566	3
2567	3
2568	3
2569	3
2570	3
2571	3
2572	3
2573	3
2574	3
2575	3
2576	3
2577	3
2578	3
2579	3
2580	3
2581	3
2582	3
2583	3
2584	3
2585	3
2586	3
2587	3
2588	3
2589	3
2590	3
2591	3
2592	3
2593	3
2594	3
2595	3
2596	3
2597	3
2598	3
2599	3
2600	3
2601	3
2602	3
2603	3
2604	3
2605	3
2606	3
2607	3
2608	3
2609	3
2610	3
2611	3
2612	3
2613	3
2614	3
2615	3
2616	3
2617	3
2618	3
2619	3
2620	3
2621	3
2622	3
2623	3
2624	3
2625	3
2626	3
2627	3
2628	3
2629	3
2630	3
2631	3
2632	3
2633	3
2634	3
2635	3
2636	3
2637	3
2638	3
2639	3
2640	3
2641	3
2642	3
2643	3
2644	3
2645	3
2646	3
2647	3
2648	3
2649	3
2650	3
2651	3
2652	3
2653	3
2654	3
2655	3
2656	3
2657	3
2658	3
2659	3
2660	3
2661	3
2662	3
2663	3
2664	3
2665	3
2666	3
2667	3
2668	3
2669	3
2670	3
2671	3
2672	3
2673	3
2674	3
2675	3
2676	3
2677	3
2678	3
2679	3
2680	3
2681	3
2682	3
2683	3
2684	3
2685	3
2686	3
2687	3
2688	3
2689	3
2690	3
2691	3
2692	3
2693	3
2694	3
2695	3
2696	3
2697	3
2698	3
2699	3
2700	3
2701	3
2702	3
2703	3
2704	3
2705	3
2706	3
2707	3
2708	3
2709	3
2710	3
2711	3
2712	3
2713	3
2714	3
2715	3
2716	3
2717	3
2718	3
2719	3
2720	3
2721	3
2722	3
2723	3
2724	3
2725	3
2726	3
2727	3
2728	3
2729	3
2730	3
2731	3
2732	3
2733	3
2734	3
2735	3
2736	3
2737	3
2738	3
2739	3
2740	3
2741	3
2742	3
2743	3
2744	3
2745	3
2746	3
2747	3
2748	3
2749	3
2750	3
2751	3
2752	3
2753	3
2754	3
2755	3
2756	3
2757	3
2758	3
2759	3
2760	3
2761	3
2762	3
2763	3
2764	3
2765	3
2766	3
2767	3
2768	3
2769	3
2770	3
2771	3
2772	3
2773	3
2774	3
2775	3
2776	3
2777	3
2778	3
2779	3
2780	3
2781	3
2782	3
2783	3
2784	3
2785	3
2786	3
2787	3
2788	3
2789	3
2790	3
2791	3
2792	3
2793	3
2794	3
2795	3
2796	3
2797	3
2798	3
2799	3
2800	3
2801	3
2802	3
2803	3
2804	3
2805	3
2806	3
2807	3
2808	3
2809	3
2810	3
2811	3
2812	3
2813	3
2814	3
2815	3
2816	3
2817	3
2818	3
2819	3
2820	3
2821	3
2822	3
2823	3
2824	3
2825	3
2826	3
2827	3
2828	3
2829	3
2830	3
2831	3
2832	3
2833	3
2834	3
2835	3
2836	3
2837	3
2838	3
2839	3
2840	3
2841	3
2842	3
2843	3
2844	3
2845	3
2846	3
2847	3
2848	3
2849	3
2850	3
2851	3
2852	3
2853	3
2854	3
2855	3
2856	3
2857	3
2858	3
2859	3
2860	3
2861	3
2862	3
2863	3
2864	3
2865	3
2866	3
2867	3
2868	3
2869	3
2870	3
2871	3
2872	3
2873	3
2874	3
2875	3
2876	3
2877	3
2878	3
2879	3
2880	3
2881	3
2882	3
2883	3
2884	3
2885	3
2886	3
2887	3
2888	3
2889	3
2890	3
2891	3
2892	3
2893	3
2894	3
2895	3
2896	3
2897	3
2898	3
2899	3
2900	3
2901	3
2902	3
2903	3
2904	3
2905	3
2906	3
2907	3
2908	3
2909	3
2910	3
2911	3
2912	3
2913	3
2914	3
2915	3
2916	3
2917	3
2918	3
2919	3
2920	3
2921	3
2922	3
2923	3
2924	3
2925	3
2926	3
2927	3
2928	3
2929	3
2930	3
2931	3
2932	3
2933	3
2934	3
2935	3
2936	3
2937	3
2938	3
2939	3
2940	3
2941	3
2942	3
2943	3
2944	3
2945	3
2946	3
2947	3
2948	3
2949	3
2950	3
2951	3
2952	3
2953	3
2954	3
2955	3
2956	3
2957	3
2958	3
2959	3
2960	3
2961	3
2962	3
2963	3
2964	3
2965	3
2966	3
2967	3
2968	3
2969	3
2970	3
2971	3
2972	3
2973	3
2974	3
2975	3
2976	3
2977	3
2978	3
2979	3
2980	3
2981	3
2982	3
2983	3
2984	3
2985	3
2986	3
2987	3
2988	3
2989	3
2990	3
2991	3
2992	3
2993	3
2994	3
2995	3
2996	3
2997	3
2998	3
2999	3
3000	3
3001	3
3002	3
3003	3
3004	3
3005	3
3006	3
3007	3
3008	3
3009	3
3010	3
3011	3
3012	3
3013	3
3014	3
3015	3
3016	3
3017	3
3018	3
3019	3
3020	3
3021	3
3022	3
3023	3
3024	3
3025	3
3026	3
3027	3
3028	3
3029	3
3030	3
3031	3
3032	3
3033	3
3034	3
3035	3
3036	3
3037	3
3038	3
3039	3
3040	3
3041	3
3042	3
3043	3
3044	3
3045	3
3046	3
3047	3
3048	3
3049	3
3050	3
3051	3
3052	3
3053	3
3054	3
3055	3
3056	3
3057	3
3058	3
3059	3
3060	3
3061	3
3062	3
3063	3
3064	3
3065	3
3066	3
3067	3
3068	3
3069	3
3070	3
3071	3
3072	3
3073	3
3074	3
3075	3
3076	3
3077	3
3078	3
3079	3
3080	3
3081	3
3082	3
3083	3
3084	3
3085	3
3086	3
3087	3
3088	3
3089	3
3090	3
3091	3
3092	3
3093	3
3094	3
3095	3
3096	3
3097	3
3098	3
3099	3
3100	3
3101	3
3102	3
3103	3
3104	3
3105	3
3106	3
3107	3
3108	3
3109	3
3110	3
3111	3
3112	3
3113	3
3114	3
3115	3
3116	3
3117	3
3118	3
3119	3
3120	3
3121	3
3122	3
3123	3
3124	3
3125	3
3126	3
3127	3
3128	3
3129	3
3130	3
3131	3
3132	3
3133	3
3134	3
3135	3
3136	3
3137	3
3138	3
3139	3
3140	3
3141	3
3142	3
3143	3
3144	3
3145	3
3146	3
3147	3
3148	3
3149	3
3150	3
3151	3
3152	3
3153	3
3154	3
3155	3
3156	3
3157	3
3158	3
3159	3
3160	3
3161	3
3162	3
3163	3
3164	3
3165	3
3166	3
3167	3
3168	3
3169	3
3170	3
3171	3
3172	3
3173	3
3174	3
3175	3
3176	3
3177	3
3178	3
3179	3
3180	3
3181	3
3182	3
3183	3
3184	3
3185	3
3186	3
3187	3
3188	3
3189	3
3190	3
3191	3
3192	3
3193	3
3194	3
3195	3
3196	3
3197	3
3198	3
3199	3
3200	3
3201	3
3202	3
3203	3
3204	3
3205	3
3206	3
3207	3
3208	3
3209	3
3210	3
3211	3
3212	3
3213	3
3214	3
3215	3
3216	3
3217	3
3218	3
3219	3
3220	3
3221	3
3222	3
3223	3
3224	3
3225	3
3226	3
3227	3
3228	3
3229	3
3230	3
3231	3
3232	3
3233	3
3234	3
3235	3
3236	3
3237	3
3238	3
3239	3
3240	3
3241	3
3242	3
3243	3
3244	3
3245	3
3246	3
3247	3
3248	3
3249	3
3250	3
3251	3
3252	3
3253	3
3254	3
3255	3
3256	3
3257	3
3258	3
3259	3
3260	3
3261	3
3262	3
3263	3
3264	3
3265	3
3266	3
3267	3
3268	3
3269	3
3270	3
3271	3
3272	3
3273	3
3274	3
3275	3
3276	3
3277	3
3278	3
3279	3
3280	3
3281	3
3282	3
3283	3
3284	3
3285	3
3286	3
3287	3
3288	3
3289	3
3290	3
3291	3
3292	3
3293	3
3294	3
3295	3
3296	3
3297	3
3298	3
3299	3
3300	3
3301	3
3302	3
3303	3
3304	3
3305	3
3306	3
3307	3
3308	3
3309	3
3310	3
3311	3
3312	3
3313	3
3314	3
3315	3
3316	3
3317	3
3318	3
3319	3
3320	3
3321	3
3322	3
3323	3
3324	3
3325	3
3326	3
3327	3
3328	3
3329	3
3330	3
3331	3
3332	4
3333	4
3334	4
3335	4
3336	4
3337	4
3338	4
3339	4
3340	4
3341	4
3342	4
3343	4
3344	4
3345	4
3346	4
3347	4
3348	4
3349	4
3350	4
3351	4
3352	4
3353	4
3354	4
3355	4
3356	4
3357	4
3358	4
3359	4
3360	4
3361	4
3362	4
3363	4
3364	4
3365	4
3366	4
3367	4
3368	4
3369	4
3370	4
3371	4
3372	4
3373	4
3374	4
3375	4
3376	4
3377	4
3378	4
3379	4
3380	4
3381	4
3382	4
3383	4
3384	4
3385	4
3386	4
3387	4
3388	4
3389	4
3390	4
3391	4
3392	4
3393	4
3394	4
3395	4
3396	4
3397	4
3398	4
3399	4
3400	4
3401	4
3402	4
3403	4
3404	4
3405	4
3406	4
3407	4
3408	4
3409	4
3410	4
3411	4
3412	4
3413	4
3414	4
3415	4
3416	4
3417	4
3418	4
3419	4
3420	4
3421	4
3422	4
3423	4
3424	4
3425	4
3426	4
3427	4
3428	4
3429	4
3430	4
3431	4
3432	4
3433	4
3434	4
3435	4
3436	4
3437	4
3438	4
3439	4
3440	4
3441	4
3442	4
3443	4
3444	4
3445	4
3446	4
3447	4
3448	4
3449	4
3450	4
3451	4
3452	4
3453	4
3454	4
3455	4
3456	4
3457	4
3458	4
3459	4
3460	4
3461	4
3462	4
3463	4
3464	4
3465	4
3466	4
3467	4
3468	4
3469	4
3470	4
3471	4
3472	4
3473	4
3474	4
3475	4
3476	4
3477	4
3478	4
3479	4
3480	4
3481	4
3482	4
3483	4
3484	4
3485	4
3486	4
3487	4
3488	4
3489	4
3490	4
3491	4
3492	4
3493	4
3494	4
3495	4
3496	4
3497	4
3498	4
3499	4
3500	4
3501	4
3502	4
3503	4
3504	4
3505	4
3506	4
3507	4
3508	4
3509	4
3510	4
3511	4
3512	4
3513	4
3514	4
3515	4
3516	4
3517	4
3518	4
3519	4
3520	4
3521	4
3522	4
3523	4
3524	4
3525	4
3526	4
3527	4
3528	4
3529	4
3530	4
3531	4
3532	4
3533	4
3534	4
3535	4
3536	4
3537	4
3538	4
3539	4
3540	4
3541	4
3542	4
3543	4
3544	4
3545	4
3546	4
3547	4
3548	4
3549	4
3550	4
3551	4
3552	4
3553	4
3554	4
3555	4
3556	4
3557	4
3558	4
3559	4
3560	4
3561	4
3562	4
3563	4
3564	4
3565	4
3566	4
3567	4
3568	4
3569	4
3570	4
3571	4
3572	4
3573	4
3574	4
3575	4
3576	4
3577	4
3578	4
3579	4
3580	4
3581	4
3582	4
3583	4
3584	4
3585	4
3586	4
3587	4
3588	4
3589	4
3590	4
3591	4
3592	4
3593	4
3594	4
3595	4
3596	4
3597	4
3598	4
3599	4
3600	4
3601	4
3602	4
3603	4
3604	4
3605	4
3606	4
3607	4
3608	4
3609	4
3610	4
3611	4
3612	4
3613	4
3614	4
3615	4
3616	4
3617	4
3618	4
3619	4
3620	4
3621	4
3622	4
3623	4
3624	4
3625	4
3626	4
3627	4
3628	4
3629	4
3630	4
3631	4
3632	4
3633	4
3634	4
3635	4
3636	4
3637	4
3638	4
3639	4
3640	4
3641	4
3642	4
3643	4
3644	4
3645	4
3646	4
3647	4
3648	4
3649	4
3650	4
3651	4
3652	4
3653	4
3654	4
3655	4
3656	4
3657	4
3658	4
3659	4
3660	4
3661	4
3662	4
3663	4
3664	4
3665	4
3666	4
3667	4
3668	4
3669	4
3670	4
3671	4
3672	4
3673	4
3674	4
3675	4
3676	4
3677	4
3678	4
3679	4
3680	4
3681	4
3682	4
3683	4
3684	4
3685	4
3686	4
3687	4
3688	4
3689	4
3690	4
3691	4
3692	4
3693	4
3694	4
3695	4
3696	4
3697	4
3698	4
3699	4
3700	4
3701	4
3702	4
3703	4
3704	4
3705	4
3706	4
3707	4
3708	4
3709	4
3710	4
3711	4
3712	4
3713	4
3714	4
3715	4
3716	4
3717	4
3718	4
3719	4
3720	4
3721	4
3722	4
3723	4
3724	4
3725	4
3726	4
3727	4
3728	4
3729	4
3730	4
3731	4
3732	4
3733	4
3734	4
3735	4
3736	4
3737	4
3738	4
3739	4
3740	4
3741	4
3742	4
3743	4
3744	4
3745	4
3746	4
3747	4
3748	4
3749	4
3750	4
3751	4
3752	4
3753	4
3754	4
3755	4
3756	4
3757	4
3758	4
3759	4
3760	4
3761	4
3762	4
3763	4
3764	4
3765	4
3766	4
3767	4
3768	4
3769	4
3770	4
3771	4
3772	4
3773	4
3774	4
3775	4
3776	4
3777	4
3778	4
3779	4
3780	4
3781	4
3782	4
3783	4
3784	4
3785	4
3786	4
3787	4
3788	4
3789	4
3790	4
3791	4
3792	4
3793	4
3794	4
3795	4
3796	4
3797	4
3798	4
3799	4
3800	4
3801	4
3802	4
3803	4
3804	4
3805	4
3806	4
3807	4
3808	4
3809	4
3810	4
3811	4
3812	4
3813	4
3814	4
3815	4
3816	4
3817	4
3818	4
3819	4
3820	4
3821	4
3822	4
3823	4
3824	4
3825	4
3826	4
3827	4
3828	4
3829	4
3830	4
3831	4
3832	4
3833	4
3834	4
3835	4
3836	4
3837	4
3838	4
3839	4
3840	4
3841	4
3842	4
3843	4
3844	4
3845	4
3846	4
3847	4
3848	4
3849	4
3850	4
3851	4
3852	4
3853	4
3854	4
3855	4
3856	4
3857	4
3858	4
3859	4
3860	4
3861	4
3862	4
3863	4
3864	4
3865	4
3866	4
3867	4
3868	4
3869	4
3870	4
3871	4
3872	4
3873	4
3874	4
3875	4
3876	4
3877	4
3878	4
3879	4
3880	4
3881	4
3882	4
3883	4
3884	4
3885	4
3886	4
3887	4
3888	4
3889	4
3890	4
3891	4
3892	4
3893	4
3894	4
3895	4
3896	4
3897	4
3898	4
3899	4
3900	4
3901	4
3902	4
3903	4
3904	4
3905	4
3906	4
3907	4
3908	4
3909	4
3910	4
3911	4
3912	4
3913	4
3914	4
3915	4
3916	4
3917	4
3918	4
3919	4
3920	4
3921	4
3922	4
3923	4
3924	4
3925	4
3926	4
3927	4
3928	4
3929	4
3930	4
3931	4
3932	4
3933	4
3934	4
3935	4
3936	4
3937	4
3938	4
3939	4
3940	4
3941	4
3942	4
3943	4
3944	4
3945	4
3946	4
3947	4
3948	4
3949	4
3950	4
3951	4
3952	4
3953	4
3954	4
3955	4
3956	4
3957	4
3958	4
3959	4
3960	4
3961	4
3962	4
3963	4
3964	4
3965	4
3966	4
3967	4
3968	4
3969	4
3970	4
3971	4
3972	4
3973	4
3974	4
3975	4
3976	4
3977	4
3978	4
3979	4
3980	4
3981	4
3982	4
3983	4
3984	4
3985	4
3986	4
3987	4
3988	4
3989	4
3990	4
3991	4
3992	4
3993	4
3994	4
3995	4
3996	4
3997	4
3998	4
3999	4
4000	4
4001	4
4002	4
4003	4
4004	4
4005	4
4006	4
4007	4
4008	4
4009	4
4010	4
4011	4
4012	4
4013	4
4014	4
4015	4
4016	4
4017	4
4018	4
4019	4
4020	4
4021	4
4022	4
4023	4
4024	4
4025	4
4026	4
4027	4
4028	4
4029	4
4030	4
4031	4
4032	4
4033	4
4034	4
4035	4
4036	4
4037	4
4038	4
4039	4
4040	4
4041	4
4042	4
4043	4
4044	4
4045	4
4046	4
4047	4
4048	4
4049	4
4050	4
4051	4
4052	4
4053	4
4054	4
4055	4
4056	4
4057	4
4058	4
4059	4
4060	4
4061	4
4062	4
4063	4
4064	4
4065	4
4066	4
4067	4
4068	4
4069	4
4070	4
4071	4
4072	4
4073	4
4074	4
4075	4
4076	4
4077	4
4078	4
4079	4
4080	4
4081	4
4082	4
4083	4
4084	4
4085	4
4086	4
4087	4
4088	4
4089	4
4090	4
4091	4
4092	4
4093	4
4094	4
4095	4
4096	4
4097	4
4098	4
4099	4
4100	4
4101	4
4102	4
4103	4
4104	4
4105	4
4106	4
4107	4
4108	4
4109	4
4110	4
4111	4
4112	4
4113	4
4114	4
4115	4
4116	4
4117	4
4118	4
4119	4
4120	4
4121	4
4122	4
4123	4
4124	4
4125	4
4126	4
4127	4
4128	4
4129	4
4130	4
4131	4
4132	4
4133	4
4134	4
4135	4
4136	4
4137	4
4138	4
4139	4
4140	4
4141	4
4142	4
4143	4
4144	4
4145	4
4146	4
4147	4
4148	4
4149	4
4150	4
4151	4
4152	4
4153	4
4154	4
4155	4
4156	4
4157	4
4158	4
4159	4
4160	4
4161	4
4162	4
4163	4
4164	4
4165	5
4166	5
4167	5
4168	5
4169	5
4170	5
4171	5
4172	5
4173	5
4174	5
4175	5
4176	5
4177	5
4178	5
4179	5
4180	5
4181	5
4182	5
4183	5
4184	5
4185	5
4186	5
4187	5
4188	5
4189	5
4190	5
4191	5
4192	5
4193	5
4194	5
4195	5
4196	5
4197	5
4198	5
4199	5
4200	5
4201	5
4202	5
4203	5
4204	5
4205	5
4206	5
4207	5
4208	5
4209	5
4210	5
4211	5
4212	5
4213	5
4214	5
4215	5
4216	5
4217	5
4218	5
4219	5
4220	5
4221	5
4222	5
4223	5
4224	5
4225	5
4226	5
4227	5
4228	5
4229	5
4230	5
4231	5
4232	5
4233	5
4234	5
4235	5
4236	5
4237	5
4238	5
4239	5
4240	5
4241	5
4242	5
4243	5
4244	5
4245	5
4246	5
4247	5
4248	5
4249	5
4250	5
4251	5
4252	5
4253	5
4254	5
4255	5
4256	5
4257	5
4258	5
4259	5
4260	5
4261	5
4262	5
4263	5
4264	5
4265	5
4266	5
4267	5
4268	5
4269	5
4270	5
4271	5
4272	5
4273	5
4274	5
4275	5
4276	5
4277	5
4278	5
4279	5
4280	5
4281	5
4282	5
4283	5
4284	5
4285	5
4286	5
4287	5
4288	5
4289	5
4290	5
4291	5
4292	5
4293	5
4294	5
4295	5
4296	5
4297	5
4298	5
4299	5
4300	5
4301	5
4302	5
4303	5
4304	5
4305	5
4306	5
4307	5
4308	5
4309	5
4310	5
4311	5
4312	5
4313	5
4314	5
4315	5
4316	5
4317	5
4318	5
4319	5
4320	5
4321	5
4322	5
4323	5
4324	5
4325	5
4326	5
4327	5
4328	5
4329	5
4330	5
4331	5
4332	5
4333	5
4334	5
4335	5
4336	5
4337	5
4338	5
4339	5
4340	5
4341	5
4342	5
4343	5
4344	5
4345	5
4346	5
4347	5
4348	5
4349	5
4350	5
4351	5
4352	5
4353	5
4354	5
4355	5
4356	5
4357	5
4358	5
4359	5
4360	5
4361	5
4362	5
4363	5
4364	5
4365	5
4366	5
4367	5
4368	5
4369	5
4370	5
4371	5
4372	5
4373	5
4374	5
4375	5
4376	5
4377	5
4378	5
4379	5
4380	5
4381	5
4382	5
4383	5
4384	5
4385	5
4386	5
4387	5
4388	5
4389	5
4390	5
4391	5
4392	5
4393	5
4394	5
4395	5
4396	5
4397	5
4398	5
4399	5
4400	5
4401	5
4402	5
4403	5
4404	5
4405	5
4406	5
4407	5
4408	5
4409	5
4410	5
4411	5
4412	5
4413	5
4414	5
4415	5
4416	5
4417	5
4418	5
4419	5
4420	5
4421	5
4422	5
4423	5
4424	5
4425	5
4426	5
4427	5
4428	5
4429	5
4430	5
4431	5
4432	5
4433	5
4434	5
4435	5
4436	5
4437	5
4438	5
4439	5
4440	5
4441	5
4442	5
4443	5
4444	5
4445	5
4446	5
4447	5
4448	5
4449	5
4450	5
4451	5
4452	5
4453	5
4454	5
4455	5
4456	5
4457	5
4458	5
4459	5
4460	5
4461	5
4462	5
4463	5
4464	5
4465	5
4466	5
4467	5
4468	5
4469	5
4470	5
4471	5
4472	5
4473	5
4474	5
4475	5
4476	5
4477	5
4478	5
4479	5
4480	5
4481	5
4482	5
4483	5
4484	5
4485	5
4486	5
4487	5
4488	5
4489	5
4490	5
4491	5
4492	5
4493	5
4494	5
4495	5
4496	5
4497	5
4498	5
4499	5
4500	5
4501	5
4502	5
4503	5
4504	5
4505	5
4506	5
4507	5
4508	5
4509	5
4510	5
4511	5
4512	5
4513	5
4514	5
4515	5
4516	5
4517	5
4518	5
4519	5
4520	5
4521	5
4522	5
4523	5
4524	5
4525	5
4526	5
4527	5
4528	5
4529	5
4530	5
4531	5
4532	5
4533	5
4534	5
4535	5
4536	5
4537	5
4538	5
4539	5
4540	5
4541	5
4542	5
4543	5
4544	5
4545	5
4546	5
4547	5
4548	5
4549	5
4550	5
4551	5
4552	5
4553	5
4554	5
4555	5
4556	5
4557	5
4558	5
4559	5
4560	5
4561	5
4562	5
4563	5
4564	5
4565	5
4566	5
4567	5
4568	5
4569	5
4570	5
4571	5
4572	5
4573	5
4574	5
4575	5
4576	5
4577	5
4578	5
4579	5
4580	5
4581	5
4582	5
4583	5
4584	5
4585	5
4586	5
4587	5
4588	5
4589	5
4590	5
4591	5
4592	5
4593	5
4594	5
4595	5
4596	5
4597	5
4598	5
4599	5
4600	5
4601	5
4602	5
4603	5
4604	5
4605	5
4606	5
4607	5
4608	5
4609	5
4610	5
4611	5
4612	5
4613	5
4614	5
4615	5
4616	5
4617	5
4618	5
4619	5
4620	5
4621	5
4622	5
4623	5
4624	5
4625	5
4626	5
4627	5
4628	5
4629	5
4630	5
4631	5
4632	5
4633	5
4634	5
4635	5
4636	5
4637	5
4638	5
4639	5
4640	5
4641	5
4642	5
4643	5
4644	5
4645	5
4646	5
4647	5
4648	5
4649	5
4650	5
4651	5
4652	5
4653	5
4654	5
4655	5
4656	5
4657	5
4658	5
4659	5
4660	5
4661	5
4662	5
4663	5
4664	5
4665	5
4666	5
4667	5
4668	5
4669	5
4670	5
4671	5
4672	5
4673	5
4674	5
4675	5
4676	5
4677	5
4678	5
4679	5
4680	5
4681	5
4682	5
4683	5
4684	5
4685	5
4686	5
4687	5
4688	5
4689	5
4690	5
4691	5
4692	5
4693	5
4694	5
4695	5
4696	5
4697	5
4698	5
4699	5
4700	5
4701	5
4702	5
4703	5
4704	5
4705	5
4706	5
4707	5
4708	5
4709	5
4710	5
4711	5
4712	5
4713	5
4714	5
4715	5
4716	5
4717	5
4718	5
4719	5
4720	5
4721	5
4722	5
4723	5
4724	5
4725	5
4726	5
4727	5
4728	5
4729	5
4730	5
4731	5
4732	5
4733	5
4734	5
4735	5
4736	5
4737	5
4738	5
4739	5
4740	5
4741	5
4742	5
4743	5
4744	5
4745	5
4746	5
4747	5
4748	5
4749	5
4750	5
4751	5
4752	5
4753	5
4754	5
4755	5
4756	5
4757	5
4758	5
4759	5
4760	5
4761	5
4762	5
4763	5
4764	5
4765	5
4766	5
4767	5
4768	5
4769	5
4770	5
4771	5
4772	5
4773	5
4774	5
4775	5
4776	5
4777	5
4778	5
4779	5
4780	5
4781	5
4782	5
4783	5
4784	5
4785	5
4786	5
4787	5
4788	5
4789	5
4790	5
4791	5
4792	5
4793	5
4794	5
4795	5
4796	5
4797	5
4798	5
4799	5
4800	5
4801	5
4802	5
4803	5
4804	5
4805	5
4806	5
4807	5
4808	5
4809	5
4810	5
4811	5
4812	5
4813	5
4814	5
4815	5
4816	5
4817	5
4818	5
4819	5
4820	5
4821	5
4822	5
4823	5
4824	5
4825	5
4826	5
4827	5
4828	5
4829	5
4830	5
4831	5
4832	5
4833	5
4834	5
4835	5
4836	5
4837	5
4838	5
4839	5
4840	5
4841	5
4842	5
4843	5
4844	5
4845	5
4846	5
4847	5
4848	5
4849	5
4850	5
4851	5
4852	5
4853	5
4854	5
4855	5
4856	5
4857	5
4858	5
4859	5
4860	5
4861	5
4862	5
4863	5
4864	5
4865	5
4866	5
4867	5
4868	5
4869	5
4870	5
4871	5
4872	5
4873	5
4874	5
4875	5
4876	5
4877	5
4878	5
4879	5
4880	5
4881	5
4882	5
4883	5
4884	5
4885	5
4886	5
4887	5
4888	5
4889	5
4890	5
4891	5
4892	5
4893	5
4894	5
4895	5
4896	5
4897	5
4898	5
4899	5
4900	5
4901	5
4902	5
4903	5
4904	5
4905	5
4906	5
4907	5
4908	5
4909	5
4910	5
4911	5
4912	5
4913	5
4914	5
4915	5
4916	5
4917	5
4918	5
4919	5
4920	5
4921	5
4922	5
4923	5
4924	5
4925	5
4926	5
4927	5
4928	5
4929	5
4930	5
4931	5
4932	5
4933	5
4934	5
4935	5
4936	5
4937	5
4938	5
4939	5
4940	5
4941	5
4942	5
4943	5
4944	5
4945	5
4946	5
4947	5
4948	5
4949	5
4950	5
4951	5
4952	5
4953	5
4954	5
4955	5
4956	5
4957	5
4958	5
4959	5
4960	5
4961	5
4962	5
4963	5
4964	5
4965	5
4966	5
4967	5
4968	5
4969	5
4970	5
4971	5
4972	5
4973	5
4974	5
4975	5
4976	5
4977	5
4978	5
4979	5
4980	5
4981	5
4982	5
4983	5
4984	5
4985	5
4986	5
4987	5
4988	5
4989	5
4990	5
4991	5
4992	5
4993	5
4994	5
4995	5
4996	5
4997	5
4998	6
4999	6
5000	6
5001	6
5002	6
5003	6
5004	6
5005	6
5006	6
5007	6
5008	6
5009	6
5010	6
5011	6
5012	6
5013	6
5014	6
5015	6
5016	6
5017	6
5018	6
5019	6
5020	6
5021	6
5022	6
5023	6
5024	6
5025	6
5026	6
5027	6
5028	6
5029	6
5030	6
5031	6
5032	6
5033	6
5034	6
5035	6
5036	6
5037	6
5038	6
5039	6
5040	6
5041	6
5042	6
5043	6
5044	6
5045	6
5046	6
5047	6
5048	6
5049	6
5050	6
5051	6
5052	6
5053	6
5054	6
5055	6
5056	6
5057	6
5058	6
5059	6
5060	6
5061	6
5062	6
5063	6
5064	6
5065	6
5066	6
5067	6
5068	6
5069	6
5070	6
5071	6
5072	6
5073	6
5074	6
5075	6
5076	6
5077	6
5078	6
5079	6
5080	6
5081	6
5082	6
5083	6
5084	6
5085	6
5086	6
5087	6
5088	6
5089	6
5090	6
5091	6
5092	6
5093	6
5094	6
5095	6
5096	6
5097	6
5098	6
5099	6
5100	6
5101	6
5102	6
5103	6
5104	6
5105	6
5106	6
5107	6
5108	6
5109	6
5110	6
5111	6
5112	6
5113	6
5114	6
5115	6
5116	6
5117	6
5118	6
5119	6
5120	6
5121	6
5122	6
5123	6
5124	6
5125	6
5126	6
5127	6
5128	6
5129	6
5130	6
5131	6
5132	6
5133	6
5134	6
5135	6
5136	6
5137	6
5138	6
5139	6
5140	6
5141	6
5142	6
5143	6
5144	6
5145	6
5146	6
5147	6
5148	6
5149	6
5150	6
5151	6
5152	6
5153	6
5154	6
5155	6
5156	6
5157	6
5158	6
5159	6
5160	6
5161	6
5162	6
5163	6
5164	6
5165	6
5166	6
5167	6
5168	6
5169	6
5170	6
5171	6
5172	6
5173	6
5174	6
5175	6
5176	6
5177	6
5178	6
5179	6
5180	6
5181	6
5182	6
5183	6
5184	6
5185	6
5186	6
5187	6
5188	6
5189	6
5190	6
5191	6
5192	6
5193	6
5194	6
5195	6
5196	6
5197	6
5198	6
5199	6
5200	6
5201	6
5202	6
5203	6
5204	6
5205	6
5206	6
5207	6
5208	6
5209	6
5210	6
5211	6
5212	6
5213	6
5214	6
5215	6
5216	6
5217	6
5218	6
5219	6
5220	6
5221	6
5222	6
5223	6
5224	6
5225	6
5226	6
5227	6
5228	6
5229	6
5230	6
5231	6
5232	6
5233	6
5234	6
5235	6
5236	6
5237	6
5238	6
5239	6
5240	6
5241	6
5242	6
5243	6
5244	6
5245	6
5246	6
5247	6
5248	6
5249	6
5250	6
5251	6
5252	6
5253	6
5254	6
5255	6
5256	6
5257	6
5258	6
5259	6
5260	6
5261	6
5262	6
5263	6
5264	6
5265	6
5266	6
5267	6
5268	6
5269	6
5270	6
5271	6
5272	6
5273	6
5274	6
5275	6
5276	6
5277	6
5278	6
5279	6
5280	6
5281	6
5282	6
5283	6
5284	6
5285	6
5286	6
5287	6
5288	6
5289	6
5290	6
5291	6
5292	6
5293	6
5294	6
5295	6
5296	6
5297	6
5298	6
5299	6
5300	6
5301	6
5302	6
5303	6
5304	6
5305	6
5306	6
5307	6
5308	6
5309	6
5310	6
5311	6
5312	6
5313	6
5314	6
5315	6
5316	6
5317	6
5318	6
5319	6
5320	6
5321	6
5322	6
5323	6
5324	6
5325	6
5326	6
5327	6
5328	6
5329	6
5330	6
5331	6
5332	6
5333	6
5334	6
5335	6
5336	6
5337	6
5338	6
5339	6
5340	6
5341	6
5342	6
5343	6
5344	6
5345	6
5346	6
5347	6
5348	6
5349	6
5350	6
5351	6
5352	6
5353	6
5354	6
5355	6
5356	6
5357	6
5358	6
5359	6
5360	6
5361	6
5362	6
5363	6
5364	6
5365	6
5366	6
5367	6
5368	6
5369	6
5370	6
5371	6
5372	6
5373	6
5374	6
5375	6
5376	6
5377	6
5378	6
5379	6
5380	6
5381	6
5382	6
5383	6
5384	6
5385	6
5386	6
5387	6
5388	6
5389	6
5390	6
5391	6
5392	6
5393	6
5394	6
5395	6
5396	6
5397	6
5398	6
5399	6
5400	6
5401	6
5402	6
5403	6
5404	6
5405	6
5406	6
5407	6
5408	6
5409	6
5410	6
5411	6
5412	6
5413	6
5414	6
5415	6
5416	6
5417	6
5418	6
5419	6
5420	6
5421	6
5422	6
5423	6
5424	6
5425	6
5426	6
5427	6
5428	6
5429	6
5430	6
5431	6
5432	6
5433	6
5434	6
5435	6
5436	6
5437	6
5438	6
5439	6
5440	6
5441	6
5442	6
5443	6
5444	6
5445	6
5446	6
5447	6
5448	6
5449	6
5450	6
5451	6
5452	6
5453	6
5454	6
5455	6
5456	6
5457	6
5458	6
5459	6
5460	6
5461	6
5462	6
5463	6
5464	6
5465	6
5466	6
5467	6
5468	6
5469	6
5470	6
5471	6
5472	6
5473	6
5474	6
5475	6
5476	6
5477	6
5478	6
5479	6
5480	6
5481	6
5482	6
5483	6
5484	6
5485	6
5486	6
5487	6
5488	6
5489	6
5490	6
5491	6
5492	6
5493	6
5494	6
5495	6
5496	6
5497	6
5498	6
5499	6
5500	6
5501	6
5502	6
5503	6
5504	6
5505	6
5506	6
5507	6
5508	6
5509	6
5510	6
5511	6
5512	6
5513	6
5514	6
5515	6
5516	6
5517	6
5518	6
5519	6
5520	6
5521	6
5522	6
5523	6
5524	6
5525	6
5526	6
5527	6
5528	6
5529	6
5530	6
5531	6
5532	6
5533	6
5534	6
5535	6
5536	6
5537	6
5538	6
5539	6
5540	6
5541	6
5542	6
5543	6
5544	6
5545	6
5546	6
5547	6
5548	6
5549	6
5550	6
5551	6
5552	6
5553	6
5554	6
5555	6
5556	6
5557	6
5558	6
5559	6
5560	6
5561	6
5562	6
5563	6
5564	6
5565	6
5566	6
5567	6
5568	6
5569	6
5570	6
5571	6
5572	6
5573	6
5574	6
5575	6
5576	6
5577	6
5578	6
5579	6
5580	6
5581	6
5582	6
5583	6
5584	6
5585	6
5586	6
5587	6
5588	6
5589	6
5590	6
5591	6
5592	6
5593	6
5594	6
5595	6
5596	6
5597	6
5598	6
5599	6
5600	6
5601	6
5602	6
5603	6
5604	6
5605	6
5606	6
5607	6
5608	6
5609	6
5610	6
5611	6
5612	6
5613	6
5614	6
5615	6
5616	6
5617	6
5618	6
5619	6
5620	6
5621	6
5622	6
5623	6
5624	6
5625	6
5626	6
5627	6
5628	6
5629	6
5630	6
5631	6
5632	6
5633	6
5634	6
5635	6
5636	6
5637	6
5638	6
5639	6
5640	6
5641	6
5642	6
5643	6
5644	6
5645	6
5646	6
5647	6
5648	6
5649	6
5650	6
5651	6
5652	6
5653	6
5654	6
5655	6
5656	6
5657	6
5658	6
5659	6
5660	6
5661	6
5662	6
5663	6
5664	6
5665	6
5666	6
5667	6
5668	6
5669	6
5670	6
5671	6
5672	6
5673	6
5674	6
5675	6
5676	6
5677	6
5678	6
5679	6
5680	6
5681	6
5682	6
5683	6
5684	6
5685	6
5686	6
5687	6
5688	6
5689	6
5690	6
5691	6
5692	6
5693	6
5694	6
5695	6
5696	6
5697	6
5698	6
5699	6
5700	6
5701	6
5702	6
5703	6
5704	6
5705	6
5706	6
5707	6
5708	6
5709	6
5710	6
5711	6
5712	6
5713	6
5714	6
5715	6
5716	6
5717	6
5718	6
5719	6
5720	6
5721	6
5722	6
5723	6
5724	6
5725	6
5726	6
5727	6
5728	6
5729	6
5730	6
5731	6
5732	6
5733	6
5734	6
5735	6
5736	6
5737	6
5738	6
5739	6
5740	6
5741	6
5742	6
5743	6
5744	6
5745	6
5746	6
5747	6
5748	6
5749	6
5750	6
5751	6
5752	6
5753	6
5754	6
5755	6
5756	6
5757	6
5758	6
5759	6
5760	6
5761	6
5762	6
5763	6
5764	6
5765	6
5766	6
5767	6
5768	6
5769	6
5770	6
5771	6
5772	6
5773	6
5774	6
5775	6
5776	6
5777	6
5778	6
5779	6
5780	6
5781	6
5782	6
5783	6
5784	6
5785	6
5786	6
5787	6
5788	6
5789	6
5790	6
5791	6
5792	6
5793	6
5794	6
5795	6
5796	6
5797	6
5798	6
5799	6
5800	6
5801	6
5802	6
5803	6
5804	6
5805	6
5806	6
5807	6
5808	6
5809	6
5810	6
5811	6
5812	6
5813	6
5814	6
5815	6
5816	6
5817	6
5818	6
5819	6
5820	6
5821	6
5822	6
5823	6
5824	6
5825	6
5826	6
5827	6
5828	6
5829	6
5830	6
5831	7
5832	7
5833	7
5834	7
5835	7
5836	7
5837	7
5838	7
5839	7
5840	7
5841	7
5842	7
5843	7
5844	7
5845	7
5846	7
5847	7
5848	7
5849	7
5850	7
5851	7
5852	7
5853	7
5854	7
5855	7
5856	7
5857	7
5858	7
5859	7
5860	7
5861	7
5862	7
5863	7
5864	7
5865	7
5866	7
5867	7
5868	7
5869	7
5870	7
5871	7
5872	7
5873	7
5874	7
5875	7
5876	7
5877	7
5878	7
5879	7
5880	7
5881	7
5882	7
5883	7
5884	7
5885	7
5886	7
5887	7
5888	7
5889	7
5890	7
5891	7
5892	7
5893	7
5894	7
5895	7
5896	7
5897	7
5898	7
5899	7
5900	7
5901	7
5902	7
5903	7
5904	7
5905	7
5906	7
5907	7
5908	7
5909	7
5910	7
5911	7
5912	7
5913	7
5914	7
5915	7
5916	7
5917	7
5918	7
5919	7
5920	7
5921	7
5922	7
5923	7
5924	7
5925	7
5926	7
5927	7
5928	7
5929	7
5930	7
5931	7
5932	7
5933	7
5934	7
5935	7
5936	7
5937	7
5938	7
5939	7
5940	7
5941	7
5942	7
5943	7
5944	7
5945	7
5946	7
5947	7
5948	7
5949	7
5950	7
5951	7
5952	7
5953	7
5954	7
5955	7
5956	7
5957	7
5958	7
5959	7
5960	7
5961	7
5962	7
5963	7
5964	7
5965	7
5966	7
5967	7
5968	7
5969	7
5970	7
5971	7
5972	7
5973	7
5974	7
5975	7
5976	7
5977	7
5978	7
5979	7
5980	7
5981	7
5982	7
5983	7
5984	7
5985	7
5986	7
5987	7
5988	7
5989	7
5990	7
5991	7
5992	7
5993	7
5994	7
5995	7
5996	7
5997	7
5998	7
5999	7
6000	7
6001	7
6002	7
6003	7
6004	7
6005	7
6006	7
6007	7
6008	7
6009	7
6010	7
6011	7
6012	7
6013	7
6014	7
6015	7
6016	7
6017	7
6018	7
6019	7
6020	7
6021	7
6022	7
6023	7
6024	7
6025	7
6026	7
6027	7
6028	7
6029	7
6030	7
6031	7
6032	7
6033	7
6034	7
6035	7
6036	7
6037	7
6038	7
6039	7
6040	7
6041	7
6042	7
6043	7
6044	7
6045	7
6046	7
6047	7
6048	7
6049	7
6050	7
6051	7
6052	7
6053	7
6054	7
6055	7
6056	7
6057	7
6058	7
6059	7
6060	7
6061	7
6062	7
6063	7
6064	7
6065	7
6066	7
6067	7
6068	7
6069	7
6070	7
6071	7
6072	7
6073	7
6074	7
6075	7
6076	7
6077	7
6078	7
6079	7
6080	7
6081	7
6082	7
6083	7
6084	7
6085	7
6086	7
6087	7
6088	7
6089	7
6090	7
6091	7
6092	7
6093	7
6094	7
6095	7
6096	7
6097	7
6098	7
6099	7
6100	7
6101	7
6102	7
6103	7
6104	7
6105	7
6106	7
6107	7
6108	7
6109	7
6110	7
6111	7
6112	7
6113	7
6114	7
6115	7
6116	7
6117	7
6118	7
6119	7
6120	7
6121	7
6122	7
6123	7
6124	7
6125	7
6126	7
6127	7
6128	7
6129	7
6130	7
6131	7
6132	7
6133	7
6134	7
6135	7
6136	7
6137	7
6138	7
6139	7
6140	7
6141	7
6142	7
6143	7
6144	7
6145	7
6146	7
6147	7
6148	7
6149	7
6150	7
6151	7
6152	7
6153	7
6154	7
6155	7
6156	7
6157	7
6158	7
6159	7
6160	7
6161	7
6162	7
6163	7
6164	7
6165	7
6166	7
6167	7
6168	7
6169	7
6170	7
6171	7
6172	7
6173	7
6174	7
6175	7
6176	7
6177	7
6178	7
6179	7
6180	7
6181	7
6182	7
6183	7
6184	7
6185	7
6186	7
6187	7
6188	7
6189	7
6190	7
6191	7
6192	7
6193	7
6194	7
6195	7
6196	7
6197	7
6198	7
6199	7
6200	7
6201	7
6202	7
6203	7
6204	7
6205	7
6206	7
6207	7
6208	7
6209	7
6210	7
6211	7
6212	7
6213	7
6214	7
6215	7
6216	7
6217	7
6218	7
6219	7
6220	7
6221	7
6222	7
6223	7
6224	7
6225	7
6226	7
6227	7
6228	7
6229	7
6230	7
6231	7
6232	7
6233	7
6234	7
6235	7
6236	7
6237	7
6238	7
6239	7
6240	7
6241	7
6242	7
6243	7
6244	7
6245	7
6246	7
6247	7
6248	7
6249	7
6250	7
6251	7
6252	7
6253	7
6254	7
6255	7
6256	7
6257	7
6258	7
6259	7
6260	7
6261	7
6262	7
6263	7
6264	7
6265	7
6266	7
6267	7
6268	7
6269	7
6270	7
6271	7
6272	7
6273	7
6274	7
6275	7
6276	7
6277	7
6278	7
6279	7
6280	7
6281	7
6282	7
6283	7
6284	7
6285	7
6286	7
6287	7
6288	7
6289	7
6290	7
6291	7
6292	7
6293	7
6294	7
6295	7
6296	7
6297	7
6298	7
6299	7
6300	7
6301	7
6302	7
6303	7
6304	7
6305	7
6306	7
6307	7
6308	7
6309	7
6310	7
6311	7
6312	7
6313	7
6314	7
6315	7
6316	7
6317	7
6318	7
6319	7
6320	7
6321	7
6322	7
6323	7
6324	7
6325	7
6326	7
6327	7
6328	7
6329	7
6330	7
6331	7
6332	7
6333	7
6334	7
6335	7
6336	7
6337	7
6338	7
6339	7
6340	7
6341	7
6342	7
6343	7
6344	7
6345	7
6346	7
6347	7
6348	7
6349	7
6350	7
6351	7
6352	7
6353	7
6354	7
6355	7
6356	7
6357	7
6358	7
6359	7
6360	7
6361	7
6362	7
6363	7
6364	7
6365	7
6366	7
6367	7
6368	7
6369	7
6370	7
6371	7
6372	7
6373	7
6374	7
6375	7
6376	7
6377	7
6378	7
6379	7
6380	7
6381	7
6382	7
6383	7
6384	7
6385	7
6386	7
6387	7
6388	7
6389	7
6390	7
6391	7
6392	7
6393	7
6394	7
6395	7
6396	7
6397	7
6398	7
6399	7
6400	7
6401	7
6402	7
6403	7
6404	7
6405	7
6406	7
6407	7
6408	7
6409	7
6410	7
6411	7
6412	7
6413	7
6414	7
6415	7
6416	7
6417	7
6418	7
6419	7
6420	7
6421	7
6422	7
6423	7
6424	7
6425	7
6426	7
6427	7
6428	7
6429	7
6430	7
6431	7
6432	7
6433	7
6434	7
6435	7
6436	7
6437	7
6438	7
6439	7
6440	7
6441	7
6442	7
6443	7
6444	7
6445	7
6446	7
6447	7
6448	7
6449	7
6450	7
6451	7
6452	7
6453	7
6454	7
6455	7
6456	7
6457	7
6458	7
6459	7
6460	7
6461	7
6462	7
6463	7
6464	7
6465	7
6466	7
6467	7
6468	7
6469	7
6470	7
6471	7
6472	7
6473	7
6474	7
6475	7
6476	7
6477	7
6478	7
6479	7
6480	7
6481	7
6482	7
6483	7
6484	7
6485	7
6486	7
6487	7
6488	7
6489	7
6490	7
6491	7
6492	7
6493	7
6494	7
6495	7
6496	7
6497	7
6498	7
6499	7
6500	7
6501	7
6502	7
6503	7
6504	7
6505	7
6506	7
6507	7
6508	7
6509	7
6510	7
6511	7
6512	7
6513	7
6514	7
6515	7
6516	7
6517	7
6518	7
6519	7
6520	7
6521	7
6522	7
6523	7
6524	7
6525	7
6526	7
6527	7
6528	7
6529	7
6530	7
6531	7
6532	7
6533	7
6534	7
6535	7
6536	7
6537	7
6538	7
6539	7
6540	7
6541	7
6542	7
6543	7
6544	7
6545	7
6546	7
6547	7
6548	7
6549	7
6550	7
6551	7
6552	7
6553	7
6554	7
6555	7
6556	7
6557	7
6558	7
6559	7
6560	7
6561	7
6562	7
6563	7
6564	7
6565	7
6566	7
6567	7
6568	7
6569	7
6570	7
6571	7
6572	7
6573	7
6574	7
6575	7
6576	7
6577	7
6578	7
6579	7
6580	7
6581	7
6582	7
6583	7
6584	7
6585	7
6586	7
6587	7
6588	7
6589	7
6590	7
6591	7
6592	7
6593	7
6594	7
6595	7
6596	7
6597	7
6598	7
6599	7
6600	7
6601	7
6602	7
6603	7
6604	7
6605	7
6606	7
6607	7
6608	7
6609	7
6610	7
6611	7
6612	7
6613	7
6614	7
6615	7
6616	7
6617	7
6618	7
6619	7
6620	7
6621	7
6622	7
6623	7
6624	7
6625	7
6626	7
6627	7
6628	7
6629	7
6630	7
6631	7
6632	7
6633	7
6634	7
6635	7
6636	7
6637	7
6638	7
6639	7
6640	7
6641	7
6642	7
6643	7
6644	7
6645	7
6646	7
6647	7
6648	7
6649	7
6650	7
6651	7
6652	7
6653	7
6654	7
6655	7
6656	7
6657	7
6658	7
6659	7
6660	7
6661	7
6662	7
6663	7
6664	8
6665	8
6666	8
6667	8
6668	8
6669	8
6670	8
6671	8
6672	8
6673	8
6674	8
6675	8
6676	8
6677	8
6678	8
6679	8
6680	8
6681	8
6682	8
6683	8
6684	8
6685	8
6686	8
6687	8
6688	8
6689	8
6690	8
6691	8
6692	8
6693	8
6694	8
6695	8
6696	8
6697	8
6698	8
6699	8
6700	8
6701	8
6702	8
6703	8
6704	8
6705	8
6706	8
6707	8
6708	8
6709	8
6710	8
6711	8
6712	8
6713	8
6714	8
6715	8
6716	8
6717	8
6718	8
6719	8
6720	8
6721	8
6722	8
6723	8
6724	8
6725	8
6726	8
6727	8
6728	8
6729	8
6730	8
6731	8
6732	8
6733	8
6734	8
6735	8
6736	8
6737	8
6738	8
6739	8
6740	8
6741	8
6742	8
6743	8
6744	8
6745	8
6746	8
6747	8
6748	8
6749	8
6750	8
6751	8
6752	8
6753	8
6754	8
6755	8
6756	8
6757	8
6758	8
6759	8
6760	8
6761	8
6762	8
6763	8
6764	8
6765	8
6766	8
6767	8
6768	8
6769	8
6770	8
6771	8
6772	8
6773	8
6774	8
6775	8
6776	8
6777	8
6778	8
6779	8
6780	8
6781	8
6782	8
6783	8
6784	8
6785	8
6786	8
6787	8
6788	8
6789	8
6790	8
6791	8
6792	8
6793	8
6794	8
6795	8
6796	8
6797	8
6798	8
6799	8
6800	8
6801	8
6802	8
6803	8
6804	8
6805	8
6806	8
6807	8
6808	8
6809	8
6810	8
6811	8
6812	8
6813	8
6814	8
6815	8
6816	8
6817	8
6818	8
6819	8
6820	8
6821	8
6822	8
6823	8
6824	8
6825	8
6826	8
6827	8
6828	8
6829	8
6830	8
6831	8
6832	8
6833	8
6834	8
6835	8
6836	8
6837	8
6838	8
6839	8
6840	8
6841	8
6842	8
6843	8
6844	8
6845	8
6846	8
6847	8
6848	8
6849	8
6850	8
6851	8
6852	8
6853	8
6854	8
6855	8
6856	8
6857	8
6858	8
6859	8
6860	8
6861	8
6862	8
6863	8
6864	8
6865	8
6866	8
6867	8
6868	8
6869	8
6870	8
6871	8
6872	8
6873	8
6874	8
6875	8
6876	8
6877	8
6878	8
6879	8
6880	8
6881	8
6882	8
6883	8
6884	8
6885	8
6886	8
6887	8
6888	8
6889	8
6890	8
6891	8
6892	8
6893	8
6894	8
6895	8
6896	8
6897	8
6898	8
6899	8
6900	8
6901	8
6902	8
6903	8
6904	8
6905	8
6906	8
6907	8
6908	8
6909	8
6910	8
6911	8
6912	8
6913	8
6914	8
6915	8
6916	8
6917	8
6918	8
6919	8
6920	8
6921	8
6922	8
6923	8
6924	8
6925	8
6926	8
6927	8
6928	8
6929	8
6930	8
6931	8
6932	8
6933	8
6934	8
6935	8
6936	8
6937	8
6938	8
6939	8
6940	8
6941	8
6942	8
6943	8
6944	8
6945	8
6946	8
6947	8
6948	8
6949	8
6950	8
6951	8
6952	8
6953	8
6954	8
6955	8
6956	8
6957	8
6958	8
6959	8
6960	8
6961	8
6962	8
6963	8
6964	8
6965	8
6966	8
6967	8
6968	8
6969	8
6970	8
6971	8
6972	8
6973	8
6974	8
6975	8
6976	8
6977	8
6978	8
6979	8
6980	8
6981	8
6982	8
6983	8
6984	8
6985	8
6986	8
6987	8
6988	8
6989	8
6990	8
6991	8
6992	8
6993	8
6994	8
6995	8
6996	8
6997	8
6998	8
6999	8
7000	8
7001	8
7002	8
7003	8
7004	8
7005	8
7006	8
7007	8
7008	8
7009	8
7010	8
7011	8
7012	8
7013	8
7014	8
7015	8
7016	8
7017	8
7018	8
7019	8
7020	8
7021	8
7022	8
7023	8
7024	8
7025	8
7026	8
7027	8
7028	8
7029	8
7030	8
7031	8
7032	8
7033	8
7034	8
7035	8
7036	8
7037	8
7038	8
7039	8
7040	8
7041	8
7042	8
7043	8
7044	8
7045	8
7046	8
7047	8
7048	8
7049	8
7050	8
7051	8
7052	8
7053	8
7054	8
7055	8
7056	8
7057	8
7058	8
7059	8
7060	8
7061	8
7062	8
7063	8
7064	8
7065	8
7066	8
7067	8
7068	8
7069	8
7070	8
7071	8
7072	8
7073	8
7074	8
7075	8
7076	8
7077	8
7078	8
7079	8
7080	8
7081	8
7082	8
7083	8
7084	8
7085	8
7086	8
7087	8
7088	8
7089	8
7090	8
7091	8
7092	8
7093	8
7094	8
7095	8
7096	8
7097	8
7098	8
7099	8
7100	8
7101	8
7102	8
7103	8
7104	8
7105	8
7106	8
7107	8
7108	8
7109	8
7110	8
7111	8
7112	8
7113	8
7114	8
7115	8
7116	8
7117	8
7118	8
7119	8
7120	8
7121	8
7122	8
7123	8
7124	8
7125	8
7126	8
7127	8
7128	8
7129	8
7130	8
7131	8
7132	8
7133	8
7134	8
7135	8
7136	8
7137	8
7138	8
7139	8
7140	8
7141	8
7142	8
7143	8
7144	8
7145	8
7146	8
7147	8
7148	8
7149	8
7150	8
7151	8
7152	8
7153	8
7154	8
7155	8
7156	8
7157	8
7158	8
7159	8
7160	8
7161	8
7162	8
7163	8
7164	8
7165	8
7166	8
7167	8
7168	8
7169	8
7170	8
7171	8
7172	8
7173	8
7174	8
7175	8
7176	8
7177	8
7178	8
7179	8
7180	8
7181	8
7182	8
7183	8
7184	8
7185	8
7186	8
7187	8
7188	8
7189	8
7190	8
7191	8
7192	8
7193	8
7194	8
7195	8
7196	8
7197	8
7198	8
7199	8
7200	8
7201	8
7202	8
7203	8
7204	8
7205	8
7206	8
7207	8
7208	8
7209	8
7210	8
7211	8
7212	8
7213	8
7214	8
7215	8
7216	8
7217	8
7218	8
7219	8
7220	8
7221	8
7222	8
7223	8
7224	8
7225	8
7226	8
7227	8
7228	8
7229	8
7230	8
7231	8
7232	8
7233	8
7234	8
7235	8
7236	8
7237	8
7238	8
7239	8
7240	8
7241	8
7242	8
7243	8
7244	8
7245	8
7246	8
7247	8
7248	8
7249	8
7250	8
7251	8
7252	8
7253	8
7254	8
7255	8
7256	8
7257	8
7258	8
7259	8
7260	8
7261	8
7262	8
7263	8
7264	8
7265	8
7266	8
7267	8
7268	8
7269	8
7270	8
7271	8
7272	8
7273	8
7274	8
7275	8
7276	8
7277	8
7278	8
7279	8
7280	8
7281	8
7282	8
7283	8
7284	8
7285	8
7286	8
7287	8
7288	8
7289	8
7290	8
7291	8
7292	8
7293	8
7294	8
7295	8
7296	8
7297	8
7298	8
7299	8
7300	8
7301	8
7302	8
7303	8
7304	8
7305	8
7306	8
7307	8
7308	8
7309	8
7310	8
7311	8
7312	8
7313	8
7314	8
7315	8
7316	8
7317	8
7318	8
7319	8
7320	8
7321	8
7322	8
7323	8
7324	8
7325	8
7326	8
7327	8
7328	8
7329	8
7330	8
7331	8
7332	8
7333	8
7334	8
7335	8
7336	8
7337	8
7338	8
7339	8
7340	8
7341	8
7342	8
7343	8
7344	8
7345	8
7346	8
7347	8
7348	8
7349	8
7350	8
7351	8
7352	8
7353	8
7354	8
7355	8
7356	8
7357	8
7358	8
7359	8
7360	8
7361	8
7362	8
7363	8
7364	8
7365	8
7366	8
7367	8
7368	8
7369	8
7370	8
7371	8
7372	8
7373	8
7374	8
7375	8
7376	8
7377	8
7378	8
7379	8
7380	8
7381	8
7382	8
7383	8
7384	8
7385	8
7386	8
7387	8
7388	8
7389	8
7390	8
7391	8
7392	8
7393	8
7394	8
7395	8
7396	8
7397	8
7398	8
7399	8
7400	8
7401	8
7402	8
7403	8
7404	8
7405	8
7406	8
7407	8
7408	8
7409	8
7410	8
7411	8
7412	8
7413	8
7414	8
7415	8
7416	8
7417	8
7418	8
7419	8
7420	8
7421	8
7422	8
7423	8
7424	8
7425	8
7426	8
7427	8
7428	8
7429	8
7430	8
7431	8
7432	8
7433	8
7434	8
7435	8
7436	8
7437	8
7438	8
7439	8
7440	8
7441	8
7442	8
7443	8
7444	8
7445	8
7446	8
7447	8
7448	8
7449	8
7450	8
7451	8
7452	8
7453	8
7454	8
7455	8
7456	8
7457	8
7458	8
7459	8
7460	8
7461	8
7462	8
7463	8
7464	8
7465	8
7466	8
7467	8
7468	8
7469	8
7470	8
7471	8
7472	8
7473	8
7474	8
7475	8
7476	8
7477	8
7478	8
7479	8
7480	8
7481	8
7482	8
7483	8
7484	8
7485	8
7486	8
7487	8
7488	8
7489	8
7490	8
7491	8
7492	8
7493	8
7494	8
7495	8
7496	8
7497	9
7498	9
7499	9
7500	9
7501	9
7502	9
7503	9
7504	9
7505	9
7506	9
7507	9
7508	9
7509	9
7510	9
7511	9
7512	9
7513	9
7514	9
7515	9
7516	9
7517	9
7518	9
7519	9
7520	9
7521	9
7522	9
7523	9
7524	9
7525	9
7526	9
7527	9
7528	9
7529	9
7530	9
7531	9
7532	9
7533	9
7534	9
7535	9
7536	9
7537	9
7538	9
7539	9
7540	9
7541	9
7542	9
7543	9
7544	9
7545	9
7546	9
7547	9
7548	9
7549	9
7550	9
7551	9
7552	9
7553	9
7554	9
7555	9
7556	9
7557	9
7558	9
7559	9
7560	9
7561	9
7562	9
7563	9
7564	9
7565	9
7566	9
7567	9
7568	9
7569	9
7570	9
7571	9
7572	9
7573	9
7574	9
7575	9
7576	9
7577	9
7578	9
7579	9
7580	9
7581	9
7582	9
7583	9
7584	9
7585	9
7586	9
7587	9
7588	9
7589	9
7590	9
7591	9
7592	9
7593	9
7594	9
7595	9
7596	9
7597	9
7598	9
7599	9
7600	9
7601	9
7602	9
7603	9
7604	9
7605	9
7606	9
7607	9
7608	9
7609	9
7610	9
7611	9
7612	9
7613	9
7614	9
7615	9
7616	9
7617	9
7618	9
7619	9
7620	9
7621	9
7622	9
7623	9
7624	9
7625	9
7626	9
7627	9
7628	9
7629	9
7630	9
7631	9
7632	9
7633	9
7634	9
7635	9
7636	9
7637	9
7638	9
7639	9
7640	9
7641	9
7642	9
7643	9
7644	9
7645	9
7646	9
7647	9
7648	9
7649	9
7650	9
7651	9
7652	9
7653	9
7654	9
7655	9
7656	9
7657	9
7658	9
7659	9
7660	9
7661	9
7662	9
7663	9
7664	9
7665	9
7666	9
7667	9
7668	9
7669	9
7670	9
7671	9
7672	9
7673	9
7674	9
7675	9
7676	9
7677	9
7678	9
7679	9
7680	9
7681	9
7682	9
7683	9
7684	9
7685	9
7686	9
7687	9
7688	9
7689	9
7690	9
7691	9
7692	9
7693	9
7694	9
7695	9
7696	9
7697	9
7698	9
7699	9
7700	9
7701	9
7702	9
7703	9
7704	9
7705	9
7706	9
7707	9
7708	9
7709	9
7710	9
7711	9
7712	9
7713	9
7714	9
7715	9
7716	9
7717	9
7718	9
7719	9
7720	9
7721	9
7722	9
7723	9
7724	9
7725	9
7726	9
7727	9
7728	9
7729	9
7730	9
7731	9
7732	9
7733	9
7734	9
7735	9
7736	9
7737	9
7738	9
7739	9
7740	9
7741	9
7742	9
7743	9
7744	9
7745	9
7746	9
7747	9
7748	9
7749	9
7750	9
7751	9
7752	9
7753	9
7754	9
7755	9
7756	9
7757	9
7758	9
7759	9
7760	9
7761	9
7762	9
7763	9
7764	9
7765	9
7766	9
7767	9
7768	9
7769	9
7770	9
7771	9
7772	9
7773	9
7774	9
7775	9
7776	9
7777	9
7778	9
7779	9
7780	9
7781	9
7782	9
7783	9
7784	9
7785	9
7786	9
7787	9
7788	9
7789	9
7790	9
7791	9
7792	9
7793	9
7794	9
7795	9
7796	9
7797	9
7798	9
7799	9
7800	9
7801	9
7802	9
7803	9
7804	9
7805	9
7806	9
7807	9
7808	9
7809	9
7810	9
7811	9
7812	9
7813	9
7814	9
7815	9
7816	9
7817	9
7818	9
7819	9
7820	9
7821	9
7822	9
7823	9
7824	9
7825	9
7826	9
7827	9
7828	9
7829	9
7830	9
7831	9
7832	9
7833	9
7834	9
7835	9
7836	9
7837	9
7838	9
7839	9
7840	9
7841	9
7842	9
7843	9
7844	9
7845	9
7846	9
7847	9
7848	9
7849	9
7850	9
7851	9
7852	9
7853	9
7854	9
7855	9
7856	9
7857	9
7858	9
7859	9
7860	9
7861	9
7862	9
7863	9
7864	9
7865	9
7866	9
7867	9
7868	9
7869	9
7870	9
7871	9
7872	9
7873	9
7874	9
7875	9
7876	9
7877	9
7878	9
7879	9
7880	9
7881	9
7882	9
7883	9
7884	9
7885	9
7886	9
7887	9
7888	9
7889	9
7890	9
7891	9
7892	9
7893	9
7894	9
7895	9
7896	9
7897	9
7898	9
7899	9
7900	9
7901	9
7902	9
7903	9
7904	9
7905	9
7906	9
7907	9
7908	9
7909	9
7910	9
7911	9
7912	9
7913	9
7914	9
7915	9
7916	9
7917	9
7918	9
7919	9
7920	9
7921	9
7922	9
7923	9
7924	9
7925	9
7926	9
7927	9
7928	9
7929	9
7930	9
7931	9
7932	9
7933	9
7934	9
7935	9
7936	9
7937	9
7938	9
7939	9
7940	9
7941	9
7942	9
7943	9
7944	9
7945	9
7946	9
7947	9
7948	9
7949	9
7950	9
7951	9
7952	9
7953	9
7954	9
7955	9
7956	9
7957	9
7958	9
7959	9
7960	9
7961	9
7962	9
7963	9
7964	9
7965	9
7966	9
7967	9
7968	9
7969	9
7970	9
7971	9
7972	9
7973	9
7974	9
7975	9
7976	9
7977	9
7978	9
7979	9
7980	9
7981	9
7982	9
7983	9
7984	9
7985	9
7986	9
7987	9
7988	9
7989	9
7990	9
7991	9
7992	9
7993	9
7994	9
7995	9
7996	9
7997	9
7998	9
7999	9
8000	9
8001	9
8002	9
8003	9
8004	9
8005	9
8006	9
8007	9
8008	9
8009	9
8010	9
8011	9
8012	9
8013	9
8014	9
8015	9
8016	9
8017	9
8018	9
8019	9
8020	9
8021	9
8022	9
8023	9
8024	9
8025	9
8026	9
8027	9
8028	9
8029	9
8030	9
8031	9
8032	9
8033	9
8034	9
8035	9
8036	9
8037	9
8038	9
8039	9
8040	9
8041	9
8042	9
8043	9
8044	9
8045	9
8046	9
8047	9
8048	9
8049	9
8050	9
8051	9
8052	9
8053	9
8054	9
8055	9
8056	9
8057	9
8058	9
8059	9
8060	9
8061	9
8062	9
8063	9
8064	9
8065	9
8066	9
8067	9
8068	9
8069	9
8070	9
8071	9
8072	9
8073	9
8074	9
8075	9
8076	9
8077	9
8078	9
8079	9
8080	9
8081	9
8082	9
8083	9
8084	9
8085	9
8086	9
8087	9
8088	9
8089	9
8090	9
8091	9
8092	9
8093	9
8094	9
8095	9
8096	9
8097	9
8098	9
8099	9
8100	9
8101	9
8102	9
8103	9
8104	9
8105	9
8106	9
8107	9
8108	9
8109	9
8110	9
8111	9
8112	9
8113	9
8114	9
8115	9
8116	9
8117	9
8118	9
8119	9
8120	9
8121	9
8122	9
8123	9
8124	9
8125	9
8126	9
8127	9
8128	9
8129	9
8130	9
8131	9
8132	9
8133	9
8134	9
8135	9
8136	9
8137	9
8138	9
8139	9
8140	9
8141	9
8142	9
8143	9
8144	9
8145	9
8146	9
8147	9
8148	9
8149	9
8150	9
8151	9
8152	9
8153	9
8154	9
8155	9
8156	9
8157	9
8158	9
8159	9
8160	9
8161	9
8162	9
8163	9
8164	9
8165	9
8166	9
8167	9
8168	9
8169	9
8170	9
8171	9
8172	9
8173	9
8174	9
8175	9
8176	9
8177	9
8178	9
8179	9
8180	9
8181	9
8182	9
8183	9
8184	9
8185	9
8186	9
8187	9
8188	9
8189	9
8190	9
8191	9
8192	9
8193	9
8194	9
8195	9
8196	9
8197	9
8198	9
8199	9
8200	9
8201	9
8202	9
8203	9
8204	9
8205	9
8206	9
8207	9
8208	9
8209	9
8210	9
8211	9
8212	9
8213	9
8214	9
8215	9
8216	9
8217	9
8218	9
8219	9
8220	9
8221	9
8222	9
8223	9
8224	9
8225	9
8226	9
8227	9
8228	9
8229	9
8230	9
8231	9
8232	9
8233	9
8234	9
8235	9
8236	9
8237	9
8238	9
8239	9
8240	9
8241	9
8242	9
8243	9
8244	9
8245	9
8246	9
8247	9
8248	9
8249	9
8250	9
8251	9
8252	9
8253	9
8254	9
8255	9
8256	9
8257	9
8258	9
8259	9
8260	9
8261	9
8262	9
8263	9
8264	9
8265	9
8266	9
8267	9
8268	9
8269	9
8270	9
8271	9
8272	9
8273	9
8274	9
8275	9
8276	9
8277	9
8278	9
8279	9
8280	9
8281	9
8282	9
8283	9
8284	9
8285	9
8286	9
8287	9
8288	9
8289	9
8290	9
8291	9
8292	9
8293	9
8294	9
8295	9
8296	9
8297	9
8298	9
8299	9
8300	9
8301	9
8302	9
8303	9
8304	9
8305	9
8306	9
8307	9
8308	9
8309	9
8310	9
8311	9
8312	9
8313	9
8314	9
8315	9
8316	9
8317	9
8318	9
8319	9
8320	9
8321	9
8322	9
8323	9
8324	9
8325	9
8326	9
8327	9
8328	9
8329	9
8330	10
8331	10
8332	10
8333	10
8334	10
8335	10
8336	10
8337	10
8338	10
8339	10
8340	10
8341	10
8342	10
8343	10
8344	10
8345	10
8346	10
8347	10
8348	10
8349	10
8350	10
8351	10
8352	10
8353	10
8354	10
8355	10
8356	10
8357	10
8358	10
8359	10
8360	10
8361	10
8362	10
8363	10
8364	10
8365	10
8366	10
8367	10
8368	10
8369	10
8370	10
8371	10
8372	10
8373	10
8374	10
8375	10
8376	10
8377	10
8378	10
8379	10
8380	10
8381	10
8382	10
8383	10
8384	10
8385	10
8386	10
8387	10
8388	10
8389	10
8390	10
8391	10
8392	10
8393	10
8394	10
8395	10
8396	10
8397	10
8398	10
8399	10
8400	10
8401	10
8402	10
8403	10
8404	10
8405	10
8406	10
8407	10
8408	10
8409	10
8410	10
8411	10
8412	10
8413	10
8414	10
8415	10
8416	10
8417	10
8418	10
8419	10
8420	10
8421	10
8422	10
8423	10
8424	10
8425	10
8426	10
8427	10
8428	10
8429	10
8430	10
8431	10
8432	10
8433	10
8434	10
8435	10
8436	10
8437	10
8438	10
8439	10
8440	10
8441	10
8442	10
8443	10
8444	10
8445	10
8446	10
8447	10
8448	10
8449	10
8450	10
8451	10
8452	10
8453	10
8454	10
8455	10
8456	10
8457	10
8458	10
8459	10
8460	10
8461	10
8462	10
8463	10
8464	10
8465	10
8466	10
8467	10
8468	10
8469	10
8470	10
8471	10
8472	10
8473	10
8474	10
8475	10
8476	10
8477	10
8478	10
8479	10
8480	10
8481	10
8482	10
8483	10
8484	10
8485	10
8486	10
8487	10
8488	10
8489	10
8490	10
8491	10
8492	10
8493	10
8494	10
8495	10
8496	10
8497	10
8498	10
8499	10
8500	10
8501	10
8502	10
8503	10
8504	10
8505	10
8506	10
8507	10
8508	10
8509	10
8510	10
8511	10
8512	10
8513	10
8514	10
8515	10
8516	10
8517	10
8518	10
8519	10
8520	10
8521	10
8522	10
8523	10
8524	10
8525	10
8526	10
8527	10
8528	10
8529	10
8530	10
8531	10
8532	10
8533	10
8534	10
8535	10
8536	10
8537	10
8538	10
8539	10
8540	10
8541	10
8542	10
8543	10
8544	10
8545	10
8546	10
8547	10
8548	10
8549	10
8550	10
8551	10
8552	10
8553	10
8554	10
8555	10
8556	10
8557	10
8558	10
8559	10
8560	10
8561	10
8562	10
8563	10
8564	10
8565	10
8566	10
8567	10
8568	10
8569	10
8570	10
8571	10
8572	10
8573	10
8574	10
8575	10
8576	10
8577	10
8578	10
8579	10
8580	10
8581	10
8582	10
8583	10
8584	10
8585	10
8586	10
8587	10
8588	10
8589	10
8590	10
8591	10
8592	10
8593	10
8594	10
8595	10
8596	10
8597	10
8598	10
8599	10
8600	10
8601	10
8602	10
8603	10
8604	10
8605	10
8606	10
8607	10
8608	10
8609	10
8610	10
8611	10
8612	10
8613	10
8614	10
8615	10
8616	10
8617	10
8618	10
8619	10
8620	10
8621	10
8622	10
8623	10
8624	10
8625	10
8626	10
8627	10
8628	10
8629	10
8630	10
8631	10
8632	10
8633	10
8634	10
8635	10
8636	10
8637	10
8638	10
8639	10
8640	10
8641	10
8642	10
8643	10
8644	10
8645	10
8646	10
8647	10
8648	10
8649	10
8650	10
8651	10
8652	10
8653	10
8654	10
8655	10
8656	10
8657	10
8658	10
8659	10
8660	10
8661	10
8662	10
8663	10
8664	10
8665	10
8666	10
8667	10
8668	10
8669	10
8670	10
8671	10
8672	10
8673	10
8674	10
8675	10
8676	10
8677	10
8678	10
8679	10
8680	10
8681	10
8682	10
8683	10
8684	10
8685	10
8686	10
8687	10
8688	10
8689	10
8690	10
8691	10
8692	10
8693	10
8694	10
8695	10
8696	10
8697	10
8698	10
8699	10
8700	10
8701	10
8702	10
8703	10
8704	10
8705	10
8706	10
8707	10
8708	10
8709	10
8710	10
8711	10
8712	10
8713	10
8714	10
8715	10
8716	10
8717	10
8718	10
8719	10
8720	10
8721	10
8722	10
8723	10
8724	10
8725	10
8726	10
8727	10
8728	10
8729	10
8730	10
8731	10
8732	10
8733	10
8734	10
8735	10
8736	10
8737	10
8738	10
8739	10
8740	10
8741	10
8742	10
8743	10
8744	10
8745	10
8746	10
8747	10
8748	10
8749	10
8750	10
8751	10
8752	10
8753	10
8754	10
8755	10
8756	10
8757	10
8758	10
8759	10
8760	10
8761	10
8762	10
8763	10
8764	10
8765	10
8766	10
8767	10
8768	10
8769	10
8770	10
8771	10
8772	10
8773	10
8774	10
8775	10
8776	10
8777	10
8778	10
8779	10
8780	10
8781	10
8782	10
8783	10
8784	10
8785	10
8786	10
8787	10
8788	10
8789	10
8790	10
8791	10
8792	10
8793	10
8794	10
8795	10
8796	10
8797	10
8798	10
8799	10
8800	10
8801	10
8802	10
8803	10
8804	10
8805	10
8806	10
8807	10
8808	10
8809	10
8810	10
8811	10
8812	10
8813	10
8814	10
8815	10
8816	10
8817	10
8818	10
8819	10
8820	10
8821	10
8822	10
8823	10
8824	10
8825	10
8826	10
8827	10
8828	10
8829	10
8830	10
8831	10
8832	10
8833	10
8834	10
8835	10
8836	10
8837	10
8838	10
8839	10
8840	10
8841	10
8842	10
8843	10
8844	10
8845	10
8846	10
8847	10
8848	10
8849	10
8850	10
8851	10
8852	10
8853	10
8854	10
8855	10
8856	10
8857	10
8858	10
8859	10
8860	10
8861	10
8862	10
8863	10
8864	10
8865	10
8866	10
8867	10
8868	10
8869	10
8870	10
8871	10
8872	10
8873	10
8874	10
8875	10
8876	10
8877	10
8878	10
8879	10
8880	10
8881	10
8882	10
8883	10
8884	10
8885	10
8886	10
8887	10
8888	10
8889	10
8890	10
8891	10
8892	10
8893	10
8894	10
8895	10
8896	10
8897	10
8898	10
8899	10
8900	10
8901	10
8902	10
8903	10
8904	10
8905	10
8906	10
8907	10
8908	10
8909	10
8910	10
8911	10
8912	10
8913	10
8914	10
8915	10
8916	10
8917	10
8918	10
8919	10
8920	10
8921	10
8922	10
8923	10
8924	10
8925	10
8926	10
8927	10
8928	10
8929	10
8930	10
8931	10
8932	10
8933	10
8934	10
8935	10
8936	10
8937	10
8938	10
8939	10
8940	10
8941	10
8942	10
8943	10
8944	10
8945	10
8946	10
8947	10
8948	10
8949	10
8950	10
8951	10
8952	10
8953	10
8954	10
8955	10
8956	10
8957	10
8958	10
8959	10
8960	10
8961	10
8962	10
8963	10
8964	10
8965	10
8966	10
8967	10
8968	10
8969	10
8970	10
8971	10
8972	10
8973	10
8974	10
8975	10
8976	10
8977	10
8978	10
8979	10
8980	10
8981	10
8982	10
8983	10
8984	10
8985	10
8986	10
8987	10
8988	10
8989	10
8990	10
8991	10
8992	10
8993	10
8994	10
8995	10
8996	10
8997	10
8998	10
8999	10
9000	10
9001	10
9002	10
9003	10
9004	10
9005	10
9006	10
9007	10
9008	10
9009	10
9010	10
9011	10
9012	10
9013	10
9014	10
9015	10
9016	10
9017	10
9018	10
9019	10
9020	10
9021	10
9022	10
9023	10
9024	10
9025	10
9026	10
9027	10
9028	10
9029	10
9030	10
9031	10
9032	10
9033	10
9034	10
9035	10
9036	10
9037	10
9038	10
9039	10
9040	10
9041	10
9042	10
9043	10
9044	10
9045	10
9046	10
9047	10
9048	10
9049	10
9050	10
9051	10
9052	10
9053	10
9054	10
9055	10
9056	10
9057	10
9058	10
9059	10
9060	10
9061	10
9062	10
9063	10
9064	10
9065	10
9066	10
9067	10
9068	10
9069	10
9070	10
9071	10
9072	10
9073	10
9074	10
9075	10
9076	10
9077	10
9078	10
9079	10
9080	10
9081	10
9082	10
9083	10
9084	10
9085	10
9086	10
9087	10
9088	10
9089	10
9090	10
9091	10
9092	10
9093	10
9094	10
9095	10
9096	10
9097	10
9098	10
9099	10
9100	10
9101	10
9102	10
9103	10
9104	10
9105	10
9106	10
9107	10
9108	10
9109	10
9110	10
9111	10
9112	10
9113	10
9114	10
9115	10
9116	10
9117	10
9118	10
9119	10
9120	10
9121	10
9122	10
9123	10
9124	10
9125	10
9126	10
9127	10
9128	10
9129	10
9130	10
9131	10
9132	10
9133	10
9134	10
9135	10
9136	10
9137	10
9138	10
9139	10
9140	10
9141	10
9142	10
9143	10
9144	10
9145	10
9146	10
9147	10
9148	10
9149	10
9150	10
9151	10
9152	10
9153	10
9154	10
9155	10
9156	10
9157	10
9158	10
9159	10
9160	10
9161	10
9162	10
9163	11
9164	11
9165	11
9166	11
9167	11
9168	11
9169	11
9170	11
9171	11
9172	11
9173	11
9174	11
9175	11
9176	11
9177	11
9178	11
9179	11
9180	11
9181	11
9182	11
9183	11
9184	11
9185	11
9186	11
9187	11
9188	11
9189	11
9190	11
9191	11
9192	11
9193	11
9194	11
9195	11
9196	11
9197	11
9198	11
9199	11
9200	11
9201	11
9202	11
9203	11
9204	11
9205	11
9206	11
9207	11
9208	11
9209	11
9210	11
9211	11
9212	11
9213	11
9214	11
9215	11
9216	11
9217	11
9218	11
9219	11
9220	11
9221	11
9222	11
9223	11
9224	11
9225	11
9226	11
9227	11
9228	11
9229	11
9230	11
9231	11
9232	11
9233	11
9234	11
9235	11
9236	11
9237	11
9238	11
9239	11
9240	11
9241	11
9242	11
9243	11
9244	11
9245	11
9246	11
9247	11
9248	11
9249	11
9250	11
9251	11
9252	11
9253	11
9254	11
9255	11
9256	11
9257	11
9258	11
9259	11
9260	11
9261	11
9262	11
9263	11
9264	11
9265	11
9266	11
9267	11
9268	11
9269	11
9270	11
9271	11
9272	11
9273	11
9274	11
9275	11
9276	11
9277	11
9278	11
9279	11
9280	11
9281	11
9282	11
9283	11
9284	11
9285	11
9286	11
9287	11
9288	11
9289	11
9290	11
9291	11
9292	11
9293	11
9294	11
9295	11
9296	11
9297	11
9298	11
9299	11
9300	11
9301	11
9302	11
9303	11
9304	11
9305	11
9306	11
9307	11
9308	11
9309	11
9310	11
9311	11
9312	11
9313	11
9314	11
9315	11
9316	11
9317	11
9318	11
9319	11
9320	11
9321	11
9322	11
9323	11
9324	11
9325	11
9326	11
9327	11
9328	11
9329	11
9330	11
9331	11
9332	11
9333	11
9334	11
9335	11
9336	11
9337	11
9338	11
9339	11
9340	11
9341	11
9342	11
9343	11
9344	11
9345	11
9346	11
9347	11
9348	11
9349	11
9350	11
9351	11
9352	11
9353	11
9354	11
9355	11
9356	11
9357	11
9358	11
9359	11
9360	11
9361	11
9362	11
9363	11
9364	11
9365	11
9366	11
9367	11
9368	11
9369	11
9370	11
9371	11
9372	11
9373	11
9374	11
9375	11
9376	11
9377	11
9378	11
9379	11
9380	11
9381	11
9382	11
9383	11
9384	11
9385	11
9386	11
9387	11
9388	11
9389	11
9390	11
9391	11
9392	11
9393	11
9394	11
9395	11
9396	11
9397	11
9398	11
9399	11
9400	11
9401	11
9402	11
9403	11
9404	11
9405	11
9406	11
9407	11
9408	11
9409	11
9410	11
9411	11
9412	11
9413	11
9414	11
9415	11
9416	11
9417	11
9418	11
9419	11
9420	11
9421	11
9422	11
9423	11
9424	11
9425	11
9426	11
9427	11
9428	11
9429	11
9430	11
9431	11
9432	11
9433	11
9434	11
9435	11
9436	11
9437	11
9438	11
9439	11
9440	11
9441	11
9442	11
9443	11
9444	11
9445	11
9446	11
9447	11
9448	11
9449	11
9450	11
9451	11
9452	11
9453	11
9454	11
9455	11
9456	11
9457	11
9458	11
9459	11
9460	11
9461	11
9462	11
9463	11
9464	11
9465	11
9466	11
9467	11
9468	11
9469	11
9470	11
9471	11
9472	11
9473	11
9474	11
9475	11
9476	11
9477	11
9478	11
9479	11
9480	11
9481	11
9482	11
9483	11
9484	11
9485	11
9486	11
9487	11
9488	11
9489	11
9490	11
9491	11
9492	11
9493	11
9494	11
9495	11
9496	11
9497	11
9498	11
9499	11
9500	11
9501	11
9502	11
9503	11
9504	11
9505	11
9506	11
9507	11
9508	11
9509	11
9510	11
9511	11
9512	11
9513	11
9514	11
9515	11
9516	11
9517	11
9518	11
9519	11
9520	11
9521	11
9522	11
9523	11
9524	11
9525	11
9526	11
9527	11
9528	11
9529	11
9530	11
9531	11
9532	11
9533	11
9534	11
9535	11
9536	11
9537	11
9538	11
9539	11
9540	11
9541	11
9542	11
9543	11
9544	11
9545	11
9546	11
9547	11
9548	11
9549	11
9550	11
9551	11
9552	11
9553	11
9554	11
9555	11
9556	11
9557	11
9558	11
9559	11
9560	11
9561	11
9562	11
9563	11
9564	11
9565	11
9566	11
9567	11
9568	11
9569	11
9570	11
9571	11
9572	11
9573	11
9574	11
9575	11
9576	11
9577	11
9578	11
9579	11
9580	11
9581	11
9582	11
9583	11
9584	11
9585	11
9586	11
9587	11
9588	11
9589	11
9590	11
9591	11
9592	11
9593	11
9594	11
9595	11
9596	11
9597	11
9598	11
9599	11
9600	11
9601	11
9602	11
9603	11
9604	11
9605	11
9606	11
9607	11
9608	11
9609	11
9610	11
9611	11
9612	11
9613	11
9614	11
9615	11
9616	11
9617	11
9618	11
9619	11
9620	11
9621	11
9622	11
9623	11
9624	11
9625	11
9626	11
9627	11
9628	11
9629	11
9630	11
9631	11
9632	11
9633	11
9634	11
9635	11
9636	11
9637	11
9638	11
9639	11
9640	11
9641	11
9642	11
9643	11
9644	11
9645	11
9646	11
9647	11
9648	11
9649	11
9650	11
9651	11
9652	11
9653	11
9654	11
9655	11
9656	11
9657	11
9658	11
9659	11
9660	11
9661	11
9662	11
9663	11
9664	11
9665	11
9666	11
9667	11
9668	11
9669	11
9670	11
9671	11
9672	11
9673	11
9674	11
9675	11
9676	11
9677	11
9678	11
9679	11
9680	11
9681	11
9682	11
9683	11
9684	11
9685	11
9686	11
9687	11
9688	11
9689	11
9690	11
9691	11
9692	11
9693	11
9694	11
9695	11
9696	11
9697	11
9698	11
9699	11
9700	11
9701	11
9702	11
9703	11
9704	11
9705	11
9706	11
9707	11
9708	11
9709	11
9710	11
9711	11
9712	11
9713	11
9714	11
9715	11
9716	11
9717	11
9718	11
9719	11
9720	11
9721	11
9722	11
9723	11
9724	11
9725	11
9726	11
9727	11
9728	11
9729	11
9730	11
9731	11
9732	11
9733	11
9734	11
9735	11
9736	11
9737	11
9738	11
9739	11
9740	11
9741	11
9742	11
9743	11
9744	11
9745	11
9746	11
9747	11
9748	11
9749	11
9750	11
9751	11
9752	11
9753	11
9754	11
9755	11
9756	11
9757	11
9758	11
9759	11
9760	11
9761	11
9762	11
9763	11
9764	11
9765	11
9766	11
9767	11
9768	11
9769	11
9770	11
9771	11
9772	11
9773	11
9774	11
9775	11
9776	11
9777	11
9778	11
9779	11
9780	11
9781	11
9782	11
9783	11
9784	11
9785	11
9786	11
9787	11
9788	11
9789	11
9790	11
9791	11
9792	11
9793	11
9794	11
9795	11
9796	11
9797	11
9798	11
9799	11
9800	11
9801	11
9802	11
9803	11
9804	11
9805	11
9806	11
9807	11
9808	11
9809	11
9810	11
9811	11
9812	11
9813	11
9814	11
9815	11
9816	11
9817	11
9818	11
9819	11
9820	11
9821	11
9822	11
9823	11
9824	11
9825	11
9826	11
9827	11
9828	11
9829	11
9830	11
9831	11
9832	11
9833	11
9834	11
9835	11
9836	11
9837	11
9838	11
9839	11
9840	11
9841	11
9842	11
9843	11
9844	11
9845	11
9846	11
9847	11
9848	11
9849	11
9850	11
9851	11
9852	11
9853	11
9854	11
9855	11
9856	11
9857	11
9858	11
9859	11
9860	11
9861	11
9862	11
9863	11
9864	11
9865	11
9866	11
9867	11
9868	11
9869	11
9870	11
9871	11
9872	11
9873	11
9874	11
9875	11
9876	11
9877	11
9878	11
9879	11
9880	11
9881	11
9882	11
9883	11
9884	11
9885	11
9886	11
9887	11
9888	11
9889	11
9890	11
9891	11
9892	11
9893	11
9894	11
9895	11
9896	11
9897	11
9898	11
9899	11
9900	11
9901	11
9902	11
9903	11
9904	11
9905	11
9906	11
9907	11
9908	11
9909	11
9910	11
9911	11
9912	11
9913	11
9914	11
9915	11
9916	11
9917	11
9918	11
9919	11
9920	11
9921	11
9922	11
9923	11
9924	11
9925	11
9926	11
9927	11
9928	11
9929	11
9930	11
9931	11
9932	11
9933	11
9934	11
9935	11
9936	11
9937	11
9938	11
9939	11
9940	11
9941	11
9942	11
9943	11
9944	11
9945	11
9946	11
9947	11
9948	11
9949	11
9950	11
9951	11
9952	11
9953	11
9954	11
9955	11
9956	11
9957	11
9958	11
9959	11
9960	11
9961	11
9962	11
9963	11
9964	11
9965	11
9966	11
9967	11
9968	11
9969	11
9970	11
9971	11
9972	11
9973	11
9974	11
9975	11
9976	11
9977	11
9978	11
9979	11
9980	11
9981	11
9982	11
9983	11
9984	11
9985	11
9986	11
9987	11
9988	11
9989	11
9990	11
9991	11
9992	11
9993	11
9994	11
9995	11
9996	12
9997	12
9998	12
9999	12
10000	12
10001	12
10002	12
10003	12
10004	12
10005	12
10006	12
10007	12
10008	12
10009	12
10010	12
10011	12
10012	12
10013	12
10014	12
10015	12
10016	12
10017	12
10018	12
10019	12
10020	12
10021	12
10022	12
10023	12
10024	12
10025	12
10026	12
10027	12
10028	12
10029	12
10030	12
10031	12
10032	12
10033	12
10034	12
10035	12
10036	12
10037	12
10038	12
10039	12
10040	12
10041	12
10042	12
10043	12
10044	12
10045	12
10046	12
10047	12
10048	12
10049	12
10050	12
10051	12
10052	12
10053	12
10054	12
10055	12
10056	12
10057	12
10058	12
10059	12
10060	12
10061	12
10062	12
10063	12
10064	12
10065	12
10066	12
10067	12
10068	12
10069	12
10070	12
10071	12
10072	12
10073	12
10074	12
10075	12
10076	12
10077	12
10078	12
10079	12
10080	12
10081	12
10082	12
10083	12
10084	12
10085	12
10086	12
10087	12
10088	12
10089	12
10090	12
10091	12
10092	12
10093	12
10094	12
10095	12
10096	12
10097	12
10098	12
10099	12
10100	12
10101	12
10102	12
10103	12
10104	12
10105	12
10106	12
10107	12
10108	12
10109	12
10110	12
10111	12
10112	12
10113	12
10114	12
10115	12
10116	12
10117	12
10118	12
10119	12
10120	12
10121	12
10122	12
10123	12
10124	12
10125	12
10126	12
10127	12
10128	12
10129	12
10130	12
10131	12
10132	12
10133	12
10134	12
10135	12
10136	12
10137	12
10138	12
10139	12
10140	12
10141	12
10142	12
10143	12
10144	12
10145	12
10146	12
10147	12
10148	12
10149	12
10150	12
10151	12
10152	12
10153	12
10154	12
10155	12
10156	12
10157	12
10158	12
10159	12
10160	12
10161	12
10162	12
10163	12
10164	12
10165	12
10166	12
10167	12
10168	12
10169	12
10170	12
10171	12
10172	12
10173	12
10174	12
10175	12
10176	12
10177	12
10178	12
10179	12
10180	12
10181	12
10182	12
10183	12
10184	12
10185	12
10186	12
10187	12
10188	12
10189	12
10190	12
10191	12
10192	12
10193	12
10194	12
10195	12
10196	12
10197	12
10198	12
10199	12
10200	12
10201	12
10202	12
10203	12
10204	12
10205	12
10206	12
10207	12
10208	12
10209	12
10210	12
10211	12
10212	12
10213	12
10214	12
10215	12
10216	12
10217	12
10218	12
10219	12
10220	12
10221	12
10222	12
10223	12
10224	12
10225	12
10226	12
10227	12
10228	12
10229	12
10230	12
10231	12
10232	12
10233	12
10234	12
10235	12
10236	12
10237	12
10238	12
10239	12
10240	12
10241	12
10242	12
10243	12
10244	12
10245	12
10246	12
10247	12
10248	12
10249	12
10250	12
10251	12
10252	12
10253	12
10254	12
10255	12
10256	12
10257	12
10258	12
10259	12
10260	12
10261	12
10262	12
10263	12
10264	12
10265	12
10266	12
10267	12
10268	12
10269	12
10270	12
10271	12
10272	12
10273	12
10274	12
10275	12
10276	12
10277	12
10278	12
10279	12
10280	12
10281	12
10282	12
10283	12
10284	12
10285	12
10286	12
10287	12
10288	12
10289	12
10290	12
10291	12
10292	12
10293	12
10294	12
10295	12
10296	12
10297	12
10298	12
10299	12
10300	12
10301	12
10302	12
10303	12
10304	12
10305	12
10306	12
10307	12
10308	12
10309	12
10310	12
10311	12
10312	12
10313	12
10314	12
10315	12
10316	12
10317	12
10318	12
10319	12
10320	12
10321	12
10322	12
10323	12
10324	12
10325	12
10326	12
10327	12
10328	12
10329	12
10330	12
10331	12
10332	12
10333	12
10334	12
10335	12
10336	12
10337	12
10338	12
10339	12
10340	12
10341	12
10342	12
10343	12
10344	12
10345	12
10346	12
10347	12
10348	12
10349	12
10350	12
10351	12
10352	12
10353	12
10354	12
10355	12
10356	12
10357	12
10358	12
10359	12
10360	12
10361	12
10362	12
10363	12
10364	12
10365	12
10366	12
10367	12
10368	12
10369	12
10370	12
10371	12
10372	12
10373	12
10374	12
10375	12
10376	12
10377	12
10378	12
10379	12
10380	12
10381	12
10382	12
10383	12
10384	12
10385	12
10386	12
10387	12
10388	12
10389	12
10390	12
10391	12
10392	12
10393	12
10394	12
10395	12
10396	12
10397	12
10398	12
10399	12
10400	12
10401	12
10402	12
10403	12
10404	12
10405	12
10406	12
10407	12
10408	12
10409	12
10410	12
10411	12
10412	12
10413	12
10414	12
10415	12
10416	12
10417	12
10418	12
10419	12
10420	12
10421	12
10422	12
10423	12
10424	12
10425	12
10426	12
10427	12
10428	12
10429	12
10430	12
10431	12
10432	12
10433	12
10434	12
10435	12
10436	12
10437	12
10438	12
10439	12
10440	12
10441	12
10442	12
10443	12
10444	12
10445	12
10446	12
10447	12
10448	12
10449	12
10450	12
10451	12
10452	12
10453	12
10454	12
10455	12
10456	12
10457	12
10458	12
10459	12
10460	12
10461	12
10462	12
10463	12
10464	12
10465	12
10466	12
10467	12
10468	12
10469	12
10470	12
10471	12
10472	12
10473	12
10474	12
10475	12
10476	12
10477	12
10478	12
10479	12
10480	12
10481	12
10482	12
10483	12
10484	12
10485	12
10486	12
10487	12
10488	12
10489	12
10490	12
10491	12
10492	12
10493	12
10494	12
10495	12
10496	12
10497	12
10498	12
10499	12
10500	12
10501	12
10502	12
10503	12
10504	12
10505	12
10506	12
10507	12
10508	12
10509	12
10510	12
10511	12
10512	12
10513	12
10514	12
10515	12
10516	12
10517	12
10518	12
10519	12
10520	12
10521	12
10522	12
10523	12
10524	12
10525	12
10526	12
10527	12
10528	12
10529	12
10530	12
10531	12
10532	12
10533	12
10534	12
10535	12
10536	12
10537	12
10538	12
10539	12
10540	12
10541	12
10542	12
10543	12
10544	12
10545	12
10546	12
10547	12
10548	12
10549	12
10550	12
10551	12
10552	12
10553	12
10554	12
10555	12
10556	12
10557	12
10558	12
10559	12
10560	12
10561	12
10562	12
10563	12
10564	12
10565	12
10566	12
10567	12
10568	12
10569	12
10570	12
10571	12
10572	12
10573	12
10574	12
10575	12
10576	12
10577	12
10578	12
10579	12
10580	12
10581	12
10582	12
10583	12
10584	12
10585	12
10586	12
10587	12
10588	12
10589	12
10590	12
10591	12
10592	12
10593	12
10594	12
10595	12
10596	12
10597	12
10598	12
10599	12
10600	12
10601	12
10602	12
10603	12
10604	12
10605	12
10606	12
10607	12
10608	12
10609	12
10610	12
10611	12
10612	12
10613	12
10614	12
10615	12
10616	12
10617	12
10618	12
10619	12
10620	12
10621	12
10622	12
10623	12
10624	12
10625	12
10626	12
10627	12
10628	12
10629	12
10630	12
10631	12
10632	12
10633	12
10634	12
10635	12
10636	12
10637	12
10638	12
10639	12
10640	12
10641	12
10642	12
10643	12
10644	12
10645	12
10646	12
10647	12
10648	12
10649	12
10650	12
10651	12
10652	12
10653	12
10654	12
10655	12
10656	12
10657	12
10658	12
10659	12
10660	12
10661	12
10662	12
10663	12
10664	12
10665	12
10666	12
10667	12
10668	12
10669	12
10670	12
10671	12
10672	12
10673	12
10674	12
10675	12
10676	12
10677	12
10678	12
10679	12
10680	12
10681	12
10682	12
10683	12
10684	12
10685	12
10686	12
10687	12
10688	12
10689	12
10690	12
10691	12
10692	12
10693	12
10694	12
10695	12
10696	12
10697	12
10698	12
10699	12
10700	12
10701	12
10702	12
10703	12
10704	12
10705	12
10706	12
10707	12
10708	12
10709	12
10710	12
10711	12
10712	12
10713	12
10714	12
10715	12
10716	12
10717	12
10718	12
10719	12
10720	12
10721	12
10722	12
10723	12
10724	12
10725	12
10726	12
10727	12
10728	12
10729	12
10730	12
10731	12
10732	12
10733	12
10734	12
10735	12
10736	12
10737	12
10738	12
10739	12
10740	12
10741	12
10742	12
10743	12
10744	12
10745	12
10746	12
10747	12
10748	12
10749	12
10750	12
10751	12
10752	12
10753	12
10754	12
10755	12
10756	12
10757	12
10758	12
10759	12
10760	12
10761	12
10762	12
10763	12
10764	12
10765	12
10766	12
10767	12
10768	12
10769	12
10770	12
10771	12
10772	12
10773	12
10774	12
10775	12
10776	12
10777	12
10778	12
10779	12
10780	12
10781	12
10782	12
10783	12
10784	12
10785	12
10786	12
10787	12
10788	12
10789	12
10790	12
10791	12
10792	12
10793	12
10794	12
10795	12
10796	12
10797	12
10798	12
10799	12
10800	12
10801	12
10802	12
10803	12
10804	12
10805	12
10806	12
10807	12
10808	12
10809	12
10810	12
10811	12
10812	12
10813	12
10814	12
10815	12
10816	12
10817	12
10818	12
10819	12
10820	12
10821	12
10822	12
10823	12
10824	12
10825	12
10826	12
10827	12
10828	12
10829	13
10830	13
10831	13
10832	13
10833	13
10834	13
10835	13
10836	13
10837	13
10838	13
10839	13
10840	13
10841	13
10842	13
10843	13
10844	13
10845	13
10846	13
10847	13
10848	13
10849	13
10850	13
10851	13
10852	13
10853	13
10854	13
10855	13
10856	13
10857	13
10858	13
10859	13
10860	13
10861	13
10862	13
10863	13
10864	13
10865	13
10866	13
10867	13
10868	13
10869	13
10870	13
10871	13
10872	13
10873	13
10874	13
10875	13
10876	13
10877	13
10878	13
10879	13
10880	13
10881	13
10882	13
10883	13
10884	13
10885	13
10886	13
10887	13
10888	13
10889	13
10890	13
10891	13
10892	13
10893	13
10894	13
10895	13
10896	13
10897	13
10898	13
10899	13
10900	13
10901	13
10902	13
10903	13
10904	13
10905	13
10906	13
10907	13
10908	13
10909	13
10910	13
10911	13
10912	13
10913	13
10914	13
10915	13
10916	13
10917	13
10918	13
10919	13
10920	13
10921	13
10922	13
10923	13
10924	13
10925	13
10926	13
10927	13
10928	13
10929	13
10930	13
10931	13
10932	13
10933	13
10934	13
10935	13
10936	13
10937	13
10938	13
10939	13
10940	13
10941	13
10942	13
10943	13
10944	13
10945	13
10946	13
10947	13
10948	13
10949	13
10950	13
10951	13
10952	13
10953	13
10954	13
10955	13
10956	13
10957	13
10958	13
10959	13
10960	13
10961	13
10962	13
10963	13
10964	13
10965	13
10966	13
10967	13
10968	13
10969	13
10970	13
10971	13
10972	13
10973	13
10974	13
10975	13
10976	13
10977	13
10978	13
10979	13
10980	13
10981	13
10982	13
10983	13
10984	13
10985	13
10986	13
10987	13
10988	13
10989	13
10990	13
10991	13
10992	13
10993	13
10994	13
10995	13
10996	13
10997	13
10998	13
10999	13
11000	13
11001	13
11002	13
11003	13
11004	13
11005	13
11006	13
11007	13
11008	13
11009	13
11010	13
11011	13
11012	13
11013	13
11014	13
11015	13
11016	13
11017	13
11018	13
11019	13
11020	13
11021	13
11022	13
11023	13
11024	13
11025	13
11026	13
11027	13
11028	13
11029	13
11030	13
11031	13
11032	13
11033	13
11034	13
11035	13
11036	13
11037	13
11038	13
11039	13
11040	13
11041	13
11042	13
11043	13
11044	13
11045	13
11046	13
11047	13
11048	13
11049	13
11050	13
11051	13
11052	13
11053	13
11054	13
11055	13
11056	13
11057	13
11058	13
11059	13
11060	13
11061	13
11062	13
11063	13
11064	13
11065	13
11066	13
11067	13
11068	13
11069	13
11070	13
11071	13
11072	13
11073	13
11074	13
11075	13
11076	13
11077	13
11078	13
11079	13
11080	13
11081	13
11082	13
11083	13
11084	13
11085	13
11086	13
11087	13
11088	13
11089	13
11090	13
11091	13
11092	13
11093	13
11094	13
11095	13
11096	13
11097	13
11098	13
11099	13
11100	13
11101	13
11102	13
11103	13
11104	13
11105	13
11106	13
11107	13
11108	13
11109	13
11110	13
11111	13
11112	13
11113	13
11114	13
11115	13
11116	13
11117	13
11118	13
11119	13
11120	13
11121	13
11122	13
11123	13
11124	13
11125	13
11126	13
11127	13
11128	13
11129	13
11130	13
11131	13
11132	13
11133	13
11134	13
11135	13
11136	13
11137	13
11138	13
11139	13
11140	13
11141	13
11142	13
11143	13
11144	13
11145	13
11146	13
11147	13
11148	13
11149	13
11150	13
11151	13
11152	13
11153	13
11154	13
11155	13
11156	13
11157	13
11158	13
11159	13
11160	13
11161	13
11162	13
11163	13
11164	13
11165	13
11166	13
11167	13
11168	13
11169	13
11170	13
11171	13
11172	13
11173	13
11174	13
11175	13
11176	13
11177	13
11178	13
11179	13
11180	13
11181	13
11182	13
11183	13
11184	13
11185	13
11186	13
11187	13
11188	13
11189	13
11190	13
11191	13
11192	13
11193	13
11194	13
11195	13
11196	13
11197	13
11198	13
11199	13
11200	13
11201	13
11202	13
11203	13
11204	13
11205	13
11206	13
11207	13
11208	13
11209	13
11210	13
11211	13
11212	13
11213	13
11214	13
11215	13
11216	13
11217	13
11218	13
11219	13
11220	13
11221	13
11222	13
11223	13
11224	13
11225	13
11226	13
11227	13
11228	13
11229	13
11230	13
11231	13
11232	13
11233	13
11234	13
11235	13
11236	13
11237	13
11238	13
11239	13
11240	13
11241	13
11242	13
11243	13
11244	13
11245	13
11246	13
11247	13
11248	13
11249	13
11250	13
11251	13
11252	13
11253	13
11254	13
11255	13
11256	13
11257	13
11258	13
11259	13
11260	13
11261	13
11262	13
11263	13
11264	13
11265	13
11266	13
11267	13
11268	13
11269	13
11270	13
11271	13
11272	13
11273	13
11274	13
11275	13
11276	13
11277	13
11278	13
11279	13
11280	13
11281	13
11282	13
11283	13
11284	13
11285	13
11286	13
11287	13
11288	13
11289	13
11290	13
11291	13
11292	13
11293	13
11294	13
11295	13
11296	13
11297	13
11298	13
11299	13
11300	13
11301	13
11302	13
11303	13
11304	13
11305	13
11306	13
11307	13
11308	13
11309	13
11310	13
11311	13
11312	13
11313	13
11314	13
11315	13
11316	13
11317	13
11318	13
11319	13
11320	13
11321	13
11322	13
11323	13
11324	13
11325	13
11326	13
11327	13
11328	13
11329	13
11330	13
11331	13
11332	13
11333	13
11334	13
11335	13
11336	13
11337	13
11338	13
11339	13
11340	13
11341	13
11342	13
11343	13
11344	13
11345	13
11346	13
11347	13
11348	13
11349	13
11350	13
11351	13
11352	13
11353	13
11354	13
11355	13
11356	13
11357	13
11358	13
11359	13
11360	13
11361	13
11362	13
11363	13
11364	13
11365	13
11366	13
11367	13
11368	13
11369	13
11370	13
11371	13
11372	13
11373	13
11374	13
11375	13
11376	13
11377	13
11378	13
11379	13
11380	13
11381	13
11382	13
11383	13
11384	13
11385	13
11386	13
11387	13
11388	13
11389	13
11390	13
11391	13
11392	13
11393	13
11394	13
11395	13
11396	13
11397	13
11398	13
11399	13
11400	13
11401	13
11402	13
11403	13
11404	13
11405	13
11406	13
11407	13
11408	13
11409	13
11410	13
11411	13
11412	13
11413	13
11414	13
11415	13
11416	13
11417	13
11418	13
11419	13
11420	13
11421	13
11422	13
11423	13
11424	13
11425	13
11426	13
11427	13
11428	13
11429	13
11430	13
11431	13
11432	13
11433	13
11434	13
11435	13
11436	13
11437	13
11438	13
11439	13
11440	13
11441	13
11442	13
11443	13
11444	13
11445	13
11446	13
11447	13
11448	13
11449	13
11450	13
11451	13
11452	13
11453	13
11454	13
11455	13
11456	13
11457	13
11458	13
11459	13
11460	13
11461	13
11462	13
11463	13
11464	13
11465	13
11466	13
11467	13
11468	13
11469	13
11470	13
11471	13
11472	13
11473	13
11474	13
11475	13
11476	13
11477	13
11478	13
11479	13
11480	13
11481	13
11482	13
11483	13
11484	13
11485	13
11486	13
11487	13
11488	13
11489	13
11490	13
11491	13
11492	13
11493	13
11494	13
11495	13
11496	13
11497	13
11498	13
11499	13
11500	13
11501	13
11502	13
11503	13
11504	13
11505	13
11506	13
11507	13
11508	13
11509	13
11510	13
11511	13
11512	13
11513	13
11514	13
11515	13
11516	13
11517	13
11518	13
11519	13
11520	13
11521	13
11522	13
11523	13
11524	13
11525	13
11526	13
11527	13
11528	13
11529	13
11530	13
11531	13
11532	13
11533	13
11534	13
11535	13
11536	13
11537	13
11538	13
11539	13
11540	13
11541	13
11542	13
11543	13
11544	13
11545	13
11546	13
11547	13
11548	13
11549	13
11550	13
11551	13
11552	13
11553	13
11554	13
11555	13
11556	13
11557	13
11558	13
11559	13
11560	13
11561	13
11562	13
11563	13
11564	13
11565	13
11566	13
11567	13
11568	13
11569	13
11570	13
11571	13
11572	13
11573	13
11574	13
11575	13
11576	13
11577	13
11578	13
11579	13
11580	13
11581	13
11582	13
11583	13
11584	13
11585	13
11586	13
11587	13
11588	13
11589	13
11590	13
11591	13
11592	13
11593	13
11594	13
11595	13
11596	13
11597	13
11598	13
11599	13
11600	13
11601	13
11602	13
11603	13
11604	13
11605	13
11606	13
11607	13
11608	13
11609	13
11610	13
11611	13
11612	13
11613	13
11614	13
11615	13
11616	13
11617	13
11618	13
11619	13
11620	13
11621	13
11622	13
11623	13
11624	13
11625	13
11626	13
11627	13
11628	13
11629	13
11630	13
11631	13
11632	13
11633	13
11634	13
11635	13
11636	13
11637	13
11638	13
11639	13
11640	13
11641	13
11642	13
11643	13
11644	13
11645	13
11646	13
11647	13
11648	13
11649	13
11650	13
11651	13
11652	13
11653	13
11654	13
11655	13
11656	13
11657	13
11658	13
11659	13
11660	13
11661	13
11662	14
11663	14
11664	14
11665	14
11666	14
11667	14
11668	14
11669	14
11670	14
11671	14
11672	14
11673	14
11674	14
11675	14
11676	14
11677	14
11678	14
11679	14
11680	14
11681	14
11682	14
11683	14
11684	14
11685	14
11686	14
11687	14
11688	14
11689	14
11690	14
11691	14
11692	14
11693	14
11694	14
11695	14
11696	14
11697	14
11698	14
11699	14
11700	14
11701	14
11702	14
11703	14
11704	14
11705	14
11706	14
11707	14
11708	14
11709	14
11710	14
11711	14
11712	14
11713	14
11714	14
11715	14
11716	14
11717	14
11718	14
11719	14
11720	14
11721	14
11722	14
11723	14
11724	14
11725	14
11726	14
11727	14
11728	14
11729	14
11730	14
11731	14
11732	14
11733	14
11734	14
11735	14
11736	14
11737	14
11738	14
11739	14
11740	14
11741	14
11742	14
11743	14
11744	14
11745	14
11746	14
11747	14
11748	14
11749	14
11750	14
11751	14
11752	14
11753	14
11754	14
11755	14
11756	14
11757	14
11758	14
11759	14
11760	14
11761	14
11762	14
11763	14
11764	14
11765	14
11766	14
11767	14
11768	14
11769	14
11770	14
11771	14
11772	14
11773	14
11774	14
11775	14
11776	14
11777	14
11778	14
11779	14
11780	14
11781	14
11782	14
11783	14
11784	14
11785	14
11786	14
11787	14
11788	14
11789	14
11790	14
11791	14
11792	14
11793	14
11794	14
11795	14
11796	14
11797	14
11798	14
11799	14
11800	14
11801	14
11802	14
11803	14
11804	14
11805	14
11806	14
11807	14
11808	14
11809	14
11810	14
11811	14
11812	14
11813	14
11814	14
11815	14
11816	14
11817	14
11818	14
11819	14
11820	14
11821	14
11822	14
11823	14
11824	14
11825	14
11826	14
11827	14
11828	14
11829	14
11830	14
11831	14
11832	14
11833	14
11834	14
11835	14
11836	14
11837	14
11838	14
11839	14
11840	14
11841	14
11842	14
11843	14
11844	14
11845	14
11846	14
11847	14
11848	14
11849	14
11850	14
11851	14
11852	14
11853	14
11854	14
11855	14
11856	14
11857	14
11858	14
11859	14
11860	14
11861	14
11862	14
11863	14
11864	14
11865	14
11866	14
11867	14
11868	14
11869	14
11870	14
11871	14
11872	14
11873	14
11874	14
11875	14
11876	14
11877	14
11878	14
11879	14
11880	14
11881	14
11882	14
11883	14
11884	14
11885	14
11886	14
11887	14
11888	14
11889	14
11890	14
11891	14
11892	14
11893	14
11894	14
11895	14
11896	14
11897	14
11898	14
11899	14
11900	14
11901	14
11902	14
11903	14
11904	14
11905	14
11906	14
11907	14
11908	14
11909	14
11910	14
11911	14
11912	14
11913	14
11914	14
11915	14
11916	14
11917	14
11918	14
11919	14
11920	14
11921	14
11922	14
11923	14
11924	14
11925	14
11926	14
11927	14
11928	14
11929	14
11930	14
11931	14
11932	14
11933	14
11934	14
11935	14
11936	14
11937	14
11938	14
11939	14
11940	14
11941	14
11942	14
11943	14
11944	14
11945	14
11946	14
11947	14
11948	14
11949	14
11950	14
11951	14
11952	14
11953	14
11954	14
11955	14
11956	14
11957	14
11958	14
11959	14
11960	14
11961	14
11962	14
11963	14
11964	14
11965	14
11966	14
11967	14
11968	14
11969	14
11970	14
11971	14
11972	14
11973	14
11974	14
11975	14
11976	14
11977	14
11978	14
11979	14
11980	14
11981	14
11982	14
11983	14
11984	14
11985	14
11986	14
11987	14
11988	14
11989	14
11990	14
11991	14
11992	14
11993	14
11994	14
11995	14
11996	14
11997	14
11998	14
11999	14
12000	14
12001	14
12002	14
12003	14
12004	14
12005	14
12006	14
12007	14
12008	14
12009	14
12010	14
12011	14
12012	14
12013	14
12014	14
12015	14
12016	14
12017	14
12018	14
12019	14
12020	14
12021	14
12022	14
12023	14
12024	14
12025	14
12026	14
12027	14
12028	14
12029	14
12030	14
12031	14
12032	14
12033	14
12034	14
12035	14
12036	14
12037	14
12038	14
12039	14
12040	14
12041	14
12042	14
12043	14
12044	14
12045	14
12046	14
12047	14
12048	14
12049	14
12050	14
12051	14
12052	14
12053	14
12054	14
12055	14
12056	14
12057	14
12058	14
12059	14
12060	14
12061	14
12062	14
12063	14
12064	14
12065	14
12066	14
12067	14
12068	14
12069	14
12070	14
12071	14
12072	14
12073	14
12074	14
12075	14
12076	14
12077	14
12078	14
12079	14
12080	14
12081	14
12082	14
12083	14
12084	14
12085	14
12086	14
12087	14
12088	14
12089	14
12090	14
12091	14
12092	14
12093	14
12094	14
12095	14
12096	14
12097	14
12098	14
12099	14
12100	14
12101	14
12102	14
12103	14
12104	14
12105	14
12106	14
12107	14
12108	14
12109	14
12110	14
12111	14
12112	14
12113	14
12114	14
12115	14
12116	14
12117	14
12118	14
12119	14
12120	14
12121	14
12122	14
12123	14
12124	14
12125	14
12126	14
12127	14
12128	14
12129	14
12130	14
12131	14
12132	14
12133	14
12134	14
12135	14
12136	14
12137	14
12138	14
12139	14
12140	14
12141	14
12142	14
12143	14
12144	14
12145	14
12146	14
12147	14
12148	14
12149	14
12150	14
12151	14
12152	14
12153	14
12154	14
12155	14
12156	14
12157	14
12158	14
12159	14
12160	14
12161	14
12162	14
12163	14
12164	14
12165	14
12166	14
12167	14
12168	14
12169	14
12170	14
12171	14
12172	14
12173	14
12174	14
12175	14
12176	14
12177	14
12178	14
12179	14
12180	14
12181	14
12182	14
12183	14
12184	14
12185	14
12186	14
12187	14
12188	14
12189	14
12190	14
12191	14
12192	14
12193	14
12194	14
12195	14
12196	14
12197	14
12198	14
12199	14
12200	14
12201	14
12202	14
12203	14
12204	14
12205	14
12206	14
12207	14
12208	14
12209	14
12210	14
12211	14
12212	14
12213	14
12214	14
12215	14
12216	14
12217	14
12218	14
12219	14
12220	14
12221	14
12222	14
12223	14
12224	14
12225	14
12226	14
12227	14
12228	14
12229	14
12230	14
12231	14
12232	14
12233	14
12234	14
12235	14
12236	14
12237	14
12238	14
12239	14
12240	14
12241	14
12242	14
12243	14
12244	14
12245	14
12246	14
12247	14
12248	14
12249	14
12250	14
12251	14
12252	14
12253	14
12254	14
12255	14
12256	14
12257	14
12258	14
12259	14
12260	14
12261	14
12262	14
12263	14
12264	14
12265	14
12266	14
12267	14
12268	14
12269	14
12270	14
12271	14
12272	14
12273	14
12274	14
12275	14
12276	14
12277	14
12278	14
12279	14
12280	14
12281	14
12282	14
12283	14
12284	14
12285	14
12286	14
12287	14
12288	14
12289	14
12290	14
12291	14
12292	14
12293	14
12294	14
12295	14
12296	14
12297	14
12298	14
12299	14
12300	14
12301	14
12302	14
12303	14
12304	14
12305	14
12306	14
12307	14
12308	14
12309	14
12310	14
12311	14
12312	14
12313	14
12314	14
12315	14
12316	14
12317	14
12318	14
12319	14
12320	14
12321	14
12322	14
12323	14
12324	14
12325	14
12326	14
12327	14
12328	14
12329	14
12330	14
12331	14
12332	14
12333	14
12334	14
12335	14
12336	14
12337	14
12338	14
12339	14
12340	14
12341	14
12342	14
12343	14
12344	14
12345	14
12346	14
12347	14
12348	14
12349	14
12350	14
12351	14
12352	14
12353	14
12354	14
12355	14
12356	14
12357	14
12358	14
12359	14
12360	14
12361	14
12362	14
12363	14
12364	14
12365	14
12366	14
12367	14
12368	14
12369	14
12370	14
12371	14
12372	14
12373	14
12374	14
12375	14
12376	14
12377	14
12378	14
12379	14
12380	14
12381	14
12382	14
12383	14
12384	14
12385	14
12386	14
12387	14
12388	14
12389	14
12390	14
12391	14
12392	14
12393	14
12394	14
12395	14
12396	14
12397	14
12398	14
12399	14
12400	14
12401	14
12402	14
12403	14
12404	14
12405	14
12406	14
12407	14
12408	14
12409	14
12410	14
12411	14
12412	14
12413	14
12414	14
12415	14
12416	14
12417	14
12418	14
12419	14
12420	14
12421	14
12422	14
12423	14
12424	14
12425	14
12426	14
12427	14
12428	14
12429	14
12430	14
12431	14
12432	14
12433	14
12434	14
12435	14
12436	14
12437	14
12438	14
12439	14
12440	14
12441	14
12442	14
12443	14
12444	14
12445	14
12446	14
12447	14
12448	14
12449	14
12450	14
12451	14
12452	14
12453	14
12454	14
12455	14
12456	14
12457	14
12458	14
12459	14
12460	14
12461	14
12462	14
12463	14
12464	14
12465	14
12466	14
12467	14
12468	14
12469	14
12470	14
12471	14
12472	14
12473	14
12474	14
12475	14
12476	14
12477	14
12478	14
12479	14
12480	14
12481	14
12482	14
12483	14
12484	14
12485	14
12486	14
12487	14
12488	14
12489	14
12490	14
12491	14
12492	14
12493	14
12494	14
12495	15
12496	15
12497	15
12498	15
12499	15
12500	15
12501	15
12502	15
12503	15
12504	15
12505	15
12506	15
12507	15
12508	15
12509	15
12510	15
12511	15
12512	15
12513	15
12514	15
12515	15
12516	15
12517	15
12518	15
12519	15
12520	15
12521	15
12522	15
12523	15
12524	15
12525	15
12526	15
12527	15
12528	15
12529	15
12530	15
12531	15
12532	15
12533	15
12534	15
12535	15
12536	15
12537	15
12538	15
12539	15
12540	15
12541	15
12542	15
12543	15
12544	15
12545	15
12546	15
12547	15
12548	15
12549	15
12550	15
12551	15
12552	15
12553	15
12554	15
12555	15
12556	15
12557	15
12558	15
12559	15
12560	15
12561	15
12562	15
12563	15
12564	15
12565	15
12566	15
12567	15
12568	15
12569	15
12570	15
12571	15
12572	15
12573	15
12574	15
12575	15
12576	15
12577	15
12578	15
12579	15
12580	15
12581	15
12582	15
12583	15
12584	15
12585	15
12586	15
12587	15
12588	15
12589	15
12590	15
12591	15
12592	15
12593	15
12594	15
12595	15
12596	15
12597	15
12598	15
12599	15
12600	15
12601	15
12602	15
12603	15
12604	15
12605	15
12606	15
12607	15
12608	15
12609	15
12610	15
12611	15
12612	15
12613	15
12614	15
12615	15
12616	15
12617	15
12618	15
12619	15
12620	15
12621	15
12622	15
12623	15
12624	15
12625	15
12626	15
12627	15
12628	15
12629	15
12630	15
12631	15
12632	15
12633	15
12634	15
12635	15
12636	15
12637	15
12638	15
12639	15
12640	15
12641	15
12642	15
12643	15
12644	15
12645	15
12646	15
12647	15
12648	15
12649	15
12650	15
12651	15
12652	15
12653	15
12654	15
12655	15
12656	15
12657	15
12658	15
12659	15
12660	15
12661	15
12662	15
12663	15
12664	15
12665	15
12666	15
12667	15
12668	15
12669	15
12670	15
12671	15
12672	15
12673	15
12674	15
12675	15
12676	15
12677	15
12678	15
12679	15
12680	15
12681	15
12682	15
12683	15
12684	15
12685	15
12686	15
12687	15
12688	15
12689	15
12690	15
12691	15
12692	15
12693	15
12694	15
12695	15
12696	15
12697	15
12698	15
12699	15
12700	15
12701	15
12702	15
12703	15
12704	15
12705	15
12706	15
12707	15
12708	15
12709	15
12710	15
12711	15
12712	15
12713	15
12714	15
12715	15
12716	15
12717	15
12718	15
12719	15
12720	15
12721	15
12722	15
12723	15
12724	15
12725	15
12726	15
12727	15
12728	15
12729	15
12730	15
12731	15
12732	15
12733	15
12734	15
12735	15
12736	15
12737	15
12738	15
12739	15
12740	15
12741	15
12742	15
12743	15
12744	15
12745	15
12746	15
12747	15
12748	15
12749	15
12750	15
12751	15
12752	15
12753	15
12754	15
12755	15
12756	15
12757	15
12758	15
12759	15
12760	15
12761	15
12762	15
12763	15
12764	15
12765	15
12766	15
12767	15
12768	15
12769	15
12770	15
12771	15
12772	15
12773	15
12774	15
12775	15
12776	15
12777	15
12778	15
12779	15
12780	15
12781	15
12782	15
12783	15
12784	15
12785	15
12786	15
12787	15
12788	15
12789	15
12790	15
12791	15
12792	15
12793	15
12794	15
12795	15
12796	15
12797	15
12798	15
12799	15
12800	15
12801	15
12802	15
12803	15
12804	15
12805	15
12806	15
12807	15
12808	15
12809	15
12810	15
12811	15
12812	15
12813	15
12814	15
12815	15
12816	15
12817	15
12818	15
12819	15
12820	15
12821	15
12822	15
12823	15
12824	15
12825	15
12826	15
12827	15
12828	15
12829	15
12830	15
12831	15
12832	15
12833	15
12834	15
12835	15
12836	15
12837	15
12838	15
12839	15
12840	15
12841	15
12842	15
12843	15
12844	15
12845	15
12846	15
12847	15
12848	15
12849	15
12850	15
12851	15
12852	15
12853	15
12854	15
12855	15
12856	15
12857	15
12858	15
12859	15
12860	15
12861	15
12862	15
12863	15
12864	15
12865	15
12866	15
12867	15
12868	15
12869	15
12870	15
12871	15
12872	15
12873	15
12874	15
12875	15
12876	15
12877	15
12878	15
12879	15
12880	15
12881	15
12882	15
12883	15
12884	15
12885	15
12886	15
12887	15
12888	15
12889	15
12890	15
12891	15
12892	15
12893	15
12894	15
12895	15
12896	15
12897	15
12898	15
12899	15
12900	15
12901	15
12902	15
12903	15
12904	15
12905	15
12906	15
12907	15
12908	15
12909	15
12910	15
12911	15
12912	15
12913	15
12914	15
12915	15
12916	15
12917	15
12918	15
12919	15
12920	15
12921	15
12922	15
12923	15
12924	15
12925	15
12926	15
12927	15
12928	15
12929	15
12930	15
12931	15
12932	15
12933	15
12934	15
12935	15
12936	15
12937	15
12938	15
12939	15
12940	15
12941	15
12942	15
12943	15
12944	15
12945	15
12946	15
12947	15
12948	15
12949	15
12950	15
12951	15
12952	15
12953	15
12954	15
12955	15
12956	15
12957	15
12958	15
12959	15
12960	15
12961	15
12962	15
12963	15
12964	15
12965	15
12966	15
12967	15
12968	15
12969	15
12970	15
12971	15
12972	15
12973	15
12974	15
12975	15
12976	15
12977	15
12978	15
12979	15
12980	15
12981	15
12982	15
12983	15
12984	15
12985	15
12986	15
12987	15
12988	15
12989	15
12990	15
12991	15
12992	15
12993	15
12994	15
12995	15
12996	15
12997	15
12998	15
12999	15
13000	15
13001	15
13002	15
13003	15
13004	15
13005	15
13006	15
13007	15
13008	15
13009	15
13010	15
13011	15
13012	15
13013	15
13014	15
13015	15
13016	15
13017	15
13018	15
13019	15
13020	15
13021	15
13022	15
13023	15
13024	15
13025	15
13026	15
13027	15
13028	15
13029	15
13030	15
13031	15
13032	15
13033	15
13034	15
13035	15
13036	15
13037	15
13038	15
13039	15
13040	15
13041	15
13042	15
13043	15
13044	15
13045	15
13046	15
13047	15
13048	15
13049	15
13050	15
13051	15
13052	15
13053	15
13054	15
13055	15
13056	15
13057	15
13058	15
13059	15
13060	15
13061	15
13062	15
13063	15
13064	15
13065	15
13066	15
13067	15
13068	15
13069	15
13070	15
13071	15
13072	15
13073	15
13074	15
13075	15
13076	15
13077	15
13078	15
13079	15
13080	15
13081	15
13082	15
13083	15
13084	15
13085	15
13086	15
13087	15
13088	15
13089	15
13090	15
13091	15
13092	15
13093	15
13094	15
13095	15
13096	15
13097	15
13098	15
13099	15
13100	15
13101	15
13102	15
13103	15
13104	15
13105	15
13106	15
13107	15
13108	15
13109	15
13110	15
13111	15
13112	15
13113	15
13114	15
13115	15
13116	15
13117	15
13118	15
13119	15
13120	15
13121	15
13122	15
13123	15
13124	15
13125	15
13126	15
13127	15
13128	15
13129	15
13130	15
13131	15
13132	15
13133	15
13134	15
13135	15
13136	15
13137	15
13138	15
13139	15
13140	15
13141	15
13142	15
13143	15
13144	15
13145	15
13146	15
13147	15
13148	15
13149	15
13150	15
13151	15
13152	15
13153	15
13154	15
13155	15
13156	15
13157	15
13158	15
13159	15
13160	15
13161	15
13162	15
13163	15
13164	15
13165	15
13166	15
13167	15
13168	15
13169	15
13170	15
13171	15
13172	15
13173	15
13174	15
13175	15
13176	15
13177	15
13178	15
13179	15
13180	15
13181	15
13182	15
13183	15
13184	15
13185	15
13186	15
13187	15
13188	15
13189	15
13190	15
13191	15
13192	15
13193	15
13194	15
13195	15
13196	15
13197	15
13198	15
13199	15
13200	15
13201	15
13202	15
13203	15
13204	15
13205	15
13206	15
13207	15
13208	15
13209	15
13210	15
13211	15
13212	15
13213	15
13214	15
13215	15
13216	15
13217	15
13218	15
13219	15
13220	15
13221	15
13222	15
13223	15
13224	15
13225	15
13226	15
13227	15
13228	15
13229	15
13230	15
13231	15
13232	15
13233	15
13234	15
13235	15
13236	15
13237	15
13238	15
13239	15
13240	15
13241	15
13242	15
13243	15
13244	15
13245	15
13246	15
13247	15
13248	15
13249	15
13250	15
13251	15
13252	15
13253	15
13254	15
13255	15
13256	15
13257	15
13258	15
13259	15
13260	15
13261	15
13262	15
13263	15
13264	15
13265	15
13266	15
13267	15
13268	15
13269	15
13270	15
13271	15
13272	15
13273	15
13274	15
13275	15
13276	15
13277	15
13278	15
13279	15
13280	15
13281	15
13282	15
13283	15
13284	15
13285	15
13286	15
13287	15
13288	15
13289	15
13290	15
13291	15
13292	15
13293	15
13294	15
13295	15
13296	15
13297	15
13298	15
13299	15
13300	15
13301	15
13302	15
13303	15
13304	15
13305	15
13306	15
13307	15
13308	15
13309	15
13310	15
13311	15
13312	15
13313	15
13314	15
13315	15
13316	15
13317	15
13318	15
13319	15
13320	15
13321	15
13322	15
13323	15
13324	15
13325	15
13326	15
13327	15
13328	16
13329	16
13330	16
13331	16
13332	16
13333	16
13334	16
13335	16
13336	16
13337	16
13338	16
13339	16
13340	16
13341	16
13342	16
13343	16
13344	16
13345	16
13346	16
13347	16
13348	16
13349	16
13350	16
13351	16
13352	16
13353	16
13354	16
13355	16
13356	16
13357	16
13358	16
13359	16
13360	16
13361	16
13362	16
13363	16
13364	16
13365	16
13366	16
13367	16
13368	16
13369	16
13370	16
13371	16
13372	16
13373	16
13374	16
13375	16
13376	16
13377	16
13378	16
13379	16
13380	16
13381	16
13382	16
13383	16
13384	16
13385	16
13386	16
13387	16
13388	16
13389	16
13390	16
13391	16
13392	16
13393	16
13394	16
13395	16
13396	16
13397	16
13398	16
13399	16
13400	16
13401	16
13402	16
13403	16
13404	16
13405	16
13406	16
13407	16
13408	16
13409	16
13410	16
13411	16
13412	16
13413	16
13414	16
13415	16
13416	16
13417	16
13418	16
13419	16
13420	16
13421	16
13422	16
13423	16
13424	16
13425	16
13426	16
13427	16
13428	16
13429	16
13430	16
13431	16
13432	16
13433	16
13434	16
13435	16
13436	16
13437	16
13438	16
13439	16
13440	16
13441	16
13442	16
13443	16
13444	16
13445	16
13446	16
13447	16
13448	16
13449	16
13450	16
13451	16
13452	16
13453	16
13454	16
13455	16
13456	16
13457	16
13458	16
13459	16
13460	16
13461	16
13462	16
13463	16
13464	16
13465	16
13466	16
13467	16
13468	16
13469	16
13470	16
13471	16
13472	16
13473	16
13474	16
13475	16
13476	16
13477	16
13478	16
13479	16
13480	16
13481	16
13482	16
13483	16
13484	16
13485	16
13486	16
13487	16
13488	16
13489	16
13490	16
13491	16
13492	16
13493	16
13494	16
13495	16
13496	16
13497	16
13498	16
13499	16
13500	16
13501	16
13502	16
13503	16
13504	16
13505	16
13506	16
13507	16
13508	16
13509	16
13510	16
13511	16
13512	16
13513	16
13514	16
13515	16
13516	16
13517	16
13518	16
13519	16
13520	16
13521	16
13522	16
13523	16
13524	16
13525	16
13526	16
13527	16
13528	16
13529	16
13530	16
13531	16
13532	16
13533	16
13534	16
13535	16
13536	16
13537	16
13538	16
13539	16
13540	16
13541	16
13542	16
13543	16
13544	16
13545	16
13546	16
13547	16
13548	16
13549	16
13550	16
13551	16
13552	16
13553	16
13554	16
13555	16
13556	16
13557	16
13558	16
13559	16
13560	16
13561	16
13562	16
13563	16
13564	16
13565	16
13566	16
13567	16
13568	16
13569	16
13570	16
13571	16
13572	16
13573	16
13574	16
13575	16
13576	16
13577	16
13578	16
13579	16
13580	16
13581	16
13582	16
13583	16
13584	16
13585	16
13586	16
13587	16
13588	16
13589	16
13590	16
13591	16
13592	16
13593	16
13594	16
13595	16
13596	16
13597	16
13598	16
13599	16
13600	16
13601	16
13602	16
13603	16
13604	16
13605	16
13606	16
13607	16
13608	16
13609	16
13610	16
13611	16
13612	16
13613	16
13614	16
13615	16
13616	16
13617	16
13618	16
13619	16
13620	16
13621	16
13622	16
13623	16
13624	16
13625	16
13626	16
13627	16
13628	16
13629	16
13630	16
13631	16
13632	16
13633	16
13634	16
13635	16
13636	16
13637	16
13638	16
13639	16
13640	16
13641	16
13642	16
13643	16
13644	16
13645	16
13646	16
13647	16
13648	16
13649	16
13650	16
13651	16
13652	16
13653	16
13654	16
13655	16
13656	16
13657	16
13658	16
13659	16
13660	16
13661	16
13662	16
13663	16
13664	16
13665	16
13666	16
13667	16
13668	16
13669	16
13670	16
13671	16
13672	16
13673	16
13674	16
13675	16
13676	16
13677	16
13678	16
13679	16
13680	16
13681	16
13682	16
13683	16
13684	16
13685	16
13686	16
13687	16
13688	16
13689	16
13690	16
13691	16
13692	16
13693	16
13694	16
13695	16
13696	16
13697	16
13698	16
13699	16
13700	16
13701	16
13702	16
13703	16
13704	16
13705	16
13706	16
13707	16
13708	16
13709	16
13710	16
13711	16
13712	16
13713	16
13714	16
13715	16
13716	16
13717	16
13718	16
13719	16
13720	16
13721	16
13722	16
13723	16
13724	16
13725	16
13726	16
13727	16
13728	16
13729	16
13730	16
13731	16
13732	16
13733	16
13734	16
13735	16
13736	16
13737	16
13738	16
13739	16
13740	16
13741	16
13742	16
13743	16
13744	16
13745	16
13746	16
13747	16
13748	16
13749	16
13750	16
13751	16
13752	16
13753	16
13754	16
13755	16
13756	16
13757	16
13758	16
13759	16
13760	16
13761	16
13762	16
13763	16
13764	16
13765	16
13766	16
13767	16
13768	16
13769	16
13770	16
13771	16
13772	16
13773	16
13774	16
13775	16
13776	16
13777	16
13778	16
13779	16
13780	16
13781	16
13782	16
13783	16
13784	16
13785	16
13786	16
13787	16
13788	16
13789	16
13790	16
13791	16
13792	16
13793	16
13794	16
13795	16
13796	16
13797	16
13798	16
13799	16
13800	16
13801	16
13802	16
13803	16
13804	16
13805	16
13806	16
13807	16
13808	16
13809	16
13810	16
13811	16
13812	16
13813	16
13814	16
13815	16
13816	16
13817	16
13818	16
13819	16
13820	16
13821	16
13822	16
13823	16
13824	16
13825	16
13826	16
13827	16
13828	16
13829	16
13830	16
13831	16
13832	16
13833	16
13834	16
13835	16
13836	16
13837	16
13838	16
13839	16
13840	16
13841	16
13842	16
13843	16
13844	16
13845	16
13846	16
13847	16
13848	16
13849	16
13850	16
13851	16
13852	16
13853	16
13854	16
13855	16
13856	16
13857	16
13858	16
13859	16
13860	16
13861	16
13862	16
13863	16
13864	16
13865	16
13866	16
13867	16
13868	16
13869	16
13870	16
13871	16
13872	16
13873	16
13874	16
13875	16
13876	16
13877	16
13878	16
13879	16
13880	16
13881	16
13882	16
13883	16
13884	16
13885	16
13886	16
13887	16
13888	16
13889	16
13890	16
13891	16
13892	16
13893	16
13894	16
13895	16
13896	16
13897	16
13898	16
13899	16
13900	16
13901	16
13902	16
13903	16
13904	16
13905	16
13906	16
13907	16
13908	16
13909	16
13910	16
13911	16
13912	16
13913	16
13914	16
13915	16
13916	16
13917	16
13918	16
13919	16
13920	16
13921	16
13922	16
13923	16
13924	16
13925	16
13926	16
13927	16
13928	16
13929	16
13930	16
13931	16
13932	16
13933	16
13934	16
13935	16
13936	16
13937	16
13938	16
13939	16
13940	16
13941	16
13942	16
13943	16
13944	16
13945	16
13946	16
13947	16
13948	16
13949	16
13950	16
13951	16
13952	16
13953	16
13954	16
13955	16
13956	16
13957	16
13958	16
13959	16
13960	16
13961	16
13962	16
13963	16
13964	16
13965	16
13966	16
13967	16
13968	16
13969	16
13970	16
13971	16
13972	16
13973	16
13974	16
13975	16
13976	16
13977	16
13978	16
13979	16
13980	16
13981	16
13982	16
13983	16
13984	16
13985	16
13986	16
13987	16
13988	16
13989	16
13990	16
13991	16
13992	16
13993	16
13994	16
13995	16
13996	16
13997	16
13998	16
13999	16
14000	16
14001	16
14002	16
14003	16
14004	16
14005	16
14006	16
14007	16
14008	16
14009	16
14010	16
14011	16
14012	16
14013	16
14014	16
14015	16
14016	16
14017	16
14018	16
14019	16
14020	16
14021	16
14022	16
14023	16
14024	16
14025	16
14026	16
14027	16
14028	16
14029	16
14030	16
14031	16
14032	16
14033	16
14034	16
14035	16
14036	16
14037	16
14038	16
14039	16
14040	16
14041	16
14042	16
14043	16
14044	16
14045	16
14046	16
14047	16
14048	16
14049	16
14050	16
14051	16
14052	16
14053	16
14054	16
14055	16
14056	16
14057	16
14058	16
14059	16
14060	16
14061	16
14062	16
14063	16
14064	16
14065	16
14066	16
14067	16
14068	16
14069	16
14070	16
14071	16
14072	16
14073	16
14074	16
14075	16
14076	16
14077	16
14078	16
14079	16
14080	16
14081	16
14082	16
14083	16
14084	16
14085	16
14086	16
14087	16
14088	16
14089	16
14090	16
14091	16
14092	16
14093	16
14094	16
14095	16
14096	16
14097	16
14098	16
14099	16
14100	16
14101	16
14102	16
14103	16
14104	16
14105	16
14106	16
14107	16
14108	16
14109	16
14110	16
14111	16
14112	16
14113	16
14114	16
14115	16
14116	16
14117	16
14118	16
14119	16
14120	16
14121	16
14122	16
14123	16
14124	16
14125	16
14126	16
14127	16
14128	16
14129	16
14130	16
14131	16
14132	16
14133	16
14134	16
14135	16
14136	16
14137	16
14138	16
14139	16
14140	16
14141	16
14142	16
14143	16
14144	16
14145	16
14146	16
14147	16
14148	16
14149	16
14150	16
14151	16
14152	16
14153	16
14154	16
14155	16
14156	16
14157	16
14158	16
14159	16
14160	16
14161	17
14162	17
14163	17
14164	17
14165	17
14166	17
14167	17
14168	17
14169	17
14170	17
14171	17
14172	17
14173	17
14174	17
14175	17
14176	17
14177	17
14178	17
14179	17
14180	17
14181	17
14182	17
14183	17
14184	17
14185	17
14186	17
14187	17
14188	17
14189	17
14190	17
14191	17
14192	17
14193	17
14194	17
14195	17
14196	17
14197	17
14198	17
14199	17
14200	17
14201	17
14202	17
14203	17
14204	17
14205	17
14206	17
14207	17
14208	17
14209	17
14210	17
14211	17
14212	17
14213	17
14214	17
14215	17
14216	17
14217	17
14218	17
14219	17
14220	17
14221	17
14222	17
14223	17
14224	17
14225	17
14226	17
14227	17
14228	17
14229	17
14230	17
14231	17
14232	17
14233	17
14234	17
14235	17
14236	17
14237	17
14238	17
14239	17
14240	17
14241	17
14242	17
14243	17
14244	17
14245	17
14246	17
14247	17
14248	17
14249	17
14250	17
14251	17
14252	17
14253	17
14254	17
14255	17
14256	17
14257	17
14258	17
14259	17
14260	17
14261	17
14262	17
14263	17
14264	17
14265	17
14266	17
14267	17
14268	17
14269	17
14270	17
14271	17
14272	17
14273	17
14274	17
14275	17
14276	17
14277	17
14278	17
14279	17
14280	17
14281	17
14282	17
14283	17
14284	17
14285	17
14286	17
14287	17
14288	17
14289	17
14290	17
14291	17
14292	17
14293	17
14294	17
14295	17
14296	17
14297	17
14298	17
14299	17
14300	17
14301	17
14302	17
14303	17
14304	17
14305	17
14306	17
14307	17
14308	17
14309	17
14310	17
14311	17
14312	17
14313	17
14314	17
14315	17
14316	17
14317	17
14318	17
14319	17
14320	17
14321	17
14322	17
14323	17
14324	17
14325	17
14326	17
14327	17
14328	17
14329	17
14330	17
14331	17
14332	17
14333	17
14334	17
14335	17
14336	17
14337	17
14338	17
14339	17
14340	17
14341	17
14342	17
14343	17
14344	17
14345	17
14346	17
14347	17
14348	17
14349	17
14350	17
14351	17
14352	17
14353	17
14354	17
14355	17
14356	17
14357	17
14358	17
14359	17
14360	17
14361	17
14362	17
14363	17
14364	17
14365	17
14366	17
14367	17
14368	17
14369	17
14370	17
14371	17
14372	17
14373	17
14374	17
14375	17
14376	17
14377	17
14378	17
14379	17
14380	17
14381	17
14382	17
14383	17
14384	17
14385	17
14386	17
14387	17
14388	17
14389	17
14390	17
14391	17
14392	17
14393	17
14394	17
14395	17
14396	17
14397	17
14398	17
14399	17
14400	17
14401	17
14402	17
14403	17
14404	17
14405	17
14406	17
14407	17
14408	17
14409	17
14410	17
14411	17
14412	17
14413	17
14414	17
14415	17
14416	17
14417	17
14418	17
14419	17
14420	17
14421	17
14422	17
14423	17
14424	17
14425	17
14426	17
14427	17
14428	17
14429	17
14430	17
14431	17
14432	17
14433	17
14434	17
14435	17
14436	17
14437	17
14438	17
14439	17
14440	17
14441	17
14442	17
14443	17
14444	17
14445	17
14446	17
14447	17
14448	17
14449	17
14450	17
14451	17
14452	17
14453	17
14454	17
14455	17
14456	17
14457	17
14458	17
14459	17
14460	17
14461	17
14462	17
14463	17
14464	17
14465	17
14466	17
14467	17
14468	17
14469	17
14470	17
14471	17
14472	17
14473	17
14474	17
14475	17
14476	17
14477	17
14478	17
14479	17
14480	17
14481	17
14482	17
14483	17
14484	17
14485	17
14486	17
14487	17
14488	17
14489	17
14490	17
14491	17
14492	17
14493	17
14494	17
14495	17
14496	17
14497	17
14498	17
14499	17
14500	17
14501	17
14502	17
14503	17
14504	17
14505	17
14506	17
14507	17
14508	17
14509	17
14510	17
14511	17
14512	17
14513	17
14514	17
14515	17
14516	17
14517	17
14518	17
14519	17
14520	17
14521	17
14522	17
14523	17
14524	17
14525	17
14526	17
14527	17
14528	17
14529	17
14530	17
14531	17
14532	17
14533	17
14534	17
14535	17
14536	17
14537	17
14538	17
14539	17
14540	17
14541	17
14542	17
14543	17
14544	17
14545	17
14546	17
14547	17
14548	17
14549	17
14550	17
14551	17
14552	17
14553	17
14554	17
14555	17
14556	17
14557	17
14558	17
14559	17
14560	17
14561	17
14562	17
14563	17
14564	17
14565	17
14566	17
14567	17
14568	17
14569	17
14570	17
14571	17
14572	17
14573	17
14574	17
14575	17
14576	17
14577	17
14578	17
14579	17
14580	17
14581	17
14582	17
14583	17
14584	17
14585	17
14586	17
14587	17
14588	17
14589	17
14590	17
14591	17
14592	17
14593	17
14594	17
14595	17
14596	17
14597	17
14598	17
14599	17
14600	17
14601	17
14602	17
14603	17
14604	17
14605	17
14606	17
14607	17
14608	17
14609	17
14610	17
14611	17
14612	17
14613	17
14614	17
14615	17
14616	17
14617	17
14618	17
14619	17
14620	17
14621	17
14622	17
14623	17
14624	17
14625	17
14626	17
14627	17
14628	17
14629	17
14630	17
14631	17
14632	17
14633	17
14634	17
14635	17
14636	17
14637	17
14638	17
14639	17
14640	17
14641	17
14642	17
14643	17
14644	17
14645	17
14646	17
14647	17
14648	17
14649	17
14650	17
14651	17
14652	17
14653	17
14654	17
14655	17
14656	17
14657	17
14658	17
14659	17
14660	17
14661	17
14662	17
14663	17
14664	17
14665	17
14666	17
14667	17
14668	17
14669	17
14670	17
14671	17
14672	17
14673	17
14674	17
14675	17
14676	17
14677	17
14678	17
14679	17
14680	17
14681	17
14682	17
14683	17
14684	17
14685	17
14686	17
14687	17
14688	17
14689	17
14690	17
14691	17
14692	17
14693	17
14694	17
14695	17
14696	17
14697	17
14698	17
14699	17
14700	17
14701	17
14702	17
14703	17
14704	17
14705	17
14706	17
14707	17
14708	17
14709	17
14710	17
14711	17
14712	17
14713	17
14714	17
14715	17
14716	17
14717	17
14718	17
14719	17
14720	17
14721	17
14722	17
14723	17
14724	17
14725	17
14726	17
14727	17
14728	17
14729	17
14730	17
14731	17
14732	17
14733	17
14734	17
14735	17
14736	17
14737	17
14738	17
14739	17
14740	17
14741	17
14742	17
14743	17
14744	17
14745	17
14746	17
14747	17
14748	17
14749	17
14750	17
14751	17
14752	17
14753	17
14754	17
14755	17
14756	17
14757	17
14758	17
14759	17
14760	17
14761	17
14762	17
14763	17
14764	17
14765	17
14766	17
14767	17
14768	17
14769	17
14770	17
14771	17
14772	17
14773	17
14774	17
14775	17
14776	17
14777	17
14778	17
14779	17
14780	17
14781	17
14782	17
14783	17
14784	17
14785	17
14786	17
14787	17
14788	17
14789	17
14790	17
14791	17
14792	17
14793	17
14794	17
14795	17
14796	17
14797	17
14798	17
14799	17
14800	17
14801	17
14802	17
14803	17
14804	17
14805	17
14806	17
14807	17
14808	17
14809	17
14810	17
14811	17
14812	17
14813	17
14814	17
14815	17
14816	17
14817	17
14818	17
14819	17
14820	17
14821	17
14822	17
14823	17
14824	17
14825	17
14826	17
14827	17
14828	17
14829	17
14830	17
14831	17
14832	17
14833	17
14834	17
14835	17
14836	17
14837	17
14838	17
14839	17
14840	17
14841	17
14842	17
14843	17
14844	17
14845	17
14846	17
14847	17
14848	17
14849	17
14850	17
14851	17
14852	17
14853	17
14854	17
14855	17
14856	17
14857	17
14858	17
14859	17
14860	17
14861	17
14862	17
14863	17
14864	17
14865	17
14866	17
14867	17
14868	17
14869	17
14870	17
14871	17
14872	17
14873	17
14874	17
14875	17
14876	17
14877	17
14878	17
14879	17
14880	17
14881	17
14882	17
14883	17
14884	17
14885	17
14886	17
14887	17
14888	17
14889	17
14890	17
14891	17
14892	17
14893	17
14894	17
14895	17
14896	17
14897	17
14898	17
14899	17
14900	17
14901	17
14902	17
14903	17
14904	17
14905	17
14906	17
14907	17
14908	17
14909	17
14910	17
14911	17
14912	17
14913	17
14914	17
14915	17
14916	17
14917	17
14918	17
14919	17
14920	17
14921	17
14922	17
14923	17
14924	17
14925	17
14926	17
14927	17
14928	17
14929	17
14930	17
14931	17
14932	17
14933	17
14934	17
14935	17
14936	17
14937	17
14938	17
14939	17
14940	17
14941	17
14942	17
14943	17
14944	17
14945	17
14946	17
14947	17
14948	17
14949	17
14950	17
14951	17
14952	17
14953	17
14954	17
14955	17
14956	17
14957	17
14958	17
14959	17
14960	17
14961	17
14962	17
14963	17
14964	17
14965	17
14966	17
14967	17
14968	17
14969	17
14970	17
14971	17
14972	17
14973	17
14974	17
14975	17
14976	17
14977	17
14978	17
14979	17
14980	17
14981	17
14982	17
14983	17
14984	17
14985	17
14986	17
14987	17
14988	17
14989	17
14990	17
14991	17
14992	17
14993	17
14994	18
14995	18
14996	18
14997	18
14998	18
14999	18
15000	18
15001	18
15002	18
15003	18
15004	18
15005	18
15006	18
15007	18
15008	18
15009	18
15010	18
15011	18
15012	18
15013	18
15014	18
15015	18
15016	18
15017	18
15018	18
15019	18
15020	18
15021	18
15022	18
15023	18
15024	18
15025	18
15026	18
15027	18
15028	18
15029	18
15030	18
15031	18
15032	18
15033	18
15034	18
15035	18
15036	18
15037	18
15038	18
15039	18
15040	18
15041	18
15042	18
15043	18
15044	18
15045	18
15046	18
15047	18
15048	18
15049	18
15050	18
15051	18
15052	18
15053	18
15054	18
15055	18
15056	18
15057	18
15058	18
15059	18
15060	18
15061	18
15062	18
15063	18
15064	18
15065	18
15066	18
15067	18
15068	18
15069	18
15070	18
15071	18
15072	18
15073	18
15074	18
15075	18
15076	18
15077	18
15078	18
15079	18
15080	18
15081	18
15082	18
15083	18
15084	18
15085	18
15086	18
15087	18
15088	18
15089	18
15090	18
15091	18
15092	18
15093	18
15094	18
15095	18
15096	18
15097	18
15098	18
15099	18
15100	18
15101	18
15102	18
15103	18
15104	18
15105	18
15106	18
15107	18
15108	18
15109	18
15110	18
15111	18
15112	18
15113	18
15114	18
15115	18
15116	18
15117	18
15118	18
15119	18
15120	18
15121	18
15122	18
15123	18
15124	18
15125	18
15126	18
15127	18
15128	18
15129	18
15130	18
15131	18
15132	18
15133	18
15134	18
15135	18
15136	18
15137	18
15138	18
15139	18
15140	18
15141	18
15142	18
15143	18
15144	18
15145	18
15146	18
15147	18
15148	18
15149	18
15150	18
15151	18
15152	18
15153	18
15154	18
15155	18
15156	18
15157	18
15158	18
15159	18
15160	18
15161	18
15162	18
15163	18
15164	18
15165	18
15166	18
15167	18
15168	18
15169	18
15170	18
15171	18
15172	18
15173	18
15174	18
15175	18
15176	18
15177	18
15178	18
15179	18
15180	18
15181	18
15182	18
15183	18
15184	18
15185	18
15186	18
15187	18
15188	18
15189	18
15190	18
15191	18
15192	18
15193	18
15194	18
15195	18
15196	18
15197	18
15198	18
15199	18
15200	18
15201	18
15202	18
15203	18
15204	18
15205	18
15206	18
15207	18
15208	18
15209	18
15210	18
15211	18
15212	18
15213	18
15214	18
15215	18
15216	18
15217	18
15218	18
15219	18
15220	18
15221	18
15222	18
15223	18
15224	18
15225	18
15226	18
15227	18
15228	18
15229	18
15230	18
15231	18
15232	18
15233	18
15234	18
15235	18
15236	18
15237	18
15238	18
15239	18
15240	18
15241	18
15242	18
15243	18
15244	18
15245	18
15246	18
15247	18
15248	18
15249	18
15250	18
15251	18
15252	18
15253	18
15254	18
15255	18
15256	18
15257	18
15258	18
15259	18
15260	18
15261	18
15262	18
15263	18
15264	18
15265	18
15266	18
15267	18
15268	18
15269	18
15270	18
15271	18
15272	18
15273	18
15274	18
15275	18
15276	18
15277	18
15278	18
15279	18
15280	18
15281	18
15282	18
15283	18
15284	18
15285	18
15286	18
15287	18
15288	18
15289	18
15290	18
15291	18
15292	18
15293	18
15294	18
15295	18
15296	18
15297	18
15298	18
15299	18
15300	18
15301	18
15302	18
15303	18
15304	18
15305	18
15306	18
15307	18
15308	18
15309	18
15310	18
15311	18
15312	18
15313	18
15314	18
15315	18
15316	18
15317	18
15318	18
15319	18
15320	18
15321	18
15322	18
15323	18
15324	18
15325	18
15326	18
15327	18
15328	18
15329	18
15330	18
15331	18
15332	18
15333	18
15334	18
15335	18
15336	18
15337	18
15338	18
15339	18
15340	18
15341	18
15342	18
15343	18
15344	18
15345	18
15346	18
15347	18
15348	18
15349	18
15350	18
15351	18
15352	18
15353	18
15354	18
15355	18
15356	18
15357	18
15358	18
15359	18
15360	18
15361	18
15362	18
15363	18
15364	18
15365	18
15366	18
15367	18
15368	18
15369	18
15370	18
15371	18
15372	18
15373	18
15374	18
15375	18
15376	18
15377	18
15378	18
15379	18
15380	18
15381	18
15382	18
15383	18
15384	18
15385	18
15386	18
15387	18
15388	18
15389	18
15390	18
15391	18
15392	18
15393	18
15394	18
15395	18
15396	18
15397	18
15398	18
15399	18
15400	18
15401	18
15402	18
15403	18
15404	18
15405	18
15406	18
15407	18
15408	18
15409	18
15410	18
15411	18
15412	18
15413	18
15414	18
15415	18
15416	18
15417	18
15418	18
15419	18
15420	18
15421	18
15422	18
15423	18
15424	18
15425	18
15426	18
15427	18
15428	18
15429	18
15430	18
15431	18
15432	18
15433	18
15434	18
15435	18
15436	18
15437	18
15438	18
15439	18
15440	18
15441	18
15442	18
15443	18
15444	18
15445	18
15446	18
15447	18
15448	18
15449	18
15450	18
15451	18
15452	18
15453	18
15454	18
15455	18
15456	18
15457	18
15458	18
15459	18
15460	18
15461	18
15462	18
15463	18
15464	18
15465	18
15466	18
15467	18
15468	18
15469	18
15470	18
15471	18
15472	18
15473	18
15474	18
15475	18
15476	18
15477	18
15478	18
15479	18
15480	18
15481	18
15482	18
15483	18
15484	18
15485	18
15486	18
15487	18
15488	18
15489	18
15490	18
15491	18
15492	18
15493	18
15494	18
15495	18
15496	18
15497	18
15498	18
15499	18
15500	18
15501	18
15502	18
15503	18
15504	18
15505	18
15506	18
15507	18
15508	18
15509	18
15510	18
15511	18
15512	18
15513	18
15514	18
15515	18
15516	18
15517	18
15518	18
15519	18
15520	18
15521	18
15522	18
15523	18
15524	18
15525	18
15526	18
15527	18
15528	18
15529	18
15530	18
15531	18
15532	18
15533	18
15534	18
15535	18
15536	18
15537	18
15538	18
15539	18
15540	18
15541	18
15542	18
15543	18
15544	18
15545	18
15546	18
15547	18
15548	18
15549	18
15550	18
15551	18
15552	18
15553	18
15554	18
15555	18
15556	18
15557	18
15558	18
15559	18
15560	18
15561	18
15562	18
15563	18
15564	18
15565	18
15566	18
15567	18
15568	18
15569	18
15570	18
15571	18
15572	18
15573	18
15574	18
15575	18
15576	18
15577	18
15578	18
15579	18
15580	18
15581	18
15582	18
15583	18
15584	18
15585	18
15586	18
15587	18
15588	18
15589	18
15590	18
15591	18
15592	18
15593	18
15594	18
15595	18
15596	18
15597	18
15598	18
15599	18
15600	18
15601	18
15602	18
15603	18
15604	18
15605	18
15606	18
15607	18
15608	18
15609	18
15610	18
15611	18
15612	18
15613	18
15614	18
15615	18
15616	18
15617	18
15618	18
15619	18
15620	18
15621	18
15622	18
15623	18
15624	18
15625	18
15626	18
15627	18
15628	18
15629	18
15630	18
15631	18
15632	18
15633	18
15634	18
15635	18
15636	18
15637	18
15638	18
15639	18
15640	18
15641	18
15642	18
15643	18
15644	18
15645	18
15646	18
15647	18
15648	18
15649	18
15650	18
15651	18
15652	18
15653	18
15654	18
15655	18
15656	18
15657	18
15658	18
15659	18
15660	18
15661	18
15662	18
15663	18
15664	18
15665	18
15666	18
15667	18
15668	18
15669	18
15670	18
15671	18
15672	18
15673	18
15674	18
15675	18
15676	18
15677	18
15678	18
15679	18
15680	18
15681	18
15682	18
15683	18
15684	18
15685	18
15686	18
15687	18
15688	18
15689	18
15690	18
15691	18
15692	18
15693	18
15694	18
15695	18
15696	18
15697	18
15698	18
15699	18
15700	18
15701	18
15702	18
15703	18
15704	18
15705	18
15706	18
15707	18
15708	18
15709	18
15710	18
15711	18
15712	18
15713	18
15714	18
15715	18
15716	18
15717	18
15718	18
15719	18
15720	18
15721	18
15722	18
15723	18
15724	18
15725	18
15726	18
15727	18
15728	18
15729	18
15730	18
15731	18
15732	18
15733	18
15734	18
15735	18
15736	18
15737	18
15738	18
15739	18
15740	18
15741	18
15742	18
15743	18
15744	18
15745	18
15746	18
15747	18
15748	18
15749	18
15750	18
15751	18
15752	18
15753	18
15754	18
15755	18
15756	18
15757	18
15758	18
15759	18
15760	18
15761	18
15762	18
15763	18
15764	18
15765	18
15766	18
15767	18
15768	18
15769	18
15770	18
15771	18
15772	18
15773	18
15774	18
15775	18
15776	18
15777	18
15778	18
15779	18
15780	18
15781	18
15782	18
15783	18
15784	18
15785	18
15786	18
15787	18
15788	18
15789	18
15790	18
15791	18
15792	18
15793	18
15794	18
15795	18
15796	18
15797	18
15798	18
15799	18
15800	18
15801	18
15802	18
15803	18
15804	18
15805	18
15806	18
15807	18
15808	18
15809	18
15810	18
15811	18
15812	18
15813	18
15814	18
15815	18
15816	18
15817	18
15818	18
15819	18
15820	18
15821	18
15822	18
15823	18
15824	18
15825	18
15826	18
15827	19
15828	19
15829	19
15830	19
15831	19
15832	19
15833	19
15834	19
15835	19
15836	19
15837	19
15838	19
15839	19
15840	19
15841	19
15842	19
15843	19
15844	19
15845	19
15846	19
15847	19
15848	19
15849	19
15850	19
15851	19
15852	19
15853	19
15854	19
15855	19
15856	19
15857	19
15858	19
15859	19
15860	19
15861	19
15862	19
15863	19
15864	19
15865	19
15866	19
15867	19
15868	19
15869	19
15870	19
15871	19
15872	19
15873	19
15874	19
15875	19
15876	19
15877	19
15878	19
15879	19
15880	19
15881	19
15882	19
15883	19
15884	19
15885	19
15886	19
15887	19
15888	19
15889	19
15890	19
15891	19
15892	19
15893	19
15894	19
15895	19
15896	19
15897	19
15898	19
15899	19
15900	19
15901	19
15902	19
15903	19
15904	19
15905	19
15906	19
15907	19
15908	19
15909	19
15910	19
15911	19
15912	19
15913	19
15914	19
15915	19
15916	19
15917	19
15918	19
15919	19
15920	19
15921	19
15922	19
15923	19
15924	19
15925	19
15926	19
15927	19
15928	19
15929	19
15930	19
15931	19
15932	19
15933	19
15934	19
15935	19
15936	19
15937	19
15938	19
15939	19
15940	19
15941	19
15942	19
15943	19
15944	19
15945	19
15946	19
15947	19
15948	19
15949	19
15950	19
15951	19
15952	19
15953	19
15954	19
15955	19
15956	19
15957	19
15958	19
15959	19
15960	19
15961	19
15962	19
15963	19
15964	19
15965	19
15966	19
15967	19
15968	19
15969	19
15970	19
15971	19
15972	19
15973	19
15974	19
15975	19
15976	19
15977	19
15978	19
15979	19
15980	19
15981	19
15982	19
15983	19
15984	19
15985	19
15986	19
15987	19
15988	19
15989	19
15990	19
15991	19
15992	19
15993	19
15994	19
15995	19
15996	19
15997	19
15998	19
15999	19
16000	19
16001	19
16002	19
16003	19
16004	19
16005	19
16006	19
16007	19
16008	19
16009	19
16010	19
16011	19
16012	19
16013	19
16014	19
16015	19
16016	19
16017	19
16018	19
16019	19
16020	19
16021	19
16022	19
16023	19
16024	19
16025	19
16026	19
16027	19
16028	19
16029	19
16030	19
16031	19
16032	19
16033	19
16034	19
16035	19
16036	19
16037	19
16038	19
16039	19
16040	19
16041	19
16042	19
16043	19
16044	19
16045	19
16046	19
16047	19
16048	19
16049	19
16050	19
16051	19
16052	19
16053	19
16054	19
16055	19
16056	19
16057	19
16058	19
16059	19
16060	19
16061	19
16062	19
16063	19
16064	19
16065	19
16066	19
16067	19
16068	19
16069	19
16070	19
16071	19
16072	19
16073	19
16074	19
16075	19
16076	19
16077	19
16078	19
16079	19
16080	19
16081	19
16082	19
16083	19
16084	19
16085	19
16086	19
16087	19
16088	19
16089	19
16090	19
16091	19
16092	19
16093	19
16094	19
16095	19
16096	19
16097	19
16098	19
16099	19
16100	19
16101	19
16102	19
16103	19
16104	19
16105	19
16106	19
16107	19
16108	19
16109	19
16110	19
16111	19
16112	19
16113	19
16114	19
16115	19
16116	19
16117	19
16118	19
16119	19
16120	19
16121	19
16122	19
16123	19
16124	19
16125	19
16126	19
16127	19
16128	19
16129	19
16130	19
16131	19
16132	19
16133	19
16134	19
16135	19
16136	19
16137	19
16138	19
16139	19
16140	19
16141	19
16142	19
16143	19
16144	19
16145	19
16146	19
16147	19
16148	19
16149	19
16150	19
16151	19
16152	19
16153	19
16154	19
16155	19
16156	19
16157	19
16158	19
16159	19
16160	19
16161	19
16162	19
16163	19
16164	19
16165	19
16166	19
16167	19
16168	19
16169	19
16170	19
16171	19
16172	19
16173	19
16174	19
16175	19
16176	19
16177	19
16178	19
16179	19
16180	19
16181	19
16182	19
16183	19
16184	19
16185	19
16186	19
16187	19
16188	19
16189	19
16190	19
16191	19
16192	19
16193	19
16194	19
16195	19
16196	19
16197	19
16198	19
16199	19
16200	19
16201	19
16202	19
16203	19
16204	19
16205	19
16206	19
16207	19
16208	19
16209	19
16210	19
16211	19
16212	19
16213	19
16214	19
16215	19
16216	19
16217	19
16218	19
16219	19
16220	19
16221	19
16222	19
16223	19
16224	19
16225	19
16226	19
16227	19
16228	19
16229	19
16230	19
16231	19
16232	19
16233	19
16234	19
16235	19
16236	19
16237	19
16238	19
16239	19
16240	19
16241	19
16242	19
16243	19
16244	19
16245	19
16246	19
16247	19
16248	19
16249	19
16250	19
16251	19
16252	19
16253	19
16254	19
16255	19
16256	19
16257	19
16258	19
16259	19
16260	19
16261	19
16262	19
16263	19
16264	19
16265	19
16266	19
16267	19
16268	19
16269	19
16270	19
16271	19
16272	19
16273	19
16274	19
16275	19
16276	19
16277	19
16278	19
16279	19
16280	19
16281	19
16282	19
16283	19
16284	19
16285	19
16286	19
16287	19
16288	19
16289	19
16290	19
16291	19
16292	19
16293	19
16294	19
16295	19
16296	19
16297	19
16298	19
16299	19
16300	19
16301	19
16302	19
16303	19
16304	19
16305	19
16306	19
16307	19
16308	19
16309	19
16310	19
16311	19
16312	19
16313	19
16314	19
16315	19
16316	19
16317	19
16318	19
16319	19
16320	19
16321	19
16322	19
16323	19
16324	19
16325	19
16326	19
16327	19
16328	19
16329	19
16330	19
16331	19
16332	19
16333	19
16334	19
16335	19
16336	19
16337	19
16338	19
16339	19
16340	19
16341	19
16342	19
16343	19
16344	19
16345	19
16346	19
16347	19
16348	19
16349	19
16350	19
16351	19
16352	19
16353	19
16354	19
16355	19
16356	19
16357	19
16358	19
16359	19
16360	19
16361	19
16362	19
16363	19
16364	19
16365	19
16366	19
16367	19
16368	19
16369	19
16370	19
16371	19
16372	19
16373	19
16374	19
16375	19
16376	19
16377	19
16378	19
16379	19
16380	19
16381	19
16382	19
16383	19
16384	19
16385	19
16386	19
16387	19
16388	19
16389	19
16390	19
16391	19
16392	19
16393	19
16394	19
16395	19
16396	19
16397	19
16398	19
16399	19
16400	19
16401	19
16402	19
16403	19
16404	19
16405	19
16406	19
16407	19
16408	19
16409	19
16410	19
16411	19
16412	19
16413	19
16414	19
16415	19
16416	19
16417	19
16418	19
16419	19
16420	19
16421	19
16422	19
16423	19
16424	19
16425	19
16426	19
16427	19
16428	19
16429	19
16430	19
16431	19
16432	19
16433	19
16434	19
16435	19
16436	19
16437	19
16438	19
16439	19
16440	19
16441	19
16442	19
16443	19
16444	19
16445	19
16446	19
16447	19
16448	19
16449	19
16450	19
16451	19
16452	19
16453	19
16454	19
16455	19
16456	19
16457	19
16458	19
16459	19
16460	19
16461	19
16462	19
16463	19
16464	19
16465	19
16466	19
16467	19
16468	19
16469	19
16470	19
16471	19
16472	19
16473	19
16474	19
16475	19
16476	19
16477	19
16478	19
16479	19
16480	19
16481	19
16482	19
16483	19
16484	19
16485	19
16486	19
16487	19
16488	19
16489	19
16490	19
16491	19
16492	19
16493	19
16494	19
16495	19
16496	19
16497	19
16498	19
16499	19
16500	19
16501	19
16502	19
16503	19
16504	19
16505	19
16506	19
16507	19
16508	19
16509	19
16510	19
16511	19
16512	19
16513	19
16514	19
16515	19
16516	19
16517	19
16518	19
16519	19
16520	19
16521	19
16522	19
16523	19
16524	19
16525	19
16526	19
16527	19
16528	19
16529	19
16530	19
16531	19
16532	19
16533	19
16534	19
16535	19
16536	19
16537	19
16538	19
16539	19
16540	19
16541	19
16542	19
16543	19
16544	19
16545	19
16546	19
16547	19
16548	19
16549	19
16550	19
16551	19
16552	19
16553	19
16554	19
16555	19
16556	19
16557	19
16558	19
16559	19
16560	19
16561	19
16562	19
16563	19
16564	19
16565	19
16566	19
16567	19
16568	19
16569	19
16570	19
16571	19
16572	19
16573	19
16574	19
16575	19
16576	19
16577	19
16578	19
16579	19
16580	19
16581	19
16582	19
16583	19
16584	19
16585	19
16586	19
16587	19
16588	19
16589	19
16590	19
16591	19
16592	19
16593	19
16594	19
16595	19
16596	19
16597	19
16598	19
16599	19
16600	19
16601	19
16602	19
16603	19
16604	19
16605	19
16606	19
16607	19
16608	19
16609	19
16610	19
16611	19
16612	19
16613	19
16614	19
16615	19
16616	19
16617	19
16618	19
16619	19
16620	19
16621	19
16622	19
16623	19
16624	19
16625	19
16626	19
16627	19
16628	19
16629	19
16630	19
16631	19
16632	19
16633	19
16634	19
16635	19
16636	19
16637	19
16638	19
16639	19
16640	19
16641	19
16642	19
16643	19
16644	19
16645	19
16646	19
16647	19
16648	19
16649	19
16650	19
16651	19
16652	19
16653	19
16654	19
16655	19
16656	19
16657	19
16658	19
16659	19
16660	20
16661	20
16662	20
16663	20
16664	20
16665	20
16666	20
16667	20
16668	20
16669	20
16670	20
16671	20
16672	20
16673	20
16674	20
16675	20
16676	20
16677	20
16678	20
16679	20
16680	20
16681	20
16682	20
16683	20
16684	20
16685	20
16686	20
16687	20
16688	20
16689	20
16690	20
16691	20
16692	20
16693	20
16694	20
16695	20
16696	20
16697	20
16698	20
16699	20
16700	20
16701	20
16702	20
16703	20
16704	20
16705	20
16706	20
16707	20
16708	20
16709	20
16710	20
16711	20
16712	20
16713	20
16714	20
16715	20
16716	20
16717	20
16718	20
16719	20
16720	20
16721	20
16722	20
16723	20
16724	20
16725	20
16726	20
16727	20
16728	20
16729	20
16730	20
16731	20
16732	20
16733	20
16734	20
16735	20
16736	20
16737	20
16738	20
16739	20
16740	20
16741	20
16742	20
16743	20
16744	20
16745	20
16746	20
16747	20
16748	20
16749	20
16750	20
16751	20
16752	20
16753	20
16754	20
16755	20
16756	20
16757	20
16758	20
16759	20
16760	20
16761	20
16762	20
16763	20
16764	20
16765	20
16766	20
16767	20
16768	20
16769	20
16770	20
16771	20
16772	20
16773	20
16774	20
16775	20
16776	20
16777	20
16778	20
16779	20
16780	20
16781	20
16782	20
16783	20
16784	20
16785	20
16786	20
16787	20
16788	20
16789	20
16790	20
16791	20
16792	20
16793	20
16794	20
16795	20
16796	20
16797	20
16798	20
16799	20
16800	20
16801	20
16802	20
16803	20
16804	20
16805	20
16806	20
16807	20
16808	20
16809	20
16810	20
16811	20
16812	20
16813	20
16814	20
16815	20
16816	20
16817	20
16818	20
16819	20
16820	20
16821	20
16822	20
16823	20
16824	20
16825	20
16826	20
16827	20
16828	20
16829	20
16830	20
16831	20
16832	20
16833	20
16834	20
16835	20
16836	20
16837	20
16838	20
16839	20
16840	20
16841	20
16842	20
16843	20
16844	20
16845	20
16846	20
16847	20
16848	20
16849	20
16850	20
16851	20
16852	20
16853	20
16854	20
16855	20
16856	20
16857	20
16858	20
16859	20
16860	20
16861	20
16862	20
16863	20
16864	20
16865	20
16866	20
16867	20
16868	20
16869	20
16870	20
16871	20
16872	20
16873	20
16874	20
16875	20
16876	20
16877	20
16878	20
16879	20
16880	20
16881	20
16882	20
16883	20
16884	20
16885	20
16886	20
16887	20
16888	20
16889	20
16890	20
16891	20
16892	20
16893	20
16894	20
16895	20
16896	20
16897	20
16898	20
16899	20
16900	20
16901	20
16902	20
16903	20
16904	20
16905	20
16906	20
16907	20
16908	20
16909	20
16910	20
16911	20
16912	20
16913	20
16914	20
16915	20
16916	20
16917	20
16918	20
16919	20
16920	20
16921	20
16922	20
16923	20
16924	20
16925	20
16926	20
16927	20
16928	20
16929	20
16930	20
16931	20
16932	20
16933	20
16934	20
16935	20
16936	20
16937	20
16938	20
16939	20
16940	20
16941	20
16942	20
16943	20
16944	20
16945	20
16946	20
16947	20
16948	20
16949	20
16950	20
16951	20
16952	20
16953	20
16954	20
16955	20
16956	20
16957	20
16958	20
16959	20
16960	20
16961	20
16962	20
16963	20
16964	20
16965	20
16966	20
16967	20
16968	20
16969	20
16970	20
16971	20
16972	20
16973	20
16974	20
16975	20
16976	20
16977	20
16978	20
16979	20
16980	20
16981	20
16982	20
16983	20
16984	20
16985	20
16986	20
16987	20
16988	20
16989	20
16990	20
16991	20
16992	20
16993	20
16994	20
16995	20
16996	20
16997	20
16998	20
16999	20
17000	20
17001	20
17002	20
17003	20
17004	20
17005	20
17006	20
17007	20
17008	20
17009	20
17010	20
17011	20
17012	20
17013	20
17014	20
17015	20
17016	20
17017	20
17018	20
17019	20
17020	20
17021	20
17022	20
17023	20
17024	20
17025	20
17026	20
17027	20
17028	20
17029	20
17030	20
17031	20
17032	20
17033	20
17034	20
17035	20
17036	20
17037	20
17038	20
17039	20
17040	20
17041	20
17042	20
17043	20
17044	20
17045	20
17046	20
17047	20
17048	20
17049	20
17050	20
17051	20
17052	20
17053	20
17054	20
17055	20
17056	20
17057	20
17058	20
17059	20
17060	20
17061	20
17062	20
17063	20
17064	20
17065	20
17066	20
17067	20
17068	20
17069	20
17070	20
17071	20
17072	20
17073	20
17074	20
17075	20
17076	20
17077	20
17078	20
17079	20
17080	20
17081	20
17082	20
17083	20
17084	20
17085	20
17086	20
17087	20
17088	20
17089	20
17090	20
17091	20
17092	20
17093	20
17094	20
17095	20
17096	20
17097	20
17098	20
17099	20
17100	20
17101	20
17102	20
17103	20
17104	20
17105	20
17106	20
17107	20
17108	20
17109	20
17110	20
17111	20
17112	20
17113	20
17114	20
17115	20
17116	20
17117	20
17118	20
17119	20
17120	20
17121	20
17122	20
17123	20
17124	20
17125	20
17126	20
17127	20
17128	20
17129	20
17130	20
17131	20
17132	20
17133	20
17134	20
17135	20
17136	20
17137	20
17138	20
17139	20
17140	20
17141	20
17142	20
17143	20
17144	20
17145	20
17146	20
17147	20
17148	20
17149	20
17150	20
17151	20
17152	20
17153	20
17154	20
17155	20
17156	20
17157	20
17158	20
17159	20
17160	20
17161	20
17162	20
17163	20
17164	20
17165	20
17166	20
17167	20
17168	20
17169	20
17170	20
17171	20
17172	20
17173	20
17174	20
17175	20
17176	20
17177	20
17178	20
17179	20
17180	20
17181	20
17182	20
17183	20
17184	20
17185	20
17186	20
17187	20
17188	20
17189	20
17190	20
17191	20
17192	20
17193	20
17194	20
17195	20
17196	20
17197	20
17198	20
17199	20
17200	20
17201	20
17202	20
17203	20
17204	20
17205	20
17206	20
17207	20
17208	20
17209	20
17210	20
17211	20
17212	20
17213	20
17214	20
17215	20
17216	20
17217	20
17218	20
17219	20
17220	20
17221	20
17222	20
17223	20
17224	20
17225	20
17226	20
17227	20
17228	20
17229	20
17230	20
17231	20
17232	20
17233	20
17234	20
17235	20
17236	20
17237	20
17238	20
17239	20
17240	20
17241	20
17242	20
17243	20
17244	20
17245	20
17246	20
17247	20
17248	20
17249	20
17250	20
17251	20
17252	20
17253	20
17254	20
17255	20
17256	20
17257	20
17258	20
17259	20
17260	20
17261	20
17262	20
17263	20
17264	20
17265	20
17266	20
17267	20
17268	20
17269	20
17270	20
17271	20
17272	20
17273	20
17274	20
17275	20
17276	20
17277	20
17278	20
17279	20
17280	20
17281	20
17282	20
17283	20
17284	20
17285	20
17286	20
17287	20
17288	20
17289	20
17290	20
17291	20
17292	20
17293	20
17294	20
17295	20
17296	20
17297	20
17298	20
17299	20
17300	20
17301	20
17302	20
17303	20
17304	20
17305	20
17306	20
17307	20
17308	20
17309	20
17310	20
17311	20
17312	20
17313	20
17314	20
17315	20
17316	20
17317	20
17318	20
17319	20
17320	20
17321	20
17322	20
17323	20
17324	20
17325	20
17326	20
17327	20
17328	20
17329	20
17330	20
17331	20
17332	20
17333	20
17334	20
17335	20
17336	20
17337	20
17338	20
17339	20
17340	20
17341	20
17342	20
17343	20
17344	20
17345	20
17346	20
17347	20
17348	20
17349	20
17350	20
17351	20
17352	20
17353	20
17354	20
17355	20
17356	20
17357	20
17358	20
17359	20
17360	20
17361	20
17362	20
17363	20
17364	20
17365	20
17366	20
17367	20
17368	20
17369	20
17370	20
17371	20
17372	20
17373	20
17374	20
17375	20
17376	20
17377	20
17378	20
17379	20
17380	20
17381	20
17382	20
17383	20
17384	20
17385	20
17386	20
17387	20
17388	20
17389	20
17390	20
17391	20
17392	20
17393	20
17394	20
17395	20
17396	20
17397	20
17398	20
17399	20
17400	20
17401	20
17402	20
17403	20
17404	20
17405	20
17406	20
17407	20
17408	20
17409	20
17410	20
17411	20
17412	20
17413	20
17414	20
17415	20
17416	20
17417	20
17418	20
17419	20
17420	20
17421	20
17422	20
17423	20
17424	20
17425	20
17426	20
17427	20
17428	20
17429	20
17430	20
17431	20
17432	20
17433	20
17434	20
17435	20
17436	20
17437	20
17438	20
17439	20
17440	20
17441	20
17442	20
17443	20
17444	20
17445	20
17446	20
17447	20
17448	20
17449	20
17450	20
17451	20
17452	20
17453	20
17454	20
17455	20
17456	20
17457	20
17458	20
17459	20
17460	20
17461	20
17462	20
17463	20
17464	20
17465	20
17466	20
17467	20
17468	20
17469	20
17470	20
17471	20
17472	20
17473	20
17474	20
17475	20
17476	20
17477	20
17478	20
17479	20
17480	20
17481	20
17482	20
17483	20
17484	20
17485	20
17486	20
17487	20
17488	20
17489	20
17490	20
17491	20
17492	20
17493	21
17494	21
17495	21
17496	21
17497	21
17498	21
17499	21
17500	21
17501	21
17502	21
17503	21
17504	21
17505	21
17506	21
17507	21
17508	21
17509	21
17510	21
17511	21
17512	21
17513	21
17514	21
17515	21
17516	21
17517	21
17518	21
17519	21
17520	21
17521	21
17522	21
17523	21
17524	21
17525	21
17526	21
17527	21
17528	21
17529	21
17530	21
17531	21
17532	21
17533	21
17534	21
17535	21
17536	21
17537	21
17538	21
17539	21
17540	21
17541	21
17542	21
17543	21
17544	21
17545	21
17546	21
17547	21
17548	21
17549	21
17550	21
17551	21
17552	21
17553	21
17554	21
17555	21
17556	21
17557	21
17558	21
17559	21
17560	21
17561	21
17562	21
17563	21
17564	21
17565	21
17566	21
17567	21
17568	21
17569	21
17570	21
17571	21
17572	21
17573	21
17574	21
17575	21
17576	21
17577	21
17578	21
17579	21
17580	21
17581	21
17582	21
17583	21
17584	21
17585	21
17586	21
17587	21
17588	21
17589	21
17590	21
17591	21
17592	21
17593	21
17594	21
17595	21
17596	21
17597	21
17598	21
17599	21
17600	21
17601	21
17602	21
17603	21
17604	21
17605	21
17606	21
17607	21
17608	21
17609	21
17610	21
17611	21
17612	21
17613	21
17614	21
17615	21
17616	21
17617	21
17618	21
17619	21
17620	21
17621	21
17622	21
17623	21
17624	21
17625	21
17626	21
17627	21
17628	21
17629	21
17630	21
17631	21
17632	21
17633	21
17634	21
17635	21
17636	21
17637	21
17638	21
17639	21
17640	21
17641	21
17642	21
17643	21
17644	21
17645	21
17646	21
17647	21
17648	21
17649	21
17650	21
17651	21
17652	21
17653	21
17654	21
17655	21
17656	21
17657	21
17658	21
17659	21
17660	21
17661	21
17662	21
17663	21
17664	21
17665	21
17666	21
17667	21
17668	21
17669	21
17670	21
17671	21
17672	21
17673	21
17674	21
17675	21
17676	21
17677	21
17678	21
17679	21
17680	21
17681	21
17682	21
17683	21
17684	21
17685	21
17686	21
17687	21
17688	21
17689	21
17690	21
17691	21
17692	21
17693	21
17694	21
17695	21
17696	21
17697	21
17698	21
17699	21
17700	21
17701	21
17702	21
17703	21
17704	21
17705	21
17706	21
17707	21
17708	21
17709	21
17710	21
17711	21
17712	21
17713	21
17714	21
17715	21
17716	21
17717	21
17718	21
17719	21
17720	21
17721	21
17722	21
17723	21
17724	21
17725	21
17726	21
17727	21
17728	21
17729	21
17730	21
17731	21
17732	21
17733	21
17734	21
17735	21
17736	21
17737	21
17738	21
17739	21
17740	21
17741	21
17742	21
17743	21
17744	21
17745	21
17746	21
17747	21
17748	21
17749	21
17750	21
17751	21
17752	21
17753	21
17754	21
17755	21
17756	21
17757	21
17758	21
17759	21
17760	21
17761	21
17762	21
17763	21
17764	21
17765	21
17766	21
17767	21
17768	21
17769	21
17770	21
17771	21
17772	21
17773	21
17774	21
17775	21
17776	21
17777	21
17778	21
17779	21
17780	21
17781	21
17782	21
17783	21
17784	21
17785	21
17786	21
17787	21
17788	21
17789	21
17790	21
17791	21
17792	21
17793	21
17794	21
17795	21
17796	21
17797	21
17798	21
17799	21
17800	21
17801	21
17802	21
17803	21
17804	21
17805	21
17806	21
17807	21
17808	21
17809	21
17810	21
17811	21
17812	21
17813	21
17814	21
17815	21
17816	21
17817	21
17818	21
17819	21
17820	21
17821	21
17822	21
17823	21
17824	21
17825	21
17826	21
17827	21
17828	21
17829	21
17830	21
17831	21
17832	21
17833	21
17834	21
17835	21
17836	21
17837	21
17838	21
17839	21
17840	21
17841	21
17842	21
17843	21
17844	21
17845	21
17846	21
17847	21
17848	21
17849	21
17850	21
17851	21
17852	21
17853	21
17854	21
17855	21
17856	21
17857	21
17858	21
17859	21
17860	21
17861	21
17862	21
17863	21
17864	21
17865	21
17866	21
17867	21
17868	21
17869	21
17870	21
17871	21
17872	21
17873	21
17874	21
17875	21
17876	21
17877	21
17878	21
17879	21
17880	21
17881	21
17882	21
17883	21
17884	21
17885	21
17886	21
17887	21
17888	21
17889	21
17890	21
17891	21
17892	21
17893	21
17894	21
17895	21
17896	21
17897	21
17898	21
17899	21
17900	21
17901	21
17902	21
17903	21
17904	21
17905	21
17906	21
17907	21
17908	21
17909	21
17910	21
17911	21
17912	21
17913	21
17914	21
17915	21
17916	21
17917	21
17918	21
17919	21
17920	21
17921	21
17922	21
17923	21
17924	21
17925	21
17926	21
17927	21
17928	21
17929	21
17930	21
17931	21
17932	21
17933	21
17934	21
17935	21
17936	21
17937	21
17938	21
17939	21
17940	21
17941	21
17942	21
17943	21
17944	21
17945	21
17946	21
17947	21
17948	21
17949	21
17950	21
17951	21
17952	21
17953	21
17954	21
17955	21
17956	21
17957	21
17958	21
17959	21
17960	21
17961	21
17962	21
17963	21
17964	21
17965	21
17966	21
17967	21
17968	21
17969	21
17970	21
17971	21
17972	21
17973	21
17974	21
17975	21
17976	21
17977	21
17978	21
17979	21
17980	21
17981	21
17982	21
17983	21
17984	21
17985	21
17986	21
17987	21
17988	21
17989	21
17990	21
17991	21
17992	21
17993	21
17994	21
17995	21
17996	21
17997	21
17998	21
17999	21
18000	21
18001	21
18002	21
18003	21
18004	21
18005	21
18006	21
18007	21
18008	21
18009	21
18010	21
18011	21
18012	21
18013	21
18014	21
18015	21
18016	21
18017	21
18018	21
18019	21
18020	21
18021	21
18022	21
18023	21
18024	21
18025	21
18026	21
18027	21
18028	21
18029	21
18030	21
18031	21
18032	21
18033	21
18034	21
18035	21
18036	21
18037	21
18038	21
18039	21
18040	21
18041	21
18042	21
18043	21
18044	21
18045	21
18046	21
18047	21
18048	21
18049	21
18050	21
18051	21
18052	21
18053	21
18054	21
18055	21
18056	21
18057	21
18058	21
18059	21
18060	21
18061	21
18062	21
18063	21
18064	21
18065	21
18066	21
18067	21
18068	21
18069	21
18070	21
18071	21
18072	21
18073	21
18074	21
18075	21
18076	21
18077	21
18078	21
18079	21
18080	21
18081	21
18082	21
18083	21
18084	21
18085	21
18086	21
18087	21
18088	21
18089	21
18090	21
18091	21
18092	21
18093	21
18094	21
18095	21
18096	21
18097	21
18098	21
18099	21
18100	21
18101	21
18102	21
18103	21
18104	21
18105	21
18106	21
18107	21
18108	21
18109	21
18110	21
18111	21
18112	21
18113	21
18114	21
18115	21
18116	21
18117	21
18118	21
18119	21
18120	21
18121	21
18122	21
18123	21
18124	21
18125	21
18126	21
18127	21
18128	21
18129	21
18130	21
18131	21
18132	21
18133	21
18134	21
18135	21
18136	21
18137	21
18138	21
18139	21
18140	21
18141	21
18142	21
18143	21
18144	21
18145	21
18146	21
18147	21
18148	21
18149	21
18150	21
18151	21
18152	21
18153	21
18154	21
18155	21
18156	21
18157	21
18158	21
18159	21
18160	21
18161	21
18162	21
18163	21
18164	21
18165	21
18166	21
18167	21
18168	21
18169	21
18170	21
18171	21
18172	21
18173	21
18174	21
18175	21
18176	21
18177	21
18178	21
18179	21
18180	21
18181	21
18182	21
18183	21
18184	21
18185	21
18186	21
18187	21
18188	21
18189	21
18190	21
18191	21
18192	21
18193	21
18194	21
18195	21
18196	21
18197	21
18198	21
18199	21
18200	21
18201	21
18202	21
18203	21
18204	21
18205	21
18206	21
18207	21
18208	21
18209	21
18210	21
18211	21
18212	21
18213	21
18214	21
18215	21
18216	21
18217	21
18218	21
18219	21
18220	21
18221	21
18222	21
18223	21
18224	21
18225	21
18226	21
18227	21
18228	21
18229	21
18230	21
18231	21
18232	21
18233	21
18234	21
18235	21
18236	21
18237	21
18238	21
18239	21
18240	21
18241	21
18242	21
18243	21
18244	21
18245	21
18246	21
18247	21
18248	21
18249	21
18250	21
18251	21
18252	21
18253	21
18254	21
18255	21
18256	21
18257	21
18258	21
18259	21
18260	21
18261	21
18262	21
18263	21
18264	21
18265	21
18266	21
18267	21
18268	21
18269	21
18270	21
18271	21
18272	21
18273	21
18274	21
18275	21
18276	21
18277	21
18278	21
18279	21
18280	21
18281	21
18282	21
18283	21
18284	21
18285	21
18286	21
18287	21
18288	21
18289	21
18290	21
18291	21
18292	21
18293	21
18294	21
18295	21
18296	21
18297	21
18298	21
18299	21
18300	21
18301	21
18302	21
18303	21
18304	21
18305	21
18306	21
18307	21
18308	21
18309	21
18310	21
18311	21
18312	21
18313	21
18314	21
18315	21
18316	21
18317	21
18318	21
18319	21
18320	21
18321	21
18322	21
18323	21
18324	21
18325	21
18326	22
18327	22
18328	22
18329	22
18330	22
18331	22
18332	22
18333	22
18334	22
18335	22
18336	22
18337	22
18338	22
18339	22
18340	22
18341	22
18342	22
18343	22
18344	22
18345	22
18346	22
18347	22
18348	22
18349	22
18350	22
18351	22
18352	22
18353	22
18354	22
18355	22
18356	22
18357	22
18358	22
18359	22
18360	22
18361	22
18362	22
18363	22
18364	22
18365	22
18366	22
18367	22
18368	22
18369	22
18370	22
18371	22
18372	22
18373	22
18374	22
18375	22
18376	22
18377	22
18378	22
18379	22
18380	22
18381	22
18382	22
18383	22
18384	22
18385	22
18386	22
18387	22
18388	22
18389	22
18390	22
18391	22
18392	22
18393	22
18394	22
18395	22
18396	22
18397	22
18398	22
18399	22
18400	22
18401	22
18402	22
18403	22
18404	22
18405	22
18406	22
18407	22
18408	22
18409	22
18410	22
18411	22
18412	22
18413	22
18414	22
18415	22
18416	22
18417	22
18418	22
18419	22
18420	22
18421	22
18422	22
18423	22
18424	22
18425	22
18426	22
18427	22
18428	22
18429	22
18430	22
18431	22
18432	22
18433	22
18434	22
18435	22
18436	22
18437	22
18438	22
18439	22
18440	22
18441	22
18442	22
18443	22
18444	22
18445	22
18446	22
18447	22
18448	22
18449	22
18450	22
18451	22
18452	22
18453	22
18454	22
18455	22
18456	22
18457	22
18458	22
18459	22
18460	22
18461	22
18462	22
18463	22
18464	22
18465	22
18466	22
18467	22
18468	22
18469	22
18470	22
18471	22
18472	22
18473	22
18474	22
18475	22
18476	22
18477	22
18478	22
18479	22
18480	22
18481	22
18482	22
18483	22
18484	22
18485	22
18486	22
18487	22
18488	22
18489	22
18490	22
18491	22
18492	22
18493	22
18494	22
18495	22
18496	22
18497	22
18498	22
18499	22
18500	22
18501	22
18502	22
18503	22
18504	22
18505	22
18506	22
18507	22
18508	22
18509	22
18510	22
18511	22
18512	22
18513	22
18514	22
18515	22
18516	22
18517	22
18518	22
18519	22
18520	22
18521	22
18522	22
18523	22
18524	22
18525	22
18526	22
18527	22
18528	22
18529	22
18530	22
18531	22
18532	22
18533	22
18534	22
18535	22
18536	22
18537	22
18538	22
18539	22
18540	22
18541	22
18542	22
18543	22
18544	22
18545	22
18546	22
18547	22
18548	22
18549	22
18550	22
18551	22
18552	22
18553	22
18554	22
18555	22
18556	22
18557	22
18558	22
18559	22
18560	22
18561	22
18562	22
18563	22
18564	22
18565	22
18566	22
18567	22
18568	22
18569	22
18570	22
18571	22
18572	22
18573	22
18574	22
18575	22
18576	22
18577	22
18578	22
18579	22
18580	22
18581	22
18582	22
18583	22
18584	22
18585	22
18586	22
18587	22
18588	22
18589	22
18590	22
18591	22
18592	22
18593	22
18594	22
18595	22
18596	22
18597	22
18598	22
18599	22
18600	22
18601	22
18602	22
18603	22
18604	22
18605	22
18606	22
18607	22
18608	22
18609	22
18610	22
18611	22
18612	22
18613	22
18614	22
18615	22
18616	22
18617	22
18618	22
18619	22
18620	22
18621	22
18622	22
18623	22
18624	22
18625	22
18626	22
18627	22
18628	22
18629	22
18630	22
18631	22
18632	22
18633	22
18634	22
18635	22
18636	22
18637	22
18638	22
18639	22
18640	22
18641	22
18642	22
18643	22
18644	22
18645	22
18646	22
18647	22
18648	22
18649	22
18650	22
18651	22
18652	22
18653	22
18654	22
18655	22
18656	22
18657	22
18658	22
18659	22
18660	22
18661	22
18662	22
18663	22
18664	22
18665	22
18666	22
18667	22
18668	22
18669	22
18670	22
18671	22
18672	22
18673	22
18674	22
18675	22
18676	22
18677	22
18678	22
18679	22
18680	22
18681	22
18682	22
18683	22
18684	22
18685	22
18686	22
18687	22
18688	22
18689	22
18690	22
18691	22
18692	22
18693	22
18694	22
18695	22
18696	22
18697	22
18698	22
18699	22
18700	22
18701	22
18702	22
18703	22
18704	22
18705	22
18706	22
18707	22
18708	22
18709	22
18710	22
18711	22
18712	22
18713	22
18714	22
18715	22
18716	22
18717	22
18718	22
18719	22
18720	22
18721	22
18722	22
18723	22
18724	22
18725	22
18726	22
18727	22
18728	22
18729	22
18730	22
18731	22
18732	22
18733	22
18734	22
18735	22
18736	22
18737	22
18738	22
18739	22
18740	22
18741	22
18742	22
18743	22
18744	22
18745	22
18746	22
18747	22
18748	22
18749	22
18750	22
18751	22
18752	22
18753	22
18754	22
18755	22
18756	22
18757	22
18758	22
18759	22
18760	22
18761	22
18762	22
18763	22
18764	22
18765	22
18766	22
18767	22
18768	22
18769	22
18770	22
18771	22
18772	22
18773	22
18774	22
18775	22
18776	22
18777	22
18778	22
18779	22
18780	22
18781	22
18782	22
18783	22
18784	22
18785	22
18786	22
18787	22
18788	22
18789	22
18790	22
18791	22
18792	22
18793	22
18794	22
18795	22
18796	22
18797	22
18798	22
18799	22
18800	22
18801	22
18802	22
18803	22
18804	22
18805	22
18806	22
18807	22
18808	22
18809	22
18810	22
18811	22
18812	22
18813	22
18814	22
18815	22
18816	22
18817	22
18818	22
18819	22
18820	22
18821	22
18822	22
18823	22
18824	22
18825	22
18826	22
18827	22
18828	22
18829	22
18830	22
18831	22
18832	22
18833	22
18834	22
18835	22
18836	22
18837	22
18838	22
18839	22
18840	22
18841	22
18842	22
18843	22
18844	22
18845	22
18846	22
18847	22
18848	22
18849	22
18850	22
18851	22
18852	22
18853	22
18854	22
18855	22
18856	22
18857	22
18858	22
18859	22
18860	22
18861	22
18862	22
18863	22
18864	22
18865	22
18866	22
18867	22
18868	22
18869	22
18870	22
18871	22
18872	22
18873	22
18874	22
18875	22
18876	22
18877	22
18878	22
18879	22
18880	22
18881	22
18882	22
18883	22
18884	22
18885	22
18886	22
18887	22
18888	22
18889	22
18890	22
18891	22
18892	22
18893	22
18894	22
18895	22
18896	22
18897	22
18898	22
18899	22
18900	22
18901	22
18902	22
18903	22
18904	22
18905	22
18906	22
18907	22
18908	22
18909	22
18910	22
18911	22
18912	22
18913	22
18914	22
18915	22
18916	22
18917	22
18918	22
18919	22
18920	22
18921	22
18922	22
18923	22
18924	22
18925	22
18926	22
18927	22
18928	22
18929	22
18930	22
18931	22
18932	22
18933	22
18934	22
18935	22
18936	22
18937	22
18938	22
18939	22
18940	22
18941	22
18942	22
18943	22
18944	22
18945	22
18946	22
18947	22
18948	22
18949	22
18950	22
18951	22
18952	22
18953	22
18954	22
18955	22
18956	22
18957	22
18958	22
18959	22
18960	22
18961	22
18962	22
18963	22
18964	22
18965	22
18966	22
18967	22
18968	22
18969	22
18970	22
18971	22
18972	22
18973	22
18974	22
18975	22
18976	22
18977	22
18978	22
18979	22
18980	22
18981	22
18982	22
18983	22
18984	22
18985	22
18986	22
18987	22
18988	22
18989	22
18990	22
18991	22
18992	22
18993	22
18994	22
18995	22
18996	22
18997	22
18998	22
18999	22
19000	22
19001	22
19002	22
19003	22
19004	22
19005	22
19006	22
19007	22
19008	22
19009	22
19010	22
19011	22
19012	22
19013	22
19014	22
19015	22
19016	22
19017	22
19018	22
19019	22
19020	22
19021	22
19022	22
19023	22
19024	22
19025	22
19026	22
19027	22
19028	22
19029	22
19030	22
19031	22
19032	22
19033	22
19034	22
19035	22
19036	22
19037	22
19038	22
19039	22
19040	22
19041	22
19042	22
19043	22
19044	22
19045	22
19046	22
19047	22
19048	22
19049	22
19050	22
19051	22
19052	22
19053	22
19054	22
19055	22
19056	22
19057	22
19058	22
19059	22
19060	22
19061	22
19062	22
19063	22
19064	22
19065	22
19066	22
19067	22
19068	22
19069	22
19070	22
19071	22
19072	22
19073	22
19074	22
19075	22
19076	22
19077	22
19078	22
19079	22
19080	22
19081	22
19082	22
19083	22
19084	22
19085	22
19086	22
19087	22
19088	22
19089	22
19090	22
19091	22
19092	22
19093	22
19094	22
19095	22
19096	22
19097	22
19098	22
19099	22
19100	22
19101	22
19102	22
19103	22
19104	22
19105	22
19106	22
19107	22
19108	22
19109	22
19110	22
19111	22
19112	22
19113	22
19114	22
19115	22
19116	22
19117	22
19118	22
19119	22
19120	22
19121	22
19122	22
19123	22
19124	22
19125	22
19126	22
19127	22
19128	22
19129	22
19130	22
19131	22
19132	22
19133	22
19134	22
19135	22
19136	22
19137	22
19138	22
19139	22
19140	22
19141	22
19142	22
19143	22
19144	22
19145	22
19146	22
19147	22
19148	22
19149	22
19150	22
19151	22
19152	22
19153	22
19154	22
19155	22
19156	22
19157	22
19158	22
19159	23
19160	23
19161	23
19162	23
19163	23
19164	23
19165	23
19166	23
19167	23
19168	23
19169	23
19170	23
19171	23
19172	23
19173	23
19174	23
19175	23
19176	23
19177	23
19178	23
19179	23
19180	23
19181	23
19182	23
19183	23
19184	23
19185	23
19186	23
19187	23
19188	23
19189	23
19190	23
19191	23
19192	23
19193	23
19194	23
19195	23
19196	23
19197	23
19198	23
19199	23
19200	23
19201	23
19202	23
19203	23
19204	23
19205	23
19206	23
19207	23
19208	23
19209	23
19210	23
19211	23
19212	23
19213	23
19214	23
19215	23
19216	23
19217	23
19218	23
19219	23
19220	23
19221	23
19222	23
19223	23
19224	23
19225	23
19226	23
19227	23
19228	23
19229	23
19230	23
19231	23
19232	23
19233	23
19234	23
19235	23
19236	23
19237	23
19238	23
19239	23
19240	23
19241	23
19242	23
19243	23
19244	23
19245	23
19246	23
19247	23
19248	23
19249	23
19250	23
19251	23
19252	23
19253	23
19254	23
19255	23
19256	23
19257	23
19258	23
19259	23
19260	23
19261	23
19262	23
19263	23
19264	23
19265	23
19266	23
19267	23
19268	23
19269	23
19270	23
19271	23
19272	23
19273	23
19274	23
19275	23
19276	23
19277	23
19278	23
19279	23
19280	23
19281	23
19282	23
19283	23
19284	23
19285	23
19286	23
19287	23
19288	23
19289	23
19290	23
19291	23
19292	23
19293	23
19294	23
19295	23
19296	23
19297	23
19298	23
19299	23
19300	23
19301	23
19302	23
19303	23
19304	23
19305	23
19306	23
19307	23
19308	23
19309	23
19310	23
19311	23
19312	23
19313	23
19314	23
19315	23
19316	23
19317	23
19318	23
19319	23
19320	23
19321	23
19322	23
19323	23
19324	23
19325	23
19326	23
19327	23
19328	23
19329	23
19330	23
19331	23
19332	23
19333	23
19334	23
19335	23
19336	23
19337	23
19338	23
19339	23
19340	23
19341	23
19342	23
19343	23
19344	23
19345	23
19346	23
19347	23
19348	23
19349	23
19350	23
19351	23
19352	23
19353	23
19354	23
19355	23
19356	23
19357	23
19358	23
19359	23
19360	23
19361	23
19362	23
19363	23
19364	23
19365	23
19366	23
19367	23
19368	23
19369	23
19370	23
19371	23
19372	23
19373	23
19374	23
19375	23
19376	23
19377	23
19378	23
19379	23
19380	23
19381	23
19382	23
19383	23
19384	23
19385	23
19386	23
19387	23
19388	23
19389	23
19390	23
19391	23
19392	23
19393	23
19394	23
19395	23
19396	23
19397	23
19398	23
19399	23
19400	23
19401	23
19402	23
19403	23
19404	23
19405	23
19406	23
19407	23
19408	23
19409	23
19410	23
19411	23
19412	23
19413	23
19414	23
19415	23
19416	23
19417	23
19418	23
19419	23
19420	23
19421	23
19422	23
19423	23
19424	23
19425	23
19426	23
19427	23
19428	23
19429	23
19430	23
19431	23
19432	23
19433	23
19434	23
19435	23
19436	23
19437	23
19438	23
19439	23
19440	23
19441	23
19442	23
19443	23
19444	23
19445	23
19446	23
19447	23
19448	23
19449	23
19450	23
19451	23
19452	23
19453	23
19454	23
19455	23
19456	23
19457	23
19458	23
19459	23
19460	23
19461	23
19462	23
19463	23
19464	23
19465	23
19466	23
19467	23
19468	23
19469	23
19470	23
19471	23
19472	23
19473	23
19474	23
19475	23
19476	23
19477	23
19478	23
19479	23
19480	23
19481	23
19482	23
19483	23
19484	23
19485	23
19486	23
19487	23
19488	23
19489	23
19490	23
19491	23
19492	23
19493	23
19494	23
19495	23
19496	23
19497	23
19498	23
19499	23
19500	23
19501	23
19502	23
19503	23
19504	23
19505	23
19506	23
19507	23
19508	23
19509	23
19510	23
19511	23
19512	23
19513	23
19514	23
19515	23
19516	23
19517	23
19518	23
19519	23
19520	23
19521	23
19522	23
19523	23
19524	23
19525	23
19526	23
19527	23
19528	23
19529	23
19530	23
19531	23
19532	23
19533	23
19534	23
19535	23
19536	23
19537	23
19538	23
19539	23
19540	23
19541	23
19542	23
19543	23
19544	23
19545	23
19546	23
19547	23
19548	23
19549	23
19550	23
19551	23
19552	23
19553	23
19554	23
19555	23
19556	23
19557	23
19558	23
19559	23
19560	23
19561	23
19562	23
19563	23
19564	23
19565	23
19566	23
19567	23
19568	23
19569	23
19570	23
19571	23
19572	23
19573	23
19574	23
19575	23
19576	23
19577	23
19578	23
19579	23
19580	23
19581	23
19582	23
19583	23
19584	23
19585	23
19586	23
19587	23
19588	23
19589	23
19590	23
19591	23
19592	23
19593	23
19594	23
19595	23
19596	23
19597	23
19598	23
19599	23
19600	23
19601	23
19602	23
19603	23
19604	23
19605	23
19606	23
19607	23
19608	23
19609	23
19610	23
19611	23
19612	23
19613	23
19614	23
19615	23
19616	23
19617	23
19618	23
19619	23
19620	23
19621	23
19622	23
19623	23
19624	23
19625	23
19626	23
19627	23
19628	23
19629	23
19630	23
19631	23
19632	23
19633	23
19634	23
19635	23
19636	23
19637	23
19638	23
19639	23
19640	23
19641	23
19642	23
19643	23
19644	23
19645	23
19646	23
19647	23
19648	23
19649	23
19650	23
19651	23
19652	23
19653	23
19654	23
19655	23
19656	23
19657	23
19658	23
19659	23
19660	23
19661	23
19662	23
19663	23
19664	23
19665	23
19666	23
19667	23
19668	23
19669	23
19670	23
19671	23
19672	23
19673	23
19674	23
19675	23
19676	23
19677	23
19678	23
19679	23
19680	23
19681	23
19682	23
19683	23
19684	23
19685	23
19686	23
19687	23
19688	23
19689	23
19690	23
19691	23
19692	23
19693	23
19694	23
19695	23
19696	23
19697	23
19698	23
19699	23
19700	23
19701	23
19702	23
19703	23
19704	23
19705	23
19706	23
19707	23
19708	23
19709	23
19710	23
19711	23
19712	23
19713	23
19714	23
19715	23
19716	23
19717	23
19718	23
19719	23
19720	23
19721	23
19722	23
19723	23
19724	23
19725	23
19726	23
19727	23
19728	23
19729	23
19730	23
19731	23
19732	23
19733	23
19734	23
19735	23
19736	23
19737	23
19738	23
19739	23
19740	23
19741	23
19742	23
19743	23
19744	23
19745	23
19746	23
19747	23
19748	23
19749	23
19750	23
19751	23
19752	23
19753	23
19754	23
19755	23
19756	23
19757	23
19758	23
19759	23
19760	23
19761	23
19762	23
19763	23
19764	23
19765	23
19766	23
19767	23
19768	23
19769	23
19770	23
19771	23
19772	23
19773	23
19774	23
19775	23
19776	23
19777	23
19778	23
19779	23
19780	23
19781	23
19782	23
19783	23
19784	23
19785	23
19786	23
19787	23
19788	23
19789	23
19790	23
19791	23
19792	23
19793	23
19794	23
19795	23
19796	23
19797	23
19798	23
19799	23
19800	23
19801	23
19802	23
19803	23
19804	23
19805	23
19806	23
19807	23
19808	23
19809	23
19810	23
19811	23
19812	23
19813	23
19814	23
19815	23
19816	23
19817	23
19818	23
19819	23
19820	23
19821	23
19822	23
19823	23
19824	23
19825	23
19826	23
19827	23
19828	23
19829	23
19830	23
19831	23
19832	23
19833	23
19834	23
19835	23
19836	23
19837	23
19838	23
19839	23
19840	23
19841	23
19842	23
19843	23
19844	23
19845	23
19846	23
19847	23
19848	23
19849	23
19850	23
19851	23
19852	23
19853	23
19854	23
19855	23
19856	23
19857	23
19858	23
19859	23
19860	23
19861	23
19862	23
19863	23
19864	23
19865	23
19866	23
19867	23
19868	23
19869	23
19870	23
19871	23
19872	23
19873	23
19874	23
19875	23
19876	23
19877	23
19878	23
19879	23
19880	23
19881	23
19882	23
19883	23
19884	23
19885	23
19886	23
19887	23
19888	23
19889	23
19890	23
19891	23
19892	23
19893	23
19894	23
19895	23
19896	23
19897	23
19898	23
19899	23
19900	23
19901	23
19902	23
19903	23
19904	23
19905	23
19906	23
19907	23
19908	23
19909	23
19910	23
19911	23
19912	23
19913	23
19914	23
19915	23
19916	23
19917	23
19918	23
19919	23
19920	23
19921	23
19922	23
19923	23
19924	23
19925	23
19926	23
19927	23
19928	23
19929	23
19930	23
19931	23
19932	23
19933	23
19934	23
19935	23
19936	23
19937	23
19938	23
19939	23
19940	23
19941	23
19942	23
19943	23
19944	23
19945	23
19946	23
19947	23
19948	23
19949	23
19950	23
19951	23
19952	23
19953	23
19954	23
19955	23
19956	23
19957	23
19958	23
19959	23
19960	23
19961	23
19962	23
19963	23
19964	23
19965	23
19966	23
19967	23
19968	23
19969	23
19970	23
19971	23
19972	23
19973	23
19974	23
19975	23
19976	23
19977	23
19978	23
19979	23
19980	23
19981	23
19982	23
19983	23
19984	23
19985	23
19986	23
19987	23
19988	23
19989	23
19990	23
19991	23
19992	24
19993	24
19994	24
19995	24
19996	24
19997	24
19998	24
19999	24
20000	24
20001	24
20002	24
20003	24
20004	24
20005	24
20006	24
20007	24
20008	24
20009	24
20010	24
20011	24
20012	24
20013	24
20014	24
20015	24
20016	24
20017	24
20018	24
20019	24
20020	24
20021	24
20022	24
20023	24
20024	24
20025	24
20026	24
20027	24
20028	24
20029	24
20030	24
20031	24
20032	24
20033	24
20034	24
20035	24
20036	24
20037	24
20038	24
20039	24
20040	24
20041	24
20042	24
20043	24
20044	24
20045	24
20046	24
20047	24
20048	24
20049	24
20050	24
20051	24
20052	24
20053	24
20054	24
20055	24
20056	24
20057	24
20058	24
20059	24
20060	24
20061	24
20062	24
20063	24
20064	24
20065	24
20066	24
20067	24
20068	24
20069	24
20070	24
20071	24
20072	24
20073	24
20074	24
20075	24
20076	24
20077	24
20078	24
20079	24
20080	24
20081	24
20082	24
20083	24
20084	24
20085	24
20086	24
20087	24
20088	24
20089	24
20090	24
20091	24
20092	24
20093	24
20094	24
20095	24
20096	24
20097	24
20098	24
20099	24
20100	24
20101	24
20102	24
20103	24
20104	24
20105	24
20106	24
20107	24
20108	24
20109	24
20110	24
20111	24
20112	24
20113	24
20114	24
20115	24
20116	24
20117	24
20118	24
20119	24
20120	24
20121	24
20122	24
20123	24
20124	24
20125	24
20126	24
20127	24
20128	24
20129	24
20130	24
20131	24
20132	24
20133	24
20134	24
20135	24
20136	24
20137	24
20138	24
20139	24
20140	24
20141	24
20142	24
20143	24
20144	24
20145	24
20146	24
20147	24
20148	24
20149	24
20150	24
20151	24
20152	24
20153	24
20154	24
20155	24
20156	24
20157	24
20158	24
20159	24
20160	24
20161	24
20162	24
20163	24
20164	24
20165	24
20166	24
20167	24
20168	24
20169	24
20170	24
20171	24
20172	24
20173	24
20174	24
20175	24
20176	24
20177	24
20178	24
20179	24
20180	24
20181	24
20182	24
20183	24
20184	24
20185	24
20186	24
20187	24
20188	24
20189	24
20190	24
20191	24
20192	24
20193	24
20194	24
20195	24
20196	24
20197	24
20198	24
20199	24
20200	24
20201	24
20202	24
20203	24
20204	24
20205	24
20206	24
20207	24
20208	24
20209	24
20210	24
20211	24
20212	24
20213	24
20214	24
20215	24
20216	24
20217	24
20218	24
20219	24
20220	24
20221	24
20222	24
20223	24
20224	24
20225	24
20226	24
20227	24
20228	24
20229	24
20230	24
20231	24
20232	24
20233	24
20234	24
20235	24
20236	24
20237	24
20238	24
20239	24
20240	24
20241	24
20242	24
20243	24
20244	24
20245	24
20246	24
20247	24
20248	24
20249	24
20250	24
20251	24
20252	24
20253	24
20254	24
20255	24
20256	24
20257	24
20258	24
20259	24
20260	24
20261	24
20262	24
20263	24
20264	24
20265	24
20266	24
20267	24
20268	24
20269	24
20270	24
20271	24
20272	24
20273	24
20274	24
20275	24
20276	24
20277	24
20278	24
20279	24
20280	24
20281	24
20282	24
20283	24
20284	24
20285	24
20286	24
20287	24
20288	24
20289	24
20290	24
20291	24
20292	24
20293	24
20294	24
20295	24
20296	24
20297	24
20298	24
20299	24
20300	24
20301	24
20302	24
20303	24
20304	24
20305	24
20306	24
20307	24
20308	24
20309	24
20310	24
20311	24
20312	24
20313	24
20314	24
20315	24
20316	24
20317	24
20318	24
20319	24
20320	24
20321	24
20322	24
20323	24
20324	24
20325	24
20326	24
20327	24
20328	24
20329	24
20330	24
20331	24
20332	24
20333	24
20334	24
20335	24
20336	24
20337	24
20338	24
20339	24
20340	24
20341	24
20342	24
20343	24
20344	24
20345	24
20346	24
20347	24
20348	24
20349	24
20350	24
20351	24
20352	24
20353	24
20354	24
20355	24
20356	24
20357	24
20358	24
20359	24
20360	24
20361	24
20362	24
20363	24
20364	24
20365	24
20366	24
20367	24
20368	24
20369	24
20370	24
20371	24
20372	24
20373	24
20374	24
20375	24
20376	24
20377	24
20378	24
20379	24
20380	24
20381	24
20382	24
20383	24
20384	24
20385	24
20386	24
20387	24
20388	24
20389	24
20390	24
20391	24
20392	24
20393	24
20394	24
20395	24
20396	24
20397	24
20398	24
20399	24
20400	24
20401	24
20402	24
20403	24
20404	24
20405	24
20406	24
20407	24
20408	24
20409	24
20410	24
20411	24
20412	24
20413	24
20414	24
20415	24
20416	24
20417	24
20418	24
20419	24
20420	24
20421	24
20422	24
20423	24
20424	24
20425	24
20426	24
20427	24
20428	24
20429	24
20430	24
20431	24
20432	24
20433	24
20434	24
20435	24
20436	24
20437	24
20438	24
20439	24
20440	24
20441	24
20442	24
20443	24
20444	24
20445	24
20446	24
20447	24
20448	24
20449	24
20450	24
20451	24
20452	24
20453	24
20454	24
20455	24
20456	24
20457	24
20458	24
20459	24
20460	24
20461	24
20462	24
20463	24
20464	24
20465	24
20466	24
20467	24
20468	24
20469	24
20470	24
20471	24
20472	24
20473	24
20474	24
20475	24
20476	24
20477	24
20478	24
20479	24
20480	24
20481	24
20482	24
20483	24
20484	24
20485	24
20486	24
20487	24
20488	24
20489	24
20490	24
20491	24
20492	24
20493	24
20494	24
20495	24
20496	24
20497	24
20498	24
20499	24
20500	24
20501	24
20502	24
20503	24
20504	24
20505	24
20506	24
20507	24
20508	24
20509	24
20510	24
20511	24
20512	24
20513	24
20514	24
20515	24
20516	24
20517	24
20518	24
20519	24
20520	24
20521	24
20522	24
20523	24
20524	24
20525	24
20526	24
20527	24
20528	24
20529	24
20530	24
20531	24
20532	24
20533	24
20534	24
20535	24
20536	24
20537	24
20538	24
20539	24
20540	24
20541	24
20542	24
20543	24
20544	24
20545	24
20546	24
20547	24
20548	24
20549	24
20550	24
20551	24
20552	24
20553	24
20554	24
20555	24
20556	24
20557	24
20558	24
20559	24
20560	24
20561	24
20562	24
20563	24
20564	24
20565	24
20566	24
20567	24
20568	24
20569	24
20570	24
20571	24
20572	24
20573	24
20574	24
20575	24
20576	24
20577	24
20578	24
20579	24
20580	24
20581	24
20582	24
20583	24
20584	24
20585	24
20586	24
20587	24
20588	24
20589	24
20590	24
20591	24
20592	24
20593	24
20594	24
20595	24
20596	24
20597	24
20598	24
20599	24
20600	24
20601	24
20602	24
20603	24
20604	24
20605	24
20606	24
20607	24
20608	24
20609	24
20610	24
20611	24
20612	24
20613	24
20614	24
20615	24
20616	24
20617	24
20618	24
20619	24
20620	24
20621	24
20622	24
20623	24
20624	24
20625	24
20626	24
20627	24
20628	24
20629	24
20630	24
20631	24
20632	24
20633	24
20634	24
20635	24
20636	24
20637	24
20638	24
20639	24
20640	24
20641	24
20642	24
20643	24
20644	24
20645	24
20646	24
20647	24
20648	24
20649	24
20650	24
20651	24
20652	24
20653	24
20654	24
20655	24
20656	24
20657	24
20658	24
20659	24
20660	24
20661	24
20662	24
20663	24
20664	24
20665	24
20666	24
20667	24
20668	24
20669	24
20670	24
20671	24
20672	24
20673	24
20674	24
20675	24
20676	24
20677	24
20678	24
20679	24
20680	24
20681	24
20682	24
20683	24
20684	24
20685	24
20686	24
20687	24
20688	24
20689	24
20690	24
20691	24
20692	24
20693	24
20694	24
20695	24
20696	24
20697	24
20698	24
20699	24
20700	24
20701	24
20702	24
20703	24
20704	24
20705	24
20706	24
20707	24
20708	24
20709	24
20710	24
20711	24
20712	24
20713	24
20714	24
20715	24
20716	24
20717	24
20718	24
20719	24
20720	24
20721	24
20722	24
20723	24
20724	24
20725	24
20726	24
20727	24
20728	24
20729	24
20730	24
20731	24
20732	24
20733	24
20734	24
20735	24
20736	24
20737	24
20738	24
20739	24
20740	24
20741	24
20742	24
20743	24
20744	24
20745	24
20746	24
20747	24
20748	24
20749	24
20750	24
20751	24
20752	24
20753	24
20754	24
20755	24
20756	24
20757	24
20758	24
20759	24
20760	24
20761	24
20762	24
20763	24
20764	24
20765	24
20766	24
20767	24
20768	24
20769	24
20770	24
20771	24
20772	24
20773	24
20774	24
20775	24
20776	24
20777	24
20778	24
20779	24
20780	24
20781	24
20782	24
20783	24
20784	24
20785	24
20786	24
20787	24
20788	24
20789	24
20790	24
20791	24
20792	24
20793	24
20794	24
20795	24
20796	24
20797	24
20798	24
20799	24
20800	24
20801	24
20802	24
20803	24
20804	24
20805	24
20806	24
20807	24
20808	24
20809	24
20810	24
20811	24
20812	24
20813	24
20814	24
20815	24
20816	24
20817	24
20818	24
20819	24
20820	24
20821	24
20822	24
20823	24
20824	24
20825	25
20826	25
20827	25
20828	25
20829	25
20830	25
20831	25
20832	25
20833	25
20834	25
20835	25
20836	25
20837	25
20838	25
20839	25
20840	25
20841	25
20842	25
20843	25
20844	25
20845	25
20846	25
20847	25
20848	25
20849	25
20850	25
20851	25
20852	25
20853	25
20854	25
20855	25
20856	25
20857	25
20858	25
20859	25
20860	25
20861	25
20862	25
20863	25
20864	25
20865	25
20866	25
20867	25
20868	25
20869	25
20870	25
20871	25
20872	25
20873	25
20874	25
20875	25
20876	25
20877	25
20878	25
20879	25
20880	25
20881	25
20882	25
20883	25
20884	25
20885	25
20886	25
20887	25
20888	25
20889	25
20890	25
20891	25
20892	25
20893	25
20894	25
20895	25
20896	25
20897	25
20898	25
20899	25
20900	25
20901	25
20902	25
20903	25
20904	25
20905	25
20906	25
20907	25
20908	25
20909	25
20910	25
20911	25
20912	25
20913	25
20914	25
20915	25
20916	25
20917	25
20918	25
20919	25
20920	25
20921	25
20922	25
20923	25
20924	25
20925	25
20926	25
20927	25
20928	25
20929	25
20930	25
20931	25
20932	25
20933	25
20934	25
20935	25
20936	25
20937	25
20938	25
20939	25
20940	25
20941	25
20942	25
20943	25
20944	25
20945	25
20946	25
20947	25
20948	25
20949	25
20950	25
20951	25
20952	25
20953	25
20954	25
20955	25
20956	25
20957	25
20958	25
20959	25
20960	25
20961	25
20962	25
20963	25
20964	25
20965	25
20966	25
20967	25
20968	25
20969	25
20970	25
20971	25
20972	25
20973	25
20974	25
20975	25
20976	25
20977	25
20978	25
20979	25
20980	25
20981	25
20982	25
20983	25
20984	25
20985	25
20986	25
20987	25
20988	25
20989	25
20990	25
20991	25
20992	25
20993	25
20994	25
20995	25
20996	25
20997	25
20998	25
20999	25
21000	25
21001	25
21002	25
21003	25
21004	25
21005	25
21006	25
21007	25
21008	25
21009	25
21010	25
21011	25
21012	25
21013	25
21014	25
21015	25
21016	25
21017	25
21018	25
21019	25
21020	25
21021	25
21022	25
21023	25
21024	25
21025	25
21026	25
21027	25
21028	25
21029	25
21030	25
21031	25
21032	25
21033	25
21034	25
21035	25
21036	25
21037	25
21038	25
21039	25
21040	25
21041	25
21042	25
21043	25
21044	25
21045	25
21046	25
21047	25
21048	25
21049	25
21050	25
21051	25
21052	25
21053	25
21054	25
21055	25
21056	25
21057	25
21058	25
21059	25
21060	25
21061	25
21062	25
21063	25
21064	25
21065	25
21066	25
21067	25
21068	25
21069	25
21070	25
21071	25
21072	25
21073	25
21074	25
21075	25
21076	25
21077	25
21078	25
21079	25
21080	25
21081	25
21082	25
21083	25
21084	25
21085	25
21086	25
21087	25
21088	25
21089	25
21090	25
21091	25
21092	25
21093	25
21094	25
21095	25
21096	25
21097	25
21098	25
21099	25
21100	25
21101	25
21102	25
21103	25
21104	25
21105	25
21106	25
21107	25
21108	25
21109	25
21110	25
21111	25
21112	25
21113	25
21114	25
21115	25
21116	25
21117	25
21118	25
21119	25
21120	25
21121	25
21122	25
21123	25
21124	25
21125	25
21126	25
21127	25
21128	25
21129	25
21130	25
21131	25
21132	25
21133	25
21134	25
21135	25
21136	25
21137	25
21138	25
21139	25
21140	25
21141	25
21142	25
21143	25
21144	25
21145	25
21146	25
21147	25
21148	25
21149	25
21150	25
21151	25
21152	25
21153	25
21154	25
21155	25
21156	25
21157	25
21158	25
21159	25
21160	25
21161	25
21162	25
21163	25
21164	25
21165	25
21166	25
21167	25
21168	25
21169	25
21170	25
21171	25
21172	25
21173	25
21174	25
21175	25
21176	25
21177	25
21178	25
21179	25
21180	25
21181	25
21182	25
21183	25
21184	25
21185	25
21186	25
21187	25
21188	25
21189	25
21190	25
21191	25
21192	25
21193	25
21194	25
21195	25
21196	25
21197	25
21198	25
21199	25
21200	25
21201	25
21202	25
21203	25
21204	25
21205	25
21206	25
21207	25
21208	25
21209	25
21210	25
21211	25
21212	25
21213	25
21214	25
21215	25
21216	25
21217	25
21218	25
21219	25
21220	25
21221	25
21222	25
21223	25
21224	25
21225	25
21226	25
21227	25
21228	25
21229	25
21230	25
21231	25
21232	25
21233	25
21234	25
21235	25
21236	25
21237	25
21238	25
21239	25
21240	25
21241	25
21242	25
21243	25
21244	25
21245	25
21246	25
21247	25
21248	25
21249	25
21250	25
21251	25
21252	25
21253	25
21254	25
21255	25
21256	25
21257	25
21258	25
21259	25
21260	25
21261	25
21262	25
21263	25
21264	25
21265	25
21266	25
21267	25
21268	25
21269	25
21270	25
21271	25
21272	25
21273	25
21274	25
21275	25
21276	25
21277	25
21278	25
21279	25
21280	25
21281	25
21282	25
21283	25
21284	25
21285	25
21286	25
21287	25
21288	25
21289	25
21290	25
21291	25
21292	25
21293	25
21294	25
21295	25
21296	25
21297	25
21298	25
21299	25
21300	25
21301	25
21302	25
21303	25
21304	25
21305	25
21306	25
21307	25
21308	25
21309	25
21310	25
21311	25
21312	25
21313	25
21314	25
21315	25
21316	25
21317	25
21318	25
21319	25
21320	25
21321	25
21322	25
21323	25
21324	25
21325	25
21326	25
21327	25
21328	25
21329	25
21330	25
21331	25
21332	25
21333	25
21334	25
21335	25
21336	25
21337	25
21338	25
21339	25
21340	25
21341	25
21342	25
21343	25
21344	25
21345	25
21346	25
21347	25
21348	25
21349	25
21350	25
21351	25
21352	25
21353	25
21354	25
21355	25
21356	25
21357	25
21358	25
21359	25
21360	25
21361	25
21362	25
21363	25
21364	25
21365	25
21366	25
21367	25
21368	25
21369	25
21370	25
21371	25
21372	25
21373	25
21374	25
21375	25
21376	25
21377	25
21378	25
21379	25
21380	25
21381	25
21382	25
21383	25
21384	25
21385	25
21386	25
21387	25
21388	25
21389	25
21390	25
21391	25
21392	25
21393	25
21394	25
21395	25
21396	25
21397	25
21398	25
21399	25
21400	25
21401	25
21402	25
21403	25
21404	25
21405	25
21406	25
21407	25
21408	25
21409	25
21410	25
21411	25
21412	25
21413	25
21414	25
21415	25
21416	25
21417	25
21418	25
21419	25
21420	25
21421	25
21422	25
21423	25
21424	25
21425	25
21426	25
21427	25
21428	25
21429	25
21430	25
21431	25
21432	25
21433	25
21434	25
21435	25
21436	25
21437	25
21438	25
21439	25
21440	25
21441	25
21442	25
21443	25
21444	25
21445	25
21446	25
21447	25
21448	25
21449	25
21450	25
21451	25
21452	25
21453	25
21454	25
21455	25
21456	25
21457	25
21458	25
21459	25
21460	25
21461	25
21462	25
21463	25
21464	25
21465	25
21466	25
21467	25
21468	25
21469	25
21470	25
21471	25
21472	25
21473	25
21474	25
21475	25
21476	25
21477	25
21478	25
21479	25
21480	25
21481	25
21482	25
21483	25
21484	25
21485	25
21486	25
21487	25
21488	25
21489	25
21490	25
21491	25
21492	25
21493	25
21494	25
21495	25
21496	25
21497	25
21498	25
21499	25
21500	25
21501	25
21502	25
21503	25
21504	25
21505	25
21506	25
21507	25
21508	25
21509	25
21510	25
21511	25
21512	25
21513	25
21514	25
21515	25
21516	25
21517	25
21518	25
21519	25
21520	25
21521	25
21522	25
21523	25
21524	25
21525	25
21526	25
21527	25
21528	25
21529	25
21530	25
21531	25
21532	25
21533	25
21534	25
21535	25
21536	25
21537	25
21538	25
21539	25
21540	25
21541	25
21542	25
21543	25
21544	25
21545	25
21546	25
21547	25
21548	25
21549	25
21550	25
21551	25
21552	25
21553	25
21554	25
21555	25
21556	25
21557	25
21558	25
21559	25
21560	25
21561	25
21562	25
21563	25
21564	25
21565	25
21566	25
21567	25
21568	25
21569	25
21570	25
21571	25
21572	25
21573	25
21574	25
21575	25
21576	25
21577	25
21578	25
21579	25
21580	25
21581	25
21582	25
21583	25
21584	25
21585	25
21586	25
21587	25
21588	25
21589	25
21590	25
21591	25
21592	25
21593	25
21594	25
21595	25
21596	25
21597	25
21598	25
21599	25
21600	25
21601	25
21602	25
21603	25
21604	25
21605	25
21606	25
21607	25
21608	25
21609	25
21610	25
21611	25
21612	25
21613	25
21614	25
21615	25
21616	25
21617	25
21618	25
21619	25
21620	25
21621	25
21622	25
21623	25
21624	25
21625	25
21626	25
21627	25
21628	25
21629	25
21630	25
21631	25
21632	25
21633	25
21634	25
21635	25
21636	25
21637	25
21638	25
21639	25
21640	25
21641	25
21642	25
21643	25
21644	25
21645	25
21646	25
21647	25
21648	25
21649	25
21650	25
21651	25
21652	25
21653	25
21654	25
21655	25
21656	25
21657	25
21658	26
21659	26
21660	26
21661	26
21662	26
21663	26
21664	26
21665	26
21666	26
21667	26
21668	26
21669	26
21670	26
21671	26
21672	26
21673	26
21674	26
21675	26
21676	26
21677	26
21678	26
21679	26
21680	26
21681	26
21682	26
21683	26
21684	26
21685	26
21686	26
21687	26
21688	26
21689	26
21690	26
21691	26
21692	26
21693	26
21694	26
21695	26
21696	26
21697	26
21698	26
21699	26
21700	26
21701	26
21702	26
21703	26
21704	26
21705	26
21706	26
21707	26
21708	26
21709	26
21710	26
21711	26
21712	26
21713	26
21714	26
21715	26
21716	26
21717	26
21718	26
21719	26
21720	26
21721	26
21722	26
21723	26
21724	26
21725	26
21726	26
21727	26
21728	26
21729	26
21730	26
21731	26
21732	26
21733	26
21734	26
21735	26
21736	26
21737	26
21738	26
21739	26
21740	26
21741	26
21742	26
21743	26
21744	26
21745	26
21746	26
21747	26
21748	26
21749	26
21750	26
21751	26
21752	26
21753	26
21754	26
21755	26
21756	26
21757	26
21758	26
21759	26
21760	26
21761	26
21762	26
21763	26
21764	26
21765	26
21766	26
21767	26
21768	26
21769	26
21770	26
21771	26
21772	26
21773	26
21774	26
21775	26
21776	26
21777	26
21778	26
21779	26
21780	26
21781	26
21782	26
21783	26
21784	26
21785	26
21786	26
21787	26
21788	26
21789	26
21790	26
21791	26
21792	26
21793	26
21794	26
21795	26
21796	26
21797	26
21798	26
21799	26
21800	26
21801	26
21802	26
21803	26
21804	26
21805	26
21806	26
21807	26
21808	26
21809	26
21810	26
21811	26
21812	26
21813	26
21814	26
21815	26
21816	26
21817	26
21818	26
21819	26
21820	26
21821	26
21822	26
21823	26
21824	26
21825	26
21826	26
21827	26
21828	26
21829	26
21830	26
21831	26
21832	26
21833	26
21834	26
21835	26
21836	26
21837	26
21838	26
21839	26
21840	26
21841	26
21842	26
21843	26
21844	26
21845	26
21846	26
21847	26
21848	26
21849	26
21850	26
21851	26
21852	26
21853	26
21854	26
21855	26
21856	26
21857	26
21858	26
21859	26
21860	26
21861	26
21862	26
21863	26
21864	26
21865	26
21866	26
21867	26
21868	26
21869	26
21870	26
21871	26
21872	26
21873	26
21874	26
21875	26
21876	26
21877	26
21878	26
21879	26
21880	26
21881	26
21882	26
21883	26
21884	26
21885	26
21886	26
21887	26
21888	26
21889	26
21890	26
21891	26
21892	26
21893	26
21894	26
21895	26
21896	26
21897	26
21898	26
21899	26
21900	26
21901	26
21902	26
21903	26
21904	26
21905	26
21906	26
21907	26
21908	26
21909	26
21910	26
21911	26
21912	26
21913	26
21914	26
21915	26
21916	26
21917	26
21918	26
21919	26
21920	26
21921	26
21922	26
21923	26
21924	26
21925	26
21926	26
21927	26
21928	26
21929	26
21930	26
21931	26
21932	26
21933	26
21934	26
21935	26
21936	26
21937	26
21938	26
21939	26
21940	26
21941	26
21942	26
21943	26
21944	26
21945	26
21946	26
21947	26
21948	26
21949	26
21950	26
21951	26
21952	26
21953	26
21954	26
21955	26
21956	26
21957	26
21958	26
21959	26
21960	26
21961	26
21962	26
21963	26
21964	26
21965	26
21966	26
21967	26
21968	26
21969	26
21970	26
21971	26
21972	26
21973	26
21974	26
21975	26
21976	26
21977	26
21978	26
21979	26
21980	26
21981	26
21982	26
21983	26
21984	26
21985	26
21986	26
21987	26
21988	26
21989	26
21990	26
21991	26
21992	26
21993	26
21994	26
21995	26
21996	26
21997	26
21998	26
21999	26
22000	26
22001	26
22002	26
22003	26
22004	26
22005	26
22006	26
22007	26
22008	26
22009	26
22010	26
22011	26
22012	26
22013	26
22014	26
22015	26
22016	26
22017	26
22018	26
22019	26
22020	26
22021	26
22022	26
22023	26
22024	26
22025	26
22026	26
22027	26
22028	26
22029	26
22030	26
22031	26
22032	26
22033	26
22034	26
22035	26
22036	26
22037	26
22038	26
22039	26
22040	26
22041	26
22042	26
22043	26
22044	26
22045	26
22046	26
22047	26
22048	26
22049	26
22050	26
22051	26
22052	26
22053	26
22054	26
22055	26
22056	26
22057	26
22058	26
22059	26
22060	26
22061	26
22062	26
22063	26
22064	26
22065	26
22066	26
22067	26
22068	26
22069	26
22070	26
22071	26
22072	26
22073	26
22074	26
22075	26
22076	26
22077	26
22078	26
22079	26
22080	26
22081	26
22082	26
22083	26
22084	26
22085	26
22086	26
22087	26
22088	26
22089	26
22090	26
22091	26
22092	26
22093	26
22094	26
22095	26
22096	26
22097	26
22098	26
22099	26
22100	26
22101	26
22102	26
22103	26
22104	26
22105	26
22106	26
22107	26
22108	26
22109	26
22110	26
22111	26
22112	26
22113	26
22114	26
22115	26
22116	26
22117	26
22118	26
22119	26
22120	26
22121	26
22122	26
22123	26
22124	26
22125	26
22126	26
22127	26
22128	26
22129	26
22130	26
22131	26
22132	26
22133	26
22134	26
22135	26
22136	26
22137	26
22138	26
22139	26
22140	26
22141	26
22142	26
22143	26
22144	26
22145	26
22146	26
22147	26
22148	26
22149	26
22150	26
22151	26
22152	26
22153	26
22154	26
22155	26
22156	26
22157	26
22158	26
22159	26
22160	26
22161	26
22162	26
22163	26
22164	26
22165	26
22166	26
22167	26
22168	26
22169	26
22170	26
22171	26
22172	26
22173	26
22174	26
22175	26
22176	26
22177	26
22178	26
22179	26
22180	26
22181	26
22182	26
22183	26
22184	26
22185	26
22186	26
22187	26
22188	26
22189	26
22190	26
22191	26
22192	26
22193	26
22194	26
22195	26
22196	26
22197	26
22198	26
22199	26
22200	26
22201	26
22202	26
22203	26
22204	26
22205	26
22206	26
22207	26
22208	26
22209	26
22210	26
22211	26
22212	26
22213	26
22214	26
22215	26
22216	26
22217	26
22218	26
22219	26
22220	26
22221	26
22222	26
22223	26
22224	26
22225	26
22226	26
22227	26
22228	26
22229	26
22230	26
22231	26
22232	26
22233	26
22234	26
22235	26
22236	26
22237	26
22238	26
22239	26
22240	26
22241	26
22242	26
22243	26
22244	26
22245	26
22246	26
22247	26
22248	26
22249	26
22250	26
22251	26
22252	26
22253	26
22254	26
22255	26
22256	26
22257	26
22258	26
22259	26
22260	26
22261	26
22262	26
22263	26
22264	26
22265	26
22266	26
22267	26
22268	26
22269	26
22270	26
22271	26
22272	26
22273	26
22274	26
22275	26
22276	26
22277	26
22278	26
22279	26
22280	26
22281	26
22282	26
22283	26
22284	26
22285	26
22286	26
22287	26
22288	26
22289	26
22290	26
22291	26
22292	26
22293	26
22294	26
22295	26
22296	26
22297	26
22298	26
22299	26
22300	26
22301	26
22302	26
22303	26
22304	26
22305	26
22306	26
22307	26
22308	26
22309	26
22310	26
22311	26
22312	26
22313	26
22314	26
22315	26
22316	26
22317	26
22318	26
22319	26
22320	26
22321	26
22322	26
22323	26
22324	26
22325	26
22326	26
22327	26
22328	26
22329	26
22330	26
22331	26
22332	26
22333	26
22334	26
22335	26
22336	26
22337	26
22338	26
22339	26
22340	26
22341	26
22342	26
22343	26
22344	26
22345	26
22346	26
22347	26
22348	26
22349	26
22350	26
22351	26
22352	26
22353	26
22354	26
22355	26
22356	26
22357	26
22358	26
22359	26
22360	26
22361	26
22362	26
22363	26
22364	26
22365	26
22366	26
22367	26
22368	26
22369	26
22370	26
22371	26
22372	26
22373	26
22374	26
22375	26
22376	26
22377	26
22378	26
22379	26
22380	26
22381	26
22382	26
22383	26
22384	26
22385	26
22386	26
22387	26
22388	26
22389	26
22390	26
22391	26
22392	26
22393	26
22394	26
22395	26
22396	26
22397	26
22398	26
22399	26
22400	26
22401	26
22402	26
22403	26
22404	26
22405	26
22406	26
22407	26
22408	26
22409	26
22410	26
22411	26
22412	26
22413	26
22414	26
22415	26
22416	26
22417	26
22418	26
22419	26
22420	26
22421	26
22422	26
22423	26
22424	26
22425	26
22426	26
22427	26
22428	26
22429	26
22430	26
22431	26
22432	26
22433	26
22434	26
22435	26
22436	26
22437	26
22438	26
22439	26
22440	26
22441	26
22442	26
22443	26
22444	26
22445	26
22446	26
22447	26
22448	26
22449	26
22450	26
22451	26
22452	26
22453	26
22454	26
22455	26
22456	26
22457	26
22458	26
22459	26
22460	26
22461	26
22462	26
22463	26
22464	26
22465	26
22466	26
22467	26
22468	26
22469	26
22470	26
22471	26
22472	26
22473	26
22474	26
22475	26
22476	26
22477	26
22478	26
22479	26
22480	26
22481	26
22482	26
22483	26
22484	26
22485	26
22486	26
22487	26
22488	26
22489	26
22490	26
22491	27
22492	27
22493	27
22494	27
22495	27
22496	27
22497	27
22498	27
22499	27
22500	27
22501	27
22502	27
22503	27
22504	27
22505	27
22506	27
22507	27
22508	27
22509	27
22510	27
22511	27
22512	27
22513	27
22514	27
22515	27
22516	27
22517	27
22518	27
22519	27
22520	27
22521	27
22522	27
22523	27
22524	27
22525	27
22526	27
22527	27
22528	27
22529	27
22530	27
22531	27
22532	27
22533	27
22534	27
22535	27
22536	27
22537	27
22538	27
22539	27
22540	27
22541	27
22542	27
22543	27
22544	27
22545	27
22546	27
22547	27
22548	27
22549	27
22550	27
22551	27
22552	27
22553	27
22554	27
22555	27
22556	27
22557	27
22558	27
22559	27
22560	27
22561	27
22562	27
22563	27
22564	27
22565	27
22566	27
22567	27
22568	27
22569	27
22570	27
22571	27
22572	27
22573	27
22574	27
22575	27
22576	27
22577	27
22578	27
22579	27
22580	27
22581	27
22582	27
22583	27
22584	27
22585	27
22586	27
22587	27
22588	27
22589	27
22590	27
22591	27
22592	27
22593	27
22594	27
22595	27
22596	27
22597	27
22598	27
22599	27
22600	27
22601	27
22602	27
22603	27
22604	27
22605	27
22606	27
22607	27
22608	27
22609	27
22610	27
22611	27
22612	27
22613	27
22614	27
22615	27
22616	27
22617	27
22618	27
22619	27
22620	27
22621	27
22622	27
22623	27
22624	27
22625	27
22626	27
22627	27
22628	27
22629	27
22630	27
22631	27
22632	27
22633	27
22634	27
22635	27
22636	27
22637	27
22638	27
22639	27
22640	27
22641	27
22642	27
22643	27
22644	27
22645	27
22646	27
22647	27
22648	27
22649	27
22650	27
22651	27
22652	27
22653	27
22654	27
22655	27
22656	27
22657	27
22658	27
22659	27
22660	27
22661	27
22662	27
22663	27
22664	27
22665	27
22666	27
22667	27
22668	27
22669	27
22670	27
22671	27
22672	27
22673	27
22674	27
22675	27
22676	27
22677	27
22678	27
22679	27
22680	27
22681	27
22682	27
22683	27
22684	27
22685	27
22686	27
22687	27
22688	27
22689	27
22690	27
22691	27
22692	27
22693	27
22694	27
22695	27
22696	27
22697	27
22698	27
22699	27
22700	27
22701	27
22702	27
22703	27
22704	27
22705	27
22706	27
22707	27
22708	27
22709	27
22710	27
22711	27
22712	27
22713	27
22714	27
22715	27
22716	27
22717	27
22718	27
22719	27
22720	27
22721	27
22722	27
22723	27
22724	27
22725	27
22726	27
22727	27
22728	27
22729	27
22730	27
22731	27
22732	27
22733	27
22734	27
22735	27
22736	27
22737	27
22738	27
22739	27
22740	27
22741	27
22742	27
22743	27
22744	27
22745	27
22746	27
22747	27
22748	27
22749	27
22750	27
22751	27
22752	27
22753	27
22754	27
22755	27
22756	27
22757	27
22758	27
22759	27
22760	27
22761	27
22762	27
22763	27
22764	27
22765	27
22766	27
22767	27
22768	27
22769	27
22770	27
22771	27
22772	27
22773	27
22774	27
22775	27
22776	27
22777	27
22778	27
22779	27
22780	27
22781	27
22782	27
22783	27
22784	27
22785	27
22786	27
22787	27
22788	27
22789	27
22790	27
22791	27
22792	27
22793	27
22794	27
22795	27
22796	27
22797	27
22798	27
22799	27
22800	27
22801	27
22802	27
22803	27
22804	27
22805	27
22806	27
22807	27
22808	27
22809	27
22810	27
22811	27
22812	27
22813	27
22814	27
22815	27
22816	27
22817	27
22818	27
22819	27
22820	27
22821	27
22822	27
22823	27
22824	27
22825	27
22826	27
22827	27
22828	27
22829	27
22830	27
22831	27
22832	27
22833	27
22834	27
22835	27
22836	27
22837	27
22838	27
22839	27
22840	27
22841	27
22842	27
22843	27
22844	27
22845	27
22846	27
22847	27
22848	27
22849	27
22850	27
22851	27
22852	27
22853	27
22854	27
22855	27
22856	27
22857	27
22858	27
22859	27
22860	27
22861	27
22862	27
22863	27
22864	27
22865	27
22866	27
22867	27
22868	27
22869	27
22870	27
22871	27
22872	27
22873	27
22874	27
22875	27
22876	27
22877	27
22878	27
22879	27
22880	27
22881	27
22882	27
22883	27
22884	27
22885	27
22886	27
22887	27
22888	27
22889	27
22890	27
22891	27
22892	27
22893	27
22894	27
22895	27
22896	27
22897	27
22898	27
22899	27
22900	27
22901	27
22902	27
22903	27
22904	27
22905	27
22906	27
22907	27
22908	27
22909	27
22910	27
22911	27
22912	27
22913	27
22914	27
22915	27
22916	27
22917	27
22918	27
22919	27
22920	27
22921	27
22922	27
22923	27
22924	27
22925	27
22926	27
22927	27
22928	27
22929	27
22930	27
22931	27
22932	27
22933	27
22934	27
22935	27
22936	27
22937	27
22938	27
22939	27
22940	27
22941	27
22942	27
22943	27
22944	27
22945	27
22946	27
22947	27
22948	27
22949	27
22950	27
22951	27
22952	27
22953	27
22954	27
22955	27
22956	27
22957	27
22958	27
22959	27
22960	27
22961	27
22962	27
22963	27
22964	27
22965	27
22966	27
22967	27
22968	27
22969	27
22970	27
22971	27
22972	27
22973	27
22974	27
22975	27
22976	27
22977	27
22978	27
22979	27
22980	27
22981	27
22982	27
22983	27
22984	27
22985	27
22986	27
22987	27
22988	27
22989	27
22990	27
22991	27
22992	27
22993	27
22994	27
22995	27
22996	27
22997	27
22998	27
22999	27
23000	27
23001	27
23002	27
23003	27
23004	27
23005	27
23006	27
23007	27
23008	27
23009	27
23010	27
23011	27
23012	27
23013	27
23014	27
23015	27
23016	27
23017	27
23018	27
23019	27
23020	27
23021	27
23022	27
23023	27
23024	27
23025	27
23026	27
23027	27
23028	27
23029	27
23030	27
23031	27
23032	27
23033	27
23034	27
23035	27
23036	27
23037	27
23038	27
23039	27
23040	27
23041	27
23042	27
23043	27
23044	27
23045	27
23046	27
23047	27
23048	27
23049	27
23050	27
23051	27
23052	27
23053	27
23054	27
23055	27
23056	27
23057	27
23058	27
23059	27
23060	27
23061	27
23062	27
23063	27
23064	27
23065	27
23066	27
23067	27
23068	27
23069	27
23070	27
23071	27
23072	27
23073	27
23074	27
23075	27
23076	27
23077	27
23078	27
23079	27
23080	27
23081	27
23082	27
23083	27
23084	27
23085	27
23086	27
23087	27
23088	27
23089	27
23090	27
23091	27
23092	27
23093	27
23094	27
23095	27
23096	27
23097	27
23098	27
23099	27
23100	27
23101	27
23102	27
23103	27
23104	27
23105	27
23106	27
23107	27
23108	27
23109	27
23110	27
23111	27
23112	27
23113	27
23114	27
23115	27
23116	27
23117	27
23118	27
23119	27
23120	27
23121	27
23122	27
23123	27
23124	27
23125	27
23126	27
23127	27
23128	27
23129	27
23130	27
23131	27
23132	27
23133	27
23134	27
23135	27
23136	27
23137	27
23138	27
23139	27
23140	27
23141	27
23142	27
23143	27
23144	27
23145	27
23146	27
23147	27
23148	27
23149	27
23150	27
23151	27
23152	27
23153	27
23154	27
23155	27
23156	27
23157	27
23158	27
23159	27
23160	27
23161	27
23162	27
23163	27
23164	27
23165	27
23166	27
23167	27
23168	27
23169	27
23170	27
23171	27
23172	27
23173	27
23174	27
23175	27
23176	27
23177	27
23178	27
23179	27
23180	27
23181	27
23182	27
23183	27
23184	27
23185	27
23186	27
23187	27
23188	27
23189	27
23190	27
23191	27
23192	27
23193	27
23194	27
23195	27
23196	27
23197	27
23198	27
23199	27
23200	27
23201	27
23202	27
23203	27
23204	27
23205	27
23206	27
23207	27
23208	27
23209	27
23210	27
23211	27
23212	27
23213	27
23214	27
23215	27
23216	27
23217	27
23218	27
23219	27
23220	27
23221	27
23222	27
23223	27
23224	27
23225	27
23226	27
23227	27
23228	27
23229	27
23230	27
23231	27
23232	27
23233	27
23234	27
23235	27
23236	27
23237	27
23238	27
23239	27
23240	27
23241	27
23242	27
23243	27
23244	27
23245	27
23246	27
23247	27
23248	27
23249	27
23250	27
23251	27
23252	27
23253	27
23254	27
23255	27
23256	27
23257	27
23258	27
23259	27
23260	27
23261	27
23262	27
23263	27
23264	27
23265	27
23266	27
23267	27
23268	27
23269	27
23270	27
23271	27
23272	27
23273	27
23274	27
23275	27
23276	27
23277	27
23278	27
23279	27
23280	27
23281	27
23282	27
23283	27
23284	27
23285	27
23286	27
23287	27
23288	27
23289	27
23290	27
23291	27
23292	27
23293	27
23294	27
23295	27
23296	27
23297	27
23298	27
23299	27
23300	27
23301	27
23302	27
23303	27
23304	27
23305	27
23306	27
23307	27
23308	27
23309	27
23310	27
23311	27
23312	27
23313	27
23314	27
23315	27
23316	27
23317	27
23318	27
23319	27
23320	27
23321	27
23322	27
23323	27
23324	28
23325	28
23326	28
23327	28
23328	28
23329	28
23330	28
23331	28
23332	28
23333	28
23334	28
23335	28
23336	28
23337	28
23338	28
23339	28
23340	28
23341	28
23342	28
23343	28
23344	28
23345	28
23346	28
23347	28
23348	28
23349	28
23350	28
23351	28
23352	28
23353	28
23354	28
23355	28
23356	28
23357	28
23358	28
23359	28
23360	28
23361	28
23362	28
23363	28
23364	28
23365	28
23366	28
23367	28
23368	28
23369	28
23370	28
23371	28
23372	28
23373	28
23374	28
23375	28
23376	28
23377	28
23378	28
23379	28
23380	28
23381	28
23382	28
23383	28
23384	28
23385	28
23386	28
23387	28
23388	28
23389	28
23390	28
23391	28
23392	28
23393	28
23394	28
23395	28
23396	28
23397	28
23398	28
23399	28
23400	28
23401	28
23402	28
23403	28
23404	28
23405	28
23406	28
23407	28
23408	28
23409	28
23410	28
23411	28
23412	28
23413	28
23414	28
23415	28
23416	28
23417	28
23418	28
23419	28
23420	28
23421	28
23422	28
23423	28
23424	28
23425	28
23426	28
23427	28
23428	28
23429	28
23430	28
23431	28
23432	28
23433	28
23434	28
23435	28
23436	28
23437	28
23438	28
23439	28
23440	28
23441	28
23442	28
23443	28
23444	28
23445	28
23446	28
23447	28
23448	28
23449	28
23450	28
23451	28
23452	28
23453	28
23454	28
23455	28
23456	28
23457	28
23458	28
23459	28
23460	28
23461	28
23462	28
23463	28
23464	28
23465	28
23466	28
23467	28
23468	28
23469	28
23470	28
23471	28
23472	28
23473	28
23474	28
23475	28
23476	28
23477	28
23478	28
23479	28
23480	28
23481	28
23482	28
23483	28
23484	28
23485	28
23486	28
23487	28
23488	28
23489	28
23490	28
23491	28
23492	28
23493	28
23494	28
23495	28
23496	28
23497	28
23498	28
23499	28
23500	28
23501	28
23502	28
23503	28
23504	28
23505	28
23506	28
23507	28
23508	28
23509	28
23510	28
23511	28
23512	28
23513	28
23514	28
23515	28
23516	28
23517	28
23518	28
23519	28
23520	28
23521	28
23522	28
23523	28
23524	28
23525	28
23526	28
23527	28
23528	28
23529	28
23530	28
23531	28
23532	28
23533	28
23534	28
23535	28
23536	28
23537	28
23538	28
23539	28
23540	28
23541	28
23542	28
23543	28
23544	28
23545	28
23546	28
23547	28
23548	28
23549	28
23550	28
23551	28
23552	28
23553	28
23554	28
23555	28
23556	28
23557	28
23558	28
23559	28
23560	28
23561	28
23562	28
23563	28
23564	28
23565	28
23566	28
23567	28
23568	28
23569	28
23570	28
23571	28
23572	28
23573	28
23574	28
23575	28
23576	28
23577	28
23578	28
23579	28
23580	28
23581	28
23582	28
23583	28
23584	28
23585	28
23586	28
23587	28
23588	28
23589	28
23590	28
23591	28
23592	28
23593	28
23594	28
23595	28
23596	28
23597	28
23598	28
23599	28
23600	28
23601	28
23602	28
23603	28
23604	28
23605	28
23606	28
23607	28
23608	28
23609	28
23610	28
23611	28
23612	28
23613	28
23614	28
23615	28
23616	28
23617	28
23618	28
23619	28
23620	28
23621	28
23622	28
23623	28
23624	28
23625	28
23626	28
23627	28
23628	28
23629	28
23630	28
23631	28
23632	28
23633	28
23634	28
23635	28
23636	28
23637	28
23638	28
23639	28
23640	28
23641	28
23642	28
23643	28
23644	28
23645	28
23646	28
23647	28
23648	28
23649	28
23650	28
23651	28
23652	28
23653	28
23654	28
23655	28
23656	28
23657	28
23658	28
23659	28
23660	28
23661	28
23662	28
23663	28
23664	28
23665	28
23666	28
23667	28
23668	28
23669	28
23670	28
23671	28
23672	28
23673	28
23674	28
23675	28
23676	28
23677	28
23678	28
23679	28
23680	28
23681	28
23682	28
23683	28
23684	28
23685	28
23686	28
23687	28
23688	28
23689	28
23690	28
23691	28
23692	28
23693	28
23694	28
23695	28
23696	28
23697	28
23698	28
23699	28
23700	28
23701	28
23702	28
23703	28
23704	28
23705	28
23706	28
23707	28
23708	28
23709	28
23710	28
23711	28
23712	28
23713	28
23714	28
23715	28
23716	28
23717	28
23718	28
23719	28
23720	28
23721	28
23722	28
23723	28
23724	28
23725	28
23726	28
23727	28
23728	28
23729	28
23730	28
23731	28
23732	28
23733	28
23734	28
23735	28
23736	28
23737	28
23738	28
23739	28
23740	28
23741	28
23742	28
23743	28
23744	28
23745	28
23746	28
23747	28
23748	28
23749	28
23750	28
23751	28
23752	28
23753	28
23754	28
23755	28
23756	28
23757	28
23758	28
23759	28
23760	28
23761	28
23762	28
23763	28
23764	28
23765	28
23766	28
23767	28
23768	28
23769	28
23770	28
23771	28
23772	28
23773	28
23774	28
23775	28
23776	28
23777	28
23778	28
23779	28
23780	28
23781	28
23782	28
23783	28
23784	28
23785	28
23786	28
23787	28
23788	28
23789	28
23790	28
23791	28
23792	28
23793	28
23794	28
23795	28
23796	28
23797	28
23798	28
23799	28
23800	28
23801	28
23802	28
23803	28
23804	28
23805	28
23806	28
23807	28
23808	28
23809	28
23810	28
23811	28
23812	28
23813	28
23814	28
23815	28
23816	28
23817	28
23818	28
23819	28
23820	28
23821	28
23822	28
23823	28
23824	28
23825	28
23826	28
23827	28
23828	28
23829	28
23830	28
23831	28
23832	28
23833	28
23834	28
23835	28
23836	28
23837	28
23838	28
23839	28
23840	28
23841	28
23842	28
23843	28
23844	28
23845	28
23846	28
23847	28
23848	28
23849	28
23850	28
23851	28
23852	28
23853	28
23854	28
23855	28
23856	28
23857	28
23858	28
23859	28
23860	28
23861	28
23862	28
23863	28
23864	28
23865	28
23866	28
23867	28
23868	28
23869	28
23870	28
23871	28
23872	28
23873	28
23874	28
23875	28
23876	28
23877	28
23878	28
23879	28
23880	28
23881	28
23882	28
23883	28
23884	28
23885	28
23886	28
23887	28
23888	28
23889	28
23890	28
23891	28
23892	28
23893	28
23894	28
23895	28
23896	28
23897	28
23898	28
23899	28
23900	28
23901	28
23902	28
23903	28
23904	28
23905	28
23906	28
23907	28
23908	28
23909	28
23910	28
23911	28
23912	28
23913	28
23914	28
23915	28
23916	28
23917	28
23918	28
23919	28
23920	28
23921	28
23922	28
23923	28
23924	28
23925	28
23926	28
23927	28
23928	28
23929	28
23930	28
23931	28
23932	28
23933	28
23934	28
23935	28
23936	28
23937	28
23938	28
23939	28
23940	28
23941	28
23942	28
23943	28
23944	28
23945	28
23946	28
23947	28
23948	28
23949	28
23950	28
23951	28
23952	28
23953	28
23954	28
23955	28
23956	28
23957	28
23958	28
23959	28
23960	28
23961	28
23962	28
23963	28
23964	28
23965	28
23966	28
23967	28
23968	28
23969	28
23970	28
23971	28
23972	28
23973	28
23974	28
23975	28
23976	28
23977	28
23978	28
23979	28
23980	28
23981	28
23982	28
23983	28
23984	28
23985	28
23986	28
23987	28
23988	28
23989	28
23990	28
23991	28
23992	28
23993	28
23994	28
23995	28
23996	28
23997	28
23998	28
23999	28
24000	28
24001	28
24002	28
24003	28
24004	28
24005	28
24006	28
24007	28
24008	28
24009	28
24010	28
24011	28
24012	28
24013	28
24014	28
24015	28
24016	28
24017	28
24018	28
24019	28
24020	28
24021	28
24022	28
24023	28
24024	28
24025	28
24026	28
24027	28
24028	28
24029	28
24030	28
24031	28
24032	28
24033	28
24034	28
24035	28
24036	28
24037	28
24038	28
24039	28
24040	28
24041	28
24042	28
24043	28
24044	28
24045	28
24046	28
24047	28
24048	28
24049	28
24050	28
24051	28
24052	28
24053	28
24054	28
24055	28
24056	28
24057	28
24058	28
24059	28
24060	28
24061	28
24062	28
24063	28
24064	28
24065	28
24066	28
24067	28
24068	28
24069	28
24070	28
24071	28
24072	28
24073	28
24074	28
24075	28
24076	28
24077	28
24078	28
24079	28
24080	28
24081	28
24082	28
24083	28
24084	28
24085	28
24086	28
24087	28
24088	28
24089	28
24090	28
24091	28
24092	28
24093	28
24094	28
24095	28
24096	28
24097	28
24098	28
24099	28
24100	28
24101	28
24102	28
24103	28
24104	28
24105	28
24106	28
24107	28
24108	28
24109	28
24110	28
24111	28
24112	28
24113	28
24114	28
24115	28
24116	28
24117	28
24118	28
24119	28
24120	28
24121	28
24122	28
24123	28
24124	28
24125	28
24126	28
24127	28
24128	28
24129	28
24130	28
24131	28
24132	28
24133	28
24134	28
24135	28
24136	28
24137	28
24138	28
24139	28
24140	28
24141	28
24142	28
24143	28
24144	28
24145	28
24146	28
24147	28
24148	28
24149	28
24150	28
24151	28
24152	28
24153	28
24154	28
24155	28
24156	28
24157	29
24158	29
24159	29
24160	29
24161	29
24162	29
24163	29
24164	29
24165	29
24166	29
24167	29
24168	29
24169	29
24170	29
24171	29
24172	29
24173	29
24174	29
24175	29
24176	29
24177	29
24178	29
24179	29
24180	29
24181	29
24182	29
24183	29
24184	29
24185	29
24186	29
24187	29
24188	29
24189	29
24190	29
24191	29
24192	29
24193	29
24194	29
24195	29
24196	29
24197	29
24198	29
24199	29
24200	29
24201	29
24202	29
24203	29
24204	29
24205	29
24206	29
24207	29
24208	29
24209	29
24210	29
24211	29
24212	29
24213	29
24214	29
24215	29
24216	29
24217	29
24218	29
24219	29
24220	29
24221	29
24222	29
24223	29
24224	29
24225	29
24226	29
24227	29
24228	29
24229	29
24230	29
24231	29
24232	29
24233	29
24234	29
24235	29
24236	29
24237	29
24238	29
24239	29
24240	29
24241	29
24242	29
24243	29
24244	29
24245	29
24246	29
24247	29
24248	29
24249	29
24250	29
24251	29
24252	29
24253	29
24254	29
24255	29
24256	29
24257	29
24258	29
24259	29
24260	29
24261	29
24262	29
24263	29
24264	29
24265	29
24266	29
24267	29
24268	29
24269	29
24270	29
24271	29
24272	29
24273	29
24274	29
24275	29
24276	29
24277	29
24278	29
24279	29
24280	29
24281	29
24282	29
24283	29
24284	29
24285	29
24286	29
24287	29
24288	29
24289	29
24290	29
24291	29
24292	29
24293	29
24294	29
24295	29
24296	29
24297	29
24298	29
24299	29
24300	29
24301	29
24302	29
24303	29
24304	29
24305	29
24306	29
24307	29
24308	29
24309	29
24310	29
24311	29
24312	29
24313	29
24314	29
24315	29
24316	29
24317	29
24318	29
24319	29
24320	29
24321	29
24322	29
24323	29
24324	29
24325	29
24326	29
24327	29
24328	29
24329	29
24330	29
24331	29
24332	29
24333	29
24334	29
24335	29
24336	29
24337	29
24338	29
24339	29
24340	29
24341	29
24342	29
24343	29
24344	29
24345	29
24346	29
24347	29
24348	29
24349	29
24350	29
24351	29
24352	29
24353	29
24354	29
24355	29
24356	29
24357	29
24358	29
24359	29
24360	29
24361	29
24362	29
24363	29
24364	29
24365	29
24366	29
24367	29
24368	29
24369	29
24370	29
24371	29
24372	29
24373	29
24374	29
24375	29
24376	29
24377	29
24378	29
24379	29
24380	29
24381	29
24382	29
24383	29
24384	29
24385	29
24386	29
24387	29
24388	29
24389	29
24390	29
24391	29
24392	29
24393	29
24394	29
24395	29
24396	29
24397	29
24398	29
24399	29
24400	29
24401	29
24402	29
24403	29
24404	29
24405	29
24406	29
24407	29
24408	29
24409	29
24410	29
24411	29
24412	29
24413	29
24414	29
24415	29
24416	29
24417	29
24418	29
24419	29
24420	29
24421	29
24422	29
24423	29
24424	29
24425	29
24426	29
24427	29
24428	29
24429	29
24430	29
24431	29
24432	29
24433	29
24434	29
24435	29
24436	29
24437	29
24438	29
24439	29
24440	29
24441	29
24442	29
24443	29
24444	29
24445	29
24446	29
24447	29
24448	29
24449	29
24450	29
24451	29
24452	29
24453	29
24454	29
24455	29
24456	29
24457	29
24458	29
24459	29
24460	29
24461	29
24462	29
24463	29
24464	29
24465	29
24466	29
24467	29
24468	29
24469	29
24470	29
24471	29
24472	29
24473	29
24474	29
24475	29
24476	29
24477	29
24478	29
24479	29
24480	29
24481	29
24482	29
24483	29
24484	29
24485	29
24486	29
24487	29
24488	29
24489	29
24490	29
24491	29
24492	29
24493	29
24494	29
24495	29
24496	29
24497	29
24498	29
24499	29
24500	29
24501	29
24502	29
24503	29
24504	29
24505	29
24506	29
24507	29
24508	29
24509	29
24510	29
24511	29
24512	29
24513	29
24514	29
24515	29
24516	29
24517	29
24518	29
24519	29
24520	29
24521	29
24522	29
24523	29
24524	29
24525	29
24526	29
24527	29
24528	29
24529	29
24530	29
24531	29
24532	29
24533	29
24534	29
24535	29
24536	29
24537	29
24538	29
24539	29
24540	29
24541	29
24542	29
24543	29
24544	29
24545	29
24546	29
24547	29
24548	29
24549	29
24550	29
24551	29
24552	29
24553	29
24554	29
24555	29
24556	29
24557	29
24558	29
24559	29
24560	29
24561	29
24562	29
24563	29
24564	29
24565	29
24566	29
24567	29
24568	29
24569	29
24570	29
24571	29
24572	29
24573	29
24574	29
24575	29
24576	29
24577	29
24578	29
24579	29
24580	29
24581	29
24582	29
24583	29
24584	29
24585	29
24586	29
24587	29
24588	29
24589	29
24590	29
24591	29
24592	29
24593	29
24594	29
24595	29
24596	29
24597	29
24598	29
24599	29
24600	29
24601	29
24602	29
24603	29
24604	29
24605	29
24606	29
24607	29
24608	29
24609	29
24610	29
24611	29
24612	29
24613	29
24614	29
24615	29
24616	29
24617	29
24618	29
24619	29
24620	29
24621	29
24622	29
24623	29
24624	29
24625	29
24626	29
24627	29
24628	29
24629	29
24630	29
24631	29
24632	29
24633	29
24634	29
24635	29
24636	29
24637	29
24638	29
24639	29
24640	29
24641	29
24642	29
24643	29
24644	29
24645	29
24646	29
24647	29
24648	29
24649	29
24650	29
24651	29
24652	29
24653	29
24654	29
24655	29
24656	29
24657	29
24658	29
24659	29
24660	29
24661	29
24662	29
24663	29
24664	29
24665	29
24666	29
24667	29
24668	29
24669	29
24670	29
24671	29
24672	29
24673	29
24674	29
24675	29
24676	29
24677	29
24678	29
24679	29
24680	29
24681	29
24682	29
24683	29
24684	29
24685	29
24686	29
24687	29
24688	29
24689	29
24690	29
24691	29
24692	29
24693	29
24694	29
24695	29
24696	29
24697	29
24698	29
24699	29
24700	29
24701	29
24702	29
24703	29
24704	29
24705	29
24706	29
24707	29
24708	29
24709	29
24710	29
24711	29
24712	29
24713	29
24714	29
24715	29
24716	29
24717	29
24718	29
24719	29
24720	29
24721	29
24722	29
24723	29
24724	29
24725	29
24726	29
24727	29
24728	29
24729	29
24730	29
24731	29
24732	29
24733	29
24734	29
24735	29
24736	29
24737	29
24738	29
24739	29
24740	29
24741	29
24742	29
24743	29
24744	29
24745	29
24746	29
24747	29
24748	29
24749	29
24750	29
24751	29
24752	29
24753	29
24754	29
24755	29
24756	29
24757	29
24758	29
24759	29
24760	29
24761	29
24762	29
24763	29
24764	29
24765	29
24766	29
24767	29
24768	29
24769	29
24770	29
24771	29
24772	29
24773	29
24774	29
24775	29
24776	29
24777	29
24778	29
24779	29
24780	29
24781	29
24782	29
24783	29
24784	29
24785	29
24786	29
24787	29
24788	29
24789	29
24790	29
24791	29
24792	29
24793	29
24794	29
24795	29
24796	29
24797	29
24798	29
24799	29
24800	29
24801	29
24802	29
24803	29
24804	29
24805	29
24806	29
24807	29
24808	29
24809	29
24810	29
24811	29
24812	29
24813	29
24814	29
24815	29
24816	29
24817	29
24818	29
24819	29
24820	29
24821	29
24822	29
24823	29
24824	29
24825	29
24826	29
24827	29
24828	29
24829	29
24830	29
24831	29
24832	29
24833	29
24834	29
24835	29
24836	29
24837	29
24838	29
24839	29
24840	29
24841	29
24842	29
24843	29
24844	29
24845	29
24846	29
24847	29
24848	29
24849	29
24850	29
24851	29
24852	29
24853	29
24854	29
24855	29
24856	29
24857	29
24858	29
24859	29
24860	29
24861	29
24862	29
24863	29
24864	29
24865	29
24866	29
24867	29
24868	29
24869	29
24870	29
24871	29
24872	29
24873	29
24874	29
24875	29
24876	29
24877	29
24878	29
24879	29
24880	29
24881	29
24882	29
24883	29
24884	29
24885	29
24886	29
24887	29
24888	29
24889	29
24890	29
24891	29
24892	29
24893	29
24894	29
24895	29
24896	29
24897	29
24898	29
24899	29
24900	29
24901	29
24902	29
24903	29
24904	29
24905	29
24906	29
24907	29
24908	29
24909	29
24910	29
24911	29
24912	29
24913	29
24914	29
24915	29
24916	29
24917	29
24918	29
24919	29
24920	29
24921	29
24922	29
24923	29
24924	29
24925	29
24926	29
24927	29
24928	29
24929	29
24930	29
24931	29
24932	29
24933	29
24934	29
24935	29
24936	29
24937	29
24938	29
24939	29
24940	29
24941	29
24942	29
24943	29
24944	29
24945	29
24946	29
24947	29
24948	29
24949	29
24950	29
24951	29
24952	29
24953	29
24954	29
24955	29
24956	29
24957	29
24958	29
24959	29
24960	29
24961	29
24962	29
24963	29
24964	29
24965	29
24966	29
24967	29
24968	29
24969	29
24970	29
24971	29
24972	29
24973	29
24974	29
24975	29
24976	29
24977	29
24978	29
24979	29
24980	29
24981	29
24982	29
24983	29
24984	29
24985	29
24986	29
24987	29
24988	29
24989	29
24990	30
24991	30
24992	30
24993	30
24994	30
24995	30
24996	30
24997	30
24998	30
24999	30
25000	30
25001	30
25002	30
25003	30
25004	30
25005	30
25006	30
25007	30
25008	30
25009	30
25010	30
25011	30
25012	30
25013	30
25014	30
25015	30
25016	30
25017	30
25018	30
25019	30
25020	30
25021	30
25022	30
25023	30
25024	30
25025	30
25026	30
25027	30
25028	30
25029	30
25030	30
25031	30
25032	30
25033	30
25034	30
25035	30
25036	30
25037	30
25038	30
25039	30
25040	30
25041	30
25042	30
25043	30
25044	30
25045	30
25046	30
25047	30
25048	30
25049	30
25050	30
25051	30
25052	30
25053	30
25054	30
25055	30
25056	30
25057	30
25058	30
25059	30
25060	30
25061	30
25062	30
25063	30
25064	30
25065	30
25066	30
25067	30
25068	30
25069	30
25070	30
25071	30
25072	30
25073	30
25074	30
25075	30
25076	30
25077	30
25078	30
25079	30
25080	30
25081	30
25082	30
25083	30
25084	30
25085	30
25086	30
25087	30
25088	30
25089	30
25090	30
25091	30
25092	30
25093	30
25094	30
25095	30
25096	30
25097	30
25098	30
25099	30
25100	30
25101	30
25102	30
25103	30
25104	30
25105	30
25106	30
25107	30
25108	30
25109	30
25110	30
25111	30
25112	30
25113	30
25114	30
25115	30
25116	30
25117	30
25118	30
25119	30
25120	30
25121	30
25122	30
25123	30
25124	30
25125	30
25126	30
25127	30
25128	30
25129	30
25130	30
25131	30
25132	30
25133	30
25134	30
25135	30
25136	30
25137	30
25138	30
25139	30
25140	30
25141	30
25142	30
25143	30
25144	30
25145	30
25146	30
25147	30
25148	30
25149	30
25150	30
25151	30
25152	30
25153	30
25154	30
25155	30
25156	30
25157	30
25158	30
25159	30
25160	30
25161	30
25162	30
25163	30
25164	30
25165	30
25166	30
25167	30
25168	30
25169	30
25170	30
25171	30
25172	30
25173	30
25174	30
25175	30
25176	30
25177	30
25178	30
25179	30
25180	30
25181	30
25182	30
25183	30
25184	30
25185	30
25186	30
25187	30
25188	30
25189	30
25190	30
25191	30
25192	30
25193	30
25194	30
25195	30
25196	30
25197	30
25198	30
25199	30
25200	30
25201	30
25202	30
25203	30
25204	30
25205	30
25206	30
25207	30
25208	30
25209	30
25210	30
25211	30
25212	30
25213	30
25214	30
25215	30
25216	30
25217	30
25218	30
25219	30
25220	30
25221	30
25222	30
25223	30
25224	30
25225	30
25226	30
25227	30
25228	30
25229	30
25230	30
25231	30
25232	30
25233	30
25234	30
25235	30
25236	30
25237	30
25238	30
25239	30
25240	30
25241	30
25242	30
25243	30
25244	30
25245	30
25246	30
25247	30
25248	30
25249	30
25250	30
25251	30
25252	30
25253	30
25254	30
25255	30
25256	30
25257	30
25258	30
25259	30
25260	30
25261	30
25262	30
25263	30
25264	30
25265	30
25266	30
25267	30
25268	30
25269	30
25270	30
25271	30
25272	30
25273	30
25274	30
25275	30
25276	30
25277	30
25278	30
25279	30
25280	30
25281	30
25282	30
25283	30
25284	30
25285	30
25286	30
25287	30
25288	30
25289	30
25290	30
25291	30
25292	30
25293	30
25294	30
25295	30
25296	30
25297	30
25298	30
25299	30
25300	30
25301	30
25302	30
25303	30
25304	30
25305	30
25306	30
25307	30
25308	30
25309	30
25310	30
25311	30
25312	30
25313	30
25314	30
25315	30
25316	30
25317	30
25318	30
25319	30
25320	30
25321	30
25322	30
25323	30
25324	30
25325	30
25326	30
25327	30
25328	30
25329	30
25330	30
25331	30
25332	30
25333	30
25334	30
25335	30
25336	30
25337	30
25338	30
25339	30
25340	30
25341	30
25342	30
25343	30
25344	30
25345	30
25346	30
25347	30
25348	30
25349	30
25350	30
25351	30
25352	30
25353	30
25354	30
25355	30
25356	30
25357	30
25358	30
25359	30
25360	30
25361	30
25362	30
25363	30
25364	30
25365	30
25366	30
25367	30
25368	30
25369	30
25370	30
25371	30
25372	30
25373	30
25374	30
25375	30
25376	30
25377	30
25378	30
25379	30
25380	30
25381	30
25382	30
25383	30
25384	30
25385	30
25386	30
25387	30
25388	30
25389	30
25390	30
25391	30
25392	30
25393	30
25394	30
25395	30
25396	30
25397	30
25398	30
25399	30
25400	30
25401	30
25402	30
25403	30
25404	30
25405	30
25406	30
25407	30
25408	30
25409	30
25410	30
25411	30
25412	30
25413	30
25414	30
25415	30
25416	30
25417	30
25418	30
25419	30
25420	30
25421	30
25422	30
25423	30
25424	30
25425	30
25426	30
25427	30
25428	30
25429	30
25430	30
25431	30
25432	30
25433	30
25434	30
25435	30
25436	30
25437	30
25438	30
25439	30
25440	30
25441	30
25442	30
25443	30
25444	30
25445	30
25446	30
25447	30
25448	30
25449	30
25450	30
25451	30
25452	30
25453	30
25454	30
25455	30
25456	30
25457	30
25458	30
25459	30
25460	30
25461	30
25462	30
25463	30
25464	30
25465	30
25466	30
25467	30
25468	30
25469	30
25470	30
25471	30
25472	30
25473	30
25474	30
25475	30
25476	30
25477	30
25478	30
25479	30
25480	30
25481	30
25482	30
25483	30
25484	30
25485	30
25486	30
25487	30
25488	30
25489	30
25490	30
25491	30
25492	30
25493	30
25494	30
25495	30
25496	30
25497	30
25498	30
25499	30
25500	30
25501	30
25502	30
25503	30
25504	30
25505	30
25506	30
25507	30
25508	30
25509	30
25510	30
25511	30
25512	30
25513	30
25514	30
25515	30
25516	30
25517	30
25518	30
25519	30
25520	30
25521	30
25522	30
25523	30
25524	30
25525	30
25526	30
25527	30
25528	30
25529	30
25530	30
25531	30
25532	30
25533	30
25534	30
25535	30
25536	30
25537	30
25538	30
25539	30
25540	30
25541	30
25542	30
25543	30
25544	30
25545	30
25546	30
25547	30
25548	30
25549	30
25550	30
25551	30
25552	30
25553	30
25554	30
25555	30
25556	30
25557	30
25558	30
25559	30
25560	30
25561	30
25562	30
25563	30
25564	30
25565	30
25566	30
25567	30
25568	30
25569	30
25570	30
25571	30
25572	30
25573	30
25574	30
25575	30
25576	30
25577	30
25578	30
25579	30
25580	30
25581	30
25582	30
25583	30
25584	30
25585	30
25586	30
25587	30
25588	30
25589	30
25590	30
25591	30
25592	30
25593	30
25594	30
25595	30
25596	30
25597	30
25598	30
25599	30
25600	30
25601	30
25602	30
25603	30
25604	30
25605	30
25606	30
25607	30
25608	30
25609	30
25610	30
25611	30
25612	30
25613	30
25614	30
25615	30
25616	30
25617	30
25618	30
25619	30
25620	30
25621	30
25622	30
25623	30
25624	30
25625	30
25626	30
25627	30
25628	30
25629	30
25630	30
25631	30
25632	30
25633	30
25634	30
25635	30
25636	30
25637	30
25638	30
25639	30
25640	30
25641	30
25642	30
25643	30
25644	30
25645	30
25646	30
25647	30
25648	30
25649	30
25650	30
25651	30
25652	30
25653	30
25654	30
25655	30
25656	30
25657	30
25658	30
25659	30
25660	30
25661	30
25662	30
25663	30
25664	30
25665	30
25666	30
25667	30
25668	30
25669	30
25670	30
25671	30
25672	30
25673	30
25674	30
25675	30
25676	30
25677	30
25678	30
25679	30
25680	30
25681	30
25682	30
25683	30
25684	30
25685	30
25686	30
25687	30
25688	30
25689	30
25690	30
25691	30
25692	30
25693	30
25694	30
25695	30
25696	30
25697	30
25698	30
25699	30
25700	30
25701	30
25702	30
25703	30
25704	30
25705	30
25706	30
25707	30
25708	30
25709	30
25710	30
25711	30
25712	30
25713	30
25714	30
25715	30
25716	30
25717	30
25718	30
25719	30
25720	30
25721	30
25722	30
25723	30
25724	30
25725	30
25726	30
25727	30
25728	30
25729	30
25730	30
25731	30
25732	30
25733	30
25734	30
25735	30
25736	30
25737	30
25738	30
25739	30
25740	30
25741	30
25742	30
25743	30
25744	30
25745	30
25746	30
25747	30
25748	30
25749	30
25750	30
25751	30
25752	30
25753	30
25754	30
25755	30
25756	30
25757	30
25758	30
25759	30
25760	30
25761	30
25762	30
25763	30
25764	30
25765	30
25766	30
25767	30
25768	30
25769	30
25770	30
25771	30
25772	30
25773	30
25774	30
25775	30
25776	30
25777	30
25778	30
25779	30
25780	30
25781	30
25782	30
25783	30
25784	30
25785	30
25786	30
25787	30
25788	30
25789	30
25790	30
25791	30
25792	30
25793	30
25794	30
25795	30
25796	30
25797	30
25798	30
25799	30
25800	30
25801	30
25802	30
25803	30
25804	30
25805	30
25806	30
25807	30
25808	30
25809	30
25810	30
25811	30
25812	30
25813	30
25814	30
25815	30
25816	30
25817	30
25818	30
25819	30
25820	30
25821	30
25822	30
25823	31
25824	31
25825	31
25826	31
25827	31
25828	31
25829	31
25830	31
25831	31
25832	31
25833	31
25834	31
25835	31
25836	31
25837	31
25838	31
25839	31
25840	31
25841	31
25842	31
25843	31
25844	31
25845	31
25846	31
25847	31
25848	31
25849	31
25850	31
25851	31
25852	31
25853	31
25854	31
25855	31
25856	31
25857	31
25858	31
25859	31
25860	31
25861	31
25862	31
25863	31
25864	31
25865	31
25866	31
25867	31
25868	31
25869	31
25870	31
25871	31
25872	31
25873	31
25874	31
25875	31
25876	31
25877	31
25878	31
25879	31
25880	31
25881	31
25882	31
25883	31
25884	31
25885	31
25886	31
25887	31
25888	31
25889	31
25890	31
25891	31
25892	31
25893	31
25894	31
25895	31
25896	31
25897	31
25898	31
25899	31
25900	31
25901	31
25902	31
25903	31
25904	31
25905	31
25906	31
25907	31
25908	31
25909	31
25910	31
25911	31
25912	31
25913	31
25914	31
25915	31
25916	31
25917	31
25918	31
25919	31
25920	31
25921	31
25922	31
25923	31
25924	31
25925	31
25926	31
25927	31
25928	31
25929	31
25930	31
25931	31
25932	31
25933	31
25934	31
25935	31
25936	31
25937	31
25938	31
25939	31
25940	31
25941	31
25942	31
25943	31
25944	31
25945	31
25946	31
25947	31
25948	31
25949	31
25950	31
25951	31
25952	31
25953	31
25954	31
25955	31
25956	31
25957	31
25958	31
25959	31
25960	31
25961	31
25962	31
25963	31
25964	31
25965	31
25966	31
25967	31
25968	31
25969	31
25970	31
25971	31
25972	31
25973	31
25974	31
25975	31
25976	31
25977	31
25978	31
25979	31
25980	31
25981	31
25982	31
25983	31
25984	31
25985	31
25986	31
25987	31
25988	31
25989	31
25990	31
25991	31
25992	31
25993	31
25994	31
25995	31
25996	31
25997	31
25998	31
25999	31
26000	31
26001	31
26002	31
26003	31
26004	31
26005	31
26006	31
26007	31
26008	31
26009	31
26010	31
26011	31
26012	31
26013	31
26014	31
26015	31
26016	31
26017	31
26018	31
26019	31
26020	31
26021	31
26022	31
26023	31
26024	31
26025	31
26026	31
26027	31
26028	31
26029	31
26030	31
26031	31
26032	31
26033	31
26034	31
26035	31
26036	31
26037	31
26038	31
26039	31
26040	31
26041	31
26042	31
26043	31
26044	31
26045	31
26046	31
26047	31
26048	31
26049	31
26050	31
26051	31
26052	31
26053	31
26054	31
26055	31
26056	31
26057	31
26058	31
26059	31
26060	31
26061	31
26062	31
26063	31
26064	31
26065	31
26066	31
26067	31
26068	31
26069	31
26070	31
26071	31
26072	31
26073	31
26074	31
26075	31
26076	31
26077	31
26078	31
26079	31
26080	31
26081	31
26082	31
26083	31
26084	31
26085	31
26086	31
26087	31
26088	31
26089	31
26090	31
26091	31
26092	31
26093	31
26094	31
26095	31
26096	31
26097	31
26098	31
26099	31
26100	31
26101	31
26102	31
26103	31
26104	31
26105	31
26106	31
26107	31
26108	31
26109	31
26110	31
26111	31
26112	31
26113	31
26114	31
26115	31
26116	31
26117	31
26118	31
26119	31
26120	31
26121	31
26122	31
26123	31
26124	31
26125	31
26126	31
26127	31
26128	31
26129	31
26130	31
26131	31
26132	31
26133	31
26134	31
26135	31
26136	31
26137	31
26138	31
26139	31
26140	31
26141	31
26142	31
26143	31
26144	31
26145	31
26146	31
26147	31
26148	31
26149	31
26150	31
26151	31
26152	31
26153	31
26154	31
26155	31
26156	31
26157	31
26158	31
26159	31
26160	31
26161	31
26162	31
26163	31
26164	31
26165	31
26166	31
26167	31
26168	31
26169	31
26170	31
26171	31
26172	31
26173	31
26174	31
26175	31
26176	31
26177	31
26178	31
26179	31
26180	31
26181	31
26182	31
26183	31
26184	31
26185	31
26186	31
26187	31
26188	31
26189	31
26190	31
26191	31
26192	31
26193	31
26194	31
26195	31
26196	31
26197	31
26198	31
26199	31
26200	31
26201	31
26202	31
26203	31
26204	31
26205	31
26206	31
26207	31
26208	31
26209	31
26210	31
26211	31
26212	31
26213	31
26214	31
26215	31
26216	31
26217	31
26218	31
26219	31
26220	31
26221	31
26222	31
26223	31
26224	31
26225	31
26226	31
26227	31
26228	31
26229	31
26230	31
26231	31
26232	31
26233	31
26234	31
26235	31
26236	31
26237	31
26238	31
26239	31
26240	31
26241	31
26242	31
26243	31
26244	31
26245	31
26246	31
26247	31
26248	31
26249	31
26250	31
26251	31
26252	31
26253	31
26254	31
26255	31
26256	31
26257	31
26258	31
26259	31
26260	31
26261	31
26262	31
26263	31
26264	31
26265	31
26266	31
26267	31
26268	31
26269	31
26270	31
26271	31
26272	31
26273	31
26274	31
26275	31
26276	31
26277	31
26278	31
26279	31
26280	31
26281	31
26282	31
26283	31
26284	31
26285	31
26286	31
26287	31
26288	31
26289	31
26290	31
26291	31
26292	31
26293	31
26294	31
26295	31
26296	31
26297	31
26298	31
26299	31
26300	31
26301	31
26302	31
26303	31
26304	31
26305	31
26306	31
26307	31
26308	31
26309	31
26310	31
26311	31
26312	31
26313	31
26314	31
26315	31
26316	31
26317	31
26318	31
26319	31
26320	31
26321	31
26322	31
26323	31
26324	31
26325	31
26326	31
26327	31
26328	31
26329	31
26330	31
26331	31
26332	31
26333	31
26334	31
26335	31
26336	31
26337	31
26338	31
26339	31
26340	31
26341	31
26342	31
26343	31
26344	31
26345	31
26346	31
26347	31
26348	31
26349	31
26350	31
26351	31
26352	31
26353	31
26354	31
26355	31
26356	31
26357	31
26358	31
26359	31
26360	31
26361	31
26362	31
26363	31
26364	31
26365	31
26366	31
26367	31
26368	31
26369	31
26370	31
26371	31
26372	31
26373	31
26374	31
26375	31
26376	31
26377	31
26378	31
26379	31
26380	31
26381	31
26382	31
26383	31
26384	31
26385	31
26386	31
26387	31
26388	31
26389	31
26390	31
26391	31
26392	31
26393	31
26394	31
26395	31
26396	31
26397	31
26398	31
26399	31
26400	31
26401	31
26402	31
26403	31
26404	31
26405	31
26406	31
26407	31
26408	31
26409	31
26410	31
26411	31
26412	31
26413	31
26414	31
26415	31
26416	31
26417	31
26418	31
26419	31
26420	31
26421	31
26422	31
26423	31
26424	31
26425	31
26426	31
26427	31
26428	31
26429	31
26430	31
26431	31
26432	31
26433	31
26434	31
26435	31
26436	31
26437	31
26438	31
26439	31
26440	31
26441	31
26442	31
26443	31
26444	31
26445	31
26446	31
26447	31
26448	31
26449	31
26450	31
26451	31
26452	31
26453	31
26454	31
26455	31
26456	31
26457	31
26458	31
26459	31
26460	31
26461	31
26462	31
26463	31
26464	31
26465	31
26466	31
26467	31
26468	31
26469	31
26470	31
26471	31
26472	31
26473	31
26474	31
26475	31
26476	31
26477	31
26478	31
26479	31
26480	31
26481	31
26482	31
26483	31
26484	31
26485	31
26486	31
26487	31
26488	31
26489	31
26490	31
26491	31
26492	31
26493	31
26494	31
26495	31
26496	31
26497	31
26498	31
26499	31
26500	31
26501	31
26502	31
26503	31
26504	31
26505	31
26506	31
26507	31
26508	31
26509	31
26510	31
26511	31
26512	31
26513	31
26514	31
26515	31
26516	31
26517	31
26518	31
26519	31
26520	31
26521	31
26522	31
26523	31
26524	31
26525	31
26526	31
26527	31
26528	31
26529	31
26530	31
26531	31
26532	31
26533	31
26534	31
26535	31
26536	31
26537	31
26538	31
26539	31
26540	31
26541	31
26542	31
26543	31
26544	31
26545	31
26546	31
26547	31
26548	31
26549	31
26550	31
26551	31
26552	31
26553	31
26554	31
26555	31
26556	31
26557	31
26558	31
26559	31
26560	31
26561	31
26562	31
26563	31
26564	31
26565	31
26566	31
26567	31
26568	31
26569	31
26570	31
26571	31
26572	31
26573	31
26574	31
26575	31
26576	31
26577	31
26578	31
26579	31
26580	31
26581	31
26582	31
26583	31
26584	31
26585	31
26586	31
26587	31
26588	31
26589	31
26590	31
26591	31
26592	31
26593	31
26594	31
26595	31
26596	31
26597	31
26598	31
26599	31
26600	31
26601	31
26602	31
26603	31
26604	31
26605	31
26606	31
26607	31
26608	31
26609	31
26610	31
26611	31
26612	31
26613	31
26614	31
26615	31
26616	31
26617	31
26618	31
26619	31
26620	31
26621	31
26622	31
26623	31
26624	31
26625	31
26626	31
26627	31
26628	31
26629	31
26630	31
26631	31
26632	31
26633	31
26634	31
26635	31
26636	31
26637	31
26638	31
26639	31
26640	31
26641	31
26642	31
26643	31
26644	31
26645	31
26646	31
26647	31
26648	31
26649	31
26650	31
26651	31
26652	31
26653	31
26654	31
26655	31
26656	32
26657	32
26658	32
26659	32
26660	32
26661	32
26662	32
26663	32
26664	32
26665	32
26666	32
26667	32
26668	32
26669	32
26670	32
26671	32
26672	32
26673	32
26674	32
26675	32
26676	32
26677	32
26678	32
26679	32
26680	32
26681	32
26682	32
26683	32
26684	32
26685	32
26686	32
26687	32
26688	32
26689	32
26690	32
26691	32
26692	32
26693	32
26694	32
26695	32
26696	32
26697	32
26698	32
26699	32
26700	32
26701	32
26702	32
26703	32
26704	32
26705	32
26706	32
26707	32
26708	32
26709	32
26710	32
26711	32
26712	32
26713	32
26714	32
26715	32
26716	32
26717	32
26718	32
26719	32
26720	32
26721	32
26722	32
26723	32
26724	32
26725	32
26726	32
26727	32
26728	32
26729	32
26730	32
26731	32
26732	32
26733	32
26734	32
26735	32
26736	32
26737	32
26738	32
26739	32
26740	32
26741	32
26742	32
26743	32
26744	32
26745	32
26746	32
26747	32
26748	32
26749	32
26750	32
26751	32
26752	32
26753	32
26754	32
26755	32
26756	32
26757	32
26758	32
26759	32
26760	32
26761	32
26762	32
26763	32
26764	32
26765	32
26766	32
26767	32
26768	32
26769	32
26770	32
26771	32
26772	32
26773	32
26774	32
26775	32
26776	32
26777	32
26778	32
26779	32
26780	32
26781	32
26782	32
26783	32
26784	32
26785	32
26786	32
26787	32
26788	32
26789	32
26790	32
26791	32
26792	32
26793	32
26794	32
26795	32
26796	32
26797	32
26798	32
26799	32
26800	32
26801	32
26802	32
26803	32
26804	32
26805	32
26806	32
26807	32
26808	32
26809	32
26810	32
26811	32
26812	32
26813	32
26814	32
26815	32
26816	32
26817	32
26818	32
26819	32
26820	32
26821	32
26822	32
26823	32
26824	32
26825	32
26826	32
26827	32
26828	32
26829	32
26830	32
26831	32
26832	32
26833	32
26834	32
26835	32
26836	32
26837	32
26838	32
26839	32
26840	32
26841	32
26842	32
26843	32
26844	32
26845	32
26846	32
26847	32
26848	32
26849	32
26850	32
26851	32
26852	32
26853	32
26854	32
26855	32
26856	32
26857	32
26858	32
26859	32
26860	32
26861	32
26862	32
26863	32
26864	32
26865	32
26866	32
26867	32
26868	32
26869	32
26870	32
26871	32
26872	32
26873	32
26874	32
26875	32
26876	32
26877	32
26878	32
26879	32
26880	32
26881	32
26882	32
26883	32
26884	32
26885	32
26886	32
26887	32
26888	32
26889	32
26890	32
26891	32
26892	32
26893	32
26894	32
26895	32
26896	32
26897	32
26898	32
26899	32
26900	32
26901	32
26902	32
26903	32
26904	32
26905	32
26906	32
26907	32
26908	32
26909	32
26910	32
26911	32
26912	32
26913	32
26914	32
26915	32
26916	32
26917	32
26918	32
26919	32
26920	32
26921	32
26922	32
26923	32
26924	32
26925	32
26926	32
26927	32
26928	32
26929	32
26930	32
26931	32
26932	32
26933	32
26934	32
26935	32
26936	32
26937	32
26938	32
26939	32
26940	32
26941	32
26942	32
26943	32
26944	32
26945	32
26946	32
26947	32
26948	32
26949	32
26950	32
26951	32
26952	32
26953	32
26954	32
26955	32
26956	32
26957	32
26958	32
26959	32
26960	32
26961	32
26962	32
26963	32
26964	32
26965	32
26966	32
26967	32
26968	32
26969	32
26970	32
26971	32
26972	32
26973	32
26974	32
26975	32
26976	32
26977	32
26978	32
26979	32
26980	32
26981	32
26982	32
26983	32
26984	32
26985	32
26986	32
26987	32
26988	32
26989	32
26990	32
26991	32
26992	32
26993	32
26994	32
26995	32
26996	32
26997	32
26998	32
26999	32
27000	32
27001	32
27002	32
27003	32
27004	32
27005	32
27006	32
27007	32
27008	32
27009	32
27010	32
27011	32
27012	32
27013	32
27014	32
27015	32
27016	32
27017	32
27018	32
27019	32
27020	32
27021	32
27022	32
27023	32
27024	32
27025	32
27026	32
27027	32
27028	32
27029	32
27030	32
27031	32
27032	32
27033	32
27034	32
27035	32
27036	32
27037	32
27038	32
27039	32
27040	32
27041	32
27042	32
27043	32
27044	32
27045	32
27046	32
27047	32
27048	32
27049	32
27050	32
27051	32
27052	32
27053	32
27054	32
27055	32
27056	32
27057	32
27058	32
27059	32
27060	32
27061	32
27062	32
27063	32
27064	32
27065	32
27066	32
27067	32
27068	32
27069	32
27070	32
27071	32
27072	32
27073	32
27074	32
27075	32
27076	32
27077	32
27078	32
27079	32
27080	32
27081	32
27082	32
27083	32
27084	32
27085	32
27086	32
27087	32
27088	32
27089	32
27090	32
27091	32
27092	32
27093	32
27094	32
27095	32
27096	32
27097	32
27098	32
27099	32
27100	32
27101	32
27102	32
27103	32
27104	32
27105	32
27106	32
27107	32
27108	32
27109	32
27110	32
27111	32
27112	32
27113	32
27114	32
27115	32
27116	32
27117	32
27118	32
27119	32
27120	32
27121	32
27122	32
27123	32
27124	32
27125	32
27126	32
27127	32
27128	32
27129	32
27130	32
27131	32
27132	32
27133	32
27134	32
27135	32
27136	32
27137	32
27138	32
27139	32
27140	32
27141	32
27142	32
27143	32
27144	32
27145	32
27146	32
27147	32
27148	32
27149	32
27150	32
27151	32
27152	32
27153	32
27154	32
27155	32
27156	32
27157	32
27158	32
27159	32
27160	32
27161	32
27162	32
27163	32
27164	32
27165	32
27166	32
27167	32
27168	32
27169	32
27170	32
27171	32
27172	32
27173	32
27174	32
27175	32
27176	32
27177	32
27178	32
27179	32
27180	32
27181	32
27182	32
27183	32
27184	32
27185	32
27186	32
27187	32
27188	32
27189	32
27190	32
27191	32
27192	32
27193	32
27194	32
27195	32
27196	32
27197	32
27198	32
27199	32
27200	32
27201	32
27202	32
27203	32
27204	32
27205	32
27206	32
27207	32
27208	32
27209	32
27210	32
27211	32
27212	32
27213	32
27214	32
27215	32
27216	32
27217	32
27218	32
27219	32
27220	32
27221	32
27222	32
27223	32
27224	32
27225	32
27226	32
27227	32
27228	32
27229	32
27230	32
27231	32
27232	32
27233	32
27234	32
27235	32
27236	32
27237	32
27238	32
27239	32
27240	32
27241	32
27242	32
27243	32
27244	32
27245	32
27246	32
27247	32
27248	32
27249	32
27250	32
27251	32
27252	32
27253	32
27254	32
27255	32
27256	32
27257	32
27258	32
27259	32
27260	32
27261	32
27262	32
27263	32
27264	32
27265	32
27266	32
27267	32
27268	32
27269	32
27270	32
27271	32
27272	32
27273	32
27274	32
27275	32
27276	32
27277	32
27278	32
27279	32
27280	32
27281	32
27282	32
27283	32
27284	32
27285	32
27286	32
27287	32
27288	32
27289	32
27290	32
27291	32
27292	32
27293	32
27294	32
27295	32
27296	32
27297	32
27298	32
27299	32
27300	32
27301	32
27302	32
27303	32
27304	32
27305	32
27306	32
27307	32
27308	32
27309	32
27310	32
27311	32
27312	32
27313	32
27314	32
27315	32
27316	32
27317	32
27318	32
27319	32
27320	32
27321	32
27322	32
27323	32
27324	32
27325	32
27326	32
27327	32
27328	32
27329	32
27330	32
27331	32
27332	32
27333	32
27334	32
27335	32
27336	32
27337	32
27338	32
27339	32
27340	32
27341	32
27342	32
27343	32
27344	32
27345	32
27346	32
27347	32
27348	32
27349	32
27350	32
27351	32
27352	32
27353	32
27354	32
27355	32
27356	32
27357	32
27358	32
27359	32
27360	32
27361	32
27362	32
27363	32
27364	32
27365	32
27366	32
27367	32
27368	32
27369	32
27370	32
27371	32
27372	32
27373	32
27374	32
27375	32
27376	32
27377	32
27378	32
27379	32
27380	32
27381	32
27382	32
27383	32
27384	32
27385	32
27386	32
27387	32
27388	32
27389	32
27390	32
27391	32
27392	32
27393	32
27394	32
27395	32
27396	32
27397	32
27398	32
27399	32
27400	32
27401	32
27402	32
27403	32
27404	32
27405	32
27406	32
27407	32
27408	32
27409	32
27410	32
27411	32
27412	32
27413	32
27414	32
27415	32
27416	32
27417	32
27418	32
27419	32
27420	32
27421	32
27422	32
27423	32
27424	32
27425	32
27426	32
27427	32
27428	32
27429	32
27430	32
27431	32
27432	32
27433	32
27434	32
27435	32
27436	32
27437	32
27438	32
27439	32
27440	32
27441	32
27442	32
27443	32
27444	32
27445	32
27446	32
27447	32
27448	32
27449	32
27450	32
27451	32
27452	32
27453	32
27454	32
27455	32
27456	32
27457	32
27458	32
27459	32
27460	32
27461	32
27462	32
27463	32
27464	32
27465	32
27466	32
27467	32
27468	32
27469	32
27470	32
27471	32
27472	32
27473	32
27474	32
27475	32
27476	32
27477	32
27478	32
27479	32
27480	32
27481	32
27482	32
27483	32
27484	32
27485	32
27486	32
27487	32
27488	32
27489	33
27490	33
27491	33
27492	33
27493	33
27494	33
27495	33
27496	33
27497	33
27498	33
27499	33
27500	33
27501	33
27502	33
27503	33
27504	33
27505	33
27506	33
27507	33
27508	33
27509	33
27510	33
27511	33
27512	33
27513	33
27514	33
27515	33
27516	33
27517	33
27518	33
27519	33
27520	33
27521	33
27522	33
27523	33
27524	33
27525	33
27526	33
27527	33
27528	33
27529	33
27530	33
27531	33
27532	33
27533	33
27534	33
27535	33
27536	33
27537	33
27538	33
27539	33
27540	33
27541	33
27542	33
27543	33
27544	33
27545	33
27546	33
27547	33
27548	33
27549	33
27550	33
27551	33
27552	33
27553	33
27554	33
27555	33
27556	33
27557	33
27558	33
27559	33
27560	33
27561	33
27562	33
27563	33
27564	33
27565	33
27566	33
27567	33
27568	33
27569	33
27570	33
27571	33
27572	33
27573	33
27574	33
27575	33
27576	33
27577	33
27578	33
27579	33
27580	33
27581	33
27582	33
27583	33
27584	33
27585	33
27586	33
27587	33
27588	33
27589	33
27590	33
27591	33
27592	33
27593	33
27594	33
27595	33
27596	33
27597	33
27598	33
27599	33
27600	33
27601	33
27602	33
27603	33
27604	33
27605	33
27606	33
27607	33
27608	33
27609	33
27610	33
27611	33
27612	33
27613	33
27614	33
27615	33
27616	33
27617	33
27618	33
27619	33
27620	33
27621	33
27622	33
27623	33
27624	33
27625	33
27626	33
27627	33
27628	33
27629	33
27630	33
27631	33
27632	33
27633	33
27634	33
27635	33
27636	33
27637	33
27638	33
27639	33
27640	33
27641	33
27642	33
27643	33
27644	33
27645	33
27646	33
27647	33
27648	33
27649	33
27650	33
27651	33
27652	33
27653	33
27654	33
27655	33
27656	33
27657	33
27658	33
27659	33
27660	33
27661	33
27662	33
27663	33
27664	33
27665	33
27666	33
27667	33
27668	33
27669	33
27670	33
27671	33
27672	33
27673	33
27674	33
27675	33
27676	33
27677	33
27678	33
27679	33
27680	33
27681	33
27682	33
27683	33
27684	33
27685	33
27686	33
27687	33
27688	33
27689	33
27690	33
27691	33
27692	33
27693	33
27694	33
27695	33
27696	33
27697	33
27698	33
27699	33
27700	33
27701	33
27702	33
27703	33
27704	33
27705	33
27706	33
27707	33
27708	33
27709	33
27710	33
27711	33
27712	33
27713	33
27714	33
27715	33
27716	33
27717	33
27718	33
27719	33
27720	33
27721	33
27722	33
27723	33
27724	33
27725	33
27726	33
27727	33
27728	33
27729	33
27730	33
27731	33
27732	33
27733	33
27734	33
27735	33
27736	33
27737	33
27738	33
27739	33
27740	33
27741	33
27742	33
27743	33
27744	33
27745	33
27746	33
27747	33
27748	33
27749	33
27750	33
27751	33
27752	33
27753	33
27754	33
27755	33
27756	33
27757	33
27758	33
27759	33
27760	33
27761	33
27762	33
27763	33
27764	33
27765	33
27766	33
27767	33
27768	33
27769	33
27770	33
27771	33
27772	33
27773	33
27774	33
27775	33
27776	33
27777	33
27778	33
27779	33
27780	33
27781	33
27782	33
27783	33
27784	33
27785	33
27786	33
27787	33
27788	33
27789	33
27790	33
27791	33
27792	33
27793	33
27794	33
27795	33
27796	33
27797	33
27798	33
27799	33
27800	33
27801	33
27802	33
27803	33
27804	33
27805	33
27806	33
27807	33
27808	33
27809	33
27810	33
27811	33
27812	33
27813	33
27814	33
27815	33
27816	33
27817	33
27818	33
27819	33
27820	33
27821	33
27822	33
27823	33
27824	33
27825	33
27826	33
27827	33
27828	33
27829	33
27830	33
27831	33
27832	33
27833	33
27834	33
27835	33
27836	33
27837	33
27838	33
27839	33
27840	33
27841	33
27842	33
27843	33
27844	33
27845	33
27846	33
27847	33
27848	33
27849	33
27850	33
27851	33
27852	33
27853	33
27854	33
27855	33
27856	33
27857	33
27858	33
27859	33
27860	33
27861	33
27862	33
27863	33
27864	33
27865	33
27866	33
27867	33
27868	33
27869	33
27870	33
27871	33
27872	33
27873	33
27874	33
27875	33
27876	33
27877	33
27878	33
27879	33
27880	33
27881	33
27882	33
27883	33
27884	33
27885	33
27886	33
27887	33
27888	33
27889	33
27890	33
27891	33
27892	33
27893	33
27894	33
27895	33
27896	33
27897	33
27898	33
27899	33
27900	33
27901	33
27902	33
27903	33
27904	33
27905	33
27906	33
27907	33
27908	33
27909	33
27910	33
27911	33
27912	33
27913	33
27914	33
27915	33
27916	33
27917	33
27918	33
27919	33
27920	33
27921	33
27922	33
27923	33
27924	33
27925	33
27926	33
27927	33
27928	33
27929	33
27930	33
27931	33
27932	33
27933	33
27934	33
27935	33
27936	33
27937	33
27938	33
27939	33
27940	33
27941	33
27942	33
27943	33
27944	33
27945	33
27946	33
27947	33
27948	33
27949	33
27950	33
27951	33
27952	33
27953	33
27954	33
27955	33
27956	33
27957	33
27958	33
27959	33
27960	33
27961	33
27962	33
27963	33
27964	33
27965	33
27966	33
27967	33
27968	33
27969	33
27970	33
27971	33
27972	33
27973	33
27974	33
27975	33
27976	33
27977	33
27978	33
27979	33
27980	33
27981	33
27982	33
27983	33
27984	33
27985	33
27986	33
27987	33
27988	33
27989	33
27990	33
27991	33
27992	33
27993	33
27994	33
27995	33
27996	33
27997	33
27998	33
27999	33
28000	33
28001	33
28002	33
28003	33
28004	33
28005	33
28006	33
28007	33
28008	33
28009	33
28010	33
28011	33
28012	33
28013	33
28014	33
28015	33
28016	33
28017	33
28018	33
28019	33
28020	33
28021	33
28022	33
28023	33
28024	33
28025	33
28026	33
28027	33
28028	33
28029	33
28030	33
28031	33
28032	33
28033	33
28034	33
28035	33
28036	33
28037	33
28038	33
28039	33
28040	33
28041	33
28042	33
28043	33
28044	33
28045	33
28046	33
28047	33
28048	33
28049	33
28050	33
28051	33
28052	33
28053	33
28054	33
28055	33
28056	33
28057	33
28058	33
28059	33
28060	33
28061	33
28062	33
28063	33
28064	33
28065	33
28066	33
28067	33
28068	33
28069	33
28070	33
28071	33
28072	33
28073	33
28074	33
28075	33
28076	33
28077	33
28078	33
28079	33
28080	33
28081	33
28082	33
28083	33
28084	33
28085	33
28086	33
28087	33
28088	33
28089	33
28090	33
28091	33
28092	33
28093	33
28094	33
28095	33
28096	33
28097	33
28098	33
28099	33
28100	33
28101	33
28102	33
28103	33
28104	33
28105	33
28106	33
28107	33
28108	33
28109	33
28110	33
28111	33
28112	33
28113	33
28114	33
28115	33
28116	33
28117	33
28118	33
28119	33
28120	33
28121	33
28122	33
28123	33
28124	33
28125	33
28126	33
28127	33
28128	33
28129	33
28130	33
28131	33
28132	33
28133	33
28134	33
28135	33
28136	33
28137	33
28138	33
28139	33
28140	33
28141	33
28142	33
28143	33
28144	33
28145	33
28146	33
28147	33
28148	33
28149	33
28150	33
28151	33
28152	33
28153	33
28154	33
28155	33
28156	33
28157	33
28158	33
28159	33
28160	33
28161	33
28162	33
28163	33
28164	33
28165	33
28166	33
28167	33
28168	33
28169	33
28170	33
28171	33
28172	33
28173	33
28174	33
28175	33
28176	33
28177	33
28178	33
28179	33
28180	33
28181	33
28182	33
28183	33
28184	33
28185	33
28186	33
28187	33
28188	33
28189	33
28190	33
28191	33
28192	33
28193	33
28194	33
28195	33
28196	33
28197	33
28198	33
28199	33
28200	33
28201	33
28202	33
28203	33
28204	33
28205	33
28206	33
28207	33
28208	33
28209	33
28210	33
28211	33
28212	33
28213	33
28214	33
28215	33
28216	33
28217	33
28218	33
28219	33
28220	33
28221	33
28222	33
28223	33
28224	33
28225	33
28226	33
28227	33
28228	33
28229	33
28230	33
28231	33
28232	33
28233	33
28234	33
28235	33
28236	33
28237	33
28238	33
28239	33
28240	33
28241	33
28242	33
28243	33
28244	33
28245	33
28246	33
28247	33
28248	33
28249	33
28250	33
28251	33
28252	33
28253	33
28254	33
28255	33
28256	33
28257	33
28258	33
28259	33
28260	33
28261	33
28262	33
28263	33
28264	33
28265	33
28266	33
28267	33
28268	33
28269	33
28270	33
28271	33
28272	33
28273	33
28274	33
28275	33
28276	33
28277	33
28278	33
28279	33
28280	33
28281	33
28282	33
28283	33
28284	33
28285	33
28286	33
28287	33
28288	33
28289	33
28290	33
28291	33
28292	33
28293	33
28294	33
28295	33
28296	33
28297	33
28298	33
28299	33
28300	33
28301	33
28302	33
28303	33
28304	33
28305	33
28306	33
28307	33
28308	33
28309	33
28310	33
28311	33
28312	33
28313	33
28314	33
28315	33
28316	33
28317	33
28318	33
28319	33
28320	33
28321	33
28322	34
28323	34
28324	34
28325	34
28326	34
28327	34
28328	34
28329	34
28330	34
28331	34
28332	34
28333	34
28334	34
28335	34
28336	34
28337	34
28338	34
28339	34
28340	34
28341	34
28342	34
28343	34
28344	34
28345	34
28346	34
28347	34
28348	34
28349	34
28350	34
28351	34
28352	34
28353	34
28354	34
28355	34
28356	34
28357	34
28358	34
28359	34
28360	34
28361	34
28362	34
28363	34
28364	34
28365	34
28366	34
28367	34
28368	34
28369	34
28370	34
28371	34
28372	34
28373	34
28374	34
28375	34
28376	34
28377	34
28378	34
28379	34
28380	34
28381	34
28382	34
28383	34
28384	34
28385	34
28386	34
28387	34
28388	34
28389	34
28390	34
28391	34
28392	34
28393	34
28394	34
28395	34
28396	34
28397	34
28398	34
28399	34
28400	34
28401	34
28402	34
28403	34
28404	34
28405	34
28406	34
28407	34
28408	34
28409	34
28410	34
28411	34
28412	34
28413	34
28414	34
28415	34
28416	34
28417	34
28418	34
28419	34
28420	34
28421	34
28422	34
28423	34
28424	34
28425	34
28426	34
28427	34
28428	34
28429	34
28430	34
28431	34
28432	34
28433	34
28434	34
28435	34
28436	34
28437	34
28438	34
28439	34
28440	34
28441	34
28442	34
28443	34
28444	34
28445	34
28446	34
28447	34
28448	34
28449	34
28450	34
28451	34
28452	34
28453	34
28454	34
28455	34
28456	34
28457	34
28458	34
28459	34
28460	34
28461	34
28462	34
28463	34
28464	34
28465	34
28466	34
28467	34
28468	34
28469	34
28470	34
28471	34
28472	34
28473	34
28474	34
28475	34
28476	34
28477	34
28478	34
28479	34
28480	34
28481	34
28482	34
28483	34
28484	34
28485	34
28486	34
28487	34
28488	34
28489	34
28490	34
28491	34
28492	34
28493	34
28494	34
28495	34
28496	34
28497	34
28498	34
28499	34
28500	34
28501	34
28502	34
28503	34
28504	34
28505	34
28506	34
28507	34
28508	34
28509	34
28510	34
28511	34
28512	34
28513	34
28514	34
28515	34
28516	34
28517	34
28518	34
28519	34
28520	34
28521	34
28522	34
28523	34
28524	34
28525	34
28526	34
28527	34
28528	34
28529	34
28530	34
28531	34
28532	34
28533	34
28534	34
28535	34
28536	34
28537	34
28538	34
28539	34
28540	34
28541	34
28542	34
28543	34
28544	34
28545	34
28546	34
28547	34
28548	34
28549	34
28550	34
28551	34
28552	34
28553	34
28554	34
28555	34
28556	34
28557	34
28558	34
28559	34
28560	34
28561	34
28562	34
28563	34
28564	34
28565	34
28566	34
28567	34
28568	34
28569	34
28570	34
28571	34
28572	34
28573	34
28574	34
28575	34
28576	34
28577	34
28578	34
28579	34
28580	34
28581	34
28582	34
28583	34
28584	34
28585	34
28586	34
28587	34
28588	34
28589	34
28590	34
28591	34
28592	34
28593	34
28594	34
28595	34
28596	34
28597	34
28598	34
28599	34
28600	34
28601	34
28602	34
28603	34
28604	34
28605	34
28606	34
28607	34
28608	34
28609	34
28610	34
28611	34
28612	34
28613	34
28614	34
28615	34
28616	34
28617	34
28618	34
28619	34
28620	34
28621	34
28622	34
28623	34
28624	34
28625	34
28626	34
28627	34
28628	34
28629	34
28630	34
28631	34
28632	34
28633	34
28634	34
28635	34
28636	34
28637	34
28638	34
28639	34
28640	34
28641	34
28642	34
28643	34
28644	34
28645	34
28646	34
28647	34
28648	34
28649	34
28650	34
28651	34
28652	34
28653	34
28654	34
28655	34
28656	34
28657	34
28658	34
28659	34
28660	34
28661	34
28662	34
28663	34
28664	34
28665	34
28666	34
28667	34
28668	34
28669	34
28670	34
28671	34
28672	34
28673	34
28674	34
28675	34
28676	34
28677	34
28678	34
28679	34
28680	34
28681	34
28682	34
28683	34
28684	34
28685	34
28686	34
28687	34
28688	34
28689	34
28690	34
28691	34
28692	34
28693	34
28694	34
28695	34
28696	34
28697	34
28698	34
28699	34
28700	34
28701	34
28702	34
28703	34
28704	34
28705	34
28706	34
28707	34
28708	34
28709	34
28710	34
28711	34
28712	34
28713	34
28714	34
28715	34
28716	34
28717	34
28718	34
28719	34
28720	34
28721	34
28722	34
28723	34
28724	34
28725	34
28726	34
28727	34
28728	34
28729	34
28730	34
28731	34
28732	34
28733	34
28734	34
28735	34
28736	34
28737	34
28738	34
28739	34
28740	34
28741	34
28742	34
28743	34
28744	34
28745	34
28746	34
28747	34
28748	34
28749	34
28750	34
28751	34
28752	34
28753	34
28754	34
28755	34
28756	34
28757	34
28758	34
28759	34
28760	34
28761	34
28762	34
28763	34
28764	34
28765	34
28766	34
28767	34
28768	34
28769	34
28770	34
28771	34
28772	34
28773	34
28774	34
28775	34
28776	34
28777	34
28778	34
28779	34
28780	34
28781	34
28782	34
28783	34
28784	34
28785	34
28786	34
28787	34
28788	34
28789	34
28790	34
28791	34
28792	34
28793	34
28794	34
28795	34
28796	34
28797	34
28798	34
28799	34
28800	34
28801	34
28802	34
28803	34
28804	34
28805	34
28806	34
28807	34
28808	34
28809	34
28810	34
28811	34
28812	34
28813	34
28814	34
28815	34
28816	34
28817	34
28818	34
28819	34
28820	34
28821	34
28822	34
28823	34
28824	34
28825	34
28826	34
28827	34
28828	34
28829	34
28830	34
28831	34
28832	34
28833	34
28834	34
28835	34
28836	34
28837	34
28838	34
28839	34
28840	34
28841	34
28842	34
28843	34
28844	34
28845	34
28846	34
28847	34
28848	34
28849	34
28850	34
28851	34
28852	34
28853	34
28854	34
28855	34
28856	34
28857	34
28858	34
28859	34
28860	34
28861	34
28862	34
28863	34
28864	34
28865	34
28866	34
28867	34
28868	34
28869	34
28870	34
28871	34
28872	34
28873	34
28874	34
28875	34
28876	34
28877	34
28878	34
28879	34
28880	34
28881	34
28882	34
28883	34
28884	34
28885	34
28886	34
28887	34
28888	34
28889	34
28890	34
28891	34
28892	34
28893	34
28894	34
28895	34
28896	34
28897	34
28898	34
28899	34
28900	34
28901	34
28902	34
28903	34
28904	34
28905	34
28906	34
28907	34
28908	34
28909	34
28910	34
28911	34
28912	34
28913	34
28914	34
28915	34
28916	34
28917	34
28918	34
28919	34
28920	34
28921	34
28922	34
28923	34
28924	34
28925	34
28926	34
28927	34
28928	34
28929	34
28930	34
28931	34
28932	34
28933	34
28934	34
28935	34
28936	34
28937	34
28938	34
28939	34
28940	34
28941	34
28942	34
28943	34
28944	34
28945	34
28946	34
28947	34
28948	34
28949	34
28950	34
28951	34
28952	34
28953	34
28954	34
28955	34
28956	34
28957	34
28958	34
28959	34
28960	34
28961	34
28962	34
28963	34
28964	34
28965	34
28966	34
28967	34
28968	34
28969	34
28970	34
28971	34
28972	34
28973	34
28974	34
28975	34
28976	34
28977	34
28978	34
28979	34
28980	34
28981	34
28982	34
28983	34
28984	34
28985	34
28986	34
28987	34
28988	34
28989	34
28990	34
28991	34
28992	34
28993	34
28994	34
28995	34
28996	34
28997	34
28998	34
28999	34
29000	34
29001	34
29002	34
29003	34
29004	34
29005	34
29006	34
29007	34
29008	34
29009	34
29010	34
29011	34
29012	34
29013	34
29014	34
29015	34
29016	34
29017	34
29018	34
29019	34
29020	34
29021	34
29022	34
29023	34
29024	34
29025	34
29026	34
29027	34
29028	34
29029	34
29030	34
29031	34
29032	34
29033	34
29034	34
29035	34
29036	34
29037	34
29038	34
29039	34
29040	34
29041	34
29042	34
29043	34
29044	34
29045	34
29046	34
29047	34
29048	34
29049	34
29050	34
29051	34
29052	34
29053	34
29054	34
29055	34
29056	34
29057	34
29058	34
29059	34
29060	34
29061	34
29062	34
29063	34
29064	34
29065	34
29066	34
29067	34
29068	34
29069	34
29070	34
29071	34
29072	34
29073	34
29074	34
29075	34
29076	34
29077	34
29078	34
29079	34
29080	34
29081	34
29082	34
29083	34
29084	34
29085	34
29086	34
29087	34
29088	34
29089	34
29090	34
29091	34
29092	34
29093	34
29094	34
29095	34
29096	34
29097	34
29098	34
29099	34
29100	34
29101	34
29102	34
29103	34
29104	34
29105	34
29106	34
29107	34
29108	34
29109	34
29110	34
29111	34
29112	34
29113	34
29114	34
29115	34
29116	34
29117	34
29118	34
29119	34
29120	34
29121	34
29122	34
29123	34
29124	34
29125	34
29126	34
29127	34
29128	34
29129	34
29130	34
29131	34
29132	34
29133	34
29134	34
29135	34
29136	34
29137	34
29138	34
29139	34
29140	34
29141	34
29142	34
29143	34
29144	34
29145	34
29146	34
29147	34
29148	34
29149	34
29150	34
29151	34
29152	34
29153	34
29154	34
29155	35
29156	35
29157	35
29158	35
29159	35
29160	35
29161	35
29162	35
29163	35
29164	35
29165	35
29166	35
29167	35
29168	35
29169	35
29170	35
29171	35
29172	35
29173	35
29174	35
29175	35
29176	35
29177	35
29178	35
29179	35
29180	35
29181	35
29182	35
29183	35
29184	35
29185	35
29186	35
29187	35
29188	35
29189	35
29190	35
29191	35
29192	35
29193	35
29194	35
29195	35
29196	35
29197	35
29198	35
29199	35
29200	35
29201	35
29202	35
29203	35
29204	35
29205	35
29206	35
29207	35
29208	35
29209	35
29210	35
29211	35
29212	35
29213	35
29214	35
29215	35
29216	35
29217	35
29218	35
29219	35
29220	35
29221	35
29222	35
29223	35
29224	35
29225	35
29226	35
29227	35
29228	35
29229	35
29230	35
29231	35
29232	35
29233	35
29234	35
29235	35
29236	35
29237	35
29238	35
29239	35
29240	35
29241	35
29242	35
29243	35
29244	35
29245	35
29246	35
29247	35
29248	35
29249	35
29250	35
29251	35
29252	35
29253	35
29254	35
29255	35
29256	35
29257	35
29258	35
29259	35
29260	35
29261	35
29262	35
29263	35
29264	35
29265	35
29266	35
29267	35
29268	35
29269	35
29270	35
29271	35
29272	35
29273	35
29274	35
29275	35
29276	35
29277	35
29278	35
29279	35
29280	35
29281	35
29282	35
29283	35
29284	35
29285	35
29286	35
29287	35
29288	35
29289	35
29290	35
29291	35
29292	35
29293	35
29294	35
29295	35
29296	35
29297	35
29298	35
29299	35
29300	35
29301	35
29302	35
29303	35
29304	35
29305	35
29306	35
29307	35
29308	35
29309	35
29310	35
29311	35
29312	35
29313	35
29314	35
29315	35
29316	35
29317	35
29318	35
29319	35
29320	35
29321	35
29322	35
29323	35
29324	35
29325	35
29326	35
29327	35
29328	35
29329	35
29330	35
29331	35
29332	35
29333	35
29334	35
29335	35
29336	35
29337	35
29338	35
29339	35
29340	35
29341	35
29342	35
29343	35
29344	35
29345	35
29346	35
29347	35
29348	35
29349	35
29350	35
29351	35
29352	35
29353	35
29354	35
29355	35
29356	35
29357	35
29358	35
29359	35
29360	35
29361	35
29362	35
29363	35
29364	35
29365	35
29366	35
29367	35
29368	35
29369	35
29370	35
29371	35
29372	35
29373	35
29374	35
29375	35
29376	35
29377	35
29378	35
29379	35
29380	35
29381	35
29382	35
29383	35
29384	35
29385	35
29386	35
29387	35
29388	35
29389	35
29390	35
29391	35
29392	35
29393	35
29394	35
29395	35
29396	35
29397	35
29398	35
29399	35
29400	35
29401	35
29402	35
29403	35
29404	35
29405	35
29406	35
29407	35
29408	35
29409	35
29410	35
29411	35
29412	35
29413	35
29414	35
29415	35
29416	35
29417	35
29418	35
29419	35
29420	35
29421	35
29422	35
29423	35
29424	35
29425	35
29426	35
29427	35
29428	35
29429	35
29430	35
29431	35
29432	35
29433	35
29434	35
29435	35
29436	35
29437	35
29438	35
29439	35
29440	35
29441	35
29442	35
29443	35
29444	35
29445	35
29446	35
29447	35
29448	35
29449	35
29450	35
29451	35
29452	35
29453	35
29454	35
29455	35
29456	35
29457	35
29458	35
29459	35
29460	35
29461	35
29462	35
29463	35
29464	35
29465	35
29466	35
29467	35
29468	35
29469	35
29470	35
29471	35
29472	35
29473	35
29474	35
29475	35
29476	35
29477	35
29478	35
29479	35
29480	35
29481	35
29482	35
29483	35
29484	35
29485	35
29486	35
29487	35
29488	35
29489	35
29490	35
29491	35
29492	35
29493	35
29494	35
29495	35
29496	35
29497	35
29498	35
29499	35
29500	35
29501	35
29502	35
29503	35
29504	35
29505	35
29506	35
29507	35
29508	35
29509	35
29510	35
29511	35
29512	35
29513	35
29514	35
29515	35
29516	35
29517	35
29518	35
29519	35
29520	35
29521	35
29522	35
29523	35
29524	35
29525	35
29526	35
29527	35
29528	35
29529	35
29530	35
29531	35
29532	35
29533	35
29534	35
29535	35
29536	35
29537	35
29538	35
29539	35
29540	35
29541	35
29542	35
29543	35
29544	35
29545	35
29546	35
29547	35
29548	35
29549	35
29550	35
29551	35
29552	35
29553	35
29554	35
29555	35
29556	35
29557	35
29558	35
29559	35
29560	35
29561	35
29562	35
29563	35
29564	35
29565	35
29566	35
29567	35
29568	35
29569	35
29570	35
29571	35
29572	35
29573	35
29574	35
29575	35
29576	35
29577	35
29578	35
29579	35
29580	35
29581	35
29582	35
29583	35
29584	35
29585	35
29586	35
29587	35
29588	35
29589	35
29590	35
29591	35
29592	35
29593	35
29594	35
29595	35
29596	35
29597	35
29598	35
29599	35
29600	35
29601	35
29602	35
29603	35
29604	35
29605	35
29606	35
29607	35
29608	35
29609	35
29610	35
29611	35
29612	35
29613	35
29614	35
29615	35
29616	35
29617	35
29618	35
29619	35
29620	35
29621	35
29622	35
29623	35
29624	35
29625	35
29626	35
29627	35
29628	35
29629	35
29630	35
29631	35
29632	35
29633	35
29634	35
29635	35
29636	35
29637	35
29638	35
29639	35
29640	35
29641	35
29642	35
29643	35
29644	35
29645	35
29646	35
29647	35
29648	35
29649	35
29650	35
29651	35
29652	35
29653	35
29654	35
29655	35
29656	35
29657	35
29658	35
29659	35
29660	35
29661	35
29662	35
29663	35
29664	35
29665	35
29666	35
29667	35
29668	35
29669	35
29670	35
29671	35
29672	35
29673	35
29674	35
29675	35
29676	35
29677	35
29678	35
29679	35
29680	35
29681	35
29682	35
29683	35
29684	35
29685	35
29686	35
29687	35
29688	35
29689	35
29690	35
29691	35
29692	35
29693	35
29694	35
29695	35
29696	35
29697	35
29698	35
29699	35
29700	35
29701	35
29702	35
29703	35
29704	35
29705	35
29706	35
29707	35
29708	35
29709	35
29710	35
29711	35
29712	35
29713	35
29714	35
29715	35
29716	35
29717	35
29718	35
29719	35
29720	35
29721	35
29722	35
29723	35
29724	35
29725	35
29726	35
29727	35
29728	35
29729	35
29730	35
29731	35
29732	35
29733	35
29734	35
29735	35
29736	35
29737	35
29738	35
29739	35
29740	35
29741	35
29742	35
29743	35
29744	35
29745	35
29746	35
29747	35
29748	35
29749	35
29750	35
29751	35
29752	35
29753	35
29754	35
29755	35
29756	35
29757	35
29758	35
29759	35
29760	35
29761	35
29762	35
29763	35
29764	35
29765	35
29766	35
29767	35
29768	35
29769	35
29770	35
29771	35
29772	35
29773	35
29774	35
29775	35
29776	35
29777	35
29778	35
29779	35
29780	35
29781	35
29782	35
29783	35
29784	35
29785	35
29786	35
29787	35
29788	35
29789	35
29790	35
29791	35
29792	35
29793	35
29794	35
29795	35
29796	35
29797	35
29798	35
29799	35
29800	35
29801	35
29802	35
29803	35
29804	35
29805	35
29806	35
29807	35
29808	35
29809	35
29810	35
29811	35
29812	35
29813	35
29814	35
29815	35
29816	35
29817	35
29818	35
29819	35
29820	35
29821	35
29822	35
29823	35
29824	35
29825	35
29826	35
29827	35
29828	35
29829	35
29830	35
29831	35
29832	35
29833	35
29834	35
29835	35
29836	35
29837	35
29838	35
29839	35
29840	35
29841	35
29842	35
29843	35
29844	35
29845	35
29846	35
29847	35
29848	35
29849	35
29850	35
29851	35
29852	35
29853	35
29854	35
29855	35
29856	35
29857	35
29858	35
29859	35
29860	35
29861	35
29862	35
29863	35
29864	35
29865	35
29866	35
29867	35
29868	35
29869	35
29870	35
29871	35
29872	35
29873	35
29874	35
29875	35
29876	35
29877	35
29878	35
29879	35
29880	35
29881	35
29882	35
29883	35
29884	35
29885	35
29886	35
29887	35
29888	35
29889	35
29890	35
29891	35
29892	35
29893	35
29894	35
29895	35
29896	35
29897	35
29898	35
29899	35
29900	35
29901	35
29902	35
29903	35
29904	35
29905	35
29906	35
29907	35
29908	35
29909	35
29910	35
29911	35
29912	35
29913	35
29914	35
29915	35
29916	35
29917	35
29918	35
29919	35
29920	35
29921	35
29922	35
29923	35
29924	35
29925	35
29926	35
29927	35
29928	35
29929	35
29930	35
29931	35
29932	35
29933	35
29934	35
29935	35
29936	35
29937	35
29938	35
29939	35
29940	35
29941	35
29942	35
29943	35
29944	35
29945	35
29946	35
29947	35
29948	35
29949	35
29950	35
29951	35
29952	35
29953	35
29954	35
29955	35
29956	35
29957	35
29958	35
29959	35
29960	35
29961	35
29962	35
29963	35
29964	35
29965	35
29966	35
29967	35
29968	35
29969	35
29970	35
29971	35
29972	35
29973	35
29974	35
29975	35
29976	35
29977	35
29978	35
29979	35
29980	35
29981	35
29982	35
29983	35
29984	35
29985	35
29986	35
29987	35
29988	36
29989	36
29990	36
29991	36
29992	36
29993	36
29994	36
29995	36
29996	36
29997	36
29998	36
29999	36
30000	36
30001	36
30002	36
30003	36
30004	36
30005	36
30006	36
30007	36
30008	36
30009	36
30010	36
30011	36
30012	36
30013	36
30014	36
30015	36
30016	36
30017	36
30018	36
30019	36
30020	36
30021	36
30022	36
30023	36
30024	36
30025	36
30026	36
30027	36
30028	36
30029	36
30030	36
30031	36
30032	36
30033	36
30034	36
30035	36
30036	36
30037	36
30038	36
30039	36
30040	36
30041	36
30042	36
30043	36
30044	36
30045	36
30046	36
30047	36
30048	36
30049	36
30050	36
30051	36
30052	36
30053	36
30054	36
30055	36
30056	36
30057	36
30058	36
30059	36
30060	36
30061	36
30062	36
30063	36
30064	36
30065	36
30066	36
30067	36
30068	36
30069	36
30070	36
30071	36
30072	36
30073	36
30074	36
30075	36
30076	36
30077	36
30078	36
30079	36
30080	36
30081	36
30082	36
30083	36
30084	36
30085	36
30086	36
30087	36
30088	36
30089	36
30090	36
30091	36
30092	36
30093	36
30094	36
30095	36
30096	36
30097	36
30098	36
30099	36
30100	36
30101	36
30102	36
30103	36
30104	36
30105	36
30106	36
30107	36
30108	36
30109	36
30110	36
30111	36
30112	36
30113	36
30114	36
30115	36
30116	36
30117	36
30118	36
30119	36
30120	36
30121	36
30122	36
30123	36
30124	36
30125	36
30126	36
30127	36
30128	36
30129	36
30130	36
30131	36
30132	36
30133	36
30134	36
30135	36
30136	36
30137	36
30138	36
30139	36
30140	36
30141	36
30142	36
30143	36
30144	36
30145	36
30146	36
30147	36
30148	36
30149	36
30150	36
30151	36
30152	36
30153	36
30154	36
30155	36
30156	36
30157	36
30158	36
30159	36
30160	36
30161	36
30162	36
30163	36
30164	36
30165	36
30166	36
30167	36
30168	36
30169	36
30170	36
30171	36
30172	36
30173	36
30174	36
30175	36
30176	36
30177	36
30178	36
30179	36
30180	36
30181	36
30182	36
30183	36
30184	36
30185	36
30186	36
30187	36
30188	36
30189	36
30190	36
30191	36
30192	36
30193	36
30194	36
30195	36
30196	36
30197	36
30198	36
30199	36
30200	36
30201	36
30202	36
30203	36
30204	36
30205	36
30206	36
30207	36
30208	36
30209	36
30210	36
30211	36
30212	36
30213	36
30214	36
30215	36
30216	36
30217	36
30218	36
30219	36
30220	36
30221	36
30222	36
30223	36
30224	36
30225	36
30226	36
30227	36
30228	36
30229	36
30230	36
30231	36
30232	36
30233	36
30234	36
30235	36
30236	36
30237	36
30238	36
30239	36
30240	36
30241	36
30242	36
30243	36
30244	36
30245	36
30246	36
30247	36
30248	36
30249	36
30250	36
30251	36
30252	36
30253	36
30254	36
30255	36
30256	36
30257	36
30258	36
30259	36
30260	36
30261	36
30262	36
30263	36
30264	36
30265	36
30266	36
30267	36
30268	36
30269	36
30270	36
30271	36
30272	36
30273	36
30274	36
30275	36
30276	36
30277	36
30278	36
30279	36
30280	36
30281	36
30282	36
30283	36
30284	36
30285	36
30286	36
30287	36
30288	36
30289	36
30290	36
30291	36
30292	36
30293	36
30294	36
30295	36
30296	36
30297	36
30298	36
30299	36
30300	36
30301	36
30302	36
30303	36
30304	36
30305	36
30306	36
30307	36
30308	36
30309	36
30310	36
30311	36
30312	36
30313	36
30314	36
30315	36
30316	36
30317	36
30318	36
30319	36
30320	36
30321	36
30322	36
30323	36
30324	36
30325	36
30326	36
30327	36
30328	36
30329	36
30330	36
30331	36
30332	36
30333	36
30334	36
30335	36
30336	36
30337	36
30338	36
30339	36
30340	36
30341	36
30342	36
30343	36
30344	36
30345	36
30346	36
30347	36
30348	36
30349	36
30350	36
30351	36
30352	36
30353	36
30354	36
30355	36
30356	36
30357	36
30358	36
30359	36
30360	36
30361	36
30362	36
30363	36
30364	36
30365	36
30366	36
30367	36
30368	36
30369	36
30370	36
30371	36
30372	36
30373	36
30374	36
30375	36
30376	36
30377	36
30378	36
30379	36
30380	36
30381	36
30382	36
30383	36
30384	36
30385	36
30386	36
30387	36
30388	36
30389	36
30390	36
30391	36
30392	36
30393	36
30394	36
30395	36
30396	36
30397	36
30398	36
30399	36
30400	36
30401	36
30402	36
30403	36
30404	36
30405	36
30406	36
30407	36
30408	36
30409	36
30410	36
30411	36
30412	36
30413	36
30414	36
30415	36
30416	36
30417	36
30418	36
30419	36
30420	36
30421	36
30422	36
30423	36
30424	36
30425	36
30426	36
30427	36
30428	36
30429	36
30430	36
30431	36
30432	36
30433	36
30434	36
30435	36
30436	36
30437	36
30438	36
30439	36
30440	36
30441	36
30442	36
30443	36
30444	36
30445	36
30446	36
30447	36
30448	36
30449	36
30450	36
30451	36
30452	36
30453	36
30454	36
30455	36
30456	36
30457	36
30458	36
30459	36
30460	36
30461	36
30462	36
30463	36
30464	36
30465	36
30466	36
30467	36
30468	36
30469	36
30470	36
30471	36
30472	36
30473	36
30474	36
30475	36
30476	36
30477	36
30478	36
30479	36
30480	36
30481	36
30482	36
30483	36
30484	36
30485	36
30486	36
30487	36
30488	36
30489	36
30490	36
30491	36
30492	36
30493	36
30494	36
30495	36
30496	36
30497	36
30498	36
30499	36
30500	36
30501	36
30502	36
30503	36
30504	36
30505	36
30506	36
30507	36
30508	36
30509	36
30510	36
30511	36
30512	36
30513	36
30514	36
30515	36
30516	36
30517	36
30518	36
30519	36
30520	36
30521	36
30522	36
30523	36
30524	36
30525	36
30526	36
30527	36
30528	36
30529	36
30530	36
30531	36
30532	36
30533	36
30534	36
30535	36
30536	36
30537	36
30538	36
30539	36
30540	36
30541	36
30542	36
30543	36
30544	36
30545	36
30546	36
30547	36
30548	36
30549	36
30550	36
30551	36
30552	36
30553	36
30554	36
30555	36
30556	36
30557	36
30558	36
30559	36
30560	36
30561	36
30562	36
30563	36
30564	36
30565	36
30566	36
30567	36
30568	36
30569	36
30570	36
30571	36
30572	36
30573	36
30574	36
30575	36
30576	36
30577	36
30578	36
30579	36
30580	36
30581	36
30582	36
30583	36
30584	36
30585	36
30586	36
30587	36
30588	36
30589	36
30590	36
30591	36
30592	36
30593	36
30594	36
30595	36
30596	36
30597	36
30598	36
30599	36
30600	36
30601	36
30602	36
30603	36
30604	36
30605	36
30606	36
30607	36
30608	36
30609	36
30610	36
30611	36
30612	36
30613	36
30614	36
30615	36
30616	36
30617	36
30618	36
30619	36
30620	36
30621	36
30622	36
30623	36
30624	36
30625	36
30626	36
30627	36
30628	36
30629	36
30630	36
30631	36
30632	36
30633	36
30634	36
30635	36
30636	36
30637	36
30638	36
30639	36
30640	36
30641	36
30642	36
30643	36
30644	36
30645	36
30646	36
30647	36
30648	36
30649	36
30650	36
30651	36
30652	36
30653	36
30654	36
30655	36
30656	36
30657	36
30658	36
30659	36
30660	36
30661	36
30662	36
30663	36
30664	36
30665	36
30666	36
30667	36
30668	36
30669	36
30670	36
30671	36
30672	36
30673	36
30674	36
30675	36
30676	36
30677	36
30678	36
30679	36
30680	36
30681	36
30682	36
30683	36
30684	36
30685	36
30686	36
30687	36
30688	36
30689	36
30690	36
30691	36
30692	36
30693	36
30694	36
30695	36
30696	36
30697	36
30698	36
30699	36
30700	36
30701	36
30702	36
30703	36
30704	36
30705	36
30706	36
30707	36
30708	36
30709	36
30710	36
30711	36
30712	36
30713	36
30714	36
30715	36
30716	36
30717	36
30718	36
30719	36
30720	36
30721	36
30722	36
30723	36
30724	36
30725	36
30726	36
30727	36
30728	36
30729	36
30730	36
30731	36
30732	36
30733	36
30734	36
30735	36
30736	36
30737	36
30738	36
30739	36
30740	36
30741	36
30742	36
30743	36
30744	36
30745	36
30746	36
30747	36
30748	36
30749	36
30750	36
30751	36
30752	36
30753	36
30754	36
30755	36
30756	36
30757	36
30758	36
30759	36
30760	36
30761	36
30762	36
30763	36
30764	36
30765	36
30766	36
30767	36
30768	36
30769	36
30770	36
30771	36
30772	36
30773	36
30774	36
30775	36
30776	36
30777	36
30778	36
30779	36
30780	36
30781	36
30782	36
30783	36
30784	36
30785	36
30786	36
30787	36
30788	36
30789	36
30790	36
30791	36
30792	36
30793	36
30794	36
30795	36
30796	36
30797	36
30798	36
30799	36
30800	36
30801	36
30802	36
30803	36
30804	36
30805	36
30806	36
30807	36
30808	36
30809	36
30810	36
30811	36
30812	36
30813	36
30814	36
30815	36
30816	36
30817	36
30818	36
30819	36
30820	36
30821	37
30822	37
30823	37
30824	37
30825	37
30826	37
30827	37
30828	37
30829	37
30830	37
30831	37
30832	37
30833	37
30834	37
30835	37
30836	37
30837	37
30838	37
30839	37
30840	37
30841	37
30842	37
30843	37
30844	37
30845	37
30846	37
30847	37
30848	37
30849	37
30850	37
30851	37
30852	37
30853	37
30854	37
30855	37
30856	37
30857	37
30858	37
30859	37
30860	37
30861	37
30862	37
30863	37
30864	37
30865	37
30866	37
30867	37
30868	37
30869	37
30870	37
30871	37
30872	37
30873	37
30874	37
30875	37
30876	37
30877	37
30878	37
30879	37
30880	37
30881	37
30882	37
30883	37
30884	37
30885	37
30886	37
30887	37
30888	37
30889	37
30890	37
30891	37
30892	37
30893	37
30894	37
30895	37
30896	37
30897	37
30898	37
30899	37
30900	37
30901	37
30902	37
30903	37
30904	37
30905	37
30906	37
30907	37
30908	37
30909	37
30910	37
30911	37
30912	37
30913	37
30914	37
30915	37
30916	37
30917	37
30918	37
30919	37
30920	37
30921	37
30922	37
30923	37
30924	37
30925	37
30926	37
30927	37
30928	37
30929	37
30930	37
30931	37
30932	37
30933	37
30934	37
30935	37
30936	37
30937	37
30938	37
30939	37
30940	37
30941	37
30942	37
30943	37
30944	37
30945	37
30946	37
30947	37
30948	37
30949	37
30950	37
30951	37
30952	37
30953	37
30954	37
30955	37
30956	37
30957	37
30958	37
30959	37
30960	37
30961	37
30962	37
30963	37
30964	37
30965	37
30966	37
30967	37
30968	37
30969	37
30970	37
30971	37
30972	37
30973	37
30974	37
30975	37
30976	37
30977	37
30978	37
30979	37
30980	37
30981	37
30982	37
30983	37
30984	37
30985	37
30986	37
30987	37
30988	37
30989	37
30990	37
30991	37
30992	37
30993	37
30994	37
30995	37
30996	37
30997	37
30998	37
30999	37
31000	37
31001	37
31002	37
31003	37
31004	37
31005	37
31006	37
31007	37
31008	37
31009	37
31010	37
31011	37
31012	37
31013	37
31014	37
31015	37
31016	37
31017	37
31018	37
31019	37
31020	37
31021	37
31022	37
31023	37
31024	37
31025	37
31026	37
31027	37
31028	37
31029	37
31030	37
31031	37
31032	37
31033	37
31034	37
31035	37
31036	37
31037	37
31038	37
31039	37
31040	37
31041	37
31042	37
31043	37
31044	37
31045	37
31046	37
31047	37
31048	37
31049	37
31050	37
31051	37
31052	37
31053	37
31054	37
31055	37
31056	37
31057	37
31058	37
31059	37
31060	37
31061	37
31062	37
31063	37
31064	37
31065	37
31066	37
31067	37
31068	37
31069	37
31070	37
31071	37
31072	37
31073	37
31074	37
31075	37
31076	37
31077	37
31078	37
31079	37
31080	37
31081	37
31082	37
31083	37
31084	37
31085	37
31086	37
31087	37
31088	37
31089	37
31090	37
31091	37
31092	37
31093	37
31094	37
31095	37
31096	37
31097	37
31098	37
31099	37
31100	37
31101	37
31102	37
31103	37
31104	37
31105	37
31106	37
31107	37
31108	37
31109	37
31110	37
31111	37
31112	37
31113	37
31114	37
31115	37
31116	37
31117	37
31118	37
31119	37
31120	37
31121	37
31122	37
31123	37
31124	37
31125	37
31126	37
31127	37
31128	37
31129	37
31130	37
31131	37
31132	37
31133	37
31134	37
31135	37
31136	37
31137	37
31138	37
31139	37
31140	37
31141	37
31142	37
31143	37
31144	37
31145	37
31146	37
31147	37
31148	37
31149	37
31150	37
31151	37
31152	37
31153	37
31154	37
31155	37
31156	37
31157	37
31158	37
31159	37
31160	37
31161	37
31162	37
31163	37
31164	37
31165	37
31166	37
31167	37
31168	37
31169	37
31170	37
31171	37
31172	37
31173	37
31174	37
31175	37
31176	37
31177	37
31178	37
31179	37
31180	37
31181	37
31182	37
31183	37
31184	37
31185	37
31186	37
31187	37
31188	37
31189	37
31190	37
31191	37
31192	37
31193	37
31194	37
31195	37
31196	37
31197	37
31198	37
31199	37
31200	37
31201	37
31202	37
31203	37
31204	37
31205	37
31206	37
31207	37
31208	37
31209	37
31210	37
31211	37
31212	37
31213	37
31214	37
31215	37
31216	37
31217	37
31218	37
31219	37
31220	37
31221	37
31222	37
31223	37
31224	37
31225	37
31226	37
31227	37
31228	37
31229	37
31230	37
31231	37
31232	37
31233	37
31234	37
31235	37
31236	37
31237	37
31238	37
31239	37
31240	37
31241	37
31242	37
31243	37
31244	37
31245	37
31246	37
31247	37
31248	37
31249	37
31250	37
31251	37
31252	37
31253	37
31254	37
31255	37
31256	37
31257	37
31258	37
31259	37
31260	37
31261	37
31262	37
31263	37
31264	37
31265	37
31266	37
31267	37
31268	37
31269	37
31270	37
31271	37
31272	37
31273	37
31274	37
31275	37
31276	37
31277	37
31278	37
31279	37
31280	37
31281	37
31282	37
31283	37
31284	37
31285	37
31286	37
31287	37
31288	37
31289	37
31290	37
31291	37
31292	37
31293	37
31294	37
31295	37
31296	37
31297	37
31298	37
31299	37
31300	37
31301	37
31302	37
31303	37
31304	37
31305	37
31306	37
31307	37
31308	37
31309	37
31310	37
31311	37
31312	37
31313	37
31314	37
31315	37
31316	37
31317	37
31318	37
31319	37
31320	37
31321	37
31322	37
31323	37
31324	37
31325	37
31326	37
31327	37
31328	37
31329	37
31330	37
31331	37
31332	37
31333	37
31334	37
31335	37
31336	37
31337	37
31338	37
31339	37
31340	37
31341	37
31342	37
31343	37
31344	37
31345	37
31346	37
31347	37
31348	37
31349	37
31350	37
31351	37
31352	37
31353	37
31354	37
31355	37
31356	37
31357	37
31358	37
31359	37
31360	37
31361	37
31362	37
31363	37
31364	37
31365	37
31366	37
31367	37
31368	37
31369	37
31370	37
31371	37
31372	37
31373	37
31374	37
31375	37
31376	37
31377	37
31378	37
31379	37
31380	37
31381	37
31382	37
31383	37
31384	37
31385	37
31386	37
31387	37
31388	37
31389	37
31390	37
31391	37
31392	37
31393	37
31394	37
31395	37
31396	37
31397	37
31398	37
31399	37
31400	37
31401	37
31402	37
31403	37
31404	37
31405	37
31406	37
31407	37
31408	37
31409	37
31410	37
31411	37
31412	37
31413	37
31414	37
31415	37
31416	37
31417	37
31418	37
31419	37
31420	37
31421	37
31422	37
31423	37
31424	37
31425	37
31426	37
31427	37
31428	37
31429	37
31430	37
31431	37
31432	37
31433	37
31434	37
31435	37
31436	37
31437	37
31438	37
31439	37
31440	37
31441	37
31442	37
31443	37
31444	37
31445	37
31446	37
31447	37
31448	37
31449	37
31450	37
31451	37
31452	37
31453	37
31454	37
31455	37
31456	37
31457	37
31458	37
31459	37
31460	37
31461	37
31462	37
31463	37
31464	37
31465	37
31466	37
31467	37
31468	37
31469	37
31470	37
31471	37
31472	37
31473	37
31474	37
31475	37
31476	37
31477	37
31478	37
31479	37
31480	37
31481	37
31482	37
31483	37
31484	37
31485	37
31486	37
31487	37
31488	37
31489	37
31490	37
31491	37
31492	37
31493	37
31494	37
31495	37
31496	37
31497	37
31498	37
31499	37
31500	37
31501	37
31502	37
31503	37
31504	37
31505	37
31506	37
31507	37
31508	37
31509	37
31510	37
31511	37
31512	37
31513	37
31514	37
31515	37
31516	37
31517	37
31518	37
31519	37
31520	37
31521	37
31522	37
31523	37
31524	37
31525	37
31526	37
31527	37
31528	37
31529	37
31530	37
31531	37
31532	37
31533	37
31534	37
31535	37
31536	37
31537	37
31538	37
31539	37
31540	37
31541	37
31542	37
31543	37
31544	37
31545	37
31546	37
31547	37
31548	37
31549	37
31550	37
31551	37
31552	37
31553	37
31554	37
31555	37
31556	37
31557	37
31558	37
31559	37
31560	37
31561	37
31562	37
31563	37
31564	37
31565	37
31566	37
31567	37
31568	37
31569	37
31570	37
31571	37
31572	37
31573	37
31574	37
31575	37
31576	37
31577	37
31578	37
31579	37
31580	37
31581	37
31582	37
31583	37
31584	37
31585	37
31586	37
31587	37
31588	37
31589	37
31590	37
31591	37
31592	37
31593	37
31594	37
31595	37
31596	37
31597	37
31598	37
31599	37
31600	37
31601	37
31602	37
31603	37
31604	37
31605	37
31606	37
31607	37
31608	37
31609	37
31610	37
31611	37
31612	37
31613	37
31614	37
31615	37
31616	37
31617	37
31618	37
31619	37
31620	37
31621	37
31622	37
31623	37
31624	37
31625	37
31626	37
31627	37
31628	37
31629	37
31630	37
31631	37
31632	37
31633	37
31634	37
31635	37
31636	37
31637	37
31638	37
31639	37
31640	37
31641	37
31642	37
31643	37
31644	37
31645	37
31646	37
31647	37
31648	37
31649	37
31650	37
31651	37
31652	37
31653	37
31654	38
31655	38
31656	38
31657	38
31658	38
31659	38
31660	38
31661	38
31662	38
31663	38
31664	38
31665	38
31666	38
31667	38
31668	38
31669	38
31670	38
31671	38
31672	38
31673	38
31674	38
31675	38
31676	38
31677	38
31678	38
31679	38
31680	38
31681	38
31682	38
31683	38
31684	38
31685	38
31686	38
31687	38
31688	38
31689	38
31690	38
31691	38
31692	38
31693	38
31694	38
31695	38
31696	38
31697	38
31698	38
31699	38
31700	38
31701	38
31702	38
31703	38
31704	38
31705	38
31706	38
31707	38
31708	38
31709	38
31710	38
31711	38
31712	38
31713	38
31714	38
31715	38
31716	38
31717	38
31718	38
31719	38
31720	38
31721	38
31722	38
31723	38
31724	38
31725	38
31726	38
31727	38
31728	38
31729	38
31730	38
31731	38
31732	38
31733	38
31734	38
31735	38
31736	38
31737	38
31738	38
31739	38
31740	38
31741	38
31742	38
31743	38
31744	38
31745	38
31746	38
31747	38
31748	38
31749	38
31750	38
31751	38
31752	38
31753	38
31754	38
31755	38
31756	38
31757	38
31758	38
31759	38
31760	38
31761	38
31762	38
31763	38
31764	38
31765	38
31766	38
31767	38
31768	38
31769	38
31770	38
31771	38
31772	38
31773	38
31774	38
31775	38
31776	38
31777	38
31778	38
31779	38
31780	38
31781	38
31782	38
31783	38
31784	38
31785	38
31786	38
31787	38
31788	38
31789	38
31790	38
31791	38
31792	38
31793	38
31794	38
31795	38
31796	38
31797	38
31798	38
31799	38
31800	38
31801	38
31802	38
31803	38
31804	38
31805	38
31806	38
31807	38
31808	38
31809	38
31810	38
31811	38
31812	38
31813	38
31814	38
31815	38
31816	38
31817	38
31818	38
31819	38
31820	38
31821	38
31822	38
31823	38
31824	38
31825	38
31826	38
31827	38
31828	38
31829	38
31830	38
31831	38
31832	38
31833	38
31834	38
31835	38
31836	38
31837	38
31838	38
31839	38
31840	38
31841	38
31842	38
31843	38
31844	38
31845	38
31846	38
31847	38
31848	38
31849	38
31850	38
31851	38
31852	38
31853	38
31854	38
31855	38
31856	38
31857	38
31858	38
31859	38
31860	38
31861	38
31862	38
31863	38
31864	38
31865	38
31866	38
31867	38
31868	38
31869	38
31870	38
31871	38
31872	38
31873	38
31874	38
31875	38
31876	38
31877	38
31878	38
31879	38
31880	38
31881	38
31882	38
31883	38
31884	38
31885	38
31886	38
31887	38
31888	38
31889	38
31890	38
31891	38
31892	38
31893	38
31894	38
31895	38
31896	38
31897	38
31898	38
31899	38
31900	38
31901	38
31902	38
31903	38
31904	38
31905	38
31906	38
31907	38
31908	38
31909	38
31910	38
31911	38
31912	38
31913	38
31914	38
31915	38
31916	38
31917	38
31918	38
31919	38
31920	38
31921	38
31922	38
31923	38
31924	38
31925	38
31926	38
31927	38
31928	38
31929	38
31930	38
31931	38
31932	38
31933	38
31934	38
31935	38
31936	38
31937	38
31938	38
31939	38
31940	38
31941	38
31942	38
31943	38
31944	38
31945	38
31946	38
31947	38
31948	38
31949	38
31950	38
31951	38
31952	38
31953	38
31954	38
31955	38
31956	38
31957	38
31958	38
31959	38
31960	38
31961	38
31962	38
31963	38
31964	38
31965	38
31966	38
31967	38
31968	38
31969	38
31970	38
31971	38
31972	38
31973	38
31974	38
31975	38
31976	38
31977	38
31978	38
31979	38
31980	38
31981	38
31982	38
31983	38
31984	38
31985	38
31986	38
31987	38
31988	38
31989	38
31990	38
31991	38
31992	38
31993	38
31994	38
31995	38
31996	38
31997	38
31998	38
31999	38
32000	38
32001	38
32002	38
32003	38
32004	38
32005	38
32006	38
32007	38
32008	38
32009	38
32010	38
32011	38
32012	38
32013	38
32014	38
32015	38
32016	38
32017	38
32018	38
32019	38
32020	38
32021	38
32022	38
32023	38
32024	38
32025	38
32026	38
32027	38
32028	38
32029	38
32030	38
32031	38
32032	38
32033	38
32034	38
32035	38
32036	38
32037	38
32038	38
32039	38
32040	38
32041	38
32042	38
32043	38
32044	38
32045	38
32046	38
32047	38
32048	38
32049	38
32050	38
32051	38
32052	38
32053	38
32054	38
32055	38
32056	38
32057	38
32058	38
32059	38
32060	38
32061	38
32062	38
32063	38
32064	38
32065	38
32066	38
32067	38
32068	38
32069	38
32070	38
32071	38
32072	38
32073	38
32074	38
32075	38
32076	38
32077	38
32078	38
32079	38
32080	38
32081	38
32082	38
32083	38
32084	38
32085	38
32086	38
32087	38
32088	38
32089	38
32090	38
32091	38
32092	38
32093	38
32094	38
32095	38
32096	38
32097	38
32098	38
32099	38
32100	38
32101	38
32102	38
32103	38
32104	38
32105	38
32106	38
32107	38
32108	38
32109	38
32110	38
32111	38
32112	38
32113	38
32114	38
32115	38
32116	38
32117	38
32118	38
32119	38
32120	38
32121	38
32122	38
32123	38
32124	38
32125	38
32126	38
32127	38
32128	38
32129	38
32130	38
32131	38
32132	38
32133	38
32134	38
32135	38
32136	38
32137	38
32138	38
32139	38
32140	38
32141	38
32142	38
32143	38
32144	38
32145	38
32146	38
32147	38
32148	38
32149	38
32150	38
32151	38
32152	38
32153	38
32154	38
32155	38
32156	38
32157	38
32158	38
32159	38
32160	38
32161	38
32162	38
32163	38
32164	38
32165	38
32166	38
32167	38
32168	38
32169	38
32170	38
32171	38
32172	38
32173	38
32174	38
32175	38
32176	38
32177	38
32178	38
32179	38
32180	38
32181	38
32182	38
32183	38
32184	38
32185	38
32186	38
32187	38
32188	38
32189	38
32190	38
32191	38
32192	38
32193	38
32194	38
32195	38
32196	38
32197	38
32198	38
32199	38
32200	38
32201	38
32202	38
32203	38
32204	38
32205	38
32206	38
32207	38
32208	38
32209	38
32210	38
32211	38
32212	38
32213	38
32214	38
32215	38
32216	38
32217	38
32218	38
32219	38
32220	38
32221	38
32222	38
32223	38
32224	38
32225	38
32226	38
32227	38
32228	38
32229	38
32230	38
32231	38
32232	38
32233	38
32234	38
32235	38
32236	38
32237	38
32238	38
32239	38
32240	38
32241	38
32242	38
32243	38
32244	38
32245	38
32246	38
32247	38
32248	38
32249	38
32250	38
32251	38
32252	38
32253	38
32254	38
32255	38
32256	38
32257	38
32258	38
32259	38
32260	38
32261	38
32262	38
32263	38
32264	38
32265	38
32266	38
32267	38
32268	38
32269	38
32270	38
32271	38
32272	38
32273	38
32274	38
32275	38
32276	38
32277	38
32278	38
32279	38
32280	38
32281	38
32282	38
32283	38
32284	38
32285	38
32286	38
32287	38
32288	38
32289	38
32290	38
32291	38
32292	38
32293	38
32294	38
32295	38
32296	38
32297	38
32298	38
32299	38
32300	38
32301	38
32302	38
32303	38
32304	38
32305	38
32306	38
32307	38
32308	38
32309	38
32310	38
32311	38
32312	38
32313	38
32314	38
32315	38
32316	38
32317	38
32318	38
32319	38
32320	38
32321	38
32322	38
32323	38
32324	38
32325	38
32326	38
32327	38
32328	38
32329	38
32330	38
32331	38
32332	38
32333	38
32334	38
32335	38
32336	38
32337	38
32338	38
32339	38
32340	38
32341	38
32342	38
32343	38
32344	38
32345	38
32346	38
32347	38
32348	38
32349	38
32350	38
32351	38
32352	38
32353	38
32354	38
32355	38
32356	38
32357	38
32358	38
32359	38
32360	38
32361	38
32362	38
32363	38
32364	38
32365	38
32366	38
32367	38
32368	38
32369	38
32370	38
32371	38
32372	38
32373	38
32374	38
32375	38
32376	38
32377	38
32378	38
32379	38
32380	38
32381	38
32382	38
32383	38
32384	38
32385	38
32386	38
32387	38
32388	38
32389	38
32390	38
32391	38
32392	38
32393	38
32394	38
32395	38
32396	38
32397	38
32398	38
32399	38
32400	38
32401	38
32402	38
32403	38
32404	38
32405	38
32406	38
32407	38
32408	38
32409	38
32410	38
32411	38
32412	38
32413	38
32414	38
32415	38
32416	38
32417	38
32418	38
32419	38
32420	38
32421	38
32422	38
32423	38
32424	38
32425	38
32426	38
32427	38
32428	38
32429	38
32430	38
32431	38
32432	38
32433	38
32434	38
32435	38
32436	38
32437	38
32438	38
32439	38
32440	38
32441	38
32442	38
32443	38
32444	38
32445	38
32446	38
32447	38
32448	38
32449	38
32450	38
32451	38
32452	38
32453	38
32454	38
32455	38
32456	38
32457	38
32458	38
32459	38
32460	38
32461	38
32462	38
32463	38
32464	38
32465	38
32466	38
32467	38
32468	38
32469	38
32470	38
32471	38
32472	38
32473	38
32474	38
32475	38
32476	38
32477	38
32478	38
32479	38
32480	38
32481	38
32482	38
32483	38
32484	38
32485	38
32486	38
32487	39
32488	39
32489	39
32490	39
32491	39
32492	39
32493	39
32494	39
32495	39
32496	39
32497	39
32498	39
32499	39
32500	39
32501	39
32502	39
32503	39
32504	39
32505	39
32506	39
32507	39
32508	39
32509	39
32510	39
32511	39
32512	39
32513	39
32514	39
32515	39
32516	39
32517	39
32518	39
32519	39
32520	39
32521	39
32522	39
32523	39
32524	39
32525	39
32526	39
32527	39
32528	39
32529	39
32530	39
32531	39
32532	39
32533	39
32534	39
32535	39
32536	39
32537	39
32538	39
32539	39
32540	39
32541	39
32542	39
32543	39
32544	39
32545	39
32546	39
32547	39
32548	39
32549	39
32550	39
32551	39
32552	39
32553	39
32554	39
32555	39
32556	39
32557	39
32558	39
32559	39
32560	39
32561	39
32562	39
32563	39
32564	39
32565	39
32566	39
32567	39
32568	39
32569	39
32570	39
32571	39
32572	39
32573	39
32574	39
32575	39
32576	39
32577	39
32578	39
32579	39
32580	39
32581	39
32582	39
32583	39
32584	39
32585	39
32586	39
32587	39
32588	39
32589	39
32590	39
32591	39
32592	39
32593	39
32594	39
32595	39
32596	39
32597	39
32598	39
32599	39
32600	39
32601	39
32602	39
32603	39
32604	39
32605	39
32606	39
32607	39
32608	39
32609	39
32610	39
32611	39
32612	39
32613	39
32614	39
32615	39
32616	39
32617	39
32618	39
32619	39
32620	39
32621	39
32622	39
32623	39
32624	39
32625	39
32626	39
32627	39
32628	39
32629	39
32630	39
32631	39
32632	39
32633	39
32634	39
32635	39
32636	39
32637	39
32638	39
32639	39
32640	39
32641	39
32642	39
32643	39
32644	39
32645	39
32646	39
32647	39
32648	39
32649	39
32650	39
32651	39
32652	39
32653	39
32654	39
32655	39
32656	39
32657	39
32658	39
32659	39
32660	39
32661	39
32662	39
32663	39
32664	39
32665	39
32666	39
32667	39
32668	39
32669	39
32670	39
32671	39
32672	39
32673	39
32674	39
32675	39
32676	39
32677	39
32678	39
32679	39
32680	39
32681	39
32682	39
32683	39
32684	39
32685	39
32686	39
32687	39
32688	39
32689	39
32690	39
32691	39
32692	39
32693	39
32694	39
32695	39
32696	39
32697	39
32698	39
32699	39
32700	39
32701	39
32702	39
32703	39
32704	39
32705	39
32706	39
32707	39
32708	39
32709	39
32710	39
32711	39
32712	39
32713	39
32714	39
32715	39
32716	39
32717	39
32718	39
32719	39
32720	39
32721	39
32722	39
32723	39
32724	39
32725	39
32726	39
32727	39
32728	39
32729	39
32730	39
32731	39
32732	39
32733	39
32734	39
32735	39
32736	39
32737	39
32738	39
32739	39
32740	39
32741	39
32742	39
32743	39
32744	39
32745	39
32746	39
32747	39
32748	39
32749	39
32750	39
32751	39
32752	39
32753	39
32754	39
32755	39
32756	39
32757	39
32758	39
32759	39
32760	39
32761	39
32762	39
32763	39
32764	39
32765	39
32766	39
32767	39
32768	39
32769	39
32770	39
32771	39
32772	39
32773	39
32774	39
32775	39
32776	39
32777	39
32778	39
32779	39
32780	39
32781	39
32782	39
32783	39
32784	39
32785	39
32786	39
32787	39
32788	39
32789	39
32790	39
32791	39
32792	39
32793	39
32794	39
32795	39
32796	39
32797	39
32798	39
32799	39
32800	39
32801	39
32802	39
32803	39
32804	39
32805	39
32806	39
32807	39
32808	39
32809	39
32810	39
32811	39
32812	39
32813	39
32814	39
32815	39
32816	39
32817	39
32818	39
32819	39
32820	39
32821	39
32822	39
32823	39
32824	39
32825	39
32826	39
32827	39
32828	39
32829	39
32830	39
32831	39
32832	39
32833	39
32834	39
32835	39
32836	39
32837	39
32838	39
32839	39
32840	39
32841	39
32842	39
32843	39
32844	39
32845	39
32846	39
32847	39
32848	39
32849	39
32850	39
32851	39
32852	39
32853	39
32854	39
32855	39
32856	39
32857	39
32858	39
32859	39
32860	39
32861	39
32862	39
32863	39
32864	39
32865	39
32866	39
32867	39
32868	39
32869	39
32870	39
32871	39
32872	39
32873	39
32874	39
32875	39
32876	39
32877	39
32878	39
32879	39
32880	39
32881	39
32882	39
32883	39
32884	39
32885	39
32886	39
32887	39
32888	39
32889	39
32890	39
32891	39
32892	39
32893	39
32894	39
32895	39
32896	39
32897	39
32898	39
32899	39
32900	39
32901	39
32902	39
32903	39
32904	39
32905	39
32906	39
32907	39
32908	39
32909	39
32910	39
32911	39
32912	39
32913	39
32914	39
32915	39
32916	39
32917	39
32918	39
32919	39
32920	39
32921	39
32922	39
32923	39
32924	39
32925	39
32926	39
32927	39
32928	39
32929	39
32930	39
32931	39
32932	39
32933	39
32934	39
32935	39
32936	39
32937	39
32938	39
32939	39
32940	39
32941	39
32942	39
32943	39
32944	39
32945	39
32946	39
32947	39
32948	39
32949	39
32950	39
32951	39
32952	39
32953	39
32954	39
32955	39
32956	39
32957	39
32958	39
32959	39
32960	39
32961	39
32962	39
32963	39
32964	39
32965	39
32966	39
32967	39
32968	39
32969	39
32970	39
32971	39
32972	39
32973	39
32974	39
32975	39
32976	39
32977	39
32978	39
32979	39
32980	39
32981	39
32982	39
32983	39
32984	39
32985	39
32986	39
32987	39
32988	39
32989	39
32990	39
32991	39
32992	39
32993	39
32994	39
32995	39
32996	39
32997	39
32998	39
32999	39
33000	39
33001	39
33002	39
33003	39
33004	39
33005	39
33006	39
33007	39
33008	39
33009	39
33010	39
33011	39
33012	39
33013	39
33014	39
33015	39
33016	39
33017	39
33018	39
33019	39
33020	39
33021	39
33022	39
33023	39
33024	39
33025	39
33026	39
33027	39
33028	39
33029	39
33030	39
33031	39
33032	39
33033	39
33034	39
33035	39
33036	39
33037	39
33038	39
33039	39
33040	39
33041	39
33042	39
33043	39
33044	39
33045	39
33046	39
33047	39
33048	39
33049	39
33050	39
33051	39
33052	39
33053	39
33054	39
33055	39
33056	39
33057	39
33058	39
33059	39
33060	39
33061	39
33062	39
33063	39
33064	39
33065	39
33066	39
33067	39
33068	39
33069	39
33070	39
33071	39
33072	39
33073	39
33074	39
33075	39
33076	39
33077	39
33078	39
33079	39
33080	39
33081	39
33082	39
33083	39
33084	39
33085	39
33086	39
33087	39
33088	39
33089	39
33090	39
33091	39
33092	39
33093	39
33094	39
33095	39
33096	39
33097	39
33098	39
33099	39
33100	39
33101	39
33102	39
33103	39
33104	39
33105	39
33106	39
33107	39
33108	39
33109	39
33110	39
33111	39
33112	39
33113	39
33114	39
33115	39
33116	39
33117	39
33118	39
33119	39
33120	39
33121	39
33122	39
33123	39
33124	39
33125	39
33126	39
33127	39
33128	39
33129	39
33130	39
33131	39
33132	39
33133	39
33134	39
33135	39
33136	39
33137	39
33138	39
33139	39
33140	39
33141	39
33142	39
33143	39
33144	39
33145	39
33146	39
33147	39
33148	39
33149	39
33150	39
33151	39
33152	39
33153	39
33154	39
33155	39
33156	39
33157	39
33158	39
33159	39
33160	39
33161	39
33162	39
33163	39
33164	39
33165	39
33166	39
33167	39
33168	39
33169	39
33170	39
33171	39
33172	39
33173	39
33174	39
33175	39
33176	39
33177	39
33178	39
33179	39
33180	39
33181	39
33182	39
33183	39
33184	39
33185	39
33186	39
33187	39
33188	39
33189	39
33190	39
33191	39
33192	39
33193	39
33194	39
33195	39
33196	39
33197	39
33198	39
33199	39
33200	39
33201	39
33202	39
33203	39
33204	39
33205	39
33206	39
33207	39
33208	39
33209	39
33210	39
33211	39
33212	39
33213	39
33214	39
33215	39
33216	39
33217	39
33218	39
33219	39
33220	39
33221	39
33222	39
33223	39
33224	39
33225	39
33226	39
33227	39
33228	39
33229	39
33230	39
33231	39
33232	39
33233	39
33234	39
33235	39
33236	39
33237	39
33238	39
33239	39
33240	39
33241	39
33242	39
33243	39
33244	39
33245	39
33246	39
33247	39
33248	39
33249	39
33250	39
33251	39
33252	39
33253	39
33254	39
33255	39
33256	39
33257	39
33258	39
33259	39
33260	39
33261	39
33262	39
33263	39
33264	39
33265	39
33266	39
33267	39
33268	39
33269	39
33270	39
33271	39
33272	39
33273	39
33274	39
33275	39
33276	39
33277	39
33278	39
33279	39
33280	39
33281	39
33282	39
33283	39
33284	39
33285	39
33286	39
33287	39
33288	39
33289	39
33290	39
33291	39
33292	39
33293	39
33294	39
33295	39
33296	39
33297	39
33298	39
33299	39
33300	39
33301	39
33302	39
33303	39
33304	39
33305	39
33306	39
33307	39
33308	39
33309	39
33310	39
33311	39
33312	39
33313	39
33314	39
33315	39
33316	39
33317	39
33318	39
33319	39
33320	40
33321	40
33322	40
33323	40
33324	40
33325	40
33326	40
33327	40
33328	40
33329	40
33330	40
33331	40
33332	40
33333	40
33334	40
33335	40
33336	40
33337	40
33338	40
33339	40
33340	40
33341	40
33342	40
33343	40
33344	40
33345	40
33346	40
33347	40
33348	40
33349	40
33350	40
33351	40
33352	40
33353	40
33354	40
33355	40
33356	40
33357	40
33358	40
33359	40
33360	40
33361	40
33362	40
33363	40
33364	40
33365	40
33366	40
33367	40
33368	40
33369	40
33370	40
33371	40
33372	40
33373	40
33374	40
33375	40
33376	40
33377	40
33378	40
33379	40
33380	40
33381	40
33382	40
33383	40
33384	40
33385	40
33386	40
33387	40
33388	40
33389	40
33390	40
33391	40
33392	40
33393	40
33394	40
33395	40
33396	40
33397	40
33398	40
33399	40
33400	40
33401	40
33402	40
33403	40
33404	40
33405	40
33406	40
33407	40
33408	40
33409	40
33410	40
33411	40
33412	40
33413	40
33414	40
33415	40
33416	40
33417	40
33418	40
33419	40
33420	40
33421	40
33422	40
33423	40
33424	40
33425	40
33426	40
33427	40
33428	40
33429	40
33430	40
33431	40
33432	40
33433	40
33434	40
33435	40
33436	40
33437	40
33438	40
33439	40
33440	40
33441	40
33442	40
33443	40
33444	40
33445	40
33446	40
33447	40
33448	40
33449	40
33450	40
33451	40
33452	40
33453	40
33454	40
33455	40
33456	40
33457	40
33458	40
33459	40
33460	40
33461	40
33462	40
33463	40
33464	40
33465	40
33466	40
33467	40
33468	40
33469	40
33470	40
33471	40
33472	40
33473	40
33474	40
33475	40
33476	40
33477	40
33478	40
33479	40
33480	40
33481	40
33482	40
33483	40
33484	40
33485	40
33486	40
33487	40
33488	40
33489	40
33490	40
33491	40
33492	40
33493	40
33494	40
33495	40
33496	40
33497	40
33498	40
33499	40
33500	40
33501	40
33502	40
33503	40
33504	40
33505	40
33506	40
33507	40
33508	40
33509	40
33510	40
33511	40
33512	40
33513	40
33514	40
33515	40
33516	40
33517	40
33518	40
33519	40
33520	40
33521	40
33522	40
33523	40
33524	40
33525	40
33526	40
33527	40
33528	40
33529	40
33530	40
33531	40
33532	40
33533	40
33534	40
33535	40
33536	40
33537	40
33538	40
33539	40
33540	40
33541	40
33542	40
33543	40
33544	40
33545	40
33546	40
33547	40
33548	40
33549	40
33550	40
33551	40
33552	40
33553	40
33554	40
33555	40
33556	40
33557	40
33558	40
33559	40
33560	40
33561	40
33562	40
33563	40
33564	40
33565	40
33566	40
33567	40
33568	40
33569	40
33570	40
33571	40
33572	40
33573	40
33574	40
33575	40
33576	40
33577	40
33578	40
33579	40
33580	40
33581	40
33582	40
33583	40
33584	40
33585	40
33586	40
33587	40
33588	40
33589	40
33590	40
33591	40
33592	40
33593	40
33594	40
33595	40
33596	40
33597	40
33598	40
33599	40
33600	40
33601	40
33602	40
33603	40
33604	40
33605	40
33606	40
33607	40
33608	40
33609	40
33610	40
33611	40
33612	40
33613	40
33614	40
33615	40
33616	40
33617	40
33618	40
33619	40
33620	40
33621	40
33622	40
33623	40
33624	40
33625	40
33626	40
33627	40
33628	40
33629	40
33630	40
33631	40
33632	40
33633	40
33634	40
33635	40
33636	40
33637	40
33638	40
33639	40
33640	40
33641	40
33642	40
33643	40
33644	40
33645	40
33646	40
33647	40
33648	40
33649	40
33650	40
33651	40
33652	40
33653	40
33654	40
33655	40
33656	40
33657	40
33658	40
33659	40
33660	40
33661	40
33662	40
33663	40
33664	40
33665	40
33666	40
33667	40
33668	40
33669	40
33670	40
33671	40
33672	40
33673	40
33674	40
33675	40
33676	40
33677	40
33678	40
33679	40
33680	40
33681	40
33682	40
33683	40
33684	40
33685	40
33686	40
33687	40
33688	40
33689	40
33690	40
33691	40
33692	40
33693	40
33694	40
33695	40
33696	40
33697	40
33698	40
33699	40
33700	40
33701	40
33702	40
33703	40
33704	40
33705	40
33706	40
33707	40
33708	40
33709	40
33710	40
33711	40
33712	40
33713	40
33714	40
33715	40
33716	40
33717	40
33718	40
33719	40
33720	40
33721	40
33722	40
33723	40
33724	40
33725	40
33726	40
33727	40
33728	40
33729	40
33730	40
33731	40
33732	40
33733	40
33734	40
33735	40
33736	40
33737	40
33738	40
33739	40
33740	40
33741	40
33742	40
33743	40
33744	40
33745	40
33746	40
33747	40
33748	40
33749	40
33750	40
33751	40
33752	40
33753	40
33754	40
33755	40
33756	40
33757	40
33758	40
33759	40
33760	40
33761	40
33762	40
33763	40
33764	40
33765	40
33766	40
33767	40
33768	40
33769	40
33770	40
33771	40
33772	40
33773	40
33774	40
33775	40
33776	40
33777	40
33778	40
33779	40
33780	40
33781	40
33782	40
33783	40
33784	40
33785	40
33786	40
33787	40
33788	40
33789	40
33790	40
33791	40
33792	40
33793	40
33794	40
33795	40
33796	40
33797	40
33798	40
33799	40
33800	40
33801	40
33802	40
33803	40
33804	40
33805	40
33806	40
33807	40
33808	40
33809	40
33810	40
33811	40
33812	40
33813	40
33814	40
33815	40
33816	40
33817	40
33818	40
33819	40
33820	40
33821	40
33822	40
33823	40
33824	40
33825	40
33826	40
33827	40
33828	40
33829	40
33830	40
33831	40
33832	40
33833	40
33834	40
33835	40
33836	40
33837	40
33838	40
33839	40
33840	40
33841	40
33842	40
33843	40
33844	40
33845	40
33846	40
33847	40
33848	40
33849	40
33850	40
33851	40
33852	40
33853	40
33854	40
33855	40
33856	40
33857	40
33858	40
33859	40
33860	40
33861	40
33862	40
33863	40
33864	40
33865	40
33866	40
33867	40
33868	40
33869	40
33870	40
33871	40
33872	40
33873	40
33874	40
33875	40
33876	40
33877	40
33878	40
33879	40
33880	40
33881	40
33882	40
33883	40
33884	40
33885	40
33886	40
33887	40
33888	40
33889	40
33890	40
33891	40
33892	40
33893	40
33894	40
33895	40
33896	40
33897	40
33898	40
33899	40
33900	40
33901	40
33902	40
33903	40
33904	40
33905	40
33906	40
33907	40
33908	40
33909	40
33910	40
33911	40
33912	40
33913	40
33914	40
33915	40
33916	40
33917	40
33918	40
33919	40
33920	40
33921	40
33922	40
33923	40
33924	40
33925	40
33926	40
33927	40
33928	40
33929	40
33930	40
33931	40
33932	40
33933	40
33934	40
33935	40
33936	40
33937	40
33938	40
33939	40
33940	40
33941	40
33942	40
33943	40
33944	40
33945	40
33946	40
33947	40
33948	40
33949	40
33950	40
33951	40
33952	40
33953	40
33954	40
33955	40
33956	40
33957	40
33958	40
33959	40
33960	40
33961	40
33962	40
33963	40
33964	40
33965	40
33966	40
33967	40
33968	40
33969	40
33970	40
33971	40
33972	40
33973	40
33974	40
33975	40
33976	40
33977	40
33978	40
33979	40
33980	40
33981	40
33982	40
33983	40
33984	40
33985	40
33986	40
33987	40
33988	40
33989	40
33990	40
33991	40
33992	40
33993	40
33994	40
33995	40
33996	40
33997	40
33998	40
33999	40
34000	40
34001	40
34002	40
34003	40
34004	40
34005	40
34006	40
34007	40
34008	40
34009	40
34010	40
34011	40
34012	40
34013	40
34014	40
34015	40
34016	40
34017	40
34018	40
34019	40
34020	40
34021	40
34022	40
34023	40
34024	40
34025	40
34026	40
34027	40
34028	40
34029	40
34030	40
34031	40
34032	40
34033	40
34034	40
34035	40
34036	40
34037	40
34038	40
34039	40
34040	40
34041	40
34042	40
34043	40
34044	40
34045	40
34046	40
34047	40
34048	40
34049	40
34050	40
34051	40
34052	40
34053	40
34054	40
34055	40
34056	40
34057	40
34058	40
34059	40
34060	40
34061	40
34062	40
34063	40
34064	40
34065	40
34066	40
34067	40
34068	40
34069	40
34070	40
34071	40
34072	40
34073	40
34074	40
34075	40
34076	40
34077	40
34078	40
34079	40
34080	40
34081	40
34082	40
34083	40
34084	40
34085	40
34086	40
34087	40
34088	40
34089	40
34090	40
34091	40
34092	40
34093	40
34094	40
34095	40
34096	40
34097	40
34098	40
34099	40
34100	40
34101	40
34102	40
34103	40
34104	40
34105	40
34106	40
34107	40
34108	40
34109	40
34110	40
34111	40
34112	40
34113	40
34114	40
34115	40
34116	40
34117	40
34118	40
34119	40
34120	40
34121	40
34122	40
34123	40
34124	40
34125	40
34126	40
34127	40
34128	40
34129	40
34130	40
34131	40
34132	40
34133	40
34134	40
34135	40
34136	40
34137	40
34138	40
34139	40
34140	40
34141	40
34142	40
34143	40
34144	40
34145	40
34146	40
34147	40
34148	40
34149	40
34150	40
34151	40
34152	40
34153	41
34154	41
34155	41
34156	41
34157	41
34158	41
34159	41
34160	41
34161	41
34162	41
34163	41
34164	41
34165	41
34166	41
34167	41
34168	41
34169	41
34170	41
34171	41
34172	41
34173	41
34174	41
34175	41
34176	41
34177	41
34178	41
34179	41
34180	41
34181	41
34182	41
34183	41
34184	41
34185	41
34186	41
34187	41
34188	41
34189	41
34190	41
34191	41
34192	41
34193	41
34194	41
34195	41
34196	41
34197	41
34198	41
34199	41
34200	41
34201	41
34202	41
34203	41
34204	41
34205	41
34206	41
34207	41
34208	41
34209	41
34210	41
34211	41
34212	41
34213	41
34214	41
34215	41
34216	41
34217	41
34218	41
34219	41
34220	41
34221	41
34222	41
34223	41
34224	41
34225	41
34226	41
34227	41
34228	41
34229	41
34230	41
34231	41
34232	41
34233	41
34234	41
34235	41
34236	41
34237	41
34238	41
34239	41
34240	41
34241	41
34242	41
34243	41
34244	41
34245	41
34246	41
34247	41
34248	41
34249	41
34250	41
34251	41
34252	41
34253	41
34254	41
34255	41
34256	41
34257	41
34258	41
34259	41
34260	41
34261	41
34262	41
34263	41
34264	41
34265	41
34266	41
34267	41
34268	41
34269	41
34270	41
34271	41
34272	41
34273	41
34274	41
34275	41
34276	41
34277	41
34278	41
34279	41
34280	41
34281	41
34282	41
34283	41
34284	41
34285	41
34286	41
34287	41
34288	41
34289	41
34290	41
34291	41
34292	41
34293	41
34294	41
34295	41
34296	41
34297	41
34298	41
34299	41
34300	41
34301	41
34302	41
34303	41
34304	41
34305	41
34306	41
34307	41
34308	41
34309	41
34310	41
34311	41
34312	41
34313	41
34314	41
34315	41
34316	41
34317	41
34318	41
34319	41
34320	41
34321	41
34322	41
34323	41
34324	41
34325	41
34326	41
34327	41
34328	41
34329	41
34330	41
34331	41
34332	41
34333	41
34334	41
34335	41
34336	41
34337	41
34338	41
34339	41
34340	41
34341	41
34342	41
34343	41
34344	41
34345	41
34346	41
34347	41
34348	41
34349	41
34350	41
34351	41
34352	41
34353	41
34354	41
34355	41
34356	41
34357	41
34358	41
34359	41
34360	41
34361	41
34362	41
34363	41
34364	41
34365	41
34366	41
34367	41
34368	41
34369	41
34370	41
34371	41
34372	41
34373	41
34374	41
34375	41
34376	41
34377	41
34378	41
34379	41
34380	41
34381	41
34382	41
34383	41
34384	41
34385	41
34386	41
34387	41
34388	41
34389	41
34390	41
34391	41
34392	41
34393	41
34394	41
34395	41
34396	41
34397	41
34398	41
34399	41
34400	41
34401	41
34402	41
34403	41
34404	41
34405	41
34406	41
34407	41
34408	41
34409	41
34410	41
34411	41
34412	41
34413	41
34414	41
34415	41
34416	41
34417	41
34418	41
34419	41
34420	41
34421	41
34422	41
34423	41
34424	41
34425	41
34426	41
34427	41
34428	41
34429	41
34430	41
34431	41
34432	41
34433	41
34434	41
34435	41
34436	41
34437	41
34438	41
34439	41
34440	41
34441	41
34442	41
34443	41
34444	41
34445	41
34446	41
34447	41
34448	41
34449	41
34450	41
34451	41
34452	41
34453	41
34454	41
34455	41
34456	41
34457	41
34458	41
34459	41
34460	41
34461	41
34462	41
34463	41
34464	41
34465	41
34466	41
34467	41
34468	41
34469	41
34470	41
34471	41
34472	41
34473	41
34474	41
34475	41
34476	41
34477	41
34478	41
34479	41
34480	41
34481	41
34482	41
34483	41
34484	41
34485	41
34486	41
34487	41
34488	41
34489	41
34490	41
34491	41
34492	41
34493	41
34494	41
34495	41
34496	41
34497	41
34498	41
34499	41
34500	41
34501	41
34502	41
34503	41
34504	41
34505	41
34506	41
34507	41
34508	41
34509	41
34510	41
34511	41
34512	41
34513	41
34514	41
34515	41
34516	41
34517	41
34518	41
34519	41
34520	41
34521	41
34522	41
34523	41
34524	41
34525	41
34526	41
34527	41
34528	41
34529	41
34530	41
34531	41
34532	41
34533	41
34534	41
34535	41
34536	41
34537	41
34538	41
34539	41
34540	41
34541	41
34542	41
34543	41
34544	41
34545	41
34546	41
34547	41
34548	41
34549	41
34550	41
34551	41
34552	41
34553	41
34554	41
34555	41
34556	41
34557	41
34558	41
34559	41
34560	41
34561	41
34562	41
34563	41
34564	41
34565	41
34566	41
34567	41
34568	41
34569	41
34570	41
34571	41
34572	41
34573	41
34574	41
34575	41
34576	41
34577	41
34578	41
34579	41
34580	41
34581	41
34582	41
34583	41
34584	41
34585	41
34586	41
34587	41
34588	41
34589	41
34590	41
34591	41
34592	41
34593	41
34594	41
34595	41
34596	41
34597	41
34598	41
34599	41
34600	41
34601	41
34602	41
34603	41
34604	41
34605	41
34606	41
34607	41
34608	41
34609	41
34610	41
34611	41
34612	41
34613	41
34614	41
34615	41
34616	41
34617	41
34618	41
34619	41
34620	41
34621	41
34622	41
34623	41
34624	41
34625	41
34626	41
34627	41
34628	41
34629	41
34630	41
34631	41
34632	41
34633	41
34634	41
34635	41
34636	41
34637	41
34638	41
34639	41
34640	41
34641	41
34642	41
34643	41
34644	41
34645	41
34646	41
34647	41
34648	41
34649	41
34650	41
34651	41
34652	41
34653	41
34654	41
34655	41
34656	41
34657	41
34658	41
34659	41
34660	41
34661	41
34662	41
34663	41
34664	41
34665	41
34666	41
34667	41
34668	41
34669	41
34670	41
34671	41
34672	41
34673	41
34674	41
34675	41
34676	41
34677	41
34678	41
34679	41
34680	41
34681	41
34682	41
34683	41
34684	41
34685	41
34686	41
34687	41
34688	41
34689	41
34690	41
34691	41
34692	41
34693	41
34694	41
34695	41
34696	41
34697	41
34698	41
34699	41
34700	41
34701	41
34702	41
34703	41
34704	41
34705	41
34706	41
34707	41
34708	41
34709	41
34710	41
34711	41
34712	41
34713	41
34714	41
34715	41
34716	41
34717	41
34718	41
34719	41
34720	41
34721	41
34722	41
34723	41
34724	41
34725	41
34726	41
34727	41
34728	41
34729	41
34730	41
34731	41
34732	41
34733	41
34734	41
34735	41
34736	41
34737	41
34738	41
34739	41
34740	41
34741	41
34742	41
34743	41
34744	41
34745	41
34746	41
34747	41
34748	41
34749	41
34750	41
34751	41
34752	41
34753	41
34754	41
34755	41
34756	41
34757	41
34758	41
34759	41
34760	41
34761	41
34762	41
34763	41
34764	41
34765	41
34766	41
34767	41
34768	41
34769	41
34770	41
34771	41
34772	41
34773	41
34774	41
34775	41
34776	41
34777	41
34778	41
34779	41
34780	41
34781	41
34782	41
34783	41
34784	41
34785	41
34786	41
34787	41
34788	41
34789	41
34790	41
34791	41
34792	41
34793	41
34794	41
34795	41
34796	41
34797	41
34798	41
34799	41
34800	41
34801	41
34802	41
34803	41
34804	41
34805	41
34806	41
34807	41
34808	41
34809	41
34810	41
34811	41
34812	41
34813	41
34814	41
34815	41
34816	41
34817	41
34818	41
34819	41
34820	41
34821	41
34822	41
34823	41
34824	41
34825	41
34826	41
34827	41
34828	41
34829	41
34830	41
34831	41
34832	41
34833	41
34834	41
34835	41
34836	41
34837	41
34838	41
34839	41
34840	41
34841	41
34842	41
34843	41
34844	41
34845	41
34846	41
34847	41
34848	41
34849	41
34850	41
34851	41
34852	41
34853	41
34854	41
34855	41
34856	41
34857	41
34858	41
34859	41
34860	41
34861	41
34862	41
34863	41
34864	41
34865	41
34866	41
34867	41
34868	41
34869	41
34870	41
34871	41
34872	41
34873	41
34874	41
34875	41
34876	41
34877	41
34878	41
34879	41
34880	41
34881	41
34882	41
34883	41
34884	41
34885	41
34886	41
34887	41
34888	41
34889	41
34890	41
34891	41
34892	41
34893	41
34894	41
34895	41
34896	41
34897	41
34898	41
34899	41
34900	41
34901	41
34902	41
34903	41
34904	41
34905	41
34906	41
34907	41
34908	41
34909	41
34910	41
34911	41
34912	41
34913	41
34914	41
34915	41
34916	41
34917	41
34918	41
34919	41
34920	41
34921	41
34922	41
34923	41
34924	41
34925	41
34926	41
34927	41
34928	41
34929	41
34930	41
34931	41
34932	41
34933	41
34934	41
34935	41
34936	41
34937	41
34938	41
34939	41
34940	41
34941	41
34942	41
34943	41
34944	41
34945	41
34946	41
34947	41
34948	41
34949	41
34950	41
34951	41
34952	41
34953	41
34954	41
34955	41
34956	41
34957	41
34958	41
34959	41
34960	41
34961	41
34962	41
34963	41
34964	41
34965	41
34966	41
34967	41
34968	41
34969	41
34970	41
34971	41
34972	41
34973	41
34974	41
34975	41
34976	41
34977	41
34978	41
34979	41
34980	41
34981	41
34982	41
34983	41
34984	41
34985	41
34986	42
34987	42
34988	42
34989	42
34990	42
34991	42
34992	42
34993	42
34994	42
34995	42
34996	42
34997	42
34998	42
34999	42
35000	42
35001	42
35002	42
35003	42
35004	42
35005	42
35006	42
35007	42
35008	42
35009	42
35010	42
35011	42
35012	42
35013	42
35014	42
35015	42
35016	42
35017	42
35018	42
35019	42
35020	42
35021	42
35022	42
35023	42
35024	42
35025	42
35026	42
35027	42
35028	42
35029	42
35030	42
35031	42
35032	42
35033	42
35034	42
35035	42
35036	42
35037	42
35038	42
35039	42
35040	42
35041	42
35042	42
35043	42
35044	42
35045	42
35046	42
35047	42
35048	42
35049	42
35050	42
35051	42
35052	42
35053	42
35054	42
35055	42
35056	42
35057	42
35058	42
35059	42
35060	42
35061	42
35062	42
35063	42
35064	42
35065	42
35066	42
35067	42
35068	42
35069	42
35070	42
35071	42
35072	42
35073	42
35074	42
35075	42
35076	42
35077	42
35078	42
35079	42
35080	42
35081	42
35082	42
35083	42
35084	42
35085	42
35086	42
35087	42
35088	42
35089	42
35090	42
35091	42
35092	42
35093	42
35094	42
35095	42
35096	42
35097	42
35098	42
35099	42
35100	42
35101	42
35102	42
35103	42
35104	42
35105	42
35106	42
35107	42
35108	42
35109	42
35110	42
35111	42
35112	42
35113	42
35114	42
35115	42
35116	42
35117	42
35118	42
35119	42
35120	42
35121	42
35122	42
35123	42
35124	42
35125	42
35126	42
35127	42
35128	42
35129	42
35130	42
35131	42
35132	42
35133	42
35134	42
35135	42
35136	42
35137	42
35138	42
35139	42
35140	42
35141	42
35142	42
35143	42
35144	42
35145	42
35146	42
35147	42
35148	42
35149	42
35150	42
35151	42
35152	42
35153	42
35154	42
35155	42
35156	42
35157	42
35158	42
35159	42
35160	42
35161	42
35162	42
35163	42
35164	42
35165	42
35166	42
35167	42
35168	42
35169	42
35170	42
35171	42
35172	42
35173	42
35174	42
35175	42
35176	42
35177	42
35178	42
35179	42
35180	42
35181	42
35182	42
35183	42
35184	42
35185	42
35186	42
35187	42
35188	42
35189	42
35190	42
35191	42
35192	42
35193	42
35194	42
35195	42
35196	42
35197	42
35198	42
35199	42
35200	42
35201	42
35202	42
35203	42
35204	42
35205	42
35206	42
35207	42
35208	42
35209	42
35210	42
35211	42
35212	42
35213	42
35214	42
35215	42
35216	42
35217	42
35218	42
35219	42
35220	42
35221	42
35222	42
35223	42
35224	42
35225	42
35226	42
35227	42
35228	42
35229	42
35230	42
35231	42
35232	42
35233	42
35234	42
35235	42
35236	42
35237	42
35238	42
35239	42
35240	42
35241	42
35242	42
35243	42
35244	42
35245	42
35246	42
35247	42
35248	42
35249	42
35250	42
35251	42
35252	42
35253	42
35254	42
35255	42
35256	42
35257	42
35258	42
35259	42
35260	42
35261	42
35262	42
35263	42
35264	42
35265	42
35266	42
35267	42
35268	42
35269	42
35270	42
35271	42
35272	42
35273	42
35274	42
35275	42
35276	42
35277	42
35278	42
35279	42
35280	42
35281	42
35282	42
35283	42
35284	42
35285	42
35286	42
35287	42
35288	42
35289	42
35290	42
35291	42
35292	42
35293	42
35294	42
35295	42
35296	42
35297	42
35298	42
35299	42
35300	42
35301	42
35302	42
35303	42
35304	42
35305	42
35306	42
35307	42
35308	42
35309	42
35310	42
35311	42
35312	42
35313	42
35314	42
35315	42
35316	42
35317	42
35318	42
35319	42
35320	42
35321	42
35322	42
35323	42
35324	42
35325	42
35326	42
35327	42
35328	42
35329	42
35330	42
35331	42
35332	42
35333	42
35334	42
35335	42
35336	42
35337	42
35338	42
35339	42
35340	42
35341	42
35342	42
35343	42
35344	42
35345	42
35346	42
35347	42
35348	42
35349	42
35350	42
35351	42
35352	42
35353	42
35354	42
35355	42
35356	42
35357	42
35358	42
35359	42
35360	42
35361	42
35362	42
35363	42
35364	42
35365	42
35366	42
35367	42
35368	42
35369	42
35370	42
35371	42
35372	42
35373	42
35374	42
35375	42
35376	42
35377	42
35378	42
35379	42
35380	42
35381	42
35382	42
35383	42
35384	42
35385	42
35386	42
35387	42
35388	42
35389	42
35390	42
35391	42
35392	42
35393	42
35394	42
35395	42
35396	42
35397	42
35398	42
35399	42
35400	42
35401	42
35402	42
35403	42
35404	42
35405	42
35406	42
35407	42
35408	42
35409	42
35410	42
35411	42
35412	42
35413	42
35414	42
35415	42
35416	42
35417	42
35418	42
35419	42
35420	42
35421	42
35422	42
35423	42
35424	42
35425	42
35426	42
35427	42
35428	42
35429	42
35430	42
35431	42
35432	42
35433	42
35434	42
35435	42
35436	42
35437	42
35438	42
35439	42
35440	42
35441	42
35442	42
35443	42
35444	42
35445	42
35446	42
35447	42
35448	42
35449	42
35450	42
35451	42
35452	42
35453	42
35454	42
35455	42
35456	42
35457	42
35458	42
35459	42
35460	42
35461	42
35462	42
35463	42
35464	42
35465	42
35466	42
35467	42
35468	42
35469	42
35470	42
35471	42
35472	42
35473	42
35474	42
35475	42
35476	42
35477	42
35478	42
35479	42
35480	42
35481	42
35482	42
35483	42
35484	42
35485	42
35486	42
35487	42
35488	42
35489	42
35490	42
35491	42
35492	42
35493	42
35494	42
35495	42
35496	42
35497	42
35498	42
35499	42
35500	42
35501	42
35502	42
35503	42
35504	42
35505	42
35506	42
35507	42
35508	42
35509	42
35510	42
35511	42
35512	42
35513	42
35514	42
35515	42
35516	42
35517	42
35518	42
35519	42
35520	42
35521	42
35522	42
35523	42
35524	42
35525	42
35526	42
35527	42
35528	42
35529	42
35530	42
35531	42
35532	42
35533	42
35534	42
35535	42
35536	42
35537	42
35538	42
35539	42
35540	42
35541	42
35542	42
35543	42
35544	42
35545	42
35546	42
35547	42
35548	42
35549	42
35550	42
35551	42
35552	42
35553	42
35554	42
35555	42
35556	42
35557	42
35558	42
35559	42
35560	42
35561	42
35562	42
35563	42
35564	42
35565	42
35566	42
35567	42
35568	42
35569	42
35570	42
35571	42
35572	42
35573	42
35574	42
35575	42
35576	42
35577	42
35578	42
35579	42
35580	42
35581	42
35582	42
35583	42
35584	42
35585	42
35586	42
35587	42
35588	42
35589	42
35590	42
35591	42
35592	42
35593	42
35594	42
35595	42
35596	42
35597	42
35598	42
35599	42
35600	42
35601	42
35602	42
35603	42
35604	42
35605	42
35606	42
35607	42
35608	42
35609	42
35610	42
35611	42
35612	42
35613	42
35614	42
35615	42
35616	42
35617	42
35618	42
35619	42
35620	42
35621	42
35622	42
35623	42
35624	42
35625	42
35626	42
35627	42
35628	42
35629	42
35630	42
35631	42
35632	42
35633	42
35634	42
35635	42
35636	42
35637	42
35638	42
35639	42
35640	42
35641	42
35642	42
35643	42
35644	42
35645	42
35646	42
35647	42
35648	42
35649	42
35650	42
35651	42
35652	42
35653	42
35654	42
35655	42
35656	42
35657	42
35658	42
35659	42
35660	42
35661	42
35662	42
35663	42
35664	42
35665	42
35666	42
35667	42
35668	42
35669	42
35670	42
35671	42
35672	42
35673	42
35674	42
35675	42
35676	42
35677	42
35678	42
35679	42
35680	42
35681	42
35682	42
35683	42
35684	42
35685	42
35686	42
35687	42
35688	42
35689	42
35690	42
35691	42
35692	42
35693	42
35694	42
35695	42
35696	42
35697	42
35698	42
35699	42
35700	42
35701	42
35702	42
35703	42
35704	42
35705	42
35706	42
35707	42
35708	42
35709	42
35710	42
35711	42
35712	42
35713	42
35714	42
35715	42
35716	42
35717	42
35718	42
35719	42
35720	42
35721	42
35722	42
35723	42
35724	42
35725	42
35726	42
35727	42
35728	42
35729	42
35730	42
35731	42
35732	42
35733	42
35734	42
35735	42
35736	42
35737	42
35738	42
35739	42
35740	42
35741	42
35742	42
35743	42
35744	42
35745	42
35746	42
35747	42
35748	42
35749	42
35750	42
35751	42
35752	42
35753	42
35754	42
35755	42
35756	42
35757	42
35758	42
35759	42
35760	42
35761	42
35762	42
35763	42
35764	42
35765	42
35766	42
35767	42
35768	42
35769	42
35770	42
35771	42
35772	42
35773	42
35774	42
35775	42
35776	42
35777	42
35778	42
35779	42
35780	42
35781	42
35782	42
35783	42
35784	42
35785	42
35786	42
35787	42
35788	42
35789	42
35790	42
35791	42
35792	42
35793	42
35794	42
35795	42
35796	42
35797	42
35798	42
35799	42
35800	42
35801	42
35802	42
35803	42
35804	42
35805	42
35806	42
35807	42
35808	42
35809	42
35810	42
35811	42
35812	42
35813	42
35814	42
35815	42
35816	42
35817	42
35818	42
35819	43
35820	43
35821	43
35822	43
35823	43
35824	43
35825	43
35826	43
35827	43
35828	43
35829	43
35830	43
35831	43
35832	43
35833	43
35834	43
35835	43
35836	43
35837	43
35838	43
35839	43
35840	43
35841	43
35842	43
35843	43
35844	43
35845	43
35846	43
35847	43
35848	43
35849	43
35850	43
35851	43
35852	43
35853	43
35854	43
35855	43
35856	43
35857	43
35858	43
35859	43
35860	43
35861	43
35862	43
35863	43
35864	43
35865	43
35866	43
35867	43
35868	43
35869	43
35870	43
35871	43
35872	43
35873	43
35874	43
35875	43
35876	43
35877	43
35878	43
35879	43
35880	43
35881	43
35882	43
35883	43
35884	43
35885	43
35886	43
35887	43
35888	43
35889	43
35890	43
35891	43
35892	43
35893	43
35894	43
35895	43
35896	43
35897	43
35898	43
35899	43
35900	43
35901	43
35902	43
35903	43
35904	43
35905	43
35906	43
35907	43
35908	43
35909	43
35910	43
35911	43
35912	43
35913	43
35914	43
35915	43
35916	43
35917	43
35918	43
35919	43
35920	43
35921	43
35922	43
35923	43
35924	43
35925	43
35926	43
35927	43
35928	43
35929	43
35930	43
35931	43
35932	43
35933	43
35934	43
35935	43
35936	43
35937	43
35938	43
35939	43
35940	43
35941	43
35942	43
35943	43
35944	43
35945	43
35946	43
35947	43
35948	43
35949	43
35950	43
35951	43
35952	43
35953	43
35954	43
35955	43
35956	43
35957	43
35958	43
35959	43
35960	43
35961	43
35962	43
35963	43
35964	43
35965	43
35966	43
35967	43
35968	43
35969	43
35970	43
35971	43
35972	43
35973	43
35974	43
35975	43
35976	43
35977	43
35978	43
35979	43
35980	43
35981	43
35982	43
35983	43
35984	43
35985	43
35986	43
35987	43
35988	43
35989	43
35990	43
35991	43
35992	43
35993	43
35994	43
35995	43
35996	43
35997	43
35998	43
35999	43
36000	43
36001	43
36002	43
36003	43
36004	43
36005	43
36006	43
36007	43
36008	43
36009	43
36010	43
36011	43
36012	43
36013	43
36014	43
36015	43
36016	43
36017	43
36018	43
36019	43
36020	43
36021	43
36022	43
36023	43
36024	43
36025	43
36026	43
36027	43
36028	43
36029	43
36030	43
36031	43
36032	43
36033	43
36034	43
36035	43
36036	43
36037	43
36038	43
36039	43
36040	43
36041	43
36042	43
36043	43
36044	43
36045	43
36046	43
36047	43
36048	43
36049	43
36050	43
36051	43
36052	43
36053	43
36054	43
36055	43
36056	43
36057	43
36058	43
36059	43
36060	43
36061	43
36062	43
36063	43
36064	43
36065	43
36066	43
36067	43
36068	43
36069	43
36070	43
36071	43
36072	43
36073	43
36074	43
36075	43
36076	43
36077	43
36078	43
36079	43
36080	43
36081	43
36082	43
36083	43
36084	43
36085	43
36086	43
36087	43
36088	43
36089	43
36090	43
36091	43
36092	43
36093	43
36094	43
36095	43
36096	43
36097	43
36098	43
36099	43
36100	43
36101	43
36102	43
36103	43
36104	43
36105	43
36106	43
36107	43
36108	43
36109	43
36110	43
36111	43
36112	43
36113	43
36114	43
36115	43
36116	43
36117	43
36118	43
36119	43
36120	43
36121	43
36122	43
36123	43
36124	43
36125	43
36126	43
36127	43
36128	43
36129	43
36130	43
36131	43
36132	43
36133	43
36134	43
36135	43
36136	43
36137	43
36138	43
36139	43
36140	43
36141	43
36142	43
36143	43
36144	43
36145	43
36146	43
36147	43
36148	43
36149	43
36150	43
36151	43
36152	43
36153	43
36154	43
36155	43
36156	43
36157	43
36158	43
36159	43
36160	43
36161	43
36162	43
36163	43
36164	43
36165	43
36166	43
36167	43
36168	43
36169	43
36170	43
36171	43
36172	43
36173	43
36174	43
36175	43
36176	43
36177	43
36178	43
36179	43
36180	43
36181	43
36182	43
36183	43
36184	43
36185	43
36186	43
36187	43
36188	43
36189	43
36190	43
36191	43
36192	43
36193	43
36194	43
36195	43
36196	43
36197	43
36198	43
36199	43
36200	43
36201	43
36202	43
36203	43
36204	43
36205	43
36206	43
36207	43
36208	43
36209	43
36210	43
36211	43
36212	43
36213	43
36214	43
36215	43
36216	43
36217	43
36218	43
36219	43
36220	43
36221	43
36222	43
36223	43
36224	43
36225	43
36226	43
36227	43
36228	43
36229	43
36230	43
36231	43
36232	43
36233	43
36234	43
36235	43
36236	43
36237	43
36238	43
36239	43
36240	43
36241	43
36242	43
36243	43
36244	43
36245	43
36246	43
36247	43
36248	43
36249	43
36250	43
36251	43
36252	43
36253	43
36254	43
36255	43
36256	43
36257	43
36258	43
36259	43
36260	43
36261	43
36262	43
36263	43
36264	43
36265	43
36266	43
36267	43
36268	43
36269	43
36270	43
36271	43
36272	43
36273	43
36274	43
36275	43
36276	43
36277	43
36278	43
36279	43
36280	43
36281	43
36282	43
36283	43
36284	43
36285	43
36286	43
36287	43
36288	43
36289	43
36290	43
36291	43
36292	43
36293	43
36294	43
36295	43
36296	43
36297	43
36298	43
36299	43
36300	43
36301	43
36302	43
36303	43
36304	43
36305	43
36306	43
36307	43
36308	43
36309	43
36310	43
36311	43
36312	43
36313	43
36314	43
36315	43
36316	43
36317	43
36318	43
36319	43
36320	43
36321	43
36322	43
36323	43
36324	43
36325	43
36326	43
36327	43
36328	43
36329	43
36330	43
36331	43
36332	43
36333	43
36334	43
36335	43
36336	43
36337	43
36338	43
36339	43
36340	43
36341	43
36342	43
36343	43
36344	43
36345	43
36346	43
36347	43
36348	43
36349	43
36350	43
36351	43
36352	43
36353	43
36354	43
36355	43
36356	43
36357	43
36358	43
36359	43
36360	43
36361	43
36362	43
36363	43
36364	43
36365	43
36366	43
36367	43
36368	43
36369	43
36370	43
36371	43
36372	43
36373	43
36374	43
36375	43
36376	43
36377	43
36378	43
36379	43
36380	43
36381	43
36382	43
36383	43
36384	43
36385	43
36386	43
36387	43
36388	43
36389	43
36390	43
36391	43
36392	43
36393	43
36394	43
36395	43
36396	43
36397	43
36398	43
36399	43
36400	43
36401	43
36402	43
36403	43
36404	43
36405	43
36406	43
36407	43
36408	43
36409	43
36410	43
36411	43
36412	43
36413	43
36414	43
36415	43
36416	43
36417	43
36418	43
36419	43
36420	43
36421	43
36422	43
36423	43
36424	43
36425	43
36426	43
36427	43
36428	43
36429	43
36430	43
36431	43
36432	43
36433	43
36434	43
36435	43
36436	43
36437	43
36438	43
36439	43
36440	43
36441	43
36442	43
36443	43
36444	43
36445	43
36446	43
36447	43
36448	43
36449	43
36450	43
36451	43
36452	43
36453	43
36454	43
36455	43
36456	43
36457	43
36458	43
36459	43
36460	43
36461	43
36462	43
36463	43
36464	43
36465	43
36466	43
36467	43
36468	43
36469	43
36470	43
36471	43
36472	43
36473	43
36474	43
36475	43
36476	43
36477	43
36478	43
36479	43
36480	43
36481	43
36482	43
36483	43
36484	43
36485	43
36486	43
36487	43
36488	43
36489	43
36490	43
36491	43
36492	43
36493	43
36494	43
36495	43
36496	43
36497	43
36498	43
36499	43
36500	43
36501	43
36502	43
36503	43
36504	43
36505	43
36506	43
36507	43
36508	43
36509	43
36510	43
36511	43
36512	43
36513	43
36514	43
36515	43
36516	43
36517	43
36518	43
36519	43
36520	43
36521	43
36522	43
36523	43
36524	43
36525	43
36526	43
36527	43
36528	43
36529	43
36530	43
36531	43
36532	43
36533	43
36534	43
36535	43
36536	43
36537	43
36538	43
36539	43
36540	43
36541	43
36542	43
36543	43
36544	43
36545	43
36546	43
36547	43
36548	43
36549	43
36550	43
36551	43
36552	43
36553	43
36554	43
36555	43
36556	43
36557	43
36558	43
36559	43
36560	43
36561	43
36562	43
36563	43
36564	43
36565	43
36566	43
36567	43
36568	43
36569	43
36570	43
36571	43
36572	43
36573	43
36574	43
36575	43
36576	43
36577	43
36578	43
36579	43
36580	43
36581	43
36582	43
36583	43
36584	43
36585	43
36586	43
36587	43
36588	43
36589	43
36590	43
36591	43
36592	43
36593	43
36594	43
36595	43
36596	43
36597	43
36598	43
36599	43
36600	43
36601	43
36602	43
36603	43
36604	43
36605	43
36606	43
36607	43
36608	43
36609	43
36610	43
36611	43
36612	43
36613	43
36614	43
36615	43
36616	43
36617	43
36618	43
36619	43
36620	43
36621	43
36622	43
36623	43
36624	43
36625	43
36626	43
36627	43
36628	43
36629	43
36630	43
36631	43
36632	43
36633	43
36634	43
36635	43
36636	43
36637	43
36638	43
36639	43
36640	43
36641	43
36642	43
36643	43
36644	43
36645	43
36646	43
36647	43
36648	43
36649	43
36650	43
36651	43
36652	44
36653	44
36654	44
36655	44
36656	44
36657	44
36658	44
36659	44
36660	44
36661	44
36662	44
36663	44
36664	44
36665	44
36666	44
36667	44
36668	44
36669	44
36670	44
36671	44
36672	44
36673	44
36674	44
36675	44
36676	44
36677	44
36678	44
36679	44
36680	44
36681	44
36682	44
36683	44
36684	44
36685	44
36686	44
36687	44
36688	44
36689	44
36690	44
36691	44
36692	44
36693	44
36694	44
36695	44
36696	44
36697	44
36698	44
36699	44
36700	44
36701	44
36702	44
36703	44
36704	44
36705	44
36706	44
36707	44
36708	44
36709	44
36710	44
36711	44
36712	44
36713	44
36714	44
36715	44
36716	44
36717	44
36718	44
36719	44
36720	44
36721	44
36722	44
36723	44
36724	44
36725	44
36726	44
36727	44
36728	44
36729	44
36730	44
36731	44
36732	44
36733	44
36734	44
36735	44
36736	44
36737	44
36738	44
36739	44
36740	44
36741	44
36742	44
36743	44
36744	44
36745	44
36746	44
36747	44
36748	44
36749	44
36750	44
36751	44
36752	44
36753	44
36754	44
36755	44
36756	44
36757	44
36758	44
36759	44
36760	44
36761	44
36762	44
36763	44
36764	44
36765	44
36766	44
36767	44
36768	44
36769	44
36770	44
36771	44
36772	44
36773	44
36774	44
36775	44
36776	44
36777	44
36778	44
36779	44
36780	44
36781	44
36782	44
36783	44
36784	44
36785	44
36786	44
36787	44
36788	44
36789	44
36790	44
36791	44
36792	44
36793	44
36794	44
36795	44
36796	44
36797	44
36798	44
36799	44
36800	44
36801	44
36802	44
36803	44
36804	44
36805	44
36806	44
36807	44
36808	44
36809	44
36810	44
36811	44
36812	44
36813	44
36814	44
36815	44
36816	44
36817	44
36818	44
36819	44
36820	44
36821	44
36822	44
36823	44
36824	44
36825	44
36826	44
36827	44
36828	44
36829	44
36830	44
36831	44
36832	44
36833	44
36834	44
36835	44
36836	44
36837	44
36838	44
36839	44
36840	44
36841	44
36842	44
36843	44
36844	44
36845	44
36846	44
36847	44
36848	44
36849	44
36850	44
36851	44
36852	44
36853	44
36854	44
36855	44
36856	44
36857	44
36858	44
36859	44
36860	44
36861	44
36862	44
36863	44
36864	44
36865	44
36866	44
36867	44
36868	44
36869	44
36870	44
36871	44
36872	44
36873	44
36874	44
36875	44
36876	44
36877	44
36878	44
36879	44
36880	44
36881	44
36882	44
36883	44
36884	44
36885	44
36886	44
36887	44
36888	44
36889	44
36890	44
36891	44
36892	44
36893	44
36894	44
36895	44
36896	44
36897	44
36898	44
36899	44
36900	44
36901	44
36902	44
36903	44
36904	44
36905	44
36906	44
36907	44
36908	44
36909	44
36910	44
36911	44
36912	44
36913	44
36914	44
36915	44
36916	44
36917	44
36918	44
36919	44
36920	44
36921	44
36922	44
36923	44
36924	44
36925	44
36926	44
36927	44
36928	44
36929	44
36930	44
36931	44
36932	44
36933	44
36934	44
36935	44
36936	44
36937	44
36938	44
36939	44
36940	44
36941	44
36942	44
36943	44
36944	44
36945	44
36946	44
36947	44
36948	44
36949	44
36950	44
36951	44
36952	44
36953	44
36954	44
36955	44
36956	44
36957	44
36958	44
36959	44
36960	44
36961	44
36962	44
36963	44
36964	44
36965	44
36966	44
36967	44
36968	44
36969	44
36970	44
36971	44
36972	44
36973	44
36974	44
36975	44
36976	44
36977	44
36978	44
36979	44
36980	44
36981	44
36982	44
36983	44
36984	44
36985	44
36986	44
36987	44
36988	44
36989	44
36990	44
36991	44
36992	44
36993	44
36994	44
36995	44
36996	44
36997	44
36998	44
36999	44
37000	44
37001	44
37002	44
37003	44
37004	44
37005	44
37006	44
37007	44
37008	44
37009	44
37010	44
37011	44
37012	44
37013	44
37014	44
37015	44
37016	44
37017	44
37018	44
37019	44
37020	44
37021	44
37022	44
37023	44
37024	44
37025	44
37026	44
37027	44
37028	44
37029	44
37030	44
37031	44
37032	44
37033	44
37034	44
37035	44
37036	44
37037	44
37038	44
37039	44
37040	44
37041	44
37042	44
37043	44
37044	44
37045	44
37046	44
37047	44
37048	44
37049	44
37050	44
37051	44
37052	44
37053	44
37054	44
37055	44
37056	44
37057	44
37058	44
37059	44
37060	44
37061	44
37062	44
37063	44
37064	44
37065	44
37066	44
37067	44
37068	44
37069	44
37070	44
37071	44
37072	44
37073	44
37074	44
37075	44
37076	44
37077	44
37078	44
37079	44
37080	44
37081	44
37082	44
37083	44
37084	44
37085	44
37086	44
37087	44
37088	44
37089	44
37090	44
37091	44
37092	44
37093	44
37094	44
37095	44
37096	44
37097	44
37098	44
37099	44
37100	44
37101	44
37102	44
37103	44
37104	44
37105	44
37106	44
37107	44
37108	44
37109	44
37110	44
37111	44
37112	44
37113	44
37114	44
37115	44
37116	44
37117	44
37118	44
37119	44
37120	44
37121	44
37122	44
37123	44
37124	44
37125	44
37126	44
37127	44
37128	44
37129	44
37130	44
37131	44
37132	44
37133	44
37134	44
37135	44
37136	44
37137	44
37138	44
37139	44
37140	44
37141	44
37142	44
37143	44
37144	44
37145	44
37146	44
37147	44
37148	44
37149	44
37150	44
37151	44
37152	44
37153	44
37154	44
37155	44
37156	44
37157	44
37158	44
37159	44
37160	44
37161	44
37162	44
37163	44
37164	44
37165	44
37166	44
37167	44
37168	44
37169	44
37170	44
37171	44
37172	44
37173	44
37174	44
37175	44
37176	44
37177	44
37178	44
37179	44
37180	44
37181	44
37182	44
37183	44
37184	44
37185	44
37186	44
37187	44
37188	44
37189	44
37190	44
37191	44
37192	44
37193	44
37194	44
37195	44
37196	44
37197	44
37198	44
37199	44
37200	44
37201	44
37202	44
37203	44
37204	44
37205	44
37206	44
37207	44
37208	44
37209	44
37210	44
37211	44
37212	44
37213	44
37214	44
37215	44
37216	44
37217	44
37218	44
37219	44
37220	44
37221	44
37222	44
37223	44
37224	44
37225	44
37226	44
37227	44
37228	44
37229	44
37230	44
37231	44
37232	44
37233	44
37234	44
37235	44
37236	44
37237	44
37238	44
37239	44
37240	44
37241	44
37242	44
37243	44
37244	44
37245	44
37246	44
37247	44
37248	44
37249	44
37250	44
37251	44
37252	44
37253	44
37254	44
37255	44
37256	44
37257	44
37258	44
37259	44
37260	44
37261	44
37262	44
37263	44
37264	44
37265	44
37266	44
37267	44
37268	44
37269	44
37270	44
37271	44
37272	44
37273	44
37274	44
37275	44
37276	44
37277	44
37278	44
37279	44
37280	44
37281	44
37282	44
37283	44
37284	44
37285	44
37286	44
37287	44
37288	44
37289	44
37290	44
37291	44
37292	44
37293	44
37294	44
37295	44
37296	44
37297	44
37298	44
37299	44
37300	44
37301	44
37302	44
37303	44
37304	44
37305	44
37306	44
37307	44
37308	44
37309	44
37310	44
37311	44
37312	44
37313	44
37314	44
37315	44
37316	44
37317	44
37318	44
37319	44
37320	44
37321	44
37322	44
37323	44
37324	44
37325	44
37326	44
37327	44
37328	44
37329	44
37330	44
37331	44
37332	44
37333	44
37334	44
37335	44
37336	44
37337	44
37338	44
37339	44
37340	44
37341	44
37342	44
37343	44
37344	44
37345	44
37346	44
37347	44
37348	44
37349	44
37350	44
37351	44
37352	44
37353	44
37354	44
37355	44
37356	44
37357	44
37358	44
37359	44
37360	44
37361	44
37362	44
37363	44
37364	44
37365	44
37366	44
37367	44
37368	44
37369	44
37370	44
37371	44
37372	44
37373	44
37374	44
37375	44
37376	44
37377	44
37378	44
37379	44
37380	44
37381	44
37382	44
37383	44
37384	44
37385	44
37386	44
37387	44
37388	44
37389	44
37390	44
37391	44
37392	44
37393	44
37394	44
37395	44
37396	44
37397	44
37398	44
37399	44
37400	44
37401	44
37402	44
37403	44
37404	44
37405	44
37406	44
37407	44
37408	44
37409	44
37410	44
37411	44
37412	44
37413	44
37414	44
37415	44
37416	44
37417	44
37418	44
37419	44
37420	44
37421	44
37422	44
37423	44
37424	44
37425	44
37426	44
37427	44
37428	44
37429	44
37430	44
37431	44
37432	44
37433	44
37434	44
37435	44
37436	44
37437	44
37438	44
37439	44
37440	44
37441	44
37442	44
37443	44
37444	44
37445	44
37446	44
37447	44
37448	44
37449	44
37450	44
37451	44
37452	44
37453	44
37454	44
37455	44
37456	44
37457	44
37458	44
37459	44
37460	44
37461	44
37462	44
37463	44
37464	44
37465	44
37466	44
37467	44
37468	44
37469	44
37470	44
37471	44
37472	44
37473	44
37474	44
37475	44
37476	44
37477	44
37478	44
37479	44
37480	44
37481	44
37482	44
37483	44
37484	44
37485	45
37486	45
37487	45
37488	45
37489	45
37490	45
37491	45
37492	45
37493	45
37494	45
37495	45
37496	45
37497	45
37498	45
37499	45
37500	45
37501	45
37502	45
37503	45
37504	45
37505	45
37506	45
37507	45
37508	45
37509	45
37510	45
37511	45
37512	45
37513	45
37514	45
37515	45
37516	45
37517	45
37518	45
37519	45
37520	45
37521	45
37522	45
37523	45
37524	45
37525	45
37526	45
37527	45
37528	45
37529	45
37530	45
37531	45
37532	45
37533	45
37534	45
37535	45
37536	45
37537	45
37538	45
37539	45
37540	45
37541	45
37542	45
37543	45
37544	45
37545	45
37546	45
37547	45
37548	45
37549	45
37550	45
37551	45
37552	45
37553	45
37554	45
37555	45
37556	45
37557	45
37558	45
37559	45
37560	45
37561	45
37562	45
37563	45
37564	45
37565	45
37566	45
37567	45
37568	45
37569	45
37570	45
37571	45
37572	45
37573	45
37574	45
37575	45
37576	45
37577	45
37578	45
37579	45
37580	45
37581	45
37582	45
37583	45
37584	45
37585	45
37586	45
37587	45
37588	45
37589	45
37590	45
37591	45
37592	45
37593	45
37594	45
37595	45
37596	45
37597	45
37598	45
37599	45
37600	45
37601	45
37602	45
37603	45
37604	45
37605	45
37606	45
37607	45
37608	45
37609	45
37610	45
37611	45
37612	45
37613	45
37614	45
37615	45
37616	45
37617	45
37618	45
37619	45
37620	45
37621	45
37622	45
37623	45
37624	45
37625	45
37626	45
37627	45
37628	45
37629	45
37630	45
37631	45
37632	45
37633	45
37634	45
37635	45
37636	45
37637	45
37638	45
37639	45
37640	45
37641	45
37642	45
37643	45
37644	45
37645	45
37646	45
37647	45
37648	45
37649	45
37650	45
37651	45
37652	45
37653	45
37654	45
37655	45
37656	45
37657	45
37658	45
37659	45
37660	45
37661	45
37662	45
37663	45
37664	45
37665	45
37666	45
37667	45
37668	45
37669	45
37670	45
37671	45
37672	45
37673	45
37674	45
37675	45
37676	45
37677	45
37678	45
37679	45
37680	45
37681	45
37682	45
37683	45
37684	45
37685	45
37686	45
37687	45
37688	45
37689	45
37690	45
37691	45
37692	45
37693	45
37694	45
37695	45
37696	45
37697	45
37698	45
37699	45
37700	45
37701	45
37702	45
37703	45
37704	45
37705	45
37706	45
37707	45
37708	45
37709	45
37710	45
37711	45
37712	45
37713	45
37714	45
37715	45
37716	45
37717	45
37718	45
37719	45
37720	45
37721	45
37722	45
37723	45
37724	45
37725	45
37726	45
37727	45
37728	45
37729	45
37730	45
37731	45
37732	45
37733	45
37734	45
37735	45
37736	45
37737	45
37738	45
37739	45
37740	45
37741	45
37742	45
37743	45
37744	45
37745	45
37746	45
37747	45
37748	45
37749	45
37750	45
37751	45
37752	45
37753	45
37754	45
37755	45
37756	45
37757	45
37758	45
37759	45
37760	45
37761	45
37762	45
37763	45
37764	45
37765	45
37766	45
37767	45
37768	45
37769	45
37770	45
37771	45
37772	45
37773	45
37774	45
37775	45
37776	45
37777	45
37778	45
37779	45
37780	45
37781	45
37782	45
37783	45
37784	45
37785	45
37786	45
37787	45
37788	45
37789	45
37790	45
37791	45
37792	45
37793	45
37794	45
37795	45
37796	45
37797	45
37798	45
37799	45
37800	45
37801	45
37802	45
37803	45
37804	45
37805	45
37806	45
37807	45
37808	45
37809	45
37810	45
37811	45
37812	45
37813	45
37814	45
37815	45
37816	45
37817	45
37818	45
37819	45
37820	45
37821	45
37822	45
37823	45
37824	45
37825	45
37826	45
37827	45
37828	45
37829	45
37830	45
37831	45
37832	45
37833	45
37834	45
37835	45
37836	45
37837	45
37838	45
37839	45
37840	45
37841	45
37842	45
37843	45
37844	45
37845	45
37846	45
37847	45
37848	45
37849	45
37850	45
37851	45
37852	45
37853	45
37854	45
37855	45
37856	45
37857	45
37858	45
37859	45
37860	45
37861	45
37862	45
37863	45
37864	45
37865	45
37866	45
37867	45
37868	45
37869	45
37870	45
37871	45
37872	45
37873	45
37874	45
37875	45
37876	45
37877	45
37878	45
37879	45
37880	45
37881	45
37882	45
37883	45
37884	45
37885	45
37886	45
37887	45
37888	45
37889	45
37890	45
37891	45
37892	45
37893	45
37894	45
37895	45
37896	45
37897	45
37898	45
37899	45
37900	45
37901	45
37902	45
37903	45
37904	45
37905	45
37906	45
37907	45
37908	45
37909	45
37910	45
37911	45
37912	45
37913	45
37914	45
37915	45
37916	45
37917	45
37918	45
37919	45
37920	45
37921	45
37922	45
37923	45
37924	45
37925	45
37926	45
37927	45
37928	45
37929	45
37930	45
37931	45
37932	45
37933	45
37934	45
37935	45
37936	45
37937	45
37938	45
37939	45
37940	45
37941	45
37942	45
37943	45
37944	45
37945	45
37946	45
37947	45
37948	45
37949	45
37950	45
37951	45
37952	45
37953	45
37954	45
37955	45
37956	45
37957	45
37958	45
37959	45
37960	45
37961	45
37962	45
37963	45
37964	45
37965	45
37966	45
37967	45
37968	45
37969	45
37970	45
37971	45
37972	45
37973	45
37974	45
37975	45
37976	45
37977	45
37978	45
37979	45
37980	45
37981	45
37982	45
37983	45
37984	45
37985	45
37986	45
37987	45
37988	45
37989	45
37990	45
37991	45
37992	45
37993	45
37994	45
37995	45
37996	45
37997	45
37998	45
37999	45
38000	45
38001	45
38002	45
38003	45
38004	45
38005	45
38006	45
38007	45
38008	45
38009	45
38010	45
38011	45
38012	45
38013	45
38014	45
38015	45
38016	45
38017	45
38018	45
38019	45
38020	45
38021	45
38022	45
38023	45
38024	45
38025	45
38026	45
38027	45
38028	45
38029	45
38030	45
38031	45
38032	45
38033	45
38034	45
38035	45
38036	45
38037	45
38038	45
38039	45
38040	45
38041	45
38042	45
38043	45
38044	45
38045	45
38046	45
38047	45
38048	45
38049	45
38050	45
38051	45
38052	45
38053	45
38054	45
38055	45
38056	45
38057	45
38058	45
38059	45
38060	45
38061	45
38062	45
38063	45
38064	45
38065	45
38066	45
38067	45
38068	45
38069	45
38070	45
38071	45
38072	45
38073	45
38074	45
38075	45
38076	45
38077	45
38078	45
38079	45
38080	45
38081	45
38082	45
38083	45
38084	45
38085	45
38086	45
38087	45
38088	45
38089	45
38090	45
38091	45
38092	45
38093	45
38094	45
38095	45
38096	45
38097	45
38098	45
38099	45
38100	45
38101	45
38102	45
38103	45
38104	45
38105	45
38106	45
38107	45
38108	45
38109	45
38110	45
38111	45
38112	45
38113	45
38114	45
38115	45
38116	45
38117	45
38118	45
38119	45
38120	45
38121	45
38122	45
38123	45
38124	45
38125	45
38126	45
38127	45
38128	45
38129	45
38130	45
38131	45
38132	45
38133	45
38134	45
38135	45
38136	45
38137	45
38138	45
38139	45
38140	45
38141	45
38142	45
38143	45
38144	45
38145	45
38146	45
38147	45
38148	45
38149	45
38150	45
38151	45
38152	45
38153	45
38154	45
38155	45
38156	45
38157	45
38158	45
38159	45
38160	45
38161	45
38162	45
38163	45
38164	45
38165	45
38166	45
38167	45
38168	45
38169	45
38170	45
38171	45
38172	45
38173	45
38174	45
38175	45
38176	45
38177	45
38178	45
38179	45
38180	45
38181	45
38182	45
38183	45
38184	45
38185	45
38186	45
38187	45
38188	45
38189	45
38190	45
38191	45
38192	45
38193	45
38194	45
38195	45
38196	45
38197	45
38198	45
38199	45
38200	45
38201	45
38202	45
38203	45
38204	45
38205	45
38206	45
38207	45
38208	45
38209	45
38210	45
38211	45
38212	45
38213	45
38214	45
38215	45
38216	45
38217	45
38218	45
38219	45
38220	45
38221	45
38222	45
38223	45
38224	45
38225	45
38226	45
38227	45
38228	45
38229	45
38230	45
38231	45
38232	45
38233	45
38234	45
38235	45
38236	45
38237	45
38238	45
38239	45
38240	45
38241	45
38242	45
38243	45
38244	45
38245	45
38246	45
38247	45
38248	45
38249	45
38250	45
38251	45
38252	45
38253	45
38254	45
38255	45
38256	45
38257	45
38258	45
38259	45
38260	45
38261	45
38262	45
38263	45
38264	45
38265	45
38266	45
38267	45
38268	45
38269	45
38270	45
38271	45
38272	45
38273	45
38274	45
38275	45
38276	45
38277	45
38278	45
38279	45
38280	45
38281	45
38282	45
38283	45
38284	45
38285	45
38286	45
38287	45
38288	45
38289	45
38290	45
38291	45
38292	45
38293	45
38294	45
38295	45
38296	45
38297	45
38298	45
38299	45
38300	45
38301	45
38302	45
38303	45
38304	45
38305	45
38306	45
38307	45
38308	45
38309	45
38310	45
38311	45
38312	45
38313	45
38314	45
38315	45
38316	45
38317	45
38318	46
38319	46
38320	46
38321	46
38322	46
38323	46
38324	46
38325	46
38326	46
38327	46
38328	46
38329	46
38330	46
38331	46
38332	46
38333	46
38334	46
38335	46
38336	46
38337	46
38338	46
38339	46
38340	46
38341	46
38342	46
38343	46
38344	46
38345	46
38346	46
38347	46
38348	46
38349	46
38350	46
38351	46
38352	46
38353	46
38354	46
38355	46
38356	46
38357	46
38358	46
38359	46
38360	46
38361	46
38362	46
38363	46
38364	46
38365	46
38366	46
38367	46
38368	46
38369	46
38370	46
38371	46
38372	46
38373	46
38374	46
38375	46
38376	46
38377	46
38378	46
38379	46
38380	46
38381	46
38382	46
38383	46
38384	46
38385	46
38386	46
38387	46
38388	46
38389	46
38390	46
38391	46
38392	46
38393	46
38394	46
38395	46
38396	46
38397	46
38398	46
38399	46
38400	46
38401	46
38402	46
38403	46
38404	46
38405	46
38406	46
38407	46
38408	46
38409	46
38410	46
38411	46
38412	46
38413	46
38414	46
38415	46
38416	46
38417	46
38418	46
38419	46
38420	46
38421	46
38422	46
38423	46
38424	46
38425	46
38426	46
38427	46
38428	46
38429	46
38430	46
38431	46
38432	46
38433	46
38434	46
38435	46
38436	46
38437	46
38438	46
38439	46
38440	46
38441	46
38442	46
38443	46
38444	46
38445	46
38446	46
38447	46
38448	46
38449	46
38450	46
38451	46
38452	46
38453	46
38454	46
38455	46
38456	46
38457	46
38458	46
38459	46
38460	46
38461	46
38462	46
38463	46
38464	46
38465	46
38466	46
38467	46
38468	46
38469	46
38470	46
38471	46
38472	46
38473	46
38474	46
38475	46
38476	46
38477	46
38478	46
38479	46
38480	46
38481	46
38482	46
38483	46
38484	46
38485	46
38486	46
38487	46
38488	46
38489	46
38490	46
38491	46
38492	46
38493	46
38494	46
38495	46
38496	46
38497	46
38498	46
38499	46
38500	46
38501	46
38502	46
38503	46
38504	46
38505	46
38506	46
38507	46
38508	46
38509	46
38510	46
38511	46
38512	46
38513	46
38514	46
38515	46
38516	46
38517	46
38518	46
38519	46
38520	46
38521	46
38522	46
38523	46
38524	46
38525	46
38526	46
38527	46
38528	46
38529	46
38530	46
38531	46
38532	46
38533	46
38534	46
38535	46
38536	46
38537	46
38538	46
38539	46
38540	46
38541	46
38542	46
38543	46
38544	46
38545	46
38546	46
38547	46
38548	46
38549	46
38550	46
38551	46
38552	46
38553	46
38554	46
38555	46
38556	46
38557	46
38558	46
38559	46
38560	46
38561	46
38562	46
38563	46
38564	46
38565	46
38566	46
38567	46
38568	46
38569	46
38570	46
38571	46
38572	46
38573	46
38574	46
38575	46
38576	46
38577	46
38578	46
38579	46
38580	46
38581	46
38582	46
38583	46
38584	46
38585	46
38586	46
38587	46
38588	46
38589	46
38590	46
38591	46
38592	46
38593	46
38594	46
38595	46
38596	46
38597	46
38598	46
38599	46
38600	46
38601	46
38602	46
38603	46
38604	46
38605	46
38606	46
38607	46
38608	46
38609	46
38610	46
38611	46
38612	46
38613	46
38614	46
38615	46
38616	46
38617	46
38618	46
38619	46
38620	46
38621	46
38622	46
38623	46
38624	46
38625	46
38626	46
38627	46
38628	46
38629	46
38630	46
38631	46
38632	46
38633	46
38634	46
38635	46
38636	46
38637	46
38638	46
38639	46
38640	46
38641	46
38642	46
38643	46
38644	46
38645	46
38646	46
38647	46
38648	46
38649	46
38650	46
38651	46
38652	46
38653	46
38654	46
38655	46
38656	46
38657	46
38658	46
38659	46
38660	46
38661	46
38662	46
38663	46
38664	46
38665	46
38666	46
38667	46
38668	46
38669	46
38670	46
38671	46
38672	46
38673	46
38674	46
38675	46
38676	46
38677	46
38678	46
38679	46
38680	46
38681	46
38682	46
38683	46
38684	46
38685	46
38686	46
38687	46
38688	46
38689	46
38690	46
38691	46
38692	46
38693	46
38694	46
38695	46
38696	46
38697	46
38698	46
38699	46
38700	46
38701	46
38702	46
38703	46
38704	46
38705	46
38706	46
38707	46
38708	46
38709	46
38710	46
38711	46
38712	46
38713	46
38714	46
38715	46
38716	46
38717	46
38718	46
38719	46
38720	46
38721	46
38722	46
38723	46
38724	46
38725	46
38726	46
38727	46
38728	46
38729	46
38730	46
38731	46
38732	46
38733	46
38734	46
38735	46
38736	46
38737	46
38738	46
38739	46
38740	46
38741	46
38742	46
38743	46
38744	46
38745	46
38746	46
38747	46
38748	46
38749	46
38750	46
38751	46
38752	46
38753	46
38754	46
38755	46
38756	46
38757	46
38758	46
38759	46
38760	46
38761	46
38762	46
38763	46
38764	46
38765	46
38766	46
38767	46
38768	46
38769	46
38770	46
38771	46
38772	46
38773	46
38774	46
38775	46
38776	46
38777	46
38778	46
38779	46
38780	46
38781	46
38782	46
38783	46
38784	46
38785	46
38786	46
38787	46
38788	46
38789	46
38790	46
38791	46
38792	46
38793	46
38794	46
38795	46
38796	46
38797	46
38798	46
38799	46
38800	46
38801	46
38802	46
38803	46
38804	46
38805	46
38806	46
38807	46
38808	46
38809	46
38810	46
38811	46
38812	46
38813	46
38814	46
38815	46
38816	46
38817	46
38818	46
38819	46
38820	46
38821	46
38822	46
38823	46
38824	46
38825	46
38826	46
38827	46
38828	46
38829	46
38830	46
38831	46
38832	46
38833	46
38834	46
38835	46
38836	46
38837	46
38838	46
38839	46
38840	46
38841	46
38842	46
38843	46
38844	46
38845	46
38846	46
38847	46
38848	46
38849	46
38850	46
38851	46
38852	46
38853	46
38854	46
38855	46
38856	46
38857	46
38858	46
38859	46
38860	46
38861	46
38862	46
38863	46
38864	46
38865	46
38866	46
38867	46
38868	46
38869	46
38870	46
38871	46
38872	46
38873	46
38874	46
38875	46
38876	46
38877	46
38878	46
38879	46
38880	46
38881	46
38882	46
38883	46
38884	46
38885	46
38886	46
38887	46
38888	46
38889	46
38890	46
38891	46
38892	46
38893	46
38894	46
38895	46
38896	46
38897	46
38898	46
38899	46
38900	46
38901	46
38902	46
38903	46
38904	46
38905	46
38906	46
38907	46
38908	46
38909	46
38910	46
38911	46
38912	46
38913	46
38914	46
38915	46
38916	46
38917	46
38918	46
38919	46
38920	46
38921	46
38922	46
38923	46
38924	46
38925	46
38926	46
38927	46
38928	46
38929	46
38930	46
38931	46
38932	46
38933	46
38934	46
38935	46
38936	46
38937	46
38938	46
38939	46
38940	46
38941	46
38942	46
38943	46
38944	46
38945	46
38946	46
38947	46
38948	46
38949	46
38950	46
38951	46
38952	46
38953	46
38954	46
38955	46
38956	46
38957	46
38958	46
38959	46
38960	46
38961	46
38962	46
38963	46
38964	46
38965	46
38966	46
38967	46
38968	46
38969	46
38970	46
38971	46
38972	46
38973	46
38974	46
38975	46
38976	46
38977	46
38978	46
38979	46
38980	46
38981	46
38982	46
38983	46
38984	46
38985	46
38986	46
38987	46
38988	46
38989	46
38990	46
38991	46
38992	46
38993	46
38994	46
38995	46
38996	46
38997	46
38998	46
38999	46
39000	46
39001	46
39002	46
39003	46
39004	46
39005	46
39006	46
39007	46
39008	46
39009	46
39010	46
39011	46
39012	46
39013	46
39014	46
39015	46
39016	46
39017	46
39018	46
39019	46
39020	46
39021	46
39022	46
39023	46
39024	46
39025	46
39026	46
39027	46
39028	46
39029	46
39030	46
39031	46
39032	46
39033	46
39034	46
39035	46
39036	46
39037	46
39038	46
39039	46
39040	46
39041	46
39042	46
39043	46
39044	46
39045	46
39046	46
39047	46
39048	46
39049	46
39050	46
39051	46
39052	46
39053	46
39054	46
39055	46
39056	46
39057	46
39058	46
39059	46
39060	46
39061	46
39062	46
39063	46
39064	46
39065	46
39066	46
39067	46
39068	46
39069	46
39070	46
39071	46
39072	46
39073	46
39074	46
39075	46
39076	46
39077	46
39078	46
39079	46
39080	46
39081	46
39082	46
39083	46
39084	46
39085	46
39086	46
39087	46
39088	46
39089	46
39090	46
39091	46
39092	46
39093	46
39094	46
39095	46
39096	46
39097	46
39098	46
39099	46
39100	46
39101	46
39102	46
39103	46
39104	46
39105	46
39106	46
39107	46
39108	46
39109	46
39110	46
39111	46
39112	46
39113	46
39114	46
39115	46
39116	46
39117	46
39118	46
39119	46
39120	46
39121	46
39122	46
39123	46
39124	46
39125	46
39126	46
39127	46
39128	46
39129	46
39130	46
39131	46
39132	46
39133	46
39134	46
39135	46
39136	46
39137	46
39138	46
39139	46
39140	46
39141	46
39142	46
39143	46
39144	46
39145	46
39146	46
39147	46
39148	46
39149	46
39150	46
39151	47
39152	47
39153	47
39154	47
39155	47
39156	47
39157	47
39158	47
39159	47
39160	47
39161	47
39162	47
39163	47
39164	47
39165	47
39166	47
39167	47
39168	47
39169	47
39170	47
39171	47
39172	47
39173	47
39174	47
39175	47
39176	47
39177	47
39178	47
39179	47
39180	47
39181	47
39182	47
39183	47
39184	47
39185	47
39186	47
39187	47
39188	47
39189	47
39190	47
39191	47
39192	47
39193	47
39194	47
39195	47
39196	47
39197	47
39198	47
39199	47
39200	47
39201	47
39202	47
39203	47
39204	47
39205	47
39206	47
39207	47
39208	47
39209	47
39210	47
39211	47
39212	47
39213	47
39214	47
39215	47
39216	47
39217	47
39218	47
39219	47
39220	47
39221	47
39222	47
39223	47
39224	47
39225	47
39226	47
39227	47
39228	47
39229	47
39230	47
39231	47
39232	47
39233	47
39234	47
39235	47
39236	47
39237	47
39238	47
39239	47
39240	47
39241	47
39242	47
39243	47
39244	47
39245	47
39246	47
39247	47
39248	47
39249	47
39250	47
39251	47
39252	47
39253	47
39254	47
39255	47
39256	47
39257	47
39258	47
39259	47
39260	47
39261	47
39262	47
39263	47
39264	47
39265	47
39266	47
39267	47
39268	47
39269	47
39270	47
39271	47
39272	47
39273	47
39274	47
39275	47
39276	47
39277	47
39278	47
39279	47
39280	47
39281	47
39282	47
39283	47
39284	47
39285	47
39286	47
39287	47
39288	47
39289	47
39290	47
39291	47
39292	47
39293	47
39294	47
39295	47
39296	47
39297	47
39298	47
39299	47
39300	47
39301	47
39302	47
39303	47
39304	47
39305	47
39306	47
39307	47
39308	47
39309	47
39310	47
39311	47
39312	47
39313	47
39314	47
39315	47
39316	47
39317	47
39318	47
39319	47
39320	47
39321	47
39322	47
39323	47
39324	47
39325	47
39326	47
39327	47
39328	47
39329	47
39330	47
39331	47
39332	47
39333	47
39334	47
39335	47
39336	47
39337	47
39338	47
39339	47
39340	47
39341	47
39342	47
39343	47
39344	47
39345	47
39346	47
39347	47
39348	47
39349	47
39350	47
39351	47
39352	47
39353	47
39354	47
39355	47
39356	47
39357	47
39358	47
39359	47
39360	47
39361	47
39362	47
39363	47
39364	47
39365	47
39366	47
39367	47
39368	47
39369	47
39370	47
39371	47
39372	47
39373	47
39374	47
39375	47
39376	47
39377	47
39378	47
39379	47
39380	47
39381	47
39382	47
39383	47
39384	47
39385	47
39386	47
39387	47
39388	47
39389	47
39390	47
39391	47
39392	47
39393	47
39394	47
39395	47
39396	47
39397	47
39398	47
39399	47
39400	47
39401	47
39402	47
39403	47
39404	47
39405	47
39406	47
39407	47
39408	47
39409	47
39410	47
39411	47
39412	47
39413	47
39414	47
39415	47
39416	47
39417	47
39418	47
39419	47
39420	47
39421	47
39422	47
39423	47
39424	47
39425	47
39426	47
39427	47
39428	47
39429	47
39430	47
39431	47
39432	47
39433	47
39434	47
39435	47
39436	47
39437	47
39438	47
39439	47
39440	47
39441	47
39442	47
39443	47
39444	47
39445	47
39446	47
39447	47
39448	47
39449	47
39450	47
39451	47
39452	47
39453	47
39454	47
39455	47
39456	47
39457	47
39458	47
39459	47
39460	47
39461	47
39462	47
39463	47
39464	47
39465	47
39466	47
39467	47
39468	47
39469	47
39470	47
39471	47
39472	47
39473	47
39474	47
39475	47
39476	47
39477	47
39478	47
39479	47
39480	47
39481	47
39482	47
39483	47
39484	47
39485	47
39486	47
39487	47
39488	47
39489	47
39490	47
39491	47
39492	47
39493	47
39494	47
39495	47
39496	47
39497	47
39498	47
39499	47
39500	47
39501	47
39502	47
39503	47
39504	47
39505	47
39506	47
39507	47
39508	47
39509	47
39510	47
39511	47
39512	47
39513	47
39514	47
39515	47
39516	47
39517	47
39518	47
39519	47
39520	47
39521	47
39522	47
39523	47
39524	47
39525	47
39526	47
39527	47
39528	47
39529	47
39530	47
39531	47
39532	47
39533	47
39534	47
39535	47
39536	47
39537	47
39538	47
39539	47
39540	47
39541	47
39542	47
39543	47
39544	47
39545	47
39546	47
39547	47
39548	47
39549	47
39550	47
39551	47
39552	47
39553	47
39554	47
39555	47
39556	47
39557	47
39558	47
39559	47
39560	47
39561	47
39562	47
39563	47
39564	47
39565	47
39566	47
39567	47
39568	47
39569	47
39570	47
39571	47
39572	47
39573	47
39574	47
39575	47
39576	47
39577	47
39578	47
39579	47
39580	47
39581	47
39582	47
39583	47
39584	47
39585	47
39586	47
39587	47
39588	47
39589	47
39590	47
39591	47
39592	47
39593	47
39594	47
39595	47
39596	47
39597	47
39598	47
39599	47
39600	47
39601	47
39602	47
39603	47
39604	47
39605	47
39606	47
39607	47
39608	47
39609	47
39610	47
39611	47
39612	47
39613	47
39614	47
39615	47
39616	47
39617	47
39618	47
39619	47
39620	47
39621	47
39622	47
39623	47
39624	47
39625	47
39626	47
39627	47
39628	47
39629	47
39630	47
39631	47
39632	47
39633	47
39634	47
39635	47
39636	47
39637	47
39638	47
39639	47
39640	47
39641	47
39642	47
39643	47
39644	47
39645	47
39646	47
39647	47
39648	47
39649	47
39650	47
39651	47
39652	47
39653	47
39654	47
39655	47
39656	47
39657	47
39658	47
39659	47
39660	47
39661	47
39662	47
39663	47
39664	47
39665	47
39666	47
39667	47
39668	47
39669	47
39670	47
39671	47
39672	47
39673	47
39674	47
39675	47
39676	47
39677	47
39678	47
39679	47
39680	47
39681	47
39682	47
39683	47
39684	47
39685	47
39686	47
39687	47
39688	47
39689	47
39690	47
39691	47
39692	47
39693	47
39694	47
39695	47
39696	47
39697	47
39698	47
39699	47
39700	47
39701	47
39702	47
39703	47
39704	47
39705	47
39706	47
39707	47
39708	47
39709	47
39710	47
39711	47
39712	47
39713	47
39714	47
39715	47
39716	47
39717	47
39718	47
39719	47
39720	47
39721	47
39722	47
39723	47
39724	47
39725	47
39726	47
39727	47
39728	47
39729	47
39730	47
39731	47
39732	47
39733	47
39734	47
39735	47
39736	47
39737	47
39738	47
39739	47
39740	47
39741	47
39742	47
39743	47
39744	47
39745	47
39746	47
39747	47
39748	47
39749	47
39750	47
39751	47
39752	47
39753	47
39754	47
39755	47
39756	47
39757	47
39758	47
39759	47
39760	47
39761	47
39762	47
39763	47
39764	47
39765	47
39766	47
39767	47
39768	47
39769	47
39770	47
39771	47
39772	47
39773	47
39774	47
39775	47
39776	47
39777	47
39778	47
39779	47
39780	47
39781	47
39782	47
39783	47
39784	47
39785	47
39786	47
39787	47
39788	47
39789	47
39790	47
39791	47
39792	47
39793	47
39794	47
39795	47
39796	47
39797	47
39798	47
39799	47
39800	47
39801	47
39802	47
39803	47
39804	47
39805	47
39806	47
39807	47
39808	47
39809	47
39810	47
39811	47
39812	47
39813	47
39814	47
39815	47
39816	47
39817	47
39818	47
39819	47
39820	47
39821	47
39822	47
39823	47
39824	47
39825	47
39826	47
39827	47
39828	47
39829	47
39830	47
39831	47
39832	47
39833	47
39834	47
39835	47
39836	47
39837	47
39838	47
39839	47
39840	47
39841	47
39842	47
39843	47
39844	47
39845	47
39846	47
39847	47
39848	47
39849	47
39850	47
39851	47
39852	47
39853	47
39854	47
39855	47
39856	47
39857	47
39858	47
39859	47
39860	47
39861	47
39862	47
39863	47
39864	47
39865	47
39866	47
39867	47
39868	47
39869	47
39870	47
39871	47
39872	47
39873	47
39874	47
39875	47
39876	47
39877	47
39878	47
39879	47
39880	47
39881	47
39882	47
39883	47
39884	47
39885	47
39886	47
39887	47
39888	47
39889	47
39890	47
39891	47
39892	47
39893	47
39894	47
39895	47
39896	47
39897	47
39898	47
39899	47
39900	47
39901	47
39902	47
39903	47
39904	47
39905	47
39906	47
39907	47
39908	47
39909	47
39910	47
39911	47
39912	47
39913	47
39914	47
39915	47
39916	47
39917	47
39918	47
39919	47
39920	47
39921	47
39922	47
39923	47
39924	47
39925	47
39926	47
39927	47
39928	47
39929	47
39930	47
39931	47
39932	47
39933	47
39934	47
39935	47
39936	47
39937	47
39938	47
39939	47
39940	47
39941	47
39942	47
39943	47
39944	47
39945	47
39946	47
39947	47
39948	47
39949	47
39950	47
39951	47
39952	47
39953	47
39954	47
39955	47
39956	47
39957	47
39958	47
39959	47
39960	47
39961	47
39962	47
39963	47
39964	47
39965	47
39966	47
39967	47
39968	47
39969	47
39970	47
39971	47
39972	47
39973	47
39974	47
39975	47
39976	47
39977	47
39978	47
39979	47
39980	47
39981	47
39982	47
39983	47
39984	48
39985	48
39986	48
39987	48
39988	48
39989	48
39990	48
39991	48
39992	48
39993	48
39994	48
39995	48
39996	48
39997	48
39998	48
39999	48
40000	48
40001	48
40002	48
40003	48
40004	48
40005	48
40006	48
40007	48
40008	48
40009	48
40010	48
40011	48
40012	48
40013	48
40014	48
40015	48
40016	48
40017	48
40018	48
40019	48
40020	48
40021	48
40022	48
40023	48
40024	48
40025	48
40026	48
40027	48
40028	48
40029	48
40030	48
40031	48
40032	48
40033	48
40034	48
40035	48
40036	48
40037	48
40038	48
40039	48
40040	48
40041	48
40042	48
40043	48
40044	48
40045	48
40046	48
40047	48
40048	48
40049	48
40050	48
40051	48
40052	48
40053	48
40054	48
40055	48
40056	48
40057	48
40058	48
40059	48
40060	48
40061	48
40062	48
40063	48
40064	48
40065	48
40066	48
40067	48
40068	48
40069	48
40070	48
40071	48
40072	48
40073	48
40074	48
40075	48
40076	48
40077	48
40078	48
40079	48
40080	48
40081	48
40082	48
40083	48
40084	48
40085	48
40086	48
40087	48
40088	48
40089	48
40090	48
40091	48
40092	48
40093	48
40094	48
40095	48
40096	48
40097	48
40098	48
40099	48
40100	48
40101	48
40102	48
40103	48
40104	48
40105	48
40106	48
40107	48
40108	48
40109	48
40110	48
40111	48
40112	48
40113	48
40114	48
40115	48
40116	48
40117	48
40118	48
40119	48
40120	48
40121	48
40122	48
40123	48
40124	48
40125	48
40126	48
40127	48
40128	48
40129	48
40130	48
40131	48
40132	48
40133	48
40134	48
40135	48
40136	48
40137	48
40138	48
40139	48
40140	48
40141	48
40142	48
40143	48
40144	48
40145	48
40146	48
40147	48
40148	48
40149	48
40150	48
40151	48
40152	48
40153	48
40154	48
40155	48
40156	48
40157	48
40158	48
40159	48
40160	48
40161	48
40162	48
40163	48
40164	48
40165	48
40166	48
40167	48
40168	48
40169	48
40170	48
40171	48
40172	48
40173	48
40174	48
40175	48
40176	48
40177	48
40178	48
40179	48
40180	48
40181	48
40182	48
40183	48
40184	48
40185	48
40186	48
40187	48
40188	48
40189	48
40190	48
40191	48
40192	48
40193	48
40194	48
40195	48
40196	48
40197	48
40198	48
40199	48
40200	48
40201	48
40202	48
40203	48
40204	48
40205	48
40206	48
40207	48
40208	48
40209	48
40210	48
40211	48
40212	48
40213	48
40214	48
40215	48
40216	48
40217	48
40218	48
40219	48
40220	48
40221	48
40222	48
40223	48
40224	48
40225	48
40226	48
40227	48
40228	48
40229	48
40230	48
40231	48
40232	48
40233	48
40234	48
40235	48
40236	48
40237	48
40238	48
40239	48
40240	48
40241	48
40242	48
40243	48
40244	48
40245	48
40246	48
40247	48
40248	48
40249	48
40250	48
40251	48
40252	48
40253	48
40254	48
40255	48
40256	48
40257	48
40258	48
40259	48
40260	48
40261	48
40262	48
40263	48
40264	48
40265	48
40266	48
40267	48
40268	48
40269	48
40270	48
40271	48
40272	48
40273	48
40274	48
40275	48
40276	48
40277	48
40278	48
40279	48
40280	48
40281	48
40282	48
40283	48
40284	48
40285	48
40286	48
40287	48
40288	48
40289	48
40290	48
40291	48
40292	48
40293	48
40294	48
40295	48
40296	48
40297	48
40298	48
40299	48
40300	48
40301	48
40302	48
40303	48
40304	48
40305	48
40306	48
40307	48
40308	48
40309	48
40310	48
40311	48
40312	48
40313	48
40314	48
40315	48
40316	48
40317	48
40318	48
40319	48
40320	48
40321	48
40322	48
40323	48
40324	48
40325	48
40326	48
40327	48
40328	48
40329	48
40330	48
40331	48
40332	48
40333	48
40334	48
40335	48
40336	48
40337	48
40338	48
40339	48
40340	48
40341	48
40342	48
40343	48
40344	48
40345	48
40346	48
40347	48
40348	48
40349	48
40350	48
40351	48
40352	48
40353	48
40354	48
40355	48
40356	48
40357	48
40358	48
40359	48
40360	48
40361	48
40362	48
40363	48
40364	48
40365	48
40366	48
40367	48
40368	48
40369	48
40370	48
40371	48
40372	48
40373	48
40374	48
40375	48
40376	48
40377	48
40378	48
40379	48
40380	48
40381	48
40382	48
40383	48
40384	48
40385	48
40386	48
40387	48
40388	48
40389	48
40390	48
40391	48
40392	48
40393	48
40394	48
40395	48
40396	48
40397	48
40398	48
40399	48
40400	48
40401	48
40402	48
40403	48
40404	48
40405	48
40406	48
40407	48
40408	48
40409	48
40410	48
40411	48
40412	48
40413	48
40414	48
40415	48
40416	48
40417	48
40418	48
40419	48
40420	48
40421	48
40422	48
40423	48
40424	48
40425	48
40426	48
40427	48
40428	48
40429	48
40430	48
40431	48
40432	48
40433	48
40434	48
40435	48
40436	48
40437	48
40438	48
40439	48
40440	48
40441	48
40442	48
40443	48
40444	48
40445	48
40446	48
40447	48
40448	48
40449	48
40450	48
40451	48
40452	48
40453	48
40454	48
40455	48
40456	48
40457	48
40458	48
40459	48
40460	48
40461	48
40462	48
40463	48
40464	48
40465	48
40466	48
40467	48
40468	48
40469	48
40470	48
40471	48
40472	48
40473	48
40474	48
40475	48
40476	48
40477	48
40478	48
40479	48
40480	48
40481	48
40482	48
40483	48
40484	48
40485	48
40486	48
40487	48
40488	48
40489	48
40490	48
40491	48
40492	48
40493	48
40494	48
40495	48
40496	48
40497	48
40498	48
40499	48
40500	48
40501	48
40502	48
40503	48
40504	48
40505	48
40506	48
40507	48
40508	48
40509	48
40510	48
40511	48
40512	48
40513	48
40514	48
40515	48
40516	48
40517	48
40518	48
40519	48
40520	48
40521	48
40522	48
40523	48
40524	48
40525	48
40526	48
40527	48
40528	48
40529	48
40530	48
40531	48
40532	48
40533	48
40534	48
40535	48
40536	48
40537	48
40538	48
40539	48
40540	48
40541	48
40542	48
40543	48
40544	48
40545	48
40546	48
40547	48
40548	48
40549	48
40550	48
40551	48
40552	48
40553	48
40554	48
40555	48
40556	48
40557	48
40558	48
40559	48
40560	48
40561	48
40562	48
40563	48
40564	48
40565	48
40566	48
40567	48
40568	48
40569	48
40570	48
40571	48
40572	48
40573	48
40574	48
40575	48
40576	48
40577	48
40578	48
40579	48
40580	48
40581	48
40582	48
40583	48
40584	48
40585	48
40586	48
40587	48
40588	48
40589	48
40590	48
40591	48
40592	48
40593	48
40594	48
40595	48
40596	48
40597	48
40598	48
40599	48
40600	48
40601	48
40602	48
40603	48
40604	48
40605	48
40606	48
40607	48
40608	48
40609	48
40610	48
40611	48
40612	48
40613	48
40614	48
40615	48
40616	48
40617	48
40618	48
40619	48
40620	48
40621	48
40622	48
40623	48
40624	48
40625	48
40626	48
40627	48
40628	48
40629	48
40630	48
40631	48
40632	48
40633	48
40634	48
40635	48
40636	48
40637	48
40638	48
40639	48
40640	48
40641	48
40642	48
40643	48
40644	48
40645	48
40646	48
40647	48
40648	48
40649	48
40650	48
40651	48
40652	48
40653	48
40654	48
40655	48
40656	48
40657	48
40658	48
40659	48
40660	48
40661	48
40662	48
40663	48
40664	48
40665	48
40666	48
40667	48
40668	48
40669	48
40670	48
40671	48
40672	48
40673	48
40674	48
40675	48
40676	48
40677	48
40678	48
40679	48
40680	48
40681	48
40682	48
40683	48
40684	48
40685	48
40686	48
40687	48
40688	48
40689	48
40690	48
40691	48
40692	48
40693	48
40694	48
40695	48
40696	48
40697	48
40698	48
40699	48
40700	48
40701	48
40702	48
40703	48
40704	48
40705	48
40706	48
40707	48
40708	48
40709	48
40710	48
40711	48
40712	48
40713	48
40714	48
40715	48
40716	48
40717	48
40718	48
40719	48
40720	48
40721	48
40722	48
40723	48
40724	48
40725	48
40726	48
40727	48
40728	48
40729	48
40730	48
40731	48
40732	48
40733	48
40734	48
40735	48
40736	48
40737	48
40738	48
40739	48
40740	48
40741	48
40742	48
40743	48
40744	48
40745	48
40746	48
40747	48
40748	48
40749	48
40750	48
40751	48
40752	48
40753	48
40754	48
40755	48
40756	48
40757	48
40758	48
40759	48
40760	48
40761	48
40762	48
40763	48
40764	48
40765	48
40766	48
40767	48
40768	48
40769	48
40770	48
40771	48
40772	48
40773	48
40774	48
40775	48
40776	48
40777	48
40778	48
40779	48
40780	48
40781	48
40782	48
40783	48
40784	48
40785	48
40786	48
40787	48
40788	48
40789	48
40790	48
40791	48
40792	48
40793	48
40794	48
40795	48
40796	48
40797	48
40798	48
40799	48
40800	48
40801	48
40802	48
40803	48
40804	48
40805	48
40806	48
40807	48
40808	48
40809	48
40810	48
40811	48
40812	48
40813	48
40814	48
40815	48
40816	48
40817	49
40818	49
40819	49
40820	49
40821	49
40822	49
40823	49
40824	49
40825	49
40826	49
40827	49
40828	49
40829	49
40830	49
40831	49
40832	49
40833	49
40834	49
40835	49
40836	49
40837	49
40838	49
40839	49
40840	49
40841	49
40842	49
40843	49
40844	49
40845	49
40846	49
40847	49
40848	49
40849	49
40850	49
40851	49
40852	49
40853	49
40854	49
40855	49
40856	49
40857	49
40858	49
40859	49
40860	49
40861	49
40862	49
40863	49
40864	49
40865	49
40866	49
40867	49
40868	49
40869	49
40870	49
40871	49
40872	49
40873	49
40874	49
40875	49
40876	49
40877	49
40878	49
40879	49
40880	49
40881	49
40882	49
40883	49
40884	49
40885	49
40886	49
40887	49
40888	49
40889	49
40890	49
40891	49
40892	49
40893	49
40894	49
40895	49
40896	49
40897	49
40898	49
40899	49
40900	49
40901	49
40902	49
40903	49
40904	49
40905	49
40906	49
40907	49
40908	49
40909	49
40910	49
40911	49
40912	49
40913	49
40914	49
40915	49
40916	49
40917	49
40918	49
40919	49
40920	49
40921	49
40922	49
40923	49
40924	49
40925	49
40926	49
40927	49
40928	49
40929	49
40930	49
40931	49
40932	49
40933	49
40934	49
40935	49
40936	49
40937	49
40938	49
40939	49
40940	49
40941	49
40942	49
40943	49
40944	49
40945	49
40946	49
40947	49
40948	49
40949	49
40950	49
40951	49
40952	49
40953	49
40954	49
40955	49
40956	49
40957	49
40958	49
40959	49
40960	49
40961	49
40962	49
40963	49
40964	49
40965	49
40966	49
40967	49
40968	49
40969	49
40970	49
40971	49
40972	49
40973	49
40974	49
40975	49
40976	49
40977	49
40978	49
40979	49
40980	49
40981	49
40982	49
40983	49
40984	49
40985	49
40986	49
40987	49
40988	49
40989	49
40990	49
40991	49
40992	49
40993	49
40994	49
40995	49
40996	49
40997	49
40998	49
40999	49
41000	49
41001	49
41002	49
41003	49
41004	49
41005	49
41006	49
41007	49
41008	49
41009	49
41010	49
41011	49
41012	49
41013	49
41014	49
41015	49
41016	49
41017	49
41018	49
41019	49
41020	49
41021	49
41022	49
41023	49
41024	49
41025	49
41026	49
41027	49
41028	49
41029	49
41030	49
41031	49
41032	49
41033	49
41034	49
41035	49
41036	49
41037	49
41038	49
41039	49
41040	49
41041	49
41042	49
41043	49
41044	49
41045	49
41046	49
41047	49
41048	49
41049	49
41050	49
41051	49
41052	49
41053	49
41054	49
41055	49
41056	49
41057	49
41058	49
41059	49
41060	49
41061	49
41062	49
41063	49
41064	49
41065	49
41066	49
41067	49
41068	49
41069	49
41070	49
41071	49
41072	49
41073	49
41074	49
41075	49
41076	49
41077	49
41078	49
41079	49
41080	49
41081	49
41082	49
41083	49
41084	49
41085	49
41086	49
41087	49
41088	49
41089	49
41090	49
41091	49
41092	49
41093	49
41094	49
41095	49
41096	49
41097	49
41098	49
41099	49
41100	49
41101	49
41102	49
41103	49
41104	49
41105	49
41106	49
41107	49
41108	49
41109	49
41110	49
41111	49
41112	49
41113	49
41114	49
41115	49
41116	49
41117	49
41118	49
41119	49
41120	49
41121	49
41122	49
41123	49
41124	49
41125	49
41126	49
41127	49
41128	49
41129	49
41130	49
41131	49
41132	49
41133	49
41134	49
41135	49
41136	49
41137	49
41138	49
41139	49
41140	49
41141	49
41142	49
41143	49
41144	49
41145	49
41146	49
41147	49
41148	49
41149	49
41150	49
41151	49
41152	49
41153	49
41154	49
41155	49
41156	49
41157	49
41158	49
41159	49
41160	49
41161	49
41162	49
41163	49
41164	49
41165	49
41166	49
41167	49
41168	49
41169	49
41170	49
41171	49
41172	49
41173	49
41174	49
41175	49
41176	49
41177	49
41178	49
41179	49
41180	49
41181	49
41182	49
41183	49
41184	49
41185	49
41186	49
41187	49
41188	49
41189	49
41190	49
41191	49
41192	49
41193	49
41194	49
41195	49
41196	49
41197	49
41198	49
41199	49
41200	49
41201	49
41202	49
41203	49
41204	49
41205	49
41206	49
41207	49
41208	49
41209	49
41210	49
41211	49
41212	49
41213	49
41214	49
41215	49
41216	49
41217	49
41218	49
41219	49
41220	49
41221	49
41222	49
41223	49
41224	49
41225	49
41226	49
41227	49
41228	49
41229	49
41230	49
41231	49
41232	49
41233	49
41234	49
41235	49
41236	49
41237	49
41238	49
41239	49
41240	49
41241	49
41242	49
41243	49
41244	49
41245	49
41246	49
41247	49
41248	49
41249	49
41250	49
41251	49
41252	49
41253	49
41254	49
41255	49
41256	49
41257	49
41258	49
41259	49
41260	49
41261	49
41262	49
41263	49
41264	49
41265	49
41266	49
41267	49
41268	49
41269	49
41270	49
41271	49
41272	49
41273	49
41274	49
41275	49
41276	49
41277	49
41278	49
41279	49
41280	49
41281	49
41282	49
41283	49
41284	49
41285	49
41286	49
41287	49
41288	49
41289	49
41290	49
41291	49
41292	49
41293	49
41294	49
41295	49
41296	49
41297	49
41298	49
41299	49
41300	49
41301	49
41302	49
41303	49
41304	49
41305	49
41306	49
41307	49
41308	49
41309	49
41310	49
41311	49
41312	49
41313	49
41314	49
41315	49
41316	49
41317	49
41318	49
41319	49
41320	49
41321	49
41322	49
41323	49
41324	49
41325	49
41326	49
41327	49
41328	49
41329	49
41330	49
41331	49
41332	49
41333	49
41334	49
41335	49
41336	49
41337	49
41338	49
41339	49
41340	49
41341	49
41342	49
41343	49
41344	49
41345	49
41346	49
41347	49
41348	49
41349	49
41350	49
41351	49
41352	49
41353	49
41354	49
41355	49
41356	49
41357	49
41358	49
41359	49
41360	49
41361	49
41362	49
41363	49
41364	49
41365	49
41366	49
41367	49
41368	49
41369	49
41370	49
41371	49
41372	49
41373	49
41374	49
41375	49
41376	49
41377	49
41378	49
41379	49
41380	49
41381	49
41382	49
41383	49
41384	49
41385	49
41386	49
41387	49
41388	49
41389	49
41390	49
41391	49
41392	49
41393	49
41394	49
41395	49
41396	49
41397	49
41398	49
41399	49
41400	49
41401	49
41402	49
41403	49
41404	49
41405	49
41406	49
41407	49
41408	49
41409	49
41410	49
41411	49
41412	49
41413	49
41414	49
41415	49
41416	49
41417	49
41418	49
41419	49
41420	49
41421	49
41422	49
41423	49
41424	49
41425	49
41426	49
41427	49
41428	49
41429	49
41430	49
41431	49
41432	49
41433	49
41434	49
41435	49
41436	49
41437	49
41438	49
41439	49
41440	49
41441	49
41442	49
41443	49
41444	49
41445	49
41446	49
41447	49
41448	49
41449	49
41450	49
41451	49
41452	49
41453	49
41454	49
41455	49
41456	49
41457	49
41458	49
41459	49
41460	49
41461	49
41462	49
41463	49
41464	49
41465	49
41466	49
41467	49
41468	49
41469	49
41470	49
41471	49
41472	49
41473	49
41474	49
41475	49
41476	49
41477	49
41478	49
41479	49
41480	49
41481	49
41482	49
41483	49
41484	49
41485	49
41486	49
41487	49
41488	49
41489	49
41490	49
41491	49
41492	49
41493	49
41494	49
41495	49
41496	49
41497	49
41498	49
41499	49
41500	49
41501	49
41502	49
41503	49
41504	49
41505	49
41506	49
41507	49
41508	49
41509	49
41510	49
41511	49
41512	49
41513	49
41514	49
41515	49
41516	49
41517	49
41518	49
41519	49
41520	49
41521	49
41522	49
41523	49
41524	49
41525	49
41526	49
41527	49
41528	49
41529	49
41530	49
41531	49
41532	49
41533	49
41534	49
41535	49
41536	49
41537	49
41538	49
41539	49
41540	49
41541	49
41542	49
41543	49
41544	49
41545	49
41546	49
41547	49
41548	49
41549	49
41550	49
41551	49
41552	49
41553	49
41554	49
41555	49
41556	49
41557	49
41558	49
41559	49
41560	49
41561	49
41562	49
41563	49
41564	49
41565	49
41566	49
41567	49
41568	49
41569	49
41570	49
41571	49
41572	49
41573	49
41574	49
41575	49
41576	49
41577	49
41578	49
41579	49
41580	49
41581	49
41582	49
41583	49
41584	49
41585	49
41586	49
41587	49
41588	49
41589	49
41590	49
41591	49
41592	49
41593	49
41594	49
41595	49
41596	49
41597	49
41598	49
41599	49
41600	49
41601	49
41602	49
41603	49
41604	49
41605	49
41606	49
41607	49
41608	49
41609	49
41610	49
41611	49
41612	49
41613	49
41614	49
41615	49
41616	49
41617	49
41618	49
41619	49
41620	49
41621	49
41622	49
41623	49
41624	49
41625	49
41626	49
41627	49
41628	49
41629	49
41630	49
41631	49
41632	49
41633	49
41634	49
41635	49
41636	49
41637	49
41638	49
41639	49
41640	49
41641	49
41642	49
41643	49
41644	49
41645	49
41646	49
41647	49
41648	49
41649	49
41650	50
41651	50
41652	50
41653	50
41654	50
41655	50
41656	50
41657	50
41658	50
41659	50
41660	50
41661	50
41662	50
41663	50
41664	50
41665	50
41666	50
41667	50
41668	50
41669	50
41670	50
41671	50
41672	50
41673	50
41674	50
41675	50
41676	50
41677	50
41678	50
41679	50
41680	50
41681	50
41682	50
41683	50
41684	50
41685	50
41686	50
41687	50
41688	50
41689	50
41690	50
41691	50
41692	50
41693	50
41694	50
41695	50
41696	50
41697	50
41698	50
41699	50
41700	50
41701	50
41702	50
41703	50
41704	50
41705	50
41706	50
41707	50
41708	50
41709	50
41710	50
41711	50
41712	50
41713	50
41714	50
41715	50
41716	50
41717	50
41718	50
41719	50
41720	50
41721	50
41722	50
41723	50
41724	50
41725	50
41726	50
41727	50
41728	50
41729	50
41730	50
41731	50
41732	50
41733	50
41734	50
41735	50
41736	50
41737	50
41738	50
41739	50
41740	50
41741	50
41742	50
41743	50
41744	50
41745	50
41746	50
41747	50
41748	50
41749	50
41750	50
41751	50
41752	50
41753	50
41754	50
41755	50
41756	50
41757	50
41758	50
41759	50
41760	50
41761	50
41762	50
41763	50
41764	50
41765	50
41766	50
41767	50
41768	50
41769	50
41770	50
41771	50
41772	50
41773	50
41774	50
41775	50
41776	50
41777	50
41778	50
41779	50
41780	50
41781	50
41782	50
41783	50
41784	50
41785	50
41786	50
41787	50
41788	50
41789	50
41790	50
41791	50
41792	50
41793	50
41794	50
41795	50
41796	50
41797	50
41798	50
41799	50
41800	50
41801	50
41802	50
41803	50
41804	50
41805	50
41806	50
41807	50
41808	50
41809	50
41810	50
41811	50
41812	50
41813	50
41814	50
41815	50
41816	50
41817	50
41818	50
41819	50
41820	50
41821	50
41822	50
41823	50
41824	50
41825	50
41826	50
41827	50
41828	50
41829	50
41830	50
41831	50
41832	50
41833	50
41834	50
41835	50
41836	50
41837	50
41838	50
41839	50
41840	50
41841	50
41842	50
41843	50
41844	50
41845	50
41846	50
41847	50
41848	50
41849	50
41850	50
41851	50
41852	50
41853	50
41854	50
41855	50
41856	50
41857	50
41858	50
41859	50
41860	50
41861	50
41862	50
41863	50
41864	50
41865	50
41866	50
41867	50
41868	50
41869	50
41870	50
41871	50
41872	50
41873	50
41874	50
41875	50
41876	50
41877	50
41878	50
41879	50
41880	50
41881	50
41882	50
41883	50
41884	50
41885	50
41886	50
41887	50
41888	50
41889	50
41890	50
41891	50
41892	50
41893	50
41894	50
41895	50
41896	50
41897	50
41898	50
41899	50
41900	50
41901	50
41902	50
41903	50
41904	50
41905	50
41906	50
41907	50
41908	50
41909	50
41910	50
41911	50
41912	50
41913	50
41914	50
41915	50
41916	50
41917	50
41918	50
41919	50
41920	50
41921	50
41922	50
41923	50
41924	50
41925	50
41926	50
41927	50
41928	50
41929	50
41930	50
41931	50
41932	50
41933	50
41934	50
41935	50
41936	50
41937	50
41938	50
41939	50
41940	50
41941	50
41942	50
41943	50
41944	50
41945	50
41946	50
41947	50
41948	50
41949	50
41950	50
41951	50
41952	50
41953	50
41954	50
41955	50
41956	50
41957	50
41958	50
41959	50
41960	50
41961	50
41962	50
41963	50
41964	50
41965	50
41966	50
41967	50
41968	50
41969	50
41970	50
41971	50
41972	50
41973	50
41974	50
41975	50
41976	50
41977	50
41978	50
41979	50
41980	50
41981	50
41982	50
41983	50
41984	50
41985	50
41986	50
41987	50
41988	50
41989	50
41990	50
41991	50
41992	50
41993	50
41994	50
41995	50
41996	50
41997	50
41998	50
41999	50
42000	50
42001	50
42002	50
42003	50
42004	50
42005	50
42006	50
42007	50
42008	50
42009	50
42010	50
42011	50
42012	50
42013	50
42014	50
42015	50
42016	50
42017	50
42018	50
42019	50
42020	50
42021	50
42022	50
42023	50
42024	50
42025	50
42026	50
42027	50
42028	50
42029	50
42030	50
42031	50
42032	50
42033	50
42034	50
42035	50
42036	50
42037	50
42038	50
42039	50
42040	50
42041	50
42042	50
42043	50
42044	50
42045	50
42046	50
42047	50
42048	50
42049	50
42050	50
42051	50
42052	50
42053	50
42054	50
42055	50
42056	50
42057	50
42058	50
42059	50
42060	50
42061	50
42062	50
42063	50
42064	50
42065	50
42066	50
42067	50
42068	50
42069	50
42070	50
42071	50
42072	50
42073	50
42074	50
42075	50
42076	50
42077	50
42078	50
42079	50
42080	50
42081	50
42082	50
42083	50
42084	50
42085	50
42086	50
42087	50
42088	50
42089	50
42090	50
42091	50
42092	50
42093	50
42094	50
42095	50
42096	50
42097	50
42098	50
42099	50
42100	50
42101	50
42102	50
42103	50
42104	50
42105	50
42106	50
42107	50
42108	50
42109	50
42110	50
42111	50
42112	50
42113	50
42114	50
42115	50
42116	50
42117	50
42118	50
42119	50
42120	50
42121	50
42122	50
42123	50
42124	50
42125	50
42126	50
42127	50
42128	50
42129	50
42130	50
42131	50
42132	50
42133	50
42134	50
42135	50
42136	50
42137	50
42138	50
42139	50
42140	50
42141	50
42142	50
42143	50
42144	50
42145	50
42146	50
42147	50
42148	50
42149	50
42150	50
42151	50
42152	50
42153	50
42154	50
42155	50
42156	50
42157	50
42158	50
42159	50
42160	50
42161	50
42162	50
42163	50
42164	50
42165	50
42166	50
42167	50
42168	50
42169	50
42170	50
42171	50
42172	50
42173	50
42174	50
42175	50
42176	50
42177	50
42178	50
42179	50
42180	50
42181	50
42182	50
42183	50
42184	50
42185	50
42186	50
42187	50
42188	50
42189	50
42190	50
42191	50
42192	50
42193	50
42194	50
42195	50
42196	50
42197	50
42198	50
42199	50
42200	50
42201	50
42202	50
42203	50
42204	50
42205	50
42206	50
42207	50
42208	50
42209	50
42210	50
42211	50
42212	50
42213	50
42214	50
42215	50
42216	50
42217	50
42218	50
42219	50
42220	50
42221	50
42222	50
42223	50
42224	50
42225	50
42226	50
42227	50
42228	50
42229	50
42230	50
42231	50
42232	50
42233	50
42234	50
42235	50
42236	50
42237	50
42238	50
42239	50
42240	50
42241	50
42242	50
42243	50
42244	50
42245	50
42246	50
42247	50
42248	50
42249	50
42250	50
42251	50
42252	50
42253	50
42254	50
42255	50
42256	50
42257	50
42258	50
42259	50
42260	50
42261	50
42262	50
42263	50
42264	50
42265	50
42266	50
42267	50
42268	50
42269	50
42270	50
42271	50
42272	50
42273	50
42274	50
42275	50
42276	50
42277	50
42278	50
42279	50
42280	50
42281	50
42282	50
42283	50
42284	50
42285	50
42286	50
42287	50
42288	50
42289	50
42290	50
42291	50
42292	50
42293	50
42294	50
42295	50
42296	50
42297	50
42298	50
42299	50
42300	50
42301	50
42302	50
42303	50
42304	50
42305	50
42306	50
42307	50
42308	50
42309	50
42310	50
42311	50
42312	50
42313	50
42314	50
42315	50
42316	50
42317	50
42318	50
42319	50
42320	50
42321	50
42322	50
42323	50
42324	50
42325	50
42326	50
42327	50
42328	50
42329	50
42330	50
42331	50
42332	50
42333	50
42334	50
42335	50
42336	50
42337	50
42338	50
42339	50
42340	50
42341	50
42342	50
42343	50
42344	50
42345	50
42346	50
42347	50
42348	50
42349	50
42350	50
42351	50
42352	50
42353	50
42354	50
42355	50
42356	50
42357	50
42358	50
42359	50
42360	50
42361	50
42362	50
42363	50
42364	50
42365	50
42366	50
42367	50
42368	50
42369	50
42370	50
42371	50
42372	50
42373	50
42374	50
42375	50
42376	50
42377	50
42378	50
42379	50
42380	50
42381	50
42382	50
42383	50
42384	50
42385	50
42386	50
42387	50
42388	50
42389	50
42390	50
42391	50
42392	50
42393	50
42394	50
42395	50
42396	50
42397	50
42398	50
42399	50
42400	50
42401	50
42402	50
42403	50
42404	50
42405	50
42406	50
42407	50
42408	50
42409	50
42410	50
42411	50
42412	50
42413	50
42414	50
42415	50
42416	50
42417	50
42418	50
42419	50
42420	50
42421	50
42422	50
42423	50
42424	50
42425	50
42426	50
42427	50
42428	50
42429	50
42430	50
42431	50
42432	50
42433	50
42434	50
42435	50
42436	50
42437	50
42438	50
42439	50
42440	50
42441	50
42442	50
42443	50
42444	50
42445	50
42446	50
42447	50
42448	50
42449	50
42450	50
42451	50
42452	50
42453	50
42454	50
42455	50
42456	50
42457	50
42458	50
42459	50
42460	50
42461	50
42462	50
42463	50
42464	50
42465	50
42466	50
42467	50
42468	50
42469	50
42470	50
42471	50
42472	50
42473	50
42474	50
42475	50
42476	50
42477	50
42478	50
42479	50
42480	50
42481	50
42482	50
42483	51
42484	51
42485	51
42486	51
42487	51
42488	51
42489	51
42490	51
42491	51
42492	51
42493	51
42494	51
42495	51
42496	51
42497	51
42498	51
42499	51
42500	51
42501	51
42502	51
42503	51
42504	51
42505	51
42506	51
42507	51
42508	51
42509	51
42510	51
42511	51
42512	51
42513	51
42514	51
42515	51
42516	51
42517	51
42518	51
42519	51
42520	51
42521	51
42522	51
42523	51
42524	51
42525	51
42526	51
42527	51
42528	51
42529	51
42530	51
42531	51
42532	51
42533	51
42534	51
42535	51
42536	51
42537	51
42538	51
42539	51
42540	51
42541	51
42542	51
42543	51
42544	51
42545	51
42546	51
42547	51
42548	51
42549	51
42550	51
42551	51
42552	51
42553	51
42554	51
42555	51
42556	51
42557	51
42558	51
42559	51
42560	51
42561	51
42562	51
42563	51
42564	51
42565	51
42566	51
42567	51
42568	51
42569	51
42570	51
42571	51
42572	51
42573	51
42574	51
42575	51
42576	51
42577	51
42578	51
42579	51
42580	51
42581	51
42582	51
42583	51
42584	51
42585	51
42586	51
42587	51
42588	51
42589	51
42590	51
42591	51
42592	51
42593	51
42594	51
42595	51
42596	51
42597	51
42598	51
42599	51
42600	51
42601	51
42602	51
42603	51
42604	51
42605	51
42606	51
42607	51
42608	51
42609	51
42610	51
42611	51
42612	51
42613	51
42614	51
42615	51
42616	51
42617	51
42618	51
42619	51
42620	51
42621	51
42622	51
42623	51
42624	51
42625	51
42626	51
42627	51
42628	51
42629	51
42630	51
42631	51
42632	51
42633	51
42634	51
42635	51
42636	51
42637	51
42638	51
42639	51
42640	51
42641	51
42642	51
42643	51
42644	51
42645	51
42646	51
42647	51
42648	51
42649	51
42650	51
42651	51
42652	51
42653	51
42654	51
42655	51
42656	51
42657	51
42658	51
42659	51
42660	51
42661	51
42662	51
42663	51
42664	51
42665	51
42666	51
42667	51
42668	51
42669	51
42670	51
42671	51
42672	51
42673	51
42674	51
42675	51
42676	51
42677	51
42678	51
42679	51
42680	51
42681	51
42682	51
42683	51
42684	51
42685	51
42686	51
42687	51
42688	51
42689	51
42690	51
42691	51
42692	51
42693	51
42694	51
42695	51
42696	51
42697	51
42698	51
42699	51
42700	51
42701	51
42702	51
42703	51
42704	51
42705	51
42706	51
42707	51
42708	51
42709	51
42710	51
42711	51
42712	51
42713	51
42714	51
42715	51
42716	51
42717	51
42718	51
42719	51
42720	51
42721	51
42722	51
42723	51
42724	51
42725	51
42726	51
42727	51
42728	51
42729	51
42730	51
42731	51
42732	51
42733	51
42734	51
42735	51
42736	51
42737	51
42738	51
42739	51
42740	51
42741	51
42742	51
42743	51
42744	51
42745	51
42746	51
42747	51
42748	51
42749	51
42750	51
42751	51
42752	51
42753	51
42754	51
42755	51
42756	51
42757	51
42758	51
42759	51
42760	51
42761	51
42762	51
42763	51
42764	51
42765	51
42766	51
42767	51
42768	51
42769	51
42770	51
42771	51
42772	51
42773	51
42774	51
42775	51
42776	51
42777	51
42778	51
42779	51
42780	51
42781	51
42782	51
42783	51
42784	51
42785	51
42786	51
42787	51
42788	51
42789	51
42790	51
42791	51
42792	51
42793	51
42794	51
42795	51
42796	51
42797	51
42798	51
42799	51
42800	51
42801	51
42802	51
42803	51
42804	51
42805	51
42806	51
42807	51
42808	51
42809	51
42810	51
42811	51
42812	51
42813	51
42814	51
42815	51
42816	51
42817	51
42818	51
42819	51
42820	51
42821	51
42822	51
42823	51
42824	51
42825	51
42826	51
42827	51
42828	51
42829	51
42830	51
42831	51
42832	51
42833	51
42834	51
42835	51
42836	51
42837	51
42838	51
42839	51
42840	51
42841	51
42842	51
42843	51
42844	51
42845	51
42846	51
42847	51
42848	51
42849	51
42850	51
42851	51
42852	51
42853	51
42854	51
42855	51
42856	51
42857	51
42858	51
42859	51
42860	51
42861	51
42862	51
42863	51
42864	51
42865	51
42866	51
42867	51
42868	51
42869	51
42870	51
42871	51
42872	51
42873	51
42874	51
42875	51
42876	51
42877	51
42878	51
42879	51
42880	51
42881	51
42882	51
42883	51
42884	51
42885	51
42886	51
42887	51
42888	51
42889	51
42890	51
42891	51
42892	51
42893	51
42894	51
42895	51
42896	51
42897	51
42898	51
42899	51
42900	51
42901	51
42902	51
42903	51
42904	51
42905	51
42906	51
42907	51
42908	51
42909	51
42910	51
42911	51
42912	51
42913	51
42914	51
42915	51
42916	51
42917	51
42918	51
42919	51
42920	51
42921	51
42922	51
42923	51
42924	51
42925	51
42926	51
42927	51
42928	51
42929	51
42930	51
42931	51
42932	51
42933	51
42934	51
42935	51
42936	51
42937	51
42938	51
42939	51
42940	51
42941	51
42942	51
42943	51
42944	51
42945	51
42946	51
42947	51
42948	51
42949	51
42950	51
42951	51
42952	51
42953	51
42954	51
42955	51
42956	51
42957	51
42958	51
42959	51
42960	51
42961	51
42962	51
42963	51
42964	51
42965	51
42966	51
42967	51
42968	51
42969	51
42970	51
42971	51
42972	51
42973	51
42974	51
42975	51
42976	51
42977	51
42978	51
42979	51
42980	51
42981	51
42982	51
42983	51
42984	51
42985	51
42986	51
42987	51
42988	51
42989	51
42990	51
42991	51
42992	51
42993	51
42994	51
42995	51
42996	51
42997	51
42998	51
42999	51
43000	51
43001	51
43002	51
43003	51
43004	51
43005	51
43006	51
43007	51
43008	51
43009	51
43010	51
43011	51
43012	51
43013	51
43014	51
43015	51
43016	51
43017	51
43018	51
43019	51
43020	51
43021	51
43022	51
43023	51
43024	51
43025	51
43026	51
43027	51
43028	51
43029	51
43030	51
43031	51
43032	51
43033	51
43034	51
43035	51
43036	51
43037	51
43038	51
43039	51
43040	51
43041	51
43042	51
43043	51
43044	51
43045	51
43046	51
43047	51
43048	51
43049	51
43050	51
43051	51
43052	51
43053	51
43054	51
43055	51
43056	51
43057	51
43058	51
43059	51
43060	51
43061	51
43062	51
43063	51
43064	51
43065	51
43066	51
43067	51
43068	51
43069	51
43070	51
43071	51
43072	51
43073	51
43074	51
43075	51
43076	51
43077	51
43078	51
43079	51
43080	51
43081	51
43082	51
43083	51
43084	51
43085	51
43086	51
43087	51
43088	51
43089	51
43090	51
43091	51
43092	51
43093	51
43094	51
43095	51
43096	51
43097	51
43098	51
43099	51
43100	51
43101	51
43102	51
43103	51
43104	51
43105	51
43106	51
43107	51
43108	51
43109	51
43110	51
43111	51
43112	51
43113	51
43114	51
43115	51
43116	51
43117	51
43118	51
43119	51
43120	51
43121	51
43122	51
43123	51
43124	51
43125	51
43126	51
43127	51
43128	51
43129	51
43130	51
43131	51
43132	51
43133	51
43134	51
43135	51
43136	51
43137	51
43138	51
43139	51
43140	51
43141	51
43142	51
43143	51
43144	51
43145	51
43146	51
43147	51
43148	51
43149	51
43150	51
43151	51
43152	51
43153	51
43154	51
43155	51
43156	51
43157	51
43158	51
43159	51
43160	51
43161	51
43162	51
43163	51
43164	51
43165	51
43166	51
43167	51
43168	51
43169	51
43170	51
43171	51
43172	51
43173	51
43174	51
43175	51
43176	51
43177	51
43178	51
43179	51
43180	51
43181	51
43182	51
43183	51
43184	51
43185	51
43186	51
43187	51
43188	51
43189	51
43190	51
43191	51
43192	51
43193	51
43194	51
43195	51
43196	51
43197	51
43198	51
43199	51
43200	51
43201	51
43202	51
43203	51
43204	51
43205	51
43206	51
43207	51
43208	51
43209	51
43210	51
43211	51
43212	51
43213	51
43214	51
43215	51
43216	51
43217	51
43218	51
43219	51
43220	51
43221	51
43222	51
43223	51
43224	51
43225	51
43226	51
43227	51
43228	51
43229	51
43230	51
43231	51
43232	51
43233	51
43234	51
43235	51
43236	51
43237	51
43238	51
43239	51
43240	51
43241	51
43242	51
43243	51
43244	51
43245	51
43246	51
43247	51
43248	51
43249	51
43250	51
43251	51
43252	51
43253	51
43254	51
43255	51
43256	51
43257	51
43258	51
43259	51
43260	51
43261	51
43262	51
43263	51
43264	51
43265	51
43266	51
43267	51
43268	51
43269	51
43270	51
43271	51
43272	51
43273	51
43274	51
43275	51
43276	51
43277	51
43278	51
43279	51
43280	51
43281	51
43282	51
43283	51
43284	51
43285	51
43286	51
43287	51
43288	51
43289	51
43290	51
43291	51
43292	51
43293	51
43294	51
43295	51
43296	51
43297	51
43298	51
43299	51
43300	51
43301	51
43302	51
43303	51
43304	51
43305	51
43306	51
43307	51
43308	51
43309	51
43310	51
43311	51
43312	51
43313	51
43314	51
43315	51
43316	52
43317	52
43318	52
43319	52
43320	52
43321	52
43322	52
43323	52
43324	52
43325	52
43326	52
43327	52
43328	52
43329	52
43330	52
43331	52
43332	52
43333	52
43334	52
43335	52
43336	52
43337	52
43338	52
43339	52
43340	52
43341	52
43342	52
43343	52
43344	52
43345	52
43346	52
43347	52
43348	52
43349	52
43350	52
43351	52
43352	52
43353	52
43354	52
43355	52
43356	52
43357	52
43358	52
43359	52
43360	52
43361	52
43362	52
43363	52
43364	52
43365	52
43366	52
43367	52
43368	52
43369	52
43370	52
43371	52
43372	52
43373	52
43374	52
43375	52
43376	52
43377	52
43378	52
43379	52
43380	52
43381	52
43382	52
43383	52
43384	52
43385	52
43386	52
43387	52
43388	52
43389	52
43390	52
43391	52
43392	52
43393	52
43394	52
43395	52
43396	52
43397	52
43398	52
43399	52
43400	52
43401	52
43402	52
43403	52
43404	52
43405	52
43406	52
43407	52
43408	52
43409	52
43410	52
43411	52
43412	52
43413	52
43414	52
43415	52
43416	52
43417	52
43418	52
43419	52
43420	52
43421	52
43422	52
43423	52
43424	52
43425	52
43426	52
43427	52
43428	52
43429	52
43430	52
43431	52
43432	52
43433	52
43434	52
43435	52
43436	52
43437	52
43438	52
43439	52
43440	52
43441	52
43442	52
43443	52
43444	52
43445	52
43446	52
43447	52
43448	52
43449	52
43450	52
43451	52
43452	52
43453	52
43454	52
43455	52
43456	52
43457	52
43458	52
43459	52
43460	52
43461	52
43462	52
43463	52
43464	52
43465	52
43466	52
43467	52
43468	52
43469	52
43470	52
43471	52
43472	52
43473	52
43474	52
43475	52
43476	52
43477	52
43478	52
43479	52
43480	52
43481	52
43482	52
43483	52
43484	52
43485	52
43486	52
43487	52
43488	52
43489	52
43490	52
43491	52
43492	52
43493	52
43494	52
43495	52
43496	52
43497	52
43498	52
43499	52
43500	52
43501	52
43502	52
43503	52
43504	52
43505	52
43506	52
43507	52
43508	52
43509	52
43510	52
43511	52
43512	52
43513	52
43514	52
43515	52
43516	52
43517	52
43518	52
43519	52
43520	52
43521	52
43522	52
43523	52
43524	52
43525	52
43526	52
43527	52
43528	52
43529	52
43530	52
43531	52
43532	52
43533	52
43534	52
43535	52
43536	52
43537	52
43538	52
43539	52
43540	52
43541	52
43542	52
43543	52
43544	52
43545	52
43546	52
43547	52
43548	52
43549	52
43550	52
43551	52
43552	52
43553	52
43554	52
43555	52
43556	52
43557	52
43558	52
43559	52
43560	52
43561	52
43562	52
43563	52
43564	52
43565	52
43566	52
43567	52
43568	52
43569	52
43570	52
43571	52
43572	52
43573	52
43574	52
43575	52
43576	52
43577	52
43578	52
43579	52
43580	52
43581	52
43582	52
43583	52
43584	52
43585	52
43586	52
43587	52
43588	52
43589	52
43590	52
43591	52
43592	52
43593	52
43594	52
43595	52
43596	52
43597	52
43598	52
43599	52
43600	52
43601	52
43602	52
43603	52
43604	52
43605	52
43606	52
43607	52
43608	52
43609	52
43610	52
43611	52
43612	52
43613	52
43614	52
43615	52
43616	52
43617	52
43618	52
43619	52
43620	52
43621	52
43622	52
43623	52
43624	52
43625	52
43626	52
43627	52
43628	52
43629	52
43630	52
43631	52
43632	52
43633	52
43634	52
43635	52
43636	52
43637	52
43638	52
43639	52
43640	52
43641	52
43642	52
43643	52
43644	52
43645	52
43646	52
43647	52
43648	52
43649	52
43650	52
43651	52
43652	52
43653	52
43654	52
43655	52
43656	52
43657	52
43658	52
43659	52
43660	52
43661	52
43662	52
43663	52
43664	52
43665	52
43666	52
43667	52
43668	52
43669	52
43670	52
43671	52
43672	52
43673	52
43674	52
43675	52
43676	52
43677	52
43678	52
43679	52
43680	52
43681	52
43682	52
43683	52
43684	52
43685	52
43686	52
43687	52
43688	52
43689	52
43690	52
43691	52
43692	52
43693	52
43694	52
43695	52
43696	52
43697	52
43698	52
43699	52
43700	52
43701	52
43702	52
43703	52
43704	52
43705	52
43706	52
43707	52
43708	52
43709	52
43710	52
43711	52
43712	52
43713	52
43714	52
43715	52
43716	52
43717	52
43718	52
43719	52
43720	52
43721	52
43722	52
43723	52
43724	52
43725	52
43726	52
43727	52
43728	52
43729	52
43730	52
43731	52
43732	52
43733	52
43734	52
43735	52
43736	52
43737	52
43738	52
43739	52
43740	52
43741	52
43742	52
43743	52
43744	52
43745	52
43746	52
43747	52
43748	52
43749	52
43750	52
43751	52
43752	52
43753	52
43754	52
43755	52
43756	52
43757	52
43758	52
43759	52
43760	52
43761	52
43762	52
43763	52
43764	52
43765	52
43766	52
43767	52
43768	52
43769	52
43770	52
43771	52
43772	52
43773	52
43774	52
43775	52
43776	52
43777	52
43778	52
43779	52
43780	52
43781	52
43782	52
43783	52
43784	52
43785	52
43786	52
43787	52
43788	52
43789	52
43790	52
43791	52
43792	52
43793	52
43794	52
43795	52
43796	52
43797	52
43798	52
43799	52
43800	52
43801	52
43802	52
43803	52
43804	52
43805	52
43806	52
43807	52
43808	52
43809	52
43810	52
43811	52
43812	52
43813	52
43814	52
43815	52
43816	52
43817	52
43818	52
43819	52
43820	52
43821	52
43822	52
43823	52
43824	52
43825	52
43826	52
43827	52
43828	52
43829	52
43830	52
43831	52
43832	52
43833	52
43834	52
43835	52
43836	52
43837	52
43838	52
43839	52
43840	52
43841	52
43842	52
43843	52
43844	52
43845	52
43846	52
43847	52
43848	52
43849	52
43850	52
43851	52
43852	52
43853	52
43854	52
43855	52
43856	52
43857	52
43858	52
43859	52
43860	52
43861	52
43862	52
43863	52
43864	52
43865	52
43866	52
43867	52
43868	52
43869	52
43870	52
43871	52
43872	52
43873	52
43874	52
43875	52
43876	52
43877	52
43878	52
43879	52
43880	52
43881	52
43882	52
43883	52
43884	52
43885	52
43886	52
43887	52
43888	52
43889	52
43890	52
43891	52
43892	52
43893	52
43894	52
43895	52
43896	52
43897	52
43898	52
43899	52
43900	52
43901	52
43902	52
43903	52
43904	52
43905	52
43906	52
43907	52
43908	52
43909	52
43910	52
43911	52
43912	52
43913	52
43914	52
43915	52
43916	52
43917	52
43918	52
43919	52
43920	52
43921	52
43922	52
43923	52
43924	52
43925	52
43926	52
43927	52
43928	52
43929	52
43930	52
43931	52
43932	52
43933	52
43934	52
43935	52
43936	52
43937	52
43938	52
43939	52
43940	52
43941	52
43942	52
43943	52
43944	52
43945	52
43946	52
43947	52
43948	52
43949	52
43950	52
43951	52
43952	52
43953	52
43954	52
43955	52
43956	52
43957	52
43958	52
43959	52
43960	52
43961	52
43962	52
43963	52
43964	52
43965	52
43966	52
43967	52
43968	52
43969	52
43970	52
43971	52
43972	52
43973	52
43974	52
43975	52
43976	52
43977	52
43978	52
43979	52
43980	52
43981	52
43982	52
43983	52
43984	52
43985	52
43986	52
43987	52
43988	52
43989	52
43990	52
43991	52
43992	52
43993	52
43994	52
43995	52
43996	52
43997	52
43998	52
43999	52
44000	52
44001	52
44002	52
44003	52
44004	52
44005	52
44006	52
44007	52
44008	52
44009	52
44010	52
44011	52
44012	52
44013	52
44014	52
44015	52
44016	52
44017	52
44018	52
44019	52
44020	52
44021	52
44022	52
44023	52
44024	52
44025	52
44026	52
44027	52
44028	52
44029	52
44030	52
44031	52
44032	52
44033	52
44034	52
44035	52
44036	52
44037	52
44038	52
44039	52
44040	52
44041	52
44042	52
44043	52
44044	52
44045	52
44046	52
44047	52
44048	52
44049	52
44050	52
44051	52
44052	52
44053	52
44054	52
44055	52
44056	52
44057	52
44058	52
44059	52
44060	52
44061	52
44062	52
44063	52
44064	52
44065	52
44066	52
44067	52
44068	52
44069	52
44070	52
44071	52
44072	52
44073	52
44074	52
44075	52
44076	52
44077	52
44078	52
44079	52
44080	52
44081	52
44082	52
44083	52
44084	52
44085	52
44086	52
44087	52
44088	52
44089	52
44090	52
44091	52
44092	52
44093	52
44094	52
44095	52
44096	52
44097	52
44098	52
44099	52
44100	52
44101	52
44102	52
44103	52
44104	52
44105	52
44106	52
44107	52
44108	52
44109	52
44110	52
44111	52
44112	52
44113	52
44114	52
44115	52
44116	52
44117	52
44118	52
44119	52
44120	52
44121	52
44122	52
44123	52
44124	52
44125	52
44126	52
44127	52
44128	52
44129	52
44130	52
44131	52
44132	52
44133	52
44134	52
44135	52
44136	52
44137	52
44138	52
44139	52
44140	52
44141	52
44142	52
44143	52
44144	52
44145	52
44146	52
44147	52
44148	52
44149	53
44150	53
44151	53
44152	53
44153	53
44154	53
44155	53
44156	53
44157	53
44158	53
44159	53
44160	53
44161	53
44162	53
44163	53
44164	53
44165	53
44166	53
44167	53
44168	53
44169	53
44170	53
44171	53
44172	53
44173	53
44174	53
44175	53
44176	53
44177	53
44178	53
44179	53
44180	53
44181	53
44182	53
44183	53
44184	53
44185	53
44186	53
44187	53
44188	53
44189	53
44190	53
44191	53
44192	53
44193	53
44194	53
44195	53
44196	53
44197	53
44198	53
44199	53
44200	53
44201	53
44202	53
44203	53
44204	53
44205	53
44206	53
44207	53
44208	53
44209	53
44210	53
44211	53
44212	53
44213	53
44214	53
44215	53
44216	53
44217	53
44218	53
44219	53
44220	53
44221	53
44222	53
44223	53
44224	53
44225	53
44226	53
44227	53
44228	53
44229	53
44230	53
44231	53
44232	53
44233	53
44234	53
44235	53
44236	53
44237	53
44238	53
44239	53
44240	53
44241	53
44242	53
44243	53
44244	53
44245	53
44246	53
44247	53
44248	53
44249	53
44250	53
44251	53
44252	53
44253	53
44254	53
44255	53
44256	53
44257	53
44258	53
44259	53
44260	53
44261	53
44262	53
44263	53
44264	53
44265	53
44266	53
44267	53
44268	53
44269	53
44270	53
44271	53
44272	53
44273	53
44274	53
44275	53
44276	53
44277	53
44278	53
44279	53
44280	53
44281	53
44282	53
44283	53
44284	53
44285	53
44286	53
44287	53
44288	53
44289	53
44290	53
44291	53
44292	53
44293	53
44294	53
44295	53
44296	53
44297	53
44298	53
44299	53
44300	53
44301	53
44302	53
44303	53
44304	53
44305	53
44306	53
44307	53
44308	53
44309	53
44310	53
44311	53
44312	53
44313	53
44314	53
44315	53
44316	53
44317	53
44318	53
44319	53
44320	53
44321	53
44322	53
44323	53
44324	53
44325	53
44326	53
44327	53
44328	53
44329	53
44330	53
44331	53
44332	53
44333	53
44334	53
44335	53
44336	53
44337	53
44338	53
44339	53
44340	53
44341	53
44342	53
44343	53
44344	53
44345	53
44346	53
44347	53
44348	53
44349	53
44350	53
44351	53
44352	53
44353	53
44354	53
44355	53
44356	53
44357	53
44358	53
44359	53
44360	53
44361	53
44362	53
44363	53
44364	53
44365	53
44366	53
44367	53
44368	53
44369	53
44370	53
44371	53
44372	53
44373	53
44374	53
44375	53
44376	53
44377	53
44378	53
44379	53
44380	53
44381	53
44382	53
44383	53
44384	53
44385	53
44386	53
44387	53
44388	53
44389	53
44390	53
44391	53
44392	53
44393	53
44394	53
44395	53
44396	53
44397	53
44398	53
44399	53
44400	53
44401	53
44402	53
44403	53
44404	53
44405	53
44406	53
44407	53
44408	53
44409	53
44410	53
44411	53
44412	53
44413	53
44414	53
44415	53
44416	53
44417	53
44418	53
44419	53
44420	53
44421	53
44422	53
44423	53
44424	53
44425	53
44426	53
44427	53
44428	53
44429	53
44430	53
44431	53
44432	53
44433	53
44434	53
44435	53
44436	53
44437	53
44438	53
44439	53
44440	53
44441	53
44442	53
44443	53
44444	53
44445	53
44446	53
44447	53
44448	53
44449	53
44450	53
44451	53
44452	53
44453	53
44454	53
44455	53
44456	53
44457	53
44458	53
44459	53
44460	53
44461	53
44462	53
44463	53
44464	53
44465	53
44466	53
44467	53
44468	53
44469	53
44470	53
44471	53
44472	53
44473	53
44474	53
44475	53
44476	53
44477	53
44478	53
44479	53
44480	53
44481	53
44482	53
44483	53
44484	53
44485	53
44486	53
44487	53
44488	53
44489	53
44490	53
44491	53
44492	53
44493	53
44494	53
44495	53
44496	53
44497	53
44498	53
44499	53
44500	53
44501	53
44502	53
44503	53
44504	53
44505	53
44506	53
44507	53
44508	53
44509	53
44510	53
44511	53
44512	53
44513	53
44514	53
44515	53
44516	53
44517	53
44518	53
44519	53
44520	53
44521	53
44522	53
44523	53
44524	53
44525	53
44526	53
44527	53
44528	53
44529	53
44530	53
44531	53
44532	53
44533	53
44534	53
44535	53
44536	53
44537	53
44538	53
44539	53
44540	53
44541	53
44542	53
44543	53
44544	53
44545	53
44546	53
44547	53
44548	53
44549	53
44550	53
44551	53
44552	53
44553	53
44554	53
44555	53
44556	53
44557	53
44558	53
44559	53
44560	53
44561	53
44562	53
44563	53
44564	53
44565	53
44566	53
44567	53
44568	53
44569	53
44570	53
44571	53
44572	53
44573	53
44574	53
44575	53
44576	53
44577	53
44578	53
44579	53
44580	53
44581	53
44582	53
44583	53
44584	53
44585	53
44586	53
44587	53
44588	53
44589	53
44590	53
44591	53
44592	53
44593	53
44594	53
44595	53
44596	53
44597	53
44598	53
44599	53
44600	53
44601	53
44602	53
44603	53
44604	53
44605	53
44606	53
44607	53
44608	53
44609	53
44610	53
44611	53
44612	53
44613	53
44614	53
44615	53
44616	53
44617	53
44618	53
44619	53
44620	53
44621	53
44622	53
44623	53
44624	53
44625	53
44626	53
44627	53
44628	53
44629	53
44630	53
44631	53
44632	53
44633	53
44634	53
44635	53
44636	53
44637	53
44638	53
44639	53
44640	53
44641	53
44642	53
44643	53
44644	53
44645	53
44646	53
44647	53
44648	53
44649	53
44650	53
44651	53
44652	53
44653	53
44654	53
44655	53
44656	53
44657	53
44658	53
44659	53
44660	53
44661	53
44662	53
44663	53
44664	53
44665	53
44666	53
44667	53
44668	53
44669	53
44670	53
44671	53
44672	53
44673	53
44674	53
44675	53
44676	53
44677	53
44678	53
44679	53
44680	53
44681	53
44682	53
44683	53
44684	53
44685	53
44686	53
44687	53
44688	53
44689	53
44690	53
44691	53
44692	53
44693	53
44694	53
44695	53
44696	53
44697	53
44698	53
44699	53
44700	53
44701	53
44702	53
44703	53
44704	53
44705	53
44706	53
44707	53
44708	53
44709	53
44710	53
44711	53
44712	53
44713	53
44714	53
44715	53
44716	53
44717	53
44718	53
44719	53
44720	53
44721	53
44722	53
44723	53
44724	53
44725	53
44726	53
44727	53
44728	53
44729	53
44730	53
44731	53
44732	53
44733	53
44734	53
44735	53
44736	53
44737	53
44738	53
44739	53
44740	53
44741	53
44742	53
44743	53
44744	53
44745	53
44746	53
44747	53
44748	53
44749	53
44750	53
44751	53
44752	53
44753	53
44754	53
44755	53
44756	53
44757	53
44758	53
44759	53
44760	53
44761	53
44762	53
44763	53
44764	53
44765	53
44766	53
44767	53
44768	53
44769	53
44770	53
44771	53
44772	53
44773	53
44774	53
44775	53
44776	53
44777	53
44778	53
44779	53
44780	53
44781	53
44782	53
44783	53
44784	53
44785	53
44786	53
44787	53
44788	53
44789	53
44790	53
44791	53
44792	53
44793	53
44794	53
44795	53
44796	53
44797	53
44798	53
44799	53
44800	53
44801	53
44802	53
44803	53
44804	53
44805	53
44806	53
44807	53
44808	53
44809	53
44810	53
44811	53
44812	53
44813	53
44814	53
44815	53
44816	53
44817	53
44818	53
44819	53
44820	53
44821	53
44822	53
44823	53
44824	53
44825	53
44826	53
44827	53
44828	53
44829	53
44830	53
44831	53
44832	53
44833	53
44834	53
44835	53
44836	53
44837	53
44838	53
44839	53
44840	53
44841	53
44842	53
44843	53
44844	53
44845	53
44846	53
44847	53
44848	53
44849	53
44850	53
44851	53
44852	53
44853	53
44854	53
44855	53
44856	53
44857	53
44858	53
44859	53
44860	53
44861	53
44862	53
44863	53
44864	53
44865	53
44866	53
44867	53
44868	53
44869	53
44870	53
44871	53
44872	53
44873	53
44874	53
44875	53
44876	53
44877	53
44878	53
44879	53
44880	53
44881	53
44882	53
44883	53
44884	53
44885	53
44886	53
44887	53
44888	53
44889	53
44890	53
44891	53
44892	53
44893	53
44894	53
44895	53
44896	53
44897	53
44898	53
44899	53
44900	53
44901	53
44902	53
44903	53
44904	53
44905	53
44906	53
44907	53
44908	53
44909	53
44910	53
44911	53
44912	53
44913	53
44914	53
44915	53
44916	53
44917	53
44918	53
44919	53
44920	53
44921	53
44922	53
44923	53
44924	53
44925	53
44926	53
44927	53
44928	53
44929	53
44930	53
44931	53
44932	53
44933	53
44934	53
44935	53
44936	53
44937	53
44938	53
44939	53
44940	53
44941	53
44942	53
44943	53
44944	53
44945	53
44946	53
44947	53
44948	53
44949	53
44950	53
44951	53
44952	53
44953	53
44954	53
44955	53
44956	53
44957	53
44958	53
44959	53
44960	53
44961	53
44962	53
44963	53
44964	53
44965	53
44966	53
44967	53
44968	53
44969	53
44970	53
44971	53
44972	53
44973	53
44974	53
44975	53
44976	53
44977	53
44978	53
44979	53
44980	53
44981	53
44982	54
44983	54
44984	54
44985	54
44986	54
44987	54
44988	54
44989	54
44990	54
44991	54
44992	54
44993	54
44994	54
44995	54
44996	54
44997	54
44998	54
44999	54
45000	54
45001	54
45002	54
45003	54
45004	54
45005	54
45006	54
45007	54
45008	54
45009	54
45010	54
45011	54
45012	54
45013	54
45014	54
45015	54
45016	54
45017	54
45018	54
45019	54
45020	54
45021	54
45022	54
45023	54
45024	54
45025	54
45026	54
45027	54
45028	54
45029	54
45030	54
45031	54
45032	54
45033	54
45034	54
45035	54
45036	54
45037	54
45038	54
45039	54
45040	54
45041	54
45042	54
45043	54
45044	54
45045	54
45046	54
45047	54
45048	54
45049	54
45050	54
45051	54
45052	54
45053	54
45054	54
45055	54
45056	54
45057	54
45058	54
45059	54
45060	54
45061	54
45062	54
45063	54
45064	54
45065	54
45066	54
45067	54
45068	54
45069	54
45070	54
45071	54
45072	54
45073	54
45074	54
45075	54
45076	54
45077	54
45078	54
45079	54
45080	54
45081	54
45082	54
45083	54
45084	54
45085	54
45086	54
45087	54
45088	54
45089	54
45090	54
45091	54
45092	54
45093	54
45094	54
45095	54
45096	54
45097	54
45098	54
45099	54
45100	54
45101	54
45102	54
45103	54
45104	54
45105	54
45106	54
45107	54
45108	54
45109	54
45110	54
45111	54
45112	54
45113	54
45114	54
45115	54
45116	54
45117	54
45118	54
45119	54
45120	54
45121	54
45122	54
45123	54
45124	54
45125	54
45126	54
45127	54
45128	54
45129	54
45130	54
45131	54
45132	54
45133	54
45134	54
45135	54
45136	54
45137	54
45138	54
45139	54
45140	54
45141	54
45142	54
45143	54
45144	54
45145	54
45146	54
45147	54
45148	54
45149	54
45150	54
45151	54
45152	54
45153	54
45154	54
45155	54
45156	54
45157	54
45158	54
45159	54
45160	54
45161	54
45162	54
45163	54
45164	54
45165	54
45166	54
45167	54
45168	54
45169	54
45170	54
45171	54
45172	54
45173	54
45174	54
45175	54
45176	54
45177	54
45178	54
45179	54
45180	54
45181	54
45182	54
45183	54
45184	54
45185	54
45186	54
45187	54
45188	54
45189	54
45190	54
45191	54
45192	54
45193	54
45194	54
45195	54
45196	54
45197	54
45198	54
45199	54
45200	54
45201	54
45202	54
45203	54
45204	54
45205	54
45206	54
45207	54
45208	54
45209	54
45210	54
45211	54
45212	54
45213	54
45214	54
45215	54
45216	54
45217	54
45218	54
45219	54
45220	54
45221	54
45222	54
45223	54
45224	54
45225	54
45226	54
45227	54
45228	54
45229	54
45230	54
45231	54
45232	54
45233	54
45234	54
45235	54
45236	54
45237	54
45238	54
45239	54
45240	54
45241	54
45242	54
45243	54
45244	54
45245	54
45246	54
45247	54
45248	54
45249	54
45250	54
45251	54
45252	54
45253	54
45254	54
45255	54
45256	54
45257	54
45258	54
45259	54
45260	54
45261	54
45262	54
45263	54
45264	54
45265	54
45266	54
45267	54
45268	54
45269	54
45270	54
45271	54
45272	54
45273	54
45274	54
45275	54
45276	54
45277	54
45278	54
45279	54
45280	54
45281	54
45282	54
45283	54
45284	54
45285	54
45286	54
45287	54
45288	54
45289	54
45290	54
45291	54
45292	54
45293	54
45294	54
45295	54
45296	54
45297	54
45298	54
45299	54
45300	54
45301	54
45302	54
45303	54
45304	54
45305	54
45306	54
45307	54
45308	54
45309	54
45310	54
45311	54
45312	54
45313	54
45314	54
45315	54
45316	54
45317	54
45318	54
45319	54
45320	54
45321	54
45322	54
45323	54
45324	54
45325	54
45326	54
45327	54
45328	54
45329	54
45330	54
45331	54
45332	54
45333	54
45334	54
45335	54
45336	54
45337	54
45338	54
45339	54
45340	54
45341	54
45342	54
45343	54
45344	54
45345	54
45346	54
45347	54
45348	54
45349	54
45350	54
45351	54
45352	54
45353	54
45354	54
45355	54
45356	54
45357	54
45358	54
45359	54
45360	54
45361	54
45362	54
45363	54
45364	54
45365	54
45366	54
45367	54
45368	54
45369	54
45370	54
45371	54
45372	54
45373	54
45374	54
45375	54
45376	54
45377	54
45378	54
45379	54
45380	54
45381	54
45382	54
45383	54
45384	54
45385	54
45386	54
45387	54
45388	54
45389	54
45390	54
45391	54
45392	54
45393	54
45394	54
45395	54
45396	54
45397	54
45398	54
45399	54
45400	54
45401	54
45402	54
45403	54
45404	54
45405	54
45406	54
45407	54
45408	54
45409	54
45410	54
45411	54
45412	54
45413	54
45414	54
45415	54
45416	54
45417	54
45418	54
45419	54
45420	54
45421	54
45422	54
45423	54
45424	54
45425	54
45426	54
45427	54
45428	54
45429	54
45430	54
45431	54
45432	54
45433	54
45434	54
45435	54
45436	54
45437	54
45438	54
45439	54
45440	54
45441	54
45442	54
45443	54
45444	54
45445	54
45446	54
45447	54
45448	54
45449	54
45450	54
45451	54
45452	54
45453	54
45454	54
45455	54
45456	54
45457	54
45458	54
45459	54
45460	54
45461	54
45462	54
45463	54
45464	54
45465	54
45466	54
45467	54
45468	54
45469	54
45470	54
45471	54
45472	54
45473	54
45474	54
45475	54
45476	54
45477	54
45478	54
45479	54
45480	54
45481	54
45482	54
45483	54
45484	54
45485	54
45486	54
45487	54
45488	54
45489	54
45490	54
45491	54
45492	54
45493	54
45494	54
45495	54
45496	54
45497	54
45498	54
45499	54
45500	54
45501	54
45502	54
45503	54
45504	54
45505	54
45506	54
45507	54
45508	54
45509	54
45510	54
45511	54
45512	54
45513	54
45514	54
45515	54
45516	54
45517	54
45518	54
45519	54
45520	54
45521	54
45522	54
45523	54
45524	54
45525	54
45526	54
45527	54
45528	54
45529	54
45530	54
45531	54
45532	54
45533	54
45534	54
45535	54
45536	54
45537	54
45538	54
45539	54
45540	54
45541	54
45542	54
45543	54
45544	54
45545	54
45546	54
45547	54
45548	54
45549	54
45550	54
45551	54
45552	54
45553	54
45554	54
45555	54
45556	54
45557	54
45558	54
45559	54
45560	54
45561	54
45562	54
45563	54
45564	54
45565	54
45566	54
45567	54
45568	54
45569	54
45570	54
45571	54
45572	54
45573	54
45574	54
45575	54
45576	54
45577	54
45578	54
45579	54
45580	54
45581	54
45582	54
45583	54
45584	54
45585	54
45586	54
45587	54
45588	54
45589	54
45590	54
45591	54
45592	54
45593	54
45594	54
45595	54
45596	54
45597	54
45598	54
45599	54
45600	54
45601	54
45602	54
45603	54
45604	54
45605	54
45606	54
45607	54
45608	54
45609	54
45610	54
45611	54
45612	54
45613	54
45614	54
45615	54
45616	54
45617	54
45618	54
45619	54
45620	54
45621	54
45622	54
45623	54
45624	54
45625	54
45626	54
45627	54
45628	54
45629	54
45630	54
45631	54
45632	54
45633	54
45634	54
45635	54
45636	54
45637	54
45638	54
45639	54
45640	54
45641	54
45642	54
45643	54
45644	54
45645	54
45646	54
45647	54
45648	54
45649	54
45650	54
45651	54
45652	54
45653	54
45654	54
45655	54
45656	54
45657	54
45658	54
45659	54
45660	54
45661	54
45662	54
45663	54
45664	54
45665	54
45666	54
45667	54
45668	54
45669	54
45670	54
45671	54
45672	54
45673	54
45674	54
45675	54
45676	54
45677	54
45678	54
45679	54
45680	54
45681	54
45682	54
45683	54
45684	54
45685	54
45686	54
45687	54
45688	54
45689	54
45690	54
45691	54
45692	54
45693	54
45694	54
45695	54
45696	54
45697	54
45698	54
45699	54
45700	54
45701	54
45702	54
45703	54
45704	54
45705	54
45706	54
45707	54
45708	54
45709	54
45710	54
45711	54
45712	54
45713	54
45714	54
45715	54
45716	54
45717	54
45718	54
45719	54
45720	54
45721	54
45722	54
45723	54
45724	54
45725	54
45726	54
45727	54
45728	54
45729	54
45730	54
45731	54
45732	54
45733	54
45734	54
45735	54
45736	54
45737	54
45738	54
45739	54
45740	54
45741	54
45742	54
45743	54
45744	54
45745	54
45746	54
45747	54
45748	54
45749	54
45750	54
45751	54
45752	54
45753	54
45754	54
45755	54
45756	54
45757	54
45758	54
45759	54
45760	54
45761	54
45762	54
45763	54
45764	54
45765	54
45766	54
45767	54
45768	54
45769	54
45770	54
45771	54
45772	54
45773	54
45774	54
45775	54
45776	54
45777	54
45778	54
45779	54
45780	54
45781	54
45782	54
45783	54
45784	54
45785	54
45786	54
45787	54
45788	54
45789	54
45790	54
45791	54
45792	54
45793	54
45794	54
45795	54
45796	54
45797	54
45798	54
45799	54
45800	54
45801	54
45802	54
45803	54
45804	54
45805	54
45806	54
45807	54
45808	54
45809	54
45810	54
45811	54
45812	54
45813	54
45814	54
45815	55
45816	55
45817	55
45818	55
45819	55
45820	55
45821	55
45822	55
45823	55
45824	55
45825	55
45826	55
45827	55
45828	55
45829	55
45830	55
45831	55
45832	55
45833	55
45834	55
45835	55
45836	55
45837	55
45838	55
45839	55
45840	55
45841	55
45842	55
45843	55
45844	55
45845	55
45846	55
45847	55
45848	55
45849	55
45850	55
45851	55
45852	55
45853	55
45854	55
45855	55
45856	55
45857	55
45858	55
45859	55
45860	55
45861	55
45862	55
45863	55
45864	55
45865	55
45866	55
45867	55
45868	55
45869	55
45870	55
45871	55
45872	55
45873	55
45874	55
45875	55
45876	55
45877	55
45878	55
45879	55
45880	55
45881	55
45882	55
45883	55
45884	55
45885	55
45886	55
45887	55
45888	55
45889	55
45890	55
45891	55
45892	55
45893	55
45894	55
45895	55
45896	55
45897	55
45898	55
45899	55
45900	55
45901	55
45902	55
45903	55
45904	55
45905	55
45906	55
45907	55
45908	55
45909	55
45910	55
45911	55
45912	55
45913	55
45914	55
45915	55
45916	55
45917	55
45918	55
45919	55
45920	55
45921	55
45922	55
45923	55
45924	55
45925	55
45926	55
45927	55
45928	55
45929	55
45930	55
45931	55
45932	55
45933	55
45934	55
45935	55
45936	55
45937	55
45938	55
45939	55
45940	55
45941	55
45942	55
45943	55
45944	55
45945	55
45946	55
45947	55
45948	55
45949	55
45950	55
45951	55
45952	55
45953	55
45954	55
45955	55
45956	55
45957	55
45958	55
45959	55
45960	55
45961	55
45962	55
45963	55
45964	55
45965	55
45966	55
45967	55
45968	55
45969	55
45970	55
45971	55
45972	55
45973	55
45974	55
45975	55
45976	55
45977	55
45978	55
45979	55
45980	55
45981	55
45982	55
45983	55
45984	55
45985	55
45986	55
45987	55
45988	55
45989	55
45990	55
45991	55
45992	55
45993	55
45994	55
45995	55
45996	55
45997	55
45998	55
45999	55
46000	55
46001	55
46002	55
46003	55
46004	55
46005	55
46006	55
46007	55
46008	55
46009	55
46010	55
46011	55
46012	55
46013	55
46014	55
46015	55
46016	55
46017	55
46018	55
46019	55
46020	55
46021	55
46022	55
46023	55
46024	55
46025	55
46026	55
46027	55
46028	55
46029	55
46030	55
46031	55
46032	55
46033	55
46034	55
46035	55
46036	55
46037	55
46038	55
46039	55
46040	55
46041	55
46042	55
46043	55
46044	55
46045	55
46046	55
46047	55
46048	55
46049	55
46050	55
46051	55
46052	55
46053	55
46054	55
46055	55
46056	55
46057	55
46058	55
46059	55
46060	55
46061	55
46062	55
46063	55
46064	55
46065	55
46066	55
46067	55
46068	55
46069	55
46070	55
46071	55
46072	55
46073	55
46074	55
46075	55
46076	55
46077	55
46078	55
46079	55
46080	55
46081	55
46082	55
46083	55
46084	55
46085	55
46086	55
46087	55
46088	55
46089	55
46090	55
46091	55
46092	55
46093	55
46094	55
46095	55
46096	55
46097	55
46098	55
46099	55
46100	55
46101	55
46102	55
46103	55
46104	55
46105	55
46106	55
46107	55
46108	55
46109	55
46110	55
46111	55
46112	55
46113	55
46114	55
46115	55
46116	55
46117	55
46118	55
46119	55
46120	55
46121	55
46122	55
46123	55
46124	55
46125	55
46126	55
46127	55
46128	55
46129	55
46130	55
46131	55
46132	55
46133	55
46134	55
46135	55
46136	55
46137	55
46138	55
46139	55
46140	55
46141	55
46142	55
46143	55
46144	55
46145	55
46146	55
46147	55
46148	55
46149	55
46150	55
46151	55
46152	55
46153	55
46154	55
46155	55
46156	55
46157	55
46158	55
46159	55
46160	55
46161	55
46162	55
46163	55
46164	55
46165	55
46166	55
46167	55
46168	55
46169	55
46170	55
46171	55
46172	55
46173	55
46174	55
46175	55
46176	55
46177	55
46178	55
46179	55
46180	55
46181	55
46182	55
46183	55
46184	55
46185	55
46186	55
46187	55
46188	55
46189	55
46190	55
46191	55
46192	55
46193	55
46194	55
46195	55
46196	55
46197	55
46198	55
46199	55
46200	55
46201	55
46202	55
46203	55
46204	55
46205	55
46206	55
46207	55
46208	55
46209	55
46210	55
46211	55
46212	55
46213	55
46214	55
46215	55
46216	55
46217	55
46218	55
46219	55
46220	55
46221	55
46222	55
46223	55
46224	55
46225	55
46226	55
46227	55
46228	55
46229	55
46230	55
46231	55
46232	55
46233	55
46234	55
46235	55
46236	55
46237	55
46238	55
46239	55
46240	55
46241	55
46242	55
46243	55
46244	55
46245	55
46246	55
46247	55
46248	55
46249	55
46250	55
46251	55
46252	55
46253	55
46254	55
46255	55
46256	55
46257	55
46258	55
46259	55
46260	55
46261	55
46262	55
46263	55
46264	55
46265	55
46266	55
46267	55
46268	55
46269	55
46270	55
46271	55
46272	55
46273	55
46274	55
46275	55
46276	55
46277	55
46278	55
46279	55
46280	55
46281	55
46282	55
46283	55
46284	55
46285	55
46286	55
46287	55
46288	55
46289	55
46290	55
46291	55
46292	55
46293	55
46294	55
46295	55
46296	55
46297	55
46298	55
46299	55
46300	55
46301	55
46302	55
46303	55
46304	55
46305	55
46306	55
46307	55
46308	55
46309	55
46310	55
46311	55
46312	55
46313	55
46314	55
46315	55
46316	55
46317	55
46318	55
46319	55
46320	55
46321	55
46322	55
46323	55
46324	55
46325	55
46326	55
46327	55
46328	55
46329	55
46330	55
46331	55
46332	55
46333	55
46334	55
46335	55
46336	55
46337	55
46338	55
46339	55
46340	55
46341	55
46342	55
46343	55
46344	55
46345	55
46346	55
46347	55
46348	55
46349	55
46350	55
46351	55
46352	55
46353	55
46354	55
46355	55
46356	55
46357	55
46358	55
46359	55
46360	55
46361	55
46362	55
46363	55
46364	55
46365	55
46366	55
46367	55
46368	55
46369	55
46370	55
46371	55
46372	55
46373	55
46374	55
46375	55
46376	55
46377	55
46378	55
46379	55
46380	55
46381	55
46382	55
46383	55
46384	55
46385	55
46386	55
46387	55
46388	55
46389	55
46390	55
46391	55
46392	55
46393	55
46394	55
46395	55
46396	55
46397	55
46398	55
46399	55
46400	55
46401	55
46402	55
46403	55
46404	55
46405	55
46406	55
46407	55
46408	55
46409	55
46410	55
46411	55
46412	55
46413	55
46414	55
46415	55
46416	55
46417	55
46418	55
46419	55
46420	55
46421	55
46422	55
46423	55
46424	55
46425	55
46426	55
46427	55
46428	55
46429	55
46430	55
46431	55
46432	55
46433	55
46434	55
46435	55
46436	55
46437	55
46438	55
46439	55
46440	55
46441	55
46442	55
46443	55
46444	55
46445	55
46446	55
46447	55
46448	55
46449	55
46450	55
46451	55
46452	55
46453	55
46454	55
46455	55
46456	55
46457	55
46458	55
46459	55
46460	55
46461	55
46462	55
46463	55
46464	55
46465	55
46466	55
46467	55
46468	55
46469	55
46470	55
46471	55
46472	55
46473	55
46474	55
46475	55
46476	55
46477	55
46478	55
46479	55
46480	55
46481	55
46482	55
46483	55
46484	55
46485	55
46486	55
46487	55
46488	55
46489	55
46490	55
46491	55
46492	55
46493	55
46494	55
46495	55
46496	55
46497	55
46498	55
46499	55
46500	55
46501	55
46502	55
46503	55
46504	55
46505	55
46506	55
46507	55
46508	55
46509	55
46510	55
46511	55
46512	55
46513	55
46514	55
46515	55
46516	55
46517	55
46518	55
46519	55
46520	55
46521	55
46522	55
46523	55
46524	55
46525	55
46526	55
46527	55
46528	55
46529	55
46530	55
46531	55
46532	55
46533	55
46534	55
46535	55
46536	55
46537	55
46538	55
46539	55
46540	55
46541	55
46542	55
46543	55
46544	55
46545	55
46546	55
46547	55
46548	55
46549	55
46550	55
46551	55
46552	55
46553	55
46554	55
46555	55
46556	55
46557	55
46558	55
46559	55
46560	55
46561	55
46562	55
46563	55
46564	55
46565	55
46566	55
46567	55
46568	55
46569	55
46570	55
46571	55
46572	55
46573	55
46574	55
46575	55
46576	55
46577	55
46578	55
46579	55
46580	55
46581	55
46582	55
46583	55
46584	55
46585	55
46586	55
46587	55
46588	55
46589	55
46590	55
46591	55
46592	55
46593	55
46594	55
46595	55
46596	55
46597	55
46598	55
46599	55
46600	55
46601	55
46602	55
46603	55
46604	55
46605	55
46606	55
46607	55
46608	55
46609	55
46610	55
46611	55
46612	55
46613	55
46614	55
46615	55
46616	55
46617	55
46618	55
46619	55
46620	55
46621	55
46622	55
46623	55
46624	55
46625	55
46626	55
46627	55
46628	55
46629	55
46630	55
46631	55
46632	55
46633	55
46634	55
46635	55
46636	55
46637	55
46638	55
46639	55
46640	55
46641	55
46642	55
46643	55
46644	55
46645	55
46646	55
46647	55
46648	56
46649	56
46650	56
46651	56
46652	56
46653	56
46654	56
46655	56
46656	56
46657	56
46658	56
46659	56
46660	56
46661	56
46662	56
46663	56
46664	56
46665	56
46666	56
46667	56
46668	56
46669	56
46670	56
46671	56
46672	56
46673	56
46674	56
46675	56
46676	56
46677	56
46678	56
46679	56
46680	56
46681	56
46682	56
46683	56
46684	56
46685	56
46686	56
46687	56
46688	56
46689	56
46690	56
46691	56
46692	56
46693	56
46694	56
46695	56
46696	56
46697	56
46698	56
46699	56
46700	56
46701	56
46702	56
46703	56
46704	56
46705	56
46706	56
46707	56
46708	56
46709	56
46710	56
46711	56
46712	56
46713	56
46714	56
46715	56
46716	56
46717	56
46718	56
46719	56
46720	56
46721	56
46722	56
46723	56
46724	56
46725	56
46726	56
46727	56
46728	56
46729	56
46730	56
46731	56
46732	56
46733	56
46734	56
46735	56
46736	56
46737	56
46738	56
46739	56
46740	56
46741	56
46742	56
46743	56
46744	56
46745	56
46746	56
46747	56
46748	56
46749	56
46750	56
46751	56
46752	56
46753	56
46754	56
46755	56
46756	56
46757	56
46758	56
46759	56
46760	56
46761	56
46762	56
46763	56
46764	56
46765	56
46766	56
46767	56
46768	56
46769	56
46770	56
46771	56
46772	56
46773	56
46774	56
46775	56
46776	56
46777	56
46778	56
46779	56
46780	56
46781	56
46782	56
46783	56
46784	56
46785	56
46786	56
46787	56
46788	56
46789	56
46790	56
46791	56
46792	56
46793	56
46794	56
46795	56
46796	56
46797	56
46798	56
46799	56
46800	56
46801	56
46802	56
46803	56
46804	56
46805	56
46806	56
46807	56
46808	56
46809	56
46810	56
46811	56
46812	56
46813	56
46814	56
46815	56
46816	56
46817	56
46818	56
46819	56
46820	56
46821	56
46822	56
46823	56
46824	56
46825	56
46826	56
46827	56
46828	56
46829	56
46830	56
46831	56
46832	56
46833	56
46834	56
46835	56
46836	56
46837	56
46838	56
46839	56
46840	56
46841	56
46842	56
46843	56
46844	56
46845	56
46846	56
46847	56
46848	56
46849	56
46850	56
46851	56
46852	56
46853	56
46854	56
46855	56
46856	56
46857	56
46858	56
46859	56
46860	56
46861	56
46862	56
46863	56
46864	56
46865	56
46866	56
46867	56
46868	56
46869	56
46870	56
46871	56
46872	56
46873	56
46874	56
46875	56
46876	56
46877	56
46878	56
46879	56
46880	56
46881	56
46882	56
46883	56
46884	56
46885	56
46886	56
46887	56
46888	56
46889	56
46890	56
46891	56
46892	56
46893	56
46894	56
46895	56
46896	56
46897	56
46898	56
46899	56
46900	56
46901	56
46902	56
46903	56
46904	56
46905	56
46906	56
46907	56
46908	56
46909	56
46910	56
46911	56
46912	56
46913	56
46914	56
46915	56
46916	56
46917	56
46918	56
46919	56
46920	56
46921	56
46922	56
46923	56
46924	56
46925	56
46926	56
46927	56
46928	56
46929	56
46930	56
46931	56
46932	56
46933	56
46934	56
46935	56
46936	56
46937	56
46938	56
46939	56
46940	56
46941	56
46942	56
46943	56
46944	56
46945	56
46946	56
46947	56
46948	56
46949	56
46950	56
46951	56
46952	56
46953	56
46954	56
46955	56
46956	56
46957	56
46958	56
46959	56
46960	56
46961	56
46962	56
46963	56
46964	56
46965	56
46966	56
46967	56
46968	56
46969	56
46970	56
46971	56
46972	56
46973	56
46974	56
46975	56
46976	56
46977	56
46978	56
46979	56
46980	56
46981	56
46982	56
46983	56
46984	56
46985	56
46986	56
46987	56
46988	56
46989	56
46990	56
46991	56
46992	56
46993	56
46994	56
46995	56
46996	56
46997	56
46998	56
46999	56
47000	56
47001	56
47002	56
47003	56
47004	56
47005	56
47006	56
47007	56
47008	56
47009	56
47010	56
47011	56
47012	56
47013	56
47014	56
47015	56
47016	56
47017	56
47018	56
47019	56
47020	56
47021	56
47022	56
47023	56
47024	56
47025	56
47026	56
47027	56
47028	56
47029	56
47030	56
47031	56
47032	56
47033	56
47034	56
47035	56
47036	56
47037	56
47038	56
47039	56
47040	56
47041	56
47042	56
47043	56
47044	56
47045	56
47046	56
47047	56
47048	56
47049	56
47050	56
47051	56
47052	56
47053	56
47054	56
47055	56
47056	56
47057	56
47058	56
47059	56
47060	56
47061	56
47062	56
47063	56
47064	56
47065	56
47066	56
47067	56
47068	56
47069	56
47070	56
47071	56
47072	56
47073	56
47074	56
47075	56
47076	56
47077	56
47078	56
47079	56
47080	56
47081	56
47082	56
47083	56
47084	56
47085	56
47086	56
47087	56
47088	56
47089	56
47090	56
47091	56
47092	56
47093	56
47094	56
47095	56
47096	56
47097	56
47098	56
47099	56
47100	56
47101	56
47102	56
47103	56
47104	56
47105	56
47106	56
47107	56
47108	56
47109	56
47110	56
47111	56
47112	56
47113	56
47114	56
47115	56
47116	56
47117	56
47118	56
47119	56
47120	56
47121	56
47122	56
47123	56
47124	56
47125	56
47126	56
47127	56
47128	56
47129	56
47130	56
47131	56
47132	56
47133	56
47134	56
47135	56
47136	56
47137	56
47138	56
47139	56
47140	56
47141	56
47142	56
47143	56
47144	56
47145	56
47146	56
47147	56
47148	56
47149	56
47150	56
47151	56
47152	56
47153	56
47154	56
47155	56
47156	56
47157	56
47158	56
47159	56
47160	56
47161	56
47162	56
47163	56
47164	56
47165	56
47166	56
47167	56
47168	56
47169	56
47170	56
47171	56
47172	56
47173	56
47174	56
47175	56
47176	56
47177	56
47178	56
47179	56
47180	56
47181	56
47182	56
47183	56
47184	56
47185	56
47186	56
47187	56
47188	56
47189	56
47190	56
47191	56
47192	56
47193	56
47194	56
47195	56
47196	56
47197	56
47198	56
47199	56
47200	56
47201	56
47202	56
47203	56
47204	56
47205	56
47206	56
47207	56
47208	56
47209	56
47210	56
47211	56
47212	56
47213	56
47214	56
47215	56
47216	56
47217	56
47218	56
47219	56
47220	56
47221	56
47222	56
47223	56
47224	56
47225	56
47226	56
47227	56
47228	56
47229	56
47230	56
47231	56
47232	56
47233	56
47234	56
47235	56
47236	56
47237	56
47238	56
47239	56
47240	56
47241	56
47242	56
47243	56
47244	56
47245	56
47246	56
47247	56
47248	56
47249	56
47250	56
47251	56
47252	56
47253	56
47254	56
47255	56
47256	56
47257	56
47258	56
47259	56
47260	56
47261	56
47262	56
47263	56
47264	56
47265	56
47266	56
47267	56
47268	56
47269	56
47270	56
47271	56
47272	56
47273	56
47274	56
47275	56
47276	56
47277	56
47278	56
47279	56
47280	56
47281	56
47282	56
47283	56
47284	56
47285	56
47286	56
47287	56
47288	56
47289	56
47290	56
47291	56
47292	56
47293	56
47294	56
47295	56
47296	56
47297	56
47298	56
47299	56
47300	56
47301	56
47302	56
47303	56
47304	56
47305	56
47306	56
47307	56
47308	56
47309	56
47310	56
47311	56
47312	56
47313	56
47314	56
47315	56
47316	56
47317	56
47318	56
47319	56
47320	56
47321	56
47322	56
47323	56
47324	56
47325	56
47326	56
47327	56
47328	56
47329	56
47330	56
47331	56
47332	56
47333	56
47334	56
47335	56
47336	56
47337	56
47338	56
47339	56
47340	56
47341	56
47342	56
47343	56
47344	56
47345	56
47346	56
47347	56
47348	56
47349	56
47350	56
47351	56
47352	56
47353	56
47354	56
47355	56
47356	56
47357	56
47358	56
47359	56
47360	56
47361	56
47362	56
47363	56
47364	56
47365	56
47366	56
47367	56
47368	56
47369	56
47370	56
47371	56
47372	56
47373	56
47374	56
47375	56
47376	56
47377	56
47378	56
47379	56
47380	56
47381	56
47382	56
47383	56
47384	56
47385	56
47386	56
47387	56
47388	56
47389	56
47390	56
47391	56
47392	56
47393	56
47394	56
47395	56
47396	56
47397	56
47398	56
47399	56
47400	56
47401	56
47402	56
47403	56
47404	56
47405	56
47406	56
47407	56
47408	56
47409	56
47410	56
47411	56
47412	56
47413	56
47414	56
47415	56
47416	56
47417	56
47418	56
47419	56
47420	56
47421	56
47422	56
47423	56
47424	56
47425	56
47426	56
47427	56
47428	56
47429	56
47430	56
47431	56
47432	56
47433	56
47434	56
47435	56
47436	56
47437	56
47438	56
47439	56
47440	56
47441	56
47442	56
47443	56
47444	56
47445	56
47446	56
47447	56
47448	56
47449	56
47450	56
47451	56
47452	56
47453	56
47454	56
47455	56
47456	56
47457	56
47458	56
47459	56
47460	56
47461	56
47462	56
47463	56
47464	56
47465	56
47466	56
47467	56
47468	56
47469	56
47470	56
47471	56
47472	56
47473	56
47474	56
47475	56
47476	56
47477	56
47478	56
47479	56
47480	56
47481	57
47482	57
47483	57
47484	57
47485	57
47486	57
47487	57
47488	57
47489	57
47490	57
47491	57
47492	57
47493	57
47494	57
47495	57
47496	57
47497	57
47498	57
47499	57
47500	57
47501	57
47502	57
47503	57
47504	57
47505	57
47506	57
47507	57
47508	57
47509	57
47510	57
47511	57
47512	57
47513	57
47514	57
47515	57
47516	57
47517	57
47518	57
47519	57
47520	57
47521	57
47522	57
47523	57
47524	57
47525	57
47526	57
47527	57
47528	57
47529	57
47530	57
47531	57
47532	57
47533	57
47534	57
47535	57
47536	57
47537	57
47538	57
47539	57
47540	57
47541	57
47542	57
47543	57
47544	57
47545	57
47546	57
47547	57
47548	57
47549	57
47550	57
47551	57
47552	57
47553	57
47554	57
47555	57
47556	57
47557	57
47558	57
47559	57
47560	57
47561	57
47562	57
47563	57
47564	57
47565	57
47566	57
47567	57
47568	57
47569	57
47570	57
47571	57
47572	57
47573	57
47574	57
47575	57
47576	57
47577	57
47578	57
47579	57
47580	57
47581	57
47582	57
47583	57
47584	57
47585	57
47586	57
47587	57
47588	57
47589	57
47590	57
47591	57
47592	57
47593	57
47594	57
47595	57
47596	57
47597	57
47598	57
47599	57
47600	57
47601	57
47602	57
47603	57
47604	57
47605	57
47606	57
47607	57
47608	57
47609	57
47610	57
47611	57
47612	57
47613	57
47614	57
47615	57
47616	57
47617	57
47618	57
47619	57
47620	57
47621	57
47622	57
47623	57
47624	57
47625	57
47626	57
47627	57
47628	57
47629	57
47630	57
47631	57
47632	57
47633	57
47634	57
47635	57
47636	57
47637	57
47638	57
47639	57
47640	57
47641	57
47642	57
47643	57
47644	57
47645	57
47646	57
47647	57
47648	57
47649	57
47650	57
47651	57
47652	57
47653	57
47654	57
47655	57
47656	57
47657	57
47658	57
47659	57
47660	57
47661	57
47662	57
47663	57
47664	57
47665	57
47666	57
47667	57
47668	57
47669	57
47670	57
47671	57
47672	57
47673	57
47674	57
47675	57
47676	57
47677	57
47678	57
47679	57
47680	57
47681	57
47682	57
47683	57
47684	57
47685	57
47686	57
47687	57
47688	57
47689	57
47690	57
47691	57
47692	57
47693	57
47694	57
47695	57
47696	57
47697	57
47698	57
47699	57
47700	57
47701	57
47702	57
47703	57
47704	57
47705	57
47706	57
47707	57
47708	57
47709	57
47710	57
47711	57
47712	57
47713	57
47714	57
47715	57
47716	57
47717	57
47718	57
47719	57
47720	57
47721	57
47722	57
47723	57
47724	57
47725	57
47726	57
47727	57
47728	57
47729	57
47730	57
47731	57
47732	57
47733	57
47734	57
47735	57
47736	57
47737	57
47738	57
47739	57
47740	57
47741	57
47742	57
47743	57
47744	57
47745	57
47746	57
47747	57
47748	57
47749	57
47750	57
47751	57
47752	57
47753	57
47754	57
47755	57
47756	57
47757	57
47758	57
47759	57
47760	57
47761	57
47762	57
47763	57
47764	57
47765	57
47766	57
47767	57
47768	57
47769	57
47770	57
47771	57
47772	57
47773	57
47774	57
47775	57
47776	57
47777	57
47778	57
47779	57
47780	57
47781	57
47782	57
47783	57
47784	57
47785	57
47786	57
47787	57
47788	57
47789	57
47790	57
47791	57
47792	57
47793	57
47794	57
47795	57
47796	57
47797	57
47798	57
47799	57
47800	57
47801	57
47802	57
47803	57
47804	57
47805	57
47806	57
47807	57
47808	57
47809	57
47810	57
47811	57
47812	57
47813	57
47814	57
47815	57
47816	57
47817	57
47818	57
47819	57
47820	57
47821	57
47822	57
47823	57
47824	57
47825	57
47826	57
47827	57
47828	57
47829	57
47830	57
47831	57
47832	57
47833	57
47834	57
47835	57
47836	57
47837	57
47838	57
47839	57
47840	57
47841	57
47842	57
47843	57
47844	57
47845	57
47846	57
47847	57
47848	57
47849	57
47850	57
47851	57
47852	57
47853	57
47854	57
47855	57
47856	57
47857	57
47858	57
47859	57
47860	57
47861	57
47862	57
47863	57
47864	57
47865	57
47866	57
47867	57
47868	57
47869	57
47870	57
47871	57
47872	57
47873	57
47874	57
47875	57
47876	57
47877	57
47878	57
47879	57
47880	57
47881	57
47882	57
47883	57
47884	57
47885	57
47886	57
47887	57
47888	57
47889	57
47890	57
47891	57
47892	57
47893	57
47894	57
47895	57
47896	57
47897	57
47898	57
47899	57
47900	57
47901	57
47902	57
47903	57
47904	57
47905	57
47906	57
47907	57
47908	57
47909	57
47910	57
47911	57
47912	57
47913	57
47914	57
47915	57
47916	57
47917	57
47918	57
47919	57
47920	57
47921	57
47922	57
47923	57
47924	57
47925	57
47926	57
47927	57
47928	57
47929	57
47930	57
47931	57
47932	57
47933	57
47934	57
47935	57
47936	57
47937	57
47938	57
47939	57
47940	57
47941	57
47942	57
47943	57
47944	57
47945	57
47946	57
47947	57
47948	57
47949	57
47950	57
47951	57
47952	57
47953	57
47954	57
47955	57
47956	57
47957	57
47958	57
47959	57
47960	57
47961	57
47962	57
47963	57
47964	57
47965	57
47966	57
47967	57
47968	57
47969	57
47970	57
47971	57
47972	57
47973	57
47974	57
47975	57
47976	57
47977	57
47978	57
47979	57
47980	57
47981	57
47982	57
47983	57
47984	57
47985	57
47986	57
47987	57
47988	57
47989	57
47990	57
47991	57
47992	57
47993	57
47994	57
47995	57
47996	57
47997	57
47998	57
47999	57
48000	57
48001	57
48002	57
48003	57
48004	57
48005	57
48006	57
48007	57
48008	57
48009	57
48010	57
48011	57
48012	57
48013	57
48014	57
48015	57
48016	57
48017	57
48018	57
48019	57
48020	57
48021	57
48022	57
48023	57
48024	57
48025	57
48026	57
48027	57
48028	57
48029	57
48030	57
48031	57
48032	57
48033	57
48034	57
48035	57
48036	57
48037	57
48038	57
48039	57
48040	57
48041	57
48042	57
48043	57
48044	57
48045	57
48046	57
48047	57
48048	57
48049	57
48050	57
48051	57
48052	57
48053	57
48054	57
48055	57
48056	57
48057	57
48058	57
48059	57
48060	57
48061	57
48062	57
48063	57
48064	57
48065	57
48066	57
48067	57
48068	57
48069	57
48070	57
48071	57
48072	57
48073	57
48074	57
48075	57
48076	57
48077	57
48078	57
48079	57
48080	57
48081	57
48082	57
48083	57
48084	57
48085	57
48086	57
48087	57
48088	57
48089	57
48090	57
48091	57
48092	57
48093	57
48094	57
48095	57
48096	57
48097	57
48098	57
48099	57
48100	57
48101	57
48102	57
48103	57
48104	57
48105	57
48106	57
48107	57
48108	57
48109	57
48110	57
48111	57
48112	57
48113	57
48114	57
48115	57
48116	57
48117	57
48118	57
48119	57
48120	57
48121	57
48122	57
48123	57
48124	57
48125	57
48126	57
48127	57
48128	57
48129	57
48130	57
48131	57
48132	57
48133	57
48134	57
48135	57
48136	57
48137	57
48138	57
48139	57
48140	57
48141	57
48142	57
48143	57
48144	57
48145	57
48146	57
48147	57
48148	57
48149	57
48150	57
48151	57
48152	57
48153	57
48154	57
48155	57
48156	57
48157	57
48158	57
48159	57
48160	57
48161	57
48162	57
48163	57
48164	57
48165	57
48166	57
48167	57
48168	57
48169	57
48170	57
48171	57
48172	57
48173	57
48174	57
48175	57
48176	57
48177	57
48178	57
48179	57
48180	57
48181	57
48182	57
48183	57
48184	57
48185	57
48186	57
48187	57
48188	57
48189	57
48190	57
48191	57
48192	57
48193	57
48194	57
48195	57
48196	57
48197	57
48198	57
48199	57
48200	57
48201	57
48202	57
48203	57
48204	57
48205	57
48206	57
48207	57
48208	57
48209	57
48210	57
48211	57
48212	57
48213	57
48214	57
48215	57
48216	57
48217	57
48218	57
48219	57
48220	57
48221	57
48222	57
48223	57
48224	57
48225	57
48226	57
48227	57
48228	57
48229	57
48230	57
48231	57
48232	57
48233	57
48234	57
48235	57
48236	57
48237	57
48238	57
48239	57
48240	57
48241	57
48242	57
48243	57
48244	57
48245	57
48246	57
48247	57
48248	57
48249	57
48250	57
48251	57
48252	57
48253	57
48254	57
48255	57
48256	57
48257	57
48258	57
48259	57
48260	57
48261	57
48262	57
48263	57
48264	57
48265	57
48266	57
48267	57
48268	57
48269	57
48270	57
48271	57
48272	57
48273	57
48274	57
48275	57
48276	57
48277	57
48278	57
48279	57
48280	57
48281	57
48282	57
48283	57
48284	57
48285	57
48286	57
48287	57
48288	57
48289	57
48290	57
48291	57
48292	57
48293	57
48294	57
48295	57
48296	57
48297	57
48298	57
48299	57
48300	57
48301	57
48302	57
48303	57
48304	57
48305	57
48306	57
48307	57
48308	57
48309	57
48310	57
48311	57
48312	57
48313	57
48314	58
48315	58
48316	58
48317	58
48318	58
48319	58
48320	58
48321	58
48322	58
48323	58
48324	58
48325	58
48326	58
48327	58
48328	58
48329	58
48330	58
48331	58
48332	58
48333	58
48334	58
48335	58
48336	58
48337	58
48338	58
48339	58
48340	58
48341	58
48342	58
48343	58
48344	58
48345	58
48346	58
48347	58
48348	58
48349	58
48350	58
48351	58
48352	58
48353	58
48354	58
48355	58
48356	58
48357	58
48358	58
48359	58
48360	58
48361	58
48362	58
48363	58
48364	58
48365	58
48366	58
48367	58
48368	58
48369	58
48370	58
48371	58
48372	58
48373	58
48374	58
48375	58
48376	58
48377	58
48378	58
48379	58
48380	58
48381	58
48382	58
48383	58
48384	58
48385	58
48386	58
48387	58
48388	58
48389	58
48390	58
48391	58
48392	58
48393	58
48394	58
48395	58
48396	58
48397	58
48398	58
48399	58
48400	58
48401	58
48402	58
48403	58
48404	58
48405	58
48406	58
48407	58
48408	58
48409	58
48410	58
48411	58
48412	58
48413	58
48414	58
48415	58
48416	58
48417	58
48418	58
48419	58
48420	58
48421	58
48422	58
48423	58
48424	58
48425	58
48426	58
48427	58
48428	58
48429	58
48430	58
48431	58
48432	58
48433	58
48434	58
48435	58
48436	58
48437	58
48438	58
48439	58
48440	58
48441	58
48442	58
48443	58
48444	58
48445	58
48446	58
48447	58
48448	58
48449	58
48450	58
48451	58
48452	58
48453	58
48454	58
48455	58
48456	58
48457	58
48458	58
48459	58
48460	58
48461	58
48462	58
48463	58
48464	58
48465	58
48466	58
48467	58
48468	58
48469	58
48470	58
48471	58
48472	58
48473	58
48474	58
48475	58
48476	58
48477	58
48478	58
48479	58
48480	58
48481	58
48482	58
48483	58
48484	58
48485	58
48486	58
48487	58
48488	58
48489	58
48490	58
48491	58
48492	58
48493	58
48494	58
48495	58
48496	58
48497	58
48498	58
48499	58
48500	58
48501	58
48502	58
48503	58
48504	58
48505	58
48506	58
48507	58
48508	58
48509	58
48510	58
48511	58
48512	58
48513	58
48514	58
48515	58
48516	58
48517	58
48518	58
48519	58
48520	58
48521	58
48522	58
48523	58
48524	58
48525	58
48526	58
48527	58
48528	58
48529	58
48530	58
48531	58
48532	58
48533	58
48534	58
48535	58
48536	58
48537	58
48538	58
48539	58
48540	58
48541	58
48542	58
48543	58
48544	58
48545	58
48546	58
48547	58
48548	58
48549	58
48550	58
48551	58
48552	58
48553	58
48554	58
48555	58
48556	58
48557	58
48558	58
48559	58
48560	58
48561	58
48562	58
48563	58
48564	58
48565	58
48566	58
48567	58
48568	58
48569	58
48570	58
48571	58
48572	58
48573	58
48574	58
48575	58
48576	58
48577	58
48578	58
48579	58
48580	58
48581	58
48582	58
48583	58
48584	58
48585	58
48586	58
48587	58
48588	58
48589	58
48590	58
48591	58
48592	58
48593	58
48594	58
48595	58
48596	58
48597	58
48598	58
48599	58
48600	58
48601	58
48602	58
48603	58
48604	58
48605	58
48606	58
48607	58
48608	58
48609	58
48610	58
48611	58
48612	58
48613	58
48614	58
48615	58
48616	58
48617	58
48618	58
48619	58
48620	58
48621	58
48622	58
48623	58
48624	58
48625	58
48626	58
48627	58
48628	58
48629	58
48630	58
48631	58
48632	58
48633	58
48634	58
48635	58
48636	58
48637	58
48638	58
48639	58
48640	58
48641	58
48642	58
48643	58
48644	58
48645	58
48646	58
48647	58
48648	58
48649	58
48650	58
48651	58
48652	58
48653	58
48654	58
48655	58
48656	58
48657	58
48658	58
48659	58
48660	58
48661	58
48662	58
48663	58
48664	58
48665	58
48666	58
48667	58
48668	58
48669	58
48670	58
48671	58
48672	58
48673	58
48674	58
48675	58
48676	58
48677	58
48678	58
48679	58
48680	58
48681	58
48682	58
48683	58
48684	58
48685	58
48686	58
48687	58
48688	58
48689	58
48690	58
48691	58
48692	58
48693	58
48694	58
48695	58
48696	58
48697	58
48698	58
48699	58
48700	58
48701	58
48702	58
48703	58
48704	58
48705	58
48706	58
48707	58
48708	58
48709	58
48710	58
48711	58
48712	58
48713	58
48714	58
48715	58
48716	58
48717	58
48718	58
48719	58
48720	58
48721	58
48722	58
48723	58
48724	58
48725	58
48726	58
48727	58
48728	58
48729	58
48730	58
48731	58
48732	58
48733	58
48734	58
48735	58
48736	58
48737	58
48738	58
48739	58
48740	58
48741	58
48742	58
48743	58
48744	58
48745	58
48746	58
48747	58
48748	58
48749	58
48750	58
48751	58
48752	58
48753	58
48754	58
48755	58
48756	58
48757	58
48758	58
48759	58
48760	58
48761	58
48762	58
48763	58
48764	58
48765	58
48766	58
48767	58
48768	58
48769	58
48770	58
48771	58
48772	58
48773	58
48774	58
48775	58
48776	58
48777	58
48778	58
48779	58
48780	58
48781	58
48782	58
48783	58
48784	58
48785	58
48786	58
48787	58
48788	58
48789	58
48790	58
48791	58
48792	58
48793	58
48794	58
48795	58
48796	58
48797	58
48798	58
48799	58
48800	58
48801	58
48802	58
48803	58
48804	58
48805	58
48806	58
48807	58
48808	58
48809	58
48810	58
48811	58
48812	58
48813	58
48814	58
48815	58
48816	58
48817	58
48818	58
48819	58
48820	58
48821	58
48822	58
48823	58
48824	58
48825	58
48826	58
48827	58
48828	58
48829	58
48830	58
48831	58
48832	58
48833	58
48834	58
48835	58
48836	58
48837	58
48838	58
48839	58
48840	58
48841	58
48842	58
48843	58
48844	58
48845	58
48846	58
48847	58
48848	58
48849	58
48850	58
48851	58
48852	58
48853	58
48854	58
48855	58
48856	58
48857	58
48858	58
48859	58
48860	58
48861	58
48862	58
48863	58
48864	58
48865	58
48866	58
48867	58
48868	58
48869	58
48870	58
48871	58
48872	58
48873	58
48874	58
48875	58
48876	58
48877	58
48878	58
48879	58
48880	58
48881	58
48882	58
48883	58
48884	58
48885	58
48886	58
48887	58
48888	58
48889	58
48890	58
48891	58
48892	58
48893	58
48894	58
48895	58
48896	58
48897	58
48898	58
48899	58
48900	58
48901	58
48902	58
48903	58
48904	58
48905	58
48906	58
48907	58
48908	58
48909	58
48910	58
48911	58
48912	58
48913	58
48914	58
48915	58
48916	58
48917	58
48918	58
48919	58
48920	58
48921	58
48922	58
48923	58
48924	58
48925	58
48926	58
48927	58
48928	58
48929	58
48930	58
48931	58
48932	58
48933	58
48934	58
48935	58
48936	58
48937	58
48938	58
48939	58
48940	58
48941	58
48942	58
48943	58
48944	58
48945	58
48946	58
48947	58
48948	58
48949	58
48950	58
48951	58
48952	58
48953	58
48954	58
48955	58
48956	58
48957	58
48958	58
48959	58
48960	58
48961	58
48962	58
48963	58
48964	58
48965	58
48966	58
48967	58
48968	58
48969	58
48970	58
48971	58
48972	58
48973	58
48974	58
48975	58
48976	58
48977	58
48978	58
48979	58
48980	58
48981	58
48982	58
48983	58
48984	58
48985	58
48986	58
48987	58
48988	58
48989	58
48990	58
48991	58
48992	58
48993	58
48994	58
48995	58
48996	58
48997	58
48998	58
48999	58
49000	58
49001	58
49002	58
49003	58
49004	58
49005	58
49006	58
49007	58
49008	58
49009	58
49010	58
49011	58
49012	58
49013	58
49014	58
49015	58
49016	58
49017	58
49018	58
49019	58
49020	58
49021	58
49022	58
49023	58
49024	58
49025	58
49026	58
49027	58
49028	58
49029	58
49030	58
49031	58
49032	58
49033	58
49034	58
49035	58
49036	58
49037	58
49038	58
49039	58
49040	58
49041	58
49042	58
49043	58
49044	58
49045	58
49046	58
49047	58
49048	58
49049	58
49050	58
49051	58
49052	58
49053	58
49054	58
49055	58
49056	58
49057	58
49058	58
49059	58
49060	58
49061	58
49062	58
49063	58
49064	58
49065	58
49066	58
49067	58
49068	58
49069	58
49070	58
49071	58
49072	58
49073	58
49074	58
49075	58
49076	58
49077	58
49078	58
49079	58
49080	58
49081	58
49082	58
49083	58
49084	58
49085	58
49086	58
49087	58
49088	58
49089	58
49090	58
49091	58
49092	58
49093	58
49094	58
49095	58
49096	58
49097	58
49098	58
49099	58
49100	58
49101	58
49102	58
49103	58
49104	58
49105	58
49106	58
49107	58
49108	58
49109	58
49110	58
49111	58
49112	58
49113	58
49114	58
49115	58
49116	58
49117	58
49118	58
49119	58
49120	58
49121	58
49122	58
49123	58
49124	58
49125	58
49126	58
49127	58
49128	58
49129	58
49130	58
49131	58
49132	58
49133	58
49134	58
49135	58
49136	58
49137	58
49138	58
49139	58
49140	58
49141	58
49142	58
49143	58
49144	58
49145	58
49146	58
49147	59
49148	59
49149	59
49150	59
49151	59
49152	59
49153	59
49154	59
49155	59
49156	59
49157	59
49158	59
49159	59
49160	59
49161	59
49162	59
49163	59
49164	59
49165	59
49166	59
49167	59
49168	59
49169	59
49170	59
49171	59
49172	59
49173	59
49174	59
49175	59
49176	59
49177	59
49178	59
49179	59
49180	59
49181	59
49182	59
49183	59
49184	59
49185	59
49186	59
49187	59
49188	59
49189	59
49190	59
49191	59
49192	59
49193	59
49194	59
49195	59
49196	59
49197	59
49198	59
49199	59
49200	59
49201	59
49202	59
49203	59
49204	59
49205	59
49206	59
49207	59
49208	59
49209	59
49210	59
49211	59
49212	59
49213	59
49214	59
49215	59
49216	59
49217	59
49218	59
49219	59
49220	59
49221	59
49222	59
49223	59
49224	59
49225	59
49226	59
49227	59
49228	59
49229	59
49230	59
49231	59
49232	59
49233	59
49234	59
49235	59
49236	59
49237	59
49238	59
49239	59
49240	59
49241	59
49242	59
49243	59
49244	59
49245	59
49246	59
49247	59
49248	59
49249	59
49250	59
49251	59
49252	59
49253	59
49254	59
49255	59
49256	59
49257	59
49258	59
49259	59
49260	59
49261	59
49262	59
49263	59
49264	59
49265	59
49266	59
49267	59
49268	59
49269	59
49270	59
49271	59
49272	59
49273	59
49274	59
49275	59
49276	59
49277	59
49278	59
49279	59
49280	59
49281	59
49282	59
49283	59
49284	59
49285	59
49286	59
49287	59
49288	59
49289	59
49290	59
49291	59
49292	59
49293	59
49294	59
49295	59
49296	59
49297	59
49298	59
49299	59
49300	59
49301	59
49302	59
49303	59
49304	59
49305	59
49306	59
49307	59
49308	59
49309	59
49310	59
49311	59
49312	59
49313	59
49314	59
49315	59
49316	59
49317	59
49318	59
49319	59
49320	59
49321	59
49322	59
49323	59
49324	59
49325	59
49326	59
49327	59
49328	59
49329	59
49330	59
49331	59
49332	59
49333	59
49334	59
49335	59
49336	59
49337	59
49338	59
49339	59
49340	59
49341	59
49342	59
49343	59
49344	59
49345	59
49346	59
49347	59
49348	59
49349	59
49350	59
49351	59
49352	59
49353	59
49354	59
49355	59
49356	59
49357	59
49358	59
49359	59
49360	59
49361	59
49362	59
49363	59
49364	59
49365	59
49366	59
49367	59
49368	59
49369	59
49370	59
49371	59
49372	59
49373	59
49374	59
49375	59
49376	59
49377	59
49378	59
49379	59
49380	59
49381	59
49382	59
49383	59
49384	59
49385	59
49386	59
49387	59
49388	59
49389	59
49390	59
49391	59
49392	59
49393	59
49394	59
49395	59
49396	59
49397	59
49398	59
49399	59
49400	59
49401	59
49402	59
49403	59
49404	59
49405	59
49406	59
49407	59
49408	59
49409	59
49410	59
49411	59
49412	59
49413	59
49414	59
49415	59
49416	59
49417	59
49418	59
49419	59
49420	59
49421	59
49422	59
49423	59
49424	59
49425	59
49426	59
49427	59
49428	59
49429	59
49430	59
49431	59
49432	59
49433	59
49434	59
49435	59
49436	59
49437	59
49438	59
49439	59
49440	59
49441	59
49442	59
49443	59
49444	59
49445	59
49446	59
49447	59
49448	59
49449	59
49450	59
49451	59
49452	59
49453	59
49454	59
49455	59
49456	59
49457	59
49458	59
49459	59
49460	59
49461	59
49462	59
49463	59
49464	59
49465	59
49466	59
49467	59
49468	59
49469	59
49470	59
49471	59
49472	59
49473	59
49474	59
49475	59
49476	59
49477	59
49478	59
49479	59
49480	59
49481	59
49482	59
49483	59
49484	59
49485	59
49486	59
49487	59
49488	59
49489	59
49490	59
49491	59
49492	59
49493	59
49494	59
49495	59
49496	59
49497	59
49498	59
49499	59
49500	59
49501	59
49502	59
49503	59
49504	59
49505	59
49506	59
49507	59
49508	59
49509	59
49510	59
49511	59
49512	59
49513	59
49514	59
49515	59
49516	59
49517	59
49518	59
49519	59
49520	59
49521	59
49522	59
49523	59
49524	59
49525	59
49526	59
49527	59
49528	59
49529	59
49530	59
49531	59
49532	59
49533	59
49534	59
49535	59
49536	59
49537	59
49538	59
49539	59
49540	59
49541	59
49542	59
49543	59
49544	59
49545	59
49546	59
49547	59
49548	59
49549	59
49550	59
49551	59
49552	59
49553	59
49554	59
49555	59
49556	59
49557	59
49558	59
49559	59
49560	59
49561	59
49562	59
49563	59
49564	59
49565	59
49566	59
49567	59
49568	59
49569	59
49570	59
49571	59
49572	59
49573	59
49574	59
49575	59
49576	59
49577	59
49578	59
49579	59
49580	59
49581	59
49582	59
49583	59
49584	59
49585	59
49586	59
49587	59
49588	59
49589	59
49590	59
49591	59
49592	59
49593	59
49594	59
49595	59
49596	59
49597	59
49598	59
49599	59
49600	59
49601	59
49602	59
49603	59
49604	59
49605	59
49606	59
49607	59
49608	59
49609	59
49610	59
49611	59
49612	59
49613	59
49614	59
49615	59
49616	59
49617	59
49618	59
49619	59
49620	59
49621	59
49622	59
49623	59
49624	59
49625	59
49626	59
49627	59
49628	59
49629	59
49630	59
49631	59
49632	59
49633	59
49634	59
49635	59
49636	59
49637	59
49638	59
49639	59
49640	59
49641	59
49642	59
49643	59
49644	59
49645	59
49646	59
49647	59
49648	59
49649	59
49650	59
49651	59
49652	59
49653	59
49654	59
49655	59
49656	59
49657	59
49658	59
49659	59
49660	59
49661	59
49662	59
49663	59
49664	59
49665	59
49666	59
49667	59
49668	59
49669	59
49670	59
49671	59
49672	59
49673	59
49674	59
49675	59
49676	59
49677	59
49678	59
49679	59
49680	59
49681	59
49682	59
49683	59
49684	59
49685	59
49686	59
49687	59
49688	59
49689	59
49690	59
49691	59
49692	59
49693	59
49694	59
49695	59
49696	59
49697	59
49698	59
49699	59
49700	59
49701	59
49702	59
49703	59
49704	59
49705	59
49706	59
49707	59
49708	59
49709	59
49710	59
49711	59
49712	59
49713	59
49714	59
49715	59
49716	59
49717	59
49718	59
49719	59
49720	59
49721	59
49722	59
49723	59
49724	59
49725	59
49726	59
49727	59
49728	59
49729	59
49730	59
49731	59
49732	59
49733	59
49734	59
49735	59
49736	59
49737	59
49738	59
49739	59
49740	59
49741	59
49742	59
49743	59
49744	59
49745	59
49746	59
49747	59
49748	59
49749	59
49750	59
49751	59
49752	59
49753	59
49754	59
49755	59
49756	59
49757	59
49758	59
49759	59
49760	59
49761	59
49762	59
49763	59
49764	59
49765	59
49766	59
49767	59
49768	59
49769	59
49770	59
49771	59
49772	59
49773	59
49774	59
49775	59
49776	59
49777	59
49778	59
49779	59
49780	59
49781	59
49782	59
49783	59
49784	59
49785	59
49786	59
49787	59
49788	59
49789	59
49790	59
49791	59
49792	59
49793	59
49794	59
49795	59
49796	59
49797	59
49798	59
49799	59
49800	59
49801	59
49802	59
49803	59
49804	59
49805	59
49806	59
49807	59
49808	59
49809	59
49810	59
49811	59
49812	59
49813	59
49814	59
49815	59
49816	59
49817	59
49818	59
49819	59
49820	59
49821	59
49822	59
49823	59
49824	59
49825	59
49826	59
49827	59
49828	59
49829	59
49830	59
49831	59
49832	59
49833	59
49834	59
49835	59
49836	59
49837	59
49838	59
49839	59
49840	59
49841	59
49842	59
49843	59
49844	59
49845	59
49846	59
49847	59
49848	59
49849	59
49850	59
49851	59
49852	59
49853	59
49854	59
49855	59
49856	59
49857	59
49858	59
49859	59
49860	59
49861	59
49862	59
49863	59
49864	59
49865	59
49866	59
49867	59
49868	59
49869	59
49870	59
49871	59
49872	59
49873	59
49874	59
49875	59
49876	59
49877	59
49878	59
49879	59
49880	59
49881	59
49882	59
49883	59
49884	59
49885	59
49886	59
49887	59
49888	59
49889	59
49890	59
49891	59
49892	59
49893	59
49894	59
49895	59
49896	59
49897	59
49898	59
49899	59
49900	59
49901	59
49902	59
49903	59
49904	59
49905	59
49906	59
49907	59
49908	59
49909	59
49910	59
49911	59
49912	59
49913	59
49914	59
49915	59
49916	59
49917	59
49918	59
49919	59
49920	59
49921	59
49922	59
49923	59
49924	59
49925	59
49926	59
49927	59
49928	59
49929	59
49930	59
49931	59
49932	59
49933	59
49934	59
49935	59
49936	59
49937	59
49938	59
49939	59
49940	59
49941	59
49942	59
49943	59
49944	59
49945	59
49946	59
49947	59
49948	59
49949	59
49950	59
49951	59
49952	59
49953	59
49954	59
49955	59
49956	59
49957	59
49958	59
49959	59
49960	59
49961	59
49962	59
49963	59
49964	59
49965	59
49966	59
49967	59
49968	59
49969	59
49970	59
49971	59
49972	59
49973	59
49974	59
49975	59
49976	59
49977	59
49978	59
49979	59
49980	59
49981	59
49982	59
49983	59
49984	59
49985	59
49986	59
49987	59
49988	59
49989	59
49990	59
49991	59
49992	59
49993	59
49994	59
49995	59
49996	59
49997	59
49998	59
49999	59
